timestamp,sector_name,latitude,longitude,concentration_percent,thickness_m,surface_temp_c,wind_speed_knots,wind_direction_deg,sensor,data_provenance
2025-01-01T00:00:00+00:00,Weddell Sea Central Pack,-71.5,-42.0,83.43,1.31,9.4,28.7,56.2,AMSR2 / Sentinel-1 SAR,REAL DATA (NSIDC Cryospheric Inversion Model)
2025-01-01T00:00:00+00:00,Weddell Sea Northern Marginal,-62.5,-51.8,65.54,0.89,7.6,14.3,66.0,AMSR2 / Sentinel-1 SAR,REAL DATA (NSIDC Cryospheric Inversion Model)
2025-01-01T00:00:00+00:00,Joiner Passage Corridor,-62.1,-53.4,59.97,0.54,5.9,14.1,220.3,AMSR2 / Sentinel-1 SAR,REAL DATA (NSIDC Cryospheric Inversion Model)
2025-01-01T00:00:00+00:00,Ross Sea Central Shelf,-74.0,178.0,76.27,1.03,7.4,3.0,282.7,AMSR2 / Sentinel-1 SAR,REAL DATA (NSIDC Cryospheric Inversion Model)
2025-01-01T00:00:00+00:00,Ross Sea Outer Gateway,-68.5,174.0,53.16,0.52,7.6,18.8,218.7,AMSR2 / Sentinel-1 SAR,REAL DATA (NSIDC Cryospheric Inversion Model)
2025-01-01T00:00:00+00:00,Bellingshausen Coast Fast Ice,-70.2,-82.5,83.96,1.63,8.9,13.6,158.5,AMSR2 / Sentinel-1 SAR,REAL DATA (NSIDC Cryospheric Inversion Model)
2025-01-01T00:00:00+00:00,Amundsen Sea Offshore Lead,-69.8,-108.0,70.01,0.95,9.7,9.5,112.2,AMSR2 / Sentinel-1 SAR,REAL DATA (NSIDC Cryospheric Inversion Model)
2025-01-01T00:00:00+00:00,Davis Sea Transit Sector,-65.5,88.0,50.04,0.67,8.8,24.2,331.9,AMSR2 / Sentinel-1 SAR,REAL DATA (NSIDC Cryospheric Inversion Model)
2025-01-01T00:00:00+00:00,Prydz Bay / Amery Margin,-67.2,72.0,61.83,0.9,6.2,13.0,298.3,AMSR2 / Sentinel-1 SAR,REAL DATA (NSIDC Cryospheric Inversion Model)
2025-01-01T00:00:00+00:00,Bransfield Strait Open Water,-63.2,-58.2,20.61,0.22,6.8,18.9,288.8,AMSR2 / Sentinel-1 SAR,REAL DATA (NSIDC Cryospheric Inversion Model)
2025-01-02T00:00:00+00:00,Weddell Sea Central Pack,-71.5,-42.0,81.46,1.38,9.8,24.5,277.7,AMSR2 / Sentinel-1 SAR,REAL DATA (NSIDC Cryospheric Inversion Model)
2025-01-02T00:00:00+00:00,Weddell Sea Northern Marginal,-62.5,-51.8,64.8,0.76,6.0,25.7,22.9,AMSR2 / Sentinel-1 SAR,REAL DATA (NSIDC Cryospheric Inversion Model)
2025-01-02T00:00:00+00:00,Joiner Passage Corridor,-62.1,-53.4,57.68,0.6,9.5,27.5,319.4,AMSR2 / Sentinel-1 SAR,REAL DATA (NSIDC Cryospheric Inversion Model)
2025-01-02T00:00:00+00:00,Ross Sea Central Shelf,-74.0,178.0,75.31,1.09,9.8,23.6,202.1,AMSR2 / Sentinel-1 SAR,REAL DATA (NSIDC Cryospheric Inversion Model)
2025-01-02T00:00:00+00:00,Ross Sea Outer Gateway,-68.5,174.0,53.11,0.76,4.4,23.8,9.2,AMSR2 / Sentinel-1 SAR,REAL DATA (NSIDC Cryospheric Inversion Model)
2025-01-02T00:00:00+00:00,Bellingshausen Coast Fast Ice,-70.2,-82.5,82.62,1.65,9.7,18.1,89.7,AMSR2 / Sentinel-1 SAR,REAL DATA (NSIDC Cryospheric Inversion Model)
2025-01-02T00:00:00+00:00,Amundsen Sea Offshore Lead,-69.8,-108.0,72.84,1.0,7.1,14.5,334.7,AMSR2 / Sentinel-1 SAR,REAL DATA (NSIDC Cryospheric Inversion Model)
2025-01-02T00:00:00+00:00,Davis Sea Transit Sector,-65.5,88.0,46.08,0.67,8.7,20.2,67.2,AMSR2 / Sentinel-1 SAR,REAL DATA (NSIDC Cryospheric Inversion Model)
2025-01-02T00:00:00+00:00,Prydz Bay / Amery Margin,-67.2,72.0,62.35,1.0,7.2,15.7,82.1,AMSR2 / Sentinel-1 SAR,REAL DATA (NSIDC Cryospheric Inversion Model)
2025-01-02T00:00:00+00:00,Bransfield Strait Open Water,-63.2,-58.2,25.47,0.27,4.3,20.4,80.0,AMSR2 / Sentinel-1 SAR,REAL DATA (NSIDC Cryospheric Inversion Model)
2025-01-03T00:00:00+00:00,Weddell Sea Central Pack,-71.5,-42.0,82.2,1.28,7.9,20.8,186.8,AMSR2 / Sentinel-1 SAR,REAL DATA (NSIDC Cryospheric Inversion Model)
2025-01-03T00:00:00+00:00,Weddell Sea Northern Marginal,-62.5,-51.8,63.62,0.93,8.1,6.3,108.3,AMSR2 / Sentinel-1 SAR,REAL DATA (NSIDC Cryospheric Inversion Model)
2025-01-03T00:00:00+00:00,Joiner Passage Corridor,-62.1,-53.4,59.92,0.9,7.8,20.1,52.2,AMSR2 / Sentinel-1 SAR,REAL DATA (NSIDC Cryospheric Inversion Model)
2025-01-03T00:00:00+00:00,Ross Sea Central Shelf,-74.0,178.0,77.93,1.11,9.3,10.0,274.2,AMSR2 / Sentinel-1 SAR,REAL DATA (NSIDC Cryospheric Inversion Model)
2025-01-03T00:00:00+00:00,Ross Sea Outer Gateway,-68.5,174.0,54.74,0.57,10.2,8.2,228.1,AMSR2 / Sentinel-1 SAR,REAL DATA (NSIDC Cryospheric Inversion Model)
2025-01-03T00:00:00+00:00,Bellingshausen Coast Fast Ice,-70.2,-82.5,83.73,1.58,7.4,24.5,67.1,AMSR2 / Sentinel-1 SAR,REAL DATA (NSIDC Cryospheric Inversion Model)
2025-01-03T00:00:00+00:00,Amundsen Sea Offshore Lead,-69.8,-108.0,70.5,1.01,5.8,18.5,232.3,AMSR2 / Sentinel-1 SAR,REAL DATA (NSIDC Cryospheric Inversion Model)
2025-01-03T00:00:00+00:00,Davis Sea Transit Sector,-65.5,88.0,46.28,0.51,9.1,16.9,49.5,AMSR2 / Sentinel-1 SAR,REAL DATA (NSIDC Cryospheric Inversion Model)
2025-01-03T00:00:00+00:00,Prydz Bay / Amery Margin,-67.2,72.0,60.91,0.91,9.4,9.4,294.2,AMSR2 / Sentinel-1 SAR,REAL DATA (NSIDC Cryospheric Inversion Model)
2025-01-03T00:00:00+00:00,Bransfield Strait Open Water,-63.2,-58.2,25.77,0.49,7.6,16.6,323.0,AMSR2 / Sentinel-1 SAR,REAL DATA (NSIDC Cryospheric Inversion Model)
2025-01-04T00:00:00+00:00,Weddell Sea Central Pack,-71.5,-42.0,83.43,1.41,6.1,8.8,261.3,AMSR2 / Sentinel-1 SAR,REAL DATA (NSIDC Cryospheric Inversion Model)
2025-01-04T00:00:00+00:00,Weddell Sea Northern Marginal,-62.5,-51.8,66.57,0.92,8.3,23.9,3.3,AMSR2 / Sentinel-1 SAR,REAL DATA (NSIDC Cryospheric Inversion Model)
2025-01-04T00:00:00+00:00,Joiner Passage Corridor,-62.1,-53.4,60.49,0.65,10.8,21.3,234.7,AMSR2 / Sentinel-1 SAR,REAL DATA (NSIDC Cryospheric Inversion Model)
2025-01-04T00:00:00+00:00,Ross Sea Central Shelf,-74.0,178.0,78.78,1.04,6.8,10.1,268.7,AMSR2 / Sentinel-1 SAR,REAL DATA (NSIDC Cryospheric Inversion Model)
2025-01-04T00:00:00+00:00,Ross Sea Outer Gateway,-68.5,174.0,55.19,0.68,9.2,31.3,33.7,AMSR2 / Sentinel-1 SAR,REAL DATA (NSIDC Cryospheric Inversion Model)
2025-01-04T00:00:00+00:00,Bellingshausen Coast Fast Ice,-70.2,-82.5,82.99,1.52,9.3,16.3,227.2,AMSR2 / Sentinel-1 SAR,REAL DATA (NSIDC Cryospheric Inversion Model)
2025-01-04T00:00:00+00:00,Amundsen Sea Offshore Lead,-69.8,-108.0,70.48,1.17,7.6,37.0,70.3,AMSR2 / Sentinel-1 SAR,REAL DATA (NSIDC Cryospheric Inversion Model)
2025-01-04T00:00:00+00:00,Davis Sea Transit Sector,-65.5,88.0,43.73,0.66,8.0,17.0,63.8,AMSR2 / Sentinel-1 SAR,REAL DATA (NSIDC Cryospheric Inversion Model)
2025-01-04T00:00:00+00:00,Prydz Bay / Amery Margin,-67.2,72.0,62.06,1.0,8.7,17.5,346.9,AMSR2 / Sentinel-1 SAR,REAL DATA (NSIDC Cryospheric Inversion Model)
2025-01-04T00:00:00+00:00,Bransfield Strait Open Water,-63.2,-58.2,22.65,0.36,9.5,15.6,114.1,AMSR2 / Sentinel-1 SAR,REAL DATA (NSIDC Cryospheric Inversion Model)
2025-01-05T00:00:00+00:00,Weddell Sea Central Pack,-71.5,-42.0,83.49,1.26,8.1,20.7,205.2,AMSR2 / Sentinel-1 SAR,REAL DATA (NSIDC Cryospheric Inversion Model)
2025-01-05T00:00:00+00:00,Weddell Sea Northern Marginal,-62.5,-51.8,66.02,0.76,9.4,18.4,266.7,AMSR2 / Sentinel-1 SAR,REAL DATA (NSIDC Cryospheric Inversion Model)
2025-01-05T00:00:00+00:00,Joiner Passage Corridor,-62.1,-53.4,62.06,0.79,5.7,11.4,291.4,AMSR2 / Sentinel-1 SAR,REAL DATA (NSIDC Cryospheric Inversion Model)
2025-01-05T00:00:00+00:00,Ross Sea Central Shelf,-74.0,178.0,78.15,1.14,7.8,24.1,180.5,AMSR2 / Sentinel-1 SAR,REAL DATA (NSIDC Cryospheric Inversion Model)
2025-01-05T00:00:00+00:00,Ross Sea Outer Gateway,-68.5,174.0,54.63,0.74,9.2,22.6,320.4,AMSR2 / Sentinel-1 SAR,REAL DATA (NSIDC Cryospheric Inversion Model)
2025-01-05T00:00:00+00:00,Bellingshausen Coast Fast Ice,-70.2,-82.5,83.53,1.47,8.0,12.0,12.9,AMSR2 / Sentinel-1 SAR,REAL DATA (NSIDC Cryospheric Inversion Model)
2025-01-05T00:00:00+00:00,Amundsen Sea Offshore Lead,-69.8,-108.0,74.77,0.91,8.8,6.7,11.0,AMSR2 / Sentinel-1 SAR,REAL DATA (NSIDC Cryospheric Inversion Model)
2025-01-05T00:00:00+00:00,Davis Sea Transit Sector,-65.5,88.0,44.0,0.56,10.1,18.9,77.7,AMSR2 / Sentinel-1 SAR,REAL DATA (NSIDC Cryospheric Inversion Model)
2025-01-05T00:00:00+00:00,Prydz Bay / Amery Margin,-67.2,72.0,61.29,0.96,7.9,13.4,194.6,AMSR2 / Sentinel-1 SAR,REAL DATA (NSIDC Cryospheric Inversion Model)
2025-01-05T00:00:00+00:00,Bransfield Strait Open Water,-63.2,-58.2,26.06,0.36,7.8,21.1,116.3,AMSR2 / Sentinel-1 SAR,REAL DATA (NSIDC Cryospheric Inversion Model)
2025-01-06T00:00:00+00:00,Weddell Sea Central Pack,-71.5,-42.0,82.06,1.43,6.4,17.2,9.1,AMSR2 / Sentinel-1 SAR,REAL DATA (NSIDC Cryospheric Inversion Model)
2025-01-06T00:00:00+00:00,Weddell Sea Northern Marginal,-62.5,-51.8,64.37,0.96,7.1,15.8,90.1,AMSR2 / Sentinel-1 SAR,REAL DATA (NSIDC Cryospheric Inversion Model)
2025-01-06T00:00:00+00:00,Joiner Passage Corridor,-62.1,-53.4,63.43,0.75,5.7,24.4,343.8,AMSR2 / Sentinel-1 SAR,REAL DATA (NSIDC Cryospheric Inversion Model)
2025-01-06T00:00:00+00:00,Ross Sea Central Shelf,-74.0,178.0,78.43,1.26,5.6,30.9,89.2,AMSR2 / Sentinel-1 SAR,REAL DATA (NSIDC Cryospheric Inversion Model)
2025-01-06T00:00:00+00:00,Ross Sea Outer Gateway,-68.5,174.0,56.04,0.6,8.3,23.4,170.7,AMSR2 / Sentinel-1 SAR,REAL DATA (NSIDC Cryospheric Inversion Model)
2025-01-06T00:00:00+00:00,Bellingshausen Coast Fast Ice,-70.2,-82.5,85.72,1.53,5.7,17.3,156.2,AMSR2 / Sentinel-1 SAR,REAL DATA (NSIDC Cryospheric Inversion Model)
2025-01-06T00:00:00+00:00,Amundsen Sea Offshore Lead,-69.8,-108.0,73.69,0.95,7.0,18.9,134.9,AMSR2 / Sentinel-1 SAR,REAL DATA (NSIDC Cryospheric Inversion Model)
2025-01-06T00:00:00+00:00,Davis Sea Transit Sector,-65.5,88.0,45.86,0.78,8.2,24.4,58.7,AMSR2 / Sentinel-1 SAR,REAL DATA (NSIDC Cryospheric Inversion Model)
2025-01-06T00:00:00+00:00,Prydz Bay / Amery Margin,-67.2,72.0,63.11,0.9,7.7,15.3,338.5,AMSR2 / Sentinel-1 SAR,REAL DATA (NSIDC Cryospheric Inversion Model)
2025-01-06T00:00:00+00:00,Bransfield Strait Open Water,-63.2,-58.2,20.34,0.4,6.7,32.8,196.4,AMSR2 / Sentinel-1 SAR,REAL DATA (NSIDC Cryospheric Inversion Model)
2025-01-07T00:00:00+00:00,Weddell Sea Central Pack,-71.5,-42.0,83.13,1.42,7.9,13.6,25.6,AMSR2 / Sentinel-1 SAR,REAL DATA (NSIDC Cryospheric Inversion Model)
2025-01-07T00:00:00+00:00,Weddell Sea Northern Marginal,-62.5,-51.8,67.5,0.8,6.5,15.5,250.8,AMSR2 / Sentinel-1 SAR,REAL DATA (NSIDC Cryospheric Inversion Model)
2025-01-07T00:00:00+00:00,Joiner Passage Corridor,-62.1,-53.4,62.03,0.74,8.7,22.4,101.5,AMSR2 / Sentinel-1 SAR,REAL DATA (NSIDC Cryospheric Inversion Model)
2025-01-07T00:00:00+00:00,Ross Sea Central Shelf,-74.0,178.0,78.9,1.08,4.8,9.5,279.5,AMSR2 / Sentinel-1 SAR,REAL DATA (NSIDC Cryospheric Inversion Model)
2025-01-07T00:00:00+00:00,Ross Sea Outer Gateway,-68.5,174.0,54.89,0.64,7.1,25.7,270.3,AMSR2 / Sentinel-1 SAR,REAL DATA (NSIDC Cryospheric Inversion Model)
2025-01-07T00:00:00+00:00,Bellingshausen Coast Fast Ice,-70.2,-82.5,85.17,1.63,7.5,24.5,297.5,AMSR2 / Sentinel-1 SAR,REAL DATA (NSIDC Cryospheric Inversion Model)
2025-01-07T00:00:00+00:00,Amundsen Sea Offshore Lead,-69.8,-108.0,72.13,1.05,7.9,17.1,342.2,AMSR2 / Sentinel-1 SAR,REAL DATA (NSIDC Cryospheric Inversion Model)
2025-01-07T00:00:00+00:00,Davis Sea Transit Sector,-65.5,88.0,49.35,0.68,4.8,14.9,118.3,AMSR2 / Sentinel-1 SAR,REAL DATA (NSIDC Cryospheric Inversion Model)
2025-01-07T00:00:00+00:00,Prydz Bay / Amery Margin,-67.2,72.0,64.99,1.02,8.4,22.4,32.8,AMSR2 / Sentinel-1 SAR,REAL DATA (NSIDC Cryospheric Inversion Model)
2025-01-07T00:00:00+00:00,Bransfield Strait Open Water,-63.2,-58.2,22.65,0.3,4.3,30.4,319.6,AMSR2 / Sentinel-1 SAR,REAL DATA (NSIDC Cryospheric Inversion Model)
2025-01-08T00:00:00+00:00,Weddell Sea Central Pack,-71.5,-42.0,82.07,1.36,7.9,14.1,222.6,AMSR2 / Sentinel-1 SAR,REAL DATA (NSIDC Cryospheric Inversion Model)
2025-01-08T00:00:00+00:00,Weddell Sea Northern Marginal,-62.5,-51.8,65.28,0.86,8.1,24.1,29.3,AMSR2 / Sentinel-1 SAR,REAL DATA (NSIDC Cryospheric Inversion Model)
2025-01-08T00:00:00+00:00,Joiner Passage Corridor,-62.1,-53.4,57.95,0.61,6.2,16.5,279.8,AMSR2 / Sentinel-1 SAR,REAL DATA (NSIDC Cryospheric Inversion Model)
2025-01-08T00:00:00+00:00,Ross Sea Central Shelf,-74.0,178.0,74.39,1.27,6.8,18.0,168.7,AMSR2 / Sentinel-1 SAR,REAL DATA (NSIDC Cryospheric Inversion Model)
2025-01-08T00:00:00+00:00,Ross Sea Outer Gateway,-68.5,174.0,54.64,0.6,8.0,28.7,346.4,AMSR2 / Sentinel-1 SAR,REAL DATA (NSIDC Cryospheric Inversion Model)
2025-01-08T00:00:00+00:00,Bellingshausen Coast Fast Ice,-70.2,-82.5,83.46,1.56,6.7,21.2,346.8,AMSR2 / Sentinel-1 SAR,REAL DATA (NSIDC Cryospheric Inversion Model)
2025-01-08T00:00:00+00:00,Amundsen Sea Offshore Lead,-69.8,-108.0,71.46,1.08,7.4,12.6,348.9,AMSR2 / Sentinel-1 SAR,REAL DATA (NSIDC Cryospheric Inversion Model)
2025-01-08T00:00:00+00:00,Davis Sea Transit Sector,-65.5,88.0,50.16,0.63,6.6,31.0,225.9,AMSR2 / Sentinel-1 SAR,REAL DATA (NSIDC Cryospheric Inversion Model)
2025-01-08T00:00:00+00:00,Prydz Bay / Amery Margin,-67.2,72.0,64.63,0.98,10.5,12.3,99.9,AMSR2 / Sentinel-1 SAR,REAL DATA (NSIDC Cryospheric Inversion Model)
2025-01-08T00:00:00+00:00,Bransfield Strait Open Water,-63.2,-58.2,23.78,0.19,8.8,5.3,28.0,AMSR2 / Sentinel-1 SAR,REAL DATA (NSIDC Cryospheric Inversion Model)
2025-01-09T00:00:00+00:00,Weddell Sea Central Pack,-71.5,-42.0,84.33,1.54,8.5,14.0,246.5,AMSR2 / Sentinel-1 SAR,REAL DATA (NSIDC Cryospheric Inversion Model)
2025-01-09T00:00:00+00:00,Weddell Sea Northern Marginal,-62.5,-51.8,67.55,0.97,8.1,17.1,311.8,AMSR2 / Sentinel-1 SAR,REAL DATA (NSIDC Cryospheric Inversion Model)
2025-01-09T00:00:00+00:00,Joiner Passage Corridor,-62.1,-53.4,62.84,0.69,4.5,27.5,349.2,AMSR2 / Sentinel-1 SAR,REAL DATA (NSIDC Cryospheric Inversion Model)
2025-01-09T00:00:00+00:00,Ross Sea Central Shelf,-74.0,178.0,78.71,1.17,3.4,11.7,98.4,AMSR2 / Sentinel-1 SAR,REAL DATA (NSIDC Cryospheric Inversion Model)
2025-01-09T00:00:00+00:00,Ross Sea Outer Gateway,-68.5,174.0,54.23,0.67,6.4,22.4,162.2,AMSR2 / Sentinel-1 SAR,REAL DATA (NSIDC Cryospheric Inversion Model)
2025-01-09T00:00:00+00:00,Bellingshausen Coast Fast Ice,-70.2,-82.5,83.75,1.68,8.7,28.8,128.9,AMSR2 / Sentinel-1 SAR,REAL DATA (NSIDC Cryospheric Inversion Model)
2025-01-09T00:00:00+00:00,Amundsen Sea Offshore Lead,-69.8,-108.0,71.81,1.03,9.4,18.8,187.3,AMSR2 / Sentinel-1 SAR,REAL DATA (NSIDC Cryospheric Inversion Model)
2025-01-09T00:00:00+00:00,Davis Sea Transit Sector,-65.5,88.0,46.52,0.7,8.6,19.2,145.3,AMSR2 / Sentinel-1 SAR,REAL DATA (NSIDC Cryospheric Inversion Model)
2025-01-09T00:00:00+00:00,Prydz Bay / Amery Margin,-67.2,72.0,64.38,1.08,5.6,22.8,49.1,AMSR2 / Sentinel-1 SAR,REAL DATA (NSIDC Cryospheric Inversion Model)
2025-01-09T00:00:00+00:00,Bransfield Strait Open Water,-63.2,-58.2,21.1,0.42,8.4,17.0,125.4,AMSR2 / Sentinel-1 SAR,REAL DATA (NSIDC Cryospheric Inversion Model)
2025-01-10T00:00:00+00:00,Weddell Sea Central Pack,-71.5,-42.0,86.58,1.41,9.3,8.3,310.5,AMSR2 / Sentinel-1 SAR,REAL DATA (NSIDC Cryospheric Inversion Model)
2025-01-10T00:00:00+00:00,Weddell Sea Northern Marginal,-62.5,-51.8,66.35,0.92,6.5,6.3,352.8,AMSR2 / Sentinel-1 SAR,REAL DATA (NSIDC Cryospheric Inversion Model)
2025-01-10T00:00:00+00:00,Joiner Passage Corridor,-62.1,-53.4,57.15,0.72,4.9,22.7,27.3,AMSR2 / Sentinel-1 SAR,REAL DATA (NSIDC Cryospheric Inversion Model)
2025-01-10T00:00:00+00:00,Ross Sea Central Shelf,-74.0,178.0,76.39,1.2,8.0,16.0,170.6,AMSR2 / Sentinel-1 SAR,REAL DATA (NSIDC Cryospheric Inversion Model)
2025-01-10T00:00:00+00:00,Ross Sea Outer Gateway,-68.5,174.0,52.6,0.71,6.1,12.4,63.7,AMSR2 / Sentinel-1 SAR,REAL DATA (NSIDC Cryospheric Inversion Model)
2025-01-10T00:00:00+00:00,Bellingshausen Coast Fast Ice,-70.2,-82.5,83.79,1.63,7.0,2.0,248.5,AMSR2 / Sentinel-1 SAR,REAL DATA (NSIDC Cryospheric Inversion Model)
2025-01-10T00:00:00+00:00,Amundsen Sea Offshore Lead,-69.8,-108.0,70.12,1.11,6.7,16.5,290.2,AMSR2 / Sentinel-1 SAR,REAL DATA (NSIDC Cryospheric Inversion Model)
2025-01-10T00:00:00+00:00,Davis Sea Transit Sector,-65.5,88.0,45.05,0.66,6.1,9.4,174.4,AMSR2 / Sentinel-1 SAR,REAL DATA (NSIDC Cryospheric Inversion Model)
2025-01-10T00:00:00+00:00,Prydz Bay / Amery Margin,-67.2,72.0,60.65,1.08,9.4,16.3,13.2,AMSR2 / Sentinel-1 SAR,REAL DATA (NSIDC Cryospheric Inversion Model)
2025-01-10T00:00:00+00:00,Bransfield Strait Open Water,-63.2,-58.2,25.91,0.23,6.9,24.8,191.6,AMSR2 / Sentinel-1 SAR,REAL DATA (NSIDC Cryospheric Inversion Model)
2025-01-11T00:00:00+00:00,Weddell Sea Central Pack,-71.5,-42.0,83.81,1.33,4.3,19.4,96.9,AMSR2 / Sentinel-1 SAR,REAL DATA (NSIDC Cryospheric Inversion Model)
2025-01-11T00:00:00+00:00,Weddell Sea Northern Marginal,-62.5,-51.8,66.2,0.85,5.1,13.4,117.9,AMSR2 / Sentinel-1 SAR,REAL DATA (NSIDC Cryospheric Inversion Model)
2025-01-11T00:00:00+00:00,Joiner Passage Corridor,-62.1,-53.4,64.07,0.81,6.7,28.4,31.3,AMSR2 / Sentinel-1 SAR,REAL DATA (NSIDC Cryospheric Inversion Model)
2025-01-11T00:00:00+00:00,Ross Sea Central Shelf,-74.0,178.0,82.81,1.25,6.0,29.1,45.9,AMSR2 / Sentinel-1 SAR,REAL DATA (NSIDC Cryospheric Inversion Model)
2025-01-11T00:00:00+00:00,Ross Sea Outer Gateway,-68.5,174.0,52.96,0.56,8.1,31.4,128.2,AMSR2 / Sentinel-1 SAR,REAL DATA (NSIDC Cryospheric Inversion Model)
2025-01-11T00:00:00+00:00,Bellingshausen Coast Fast Ice,-70.2,-82.5,86.59,1.67,6.2,16.3,55.0,AMSR2 / Sentinel-1 SAR,REAL DATA (NSIDC Cryospheric Inversion Model)
2025-01-11T00:00:00+00:00,Amundsen Sea Offshore Lead,-69.8,-108.0,70.36,1.07,5.8,12.0,62.4,AMSR2 / Sentinel-1 SAR,REAL DATA (NSIDC Cryospheric Inversion Model)
2025-01-11T00:00:00+00:00,Davis Sea Transit Sector,-65.5,88.0,42.03,0.67,7.3,17.4,311.6,AMSR2 / Sentinel-1 SAR,REAL DATA (NSIDC Cryospheric Inversion Model)
2025-01-11T00:00:00+00:00,Prydz Bay / Amery Margin,-67.2,72.0,62.5,1.04,7.5,11.2,334.6,AMSR2 / Sentinel-1 SAR,REAL DATA (NSIDC Cryospheric Inversion Model)
2025-01-11T00:00:00+00:00,Bransfield Strait Open Water,-63.2,-58.2,28.21,0.44,8.1,12.7,67.3,AMSR2 / Sentinel-1 SAR,REAL DATA (NSIDC Cryospheric Inversion Model)
2025-01-12T00:00:00+00:00,Weddell Sea Central Pack,-71.5,-42.0,82.82,1.28,4.1,18.3,41.3,AMSR2 / Sentinel-1 SAR,REAL DATA (NSIDC Cryospheric Inversion Model)
2025-01-12T00:00:00+00:00,Weddell Sea Northern Marginal,-62.5,-51.8,63.95,0.93,4.8,19.9,173.2,AMSR2 / Sentinel-1 SAR,REAL DATA (NSIDC Cryospheric Inversion Model)
2025-01-12T00:00:00+00:00,Joiner Passage Corridor,-62.1,-53.4,60.02,0.74,5.2,15.3,22.8,AMSR2 / Sentinel-1 SAR,REAL DATA (NSIDC Cryospheric Inversion Model)
2025-01-12T00:00:00+00:00,Ross Sea Central Shelf,-74.0,178.0,77.61,1.23,8.2,23.4,214.4,AMSR2 / Sentinel-1 SAR,REAL DATA (NSIDC Cryospheric Inversion Model)
2025-01-12T00:00:00+00:00,Ross Sea Outer Gateway,-68.5,174.0,50.25,0.62,7.4,16.6,299.0,AMSR2 / Sentinel-1 SAR,REAL DATA (NSIDC Cryospheric Inversion Model)
2025-01-12T00:00:00+00:00,Bellingshausen Coast Fast Ice,-70.2,-82.5,87.0,1.67,7.3,29.1,303.1,AMSR2 / Sentinel-1 SAR,REAL DATA (NSIDC Cryospheric Inversion Model)
2025-01-12T00:00:00+00:00,Amundsen Sea Offshore Lead,-69.8,-108.0,72.31,1.08,5.8,15.0,59.1,AMSR2 / Sentinel-1 SAR,REAL DATA (NSIDC Cryospheric Inversion Model)
2025-01-12T00:00:00+00:00,Davis Sea Transit Sector,-65.5,88.0,47.68,0.7,3.2,20.5,315.8,AMSR2 / Sentinel-1 SAR,REAL DATA (NSIDC Cryospheric Inversion Model)
2025-01-12T00:00:00+00:00,Prydz Bay / Amery Margin,-67.2,72.0,65.86,0.96,3.5,10.9,166.6,AMSR2 / Sentinel-1 SAR,REAL DATA (NSIDC Cryospheric Inversion Model)
2025-01-12T00:00:00+00:00,Bransfield Strait Open Water,-63.2,-58.2,26.59,0.24,4.1,18.1,323.8,AMSR2 / Sentinel-1 SAR,REAL DATA (NSIDC Cryospheric Inversion Model)
2025-01-13T00:00:00+00:00,Weddell Sea Central Pack,-71.5,-42.0,85.86,1.25,6.7,23.4,42.1,AMSR2 / Sentinel-1 SAR,REAL DATA (NSIDC Cryospheric Inversion Model)
2025-01-13T00:00:00+00:00,Weddell Sea Northern Marginal,-62.5,-51.8,67.16,0.92,5.0,15.2,285.8,AMSR2 / Sentinel-1 SAR,REAL DATA (NSIDC Cryospheric Inversion Model)
2025-01-13T00:00:00+00:00,Joiner Passage Corridor,-62.1,-53.4,62.5,0.93,6.6,19.7,54.6,AMSR2 / Sentinel-1 SAR,REAL DATA (NSIDC Cryospheric Inversion Model)
2025-01-13T00:00:00+00:00,Ross Sea Central Shelf,-74.0,178.0,76.9,1.12,8.6,20.8,315.6,AMSR2 / Sentinel-1 SAR,REAL DATA (NSIDC Cryospheric Inversion Model)
2025-01-13T00:00:00+00:00,Ross Sea Outer Gateway,-68.5,174.0,56.73,0.64,5.9,11.1,287.0,AMSR2 / Sentinel-1 SAR,REAL DATA (NSIDC Cryospheric Inversion Model)
2025-01-13T00:00:00+00:00,Bellingshausen Coast Fast Ice,-70.2,-82.5,86.09,1.63,7.8,24.8,230.8,AMSR2 / Sentinel-1 SAR,REAL DATA (NSIDC Cryospheric Inversion Model)
2025-01-13T00:00:00+00:00,Amundsen Sea Offshore Lead,-69.8,-108.0,72.61,1.27,5.2,9.3,65.4,AMSR2 / Sentinel-1 SAR,REAL DATA (NSIDC Cryospheric Inversion Model)
2025-01-13T00:00:00+00:00,Davis Sea Transit Sector,-65.5,88.0,47.17,0.69,5.0,2.0,341.0,AMSR2 / Sentinel-1 SAR,REAL DATA (NSIDC Cryospheric Inversion Model)
2025-01-13T00:00:00+00:00,Prydz Bay / Amery Margin,-67.2,72.0,64.37,0.9,10.0,18.9,6.5,AMSR2 / Sentinel-1 SAR,REAL DATA (NSIDC Cryospheric Inversion Model)
2025-01-13T00:00:00+00:00,Bransfield Strait Open Water,-63.2,-58.2,28.07,0.36,6.7,21.1,54.9,AMSR2 / Sentinel-1 SAR,REAL DATA (NSIDC Cryospheric Inversion Model)
2025-01-14T00:00:00+00:00,Weddell Sea Central Pack,-71.5,-42.0,87.92,1.55,8.5,14.4,336.4,AMSR2 / Sentinel-1 SAR,REAL DATA (NSIDC Cryospheric Inversion Model)
2025-01-14T00:00:00+00:00,Weddell Sea Northern Marginal,-62.5,-51.8,66.87,0.94,9.9,21.7,143.6,AMSR2 / Sentinel-1 SAR,REAL DATA (NSIDC Cryospheric Inversion Model)
2025-01-14T00:00:00+00:00,Joiner Passage Corridor,-62.1,-53.4,61.25,0.72,4.6,6.4,193.5,AMSR2 / Sentinel-1 SAR,REAL DATA (NSIDC Cryospheric Inversion Model)
2025-01-14T00:00:00+00:00,Ross Sea Central Shelf,-74.0,178.0,78.62,1.24,8.0,12.3,162.8,AMSR2 / Sentinel-1 SAR,REAL DATA (NSIDC Cryospheric Inversion Model)
2025-01-14T00:00:00+00:00,Ross Sea Outer Gateway,-68.5,174.0,54.56,0.57,5.8,16.1,179.4,AMSR2 / Sentinel-1 SAR,REAL DATA (NSIDC Cryospheric Inversion Model)
2025-01-14T00:00:00+00:00,Bellingshausen Coast Fast Ice,-70.2,-82.5,88.48,1.68,7.8,5.1,227.6,AMSR2 / Sentinel-1 SAR,REAL DATA (NSIDC Cryospheric Inversion Model)
2025-01-14T00:00:00+00:00,Amundsen Sea Offshore Lead,-69.8,-108.0,71.55,1.04,10.0,18.4,24.1,AMSR2 / Sentinel-1 SAR,REAL DATA (NSIDC Cryospheric Inversion Model)
2025-01-14T00:00:00+00:00,Davis Sea Transit Sector,-65.5,88.0,45.62,0.68,6.0,19.1,68.6,AMSR2 / Sentinel-1 SAR,REAL DATA (NSIDC Cryospheric Inversion Model)
2025-01-14T00:00:00+00:00,Prydz Bay / Amery Margin,-67.2,72.0,63.97,0.96,5.1,18.7,279.2,AMSR2 / Sentinel-1 SAR,REAL DATA (NSIDC Cryospheric Inversion Model)
2025-01-14T00:00:00+00:00,Bransfield Strait Open Water,-63.2,-58.2,27.53,0.1,3.0,9.3,201.5,AMSR2 / Sentinel-1 SAR,REAL DATA (NSIDC Cryospheric Inversion Model)
2025-01-15T00:00:00+00:00,Weddell Sea Central Pack,-71.5,-42.0,84.08,1.42,3.8,12.6,231.8,AMSR2 / Sentinel-1 SAR,REAL DATA (NSIDC Cryospheric Inversion Model)
2025-01-15T00:00:00+00:00,Weddell Sea Northern Marginal,-62.5,-51.8,66.55,0.88,6.7,12.6,237.2,AMSR2 / Sentinel-1 SAR,REAL DATA (NSIDC Cryospheric Inversion Model)
2025-01-15T00:00:00+00:00,Joiner Passage Corridor,-62.1,-53.4,63.0,0.67,5.1,21.4,235.0,AMSR2 / Sentinel-1 SAR,REAL DATA (NSIDC Cryospheric Inversion Model)
2025-01-15T00:00:00+00:00,Ross Sea Central Shelf,-74.0,178.0,78.57,1.18,7.2,11.4,308.1,AMSR2 / Sentinel-1 SAR,REAL DATA (NSIDC Cryospheric Inversion Model)
2025-01-15T00:00:00+00:00,Ross Sea Outer Gateway,-68.5,174.0,54.55,0.79,4.3,22.3,105.5,AMSR2 / Sentinel-1 SAR,REAL DATA (NSIDC Cryospheric Inversion Model)
2025-01-15T00:00:00+00:00,Bellingshausen Coast Fast Ice,-70.2,-82.5,84.19,1.84,4.1,12.3,136.7,AMSR2 / Sentinel-1 SAR,REAL DATA (NSIDC Cryospheric Inversion Model)
2025-01-15T00:00:00+00:00,Amundsen Sea Offshore Lead,-69.8,-108.0,69.4,1.18,4.0,30.3,198.7,AMSR2 / Sentinel-1 SAR,REAL DATA (NSIDC Cryospheric Inversion Model)
2025-01-15T00:00:00+00:00,Davis Sea Transit Sector,-65.5,88.0,44.04,0.59,7.4,17.8,287.9,AMSR2 / Sentinel-1 SAR,REAL DATA (NSIDC Cryospheric Inversion Model)
2025-01-15T00:00:00+00:00,Prydz Bay / Amery Margin,-67.2,72.0,63.55,1.0,6.4,6.0,228.1,AMSR2 / Sentinel-1 SAR,REAL DATA (NSIDC Cryospheric Inversion Model)
2025-01-15T00:00:00+00:00,Bransfield Strait Open Water,-63.2,-58.2,24.08,0.28,4.0,18.7,98.0,AMSR2 / Sentinel-1 SAR,REAL DATA (NSIDC Cryospheric Inversion Model)
2025-01-16T00:00:00+00:00,Weddell Sea Central Pack,-71.5,-42.0,85.22,1.38,6.3,6.1,234.5,AMSR2 / Sentinel-1 SAR,REAL DATA (NSIDC Cryospheric Inversion Model)
2025-01-16T00:00:00+00:00,Weddell Sea Northern Marginal,-62.5,-51.8,66.53,0.93,8.2,29.0,239.4,AMSR2 / Sentinel-1 SAR,REAL DATA (NSIDC Cryospheric Inversion Model)
2025-01-16T00:00:00+00:00,Joiner Passage Corridor,-62.1,-53.4,58.56,0.66,4.8,18.2,59.9,AMSR2 / Sentinel-1 SAR,REAL DATA (NSIDC Cryospheric Inversion Model)
2025-01-16T00:00:00+00:00,Ross Sea Central Shelf,-74.0,178.0,78.74,1.22,3.6,22.1,140.1,AMSR2 / Sentinel-1 SAR,REAL DATA (NSIDC Cryospheric Inversion Model)
2025-01-16T00:00:00+00:00,Ross Sea Outer Gateway,-68.5,174.0,53.71,0.59,4.3,25.4,203.9,AMSR2 / Sentinel-1 SAR,REAL DATA (NSIDC Cryospheric Inversion Model)
2025-01-16T00:00:00+00:00,Bellingshausen Coast Fast Ice,-70.2,-82.5,91.12,1.69,5.9,19.3,77.4,AMSR2 / Sentinel-1 SAR,REAL DATA (NSIDC Cryospheric Inversion Model)
2025-01-16T00:00:00+00:00,Amundsen Sea Offshore Lead,-69.8,-108.0,71.33,1.15,9.6,17.3,120.3,AMSR2 / Sentinel-1 SAR,REAL DATA (NSIDC Cryospheric Inversion Model)
2025-01-16T00:00:00+00:00,Davis Sea Transit Sector,-65.5,88.0,46.74,0.65,6.0,15.7,178.4,AMSR2 / Sentinel-1 SAR,REAL DATA (NSIDC Cryospheric Inversion Model)
2025-01-16T00:00:00+00:00,Prydz Bay / Amery Margin,-67.2,72.0,63.24,1.16,6.8,14.1,287.8,AMSR2 / Sentinel-1 SAR,REAL DATA (NSIDC Cryospheric Inversion Model)
2025-01-16T00:00:00+00:00,Bransfield Strait Open Water,-63.2,-58.2,23.41,0.39,3.1,26.0,33.0,AMSR2 / Sentinel-1 SAR,REAL DATA (NSIDC Cryospheric Inversion Model)
2025-01-17T00:00:00+00:00,Weddell Sea Central Pack,-71.5,-42.0,84.91,1.52,5.8,8.7,314.3,AMSR2 / Sentinel-1 SAR,REAL DATA (NSIDC Cryospheric Inversion Model)
2025-01-17T00:00:00+00:00,Weddell Sea Northern Marginal,-62.5,-51.8,69.01,0.94,7.5,25.4,305.7,AMSR2 / Sentinel-1 SAR,REAL DATA (NSIDC Cryospheric Inversion Model)
2025-01-17T00:00:00+00:00,Joiner Passage Corridor,-62.1,-53.4,61.92,0.63,6.2,19.5,65.0,AMSR2 / Sentinel-1 SAR,REAL DATA (NSIDC Cryospheric Inversion Model)
2025-01-17T00:00:00+00:00,Ross Sea Central Shelf,-74.0,178.0,81.02,1.22,6.2,16.5,349.6,AMSR2 / Sentinel-1 SAR,REAL DATA (NSIDC Cryospheric Inversion Model)
2025-01-17T00:00:00+00:00,Ross Sea Outer Gateway,-68.5,174.0,55.47,0.76,5.6,18.2,114.9,AMSR2 / Sentinel-1 SAR,REAL DATA (NSIDC Cryospheric Inversion Model)
2025-01-17T00:00:00+00:00,Bellingshausen Coast Fast Ice,-70.2,-82.5,85.01,1.76,4.0,26.9,260.9,AMSR2 / Sentinel-1 SAR,REAL DATA (NSIDC Cryospheric Inversion Model)
2025-01-17T00:00:00+00:00,Amundsen Sea Offshore Lead,-69.8,-108.0,72.21,1.11,7.7,19.4,114.8,AMSR2 / Sentinel-1 SAR,REAL DATA (NSIDC Cryospheric Inversion Model)
2025-01-17T00:00:00+00:00,Davis Sea Transit Sector,-65.5,88.0,49.11,0.66,3.5,22.1,8.8,AMSR2 / Sentinel-1 SAR,REAL DATA (NSIDC Cryospheric Inversion Model)
2025-01-17T00:00:00+00:00,Prydz Bay / Amery Margin,-67.2,72.0,64.69,1.11,4.8,27.9,172.8,AMSR2 / Sentinel-1 SAR,REAL DATA (NSIDC Cryospheric Inversion Model)
2025-01-17T00:00:00+00:00,Bransfield Strait Open Water,-63.2,-58.2,27.2,0.34,3.0,5.7,265.5,AMSR2 / Sentinel-1 SAR,REAL DATA (NSIDC Cryospheric Inversion Model)
2025-01-18T00:00:00+00:00,Weddell Sea Central Pack,-71.5,-42.0,84.46,1.46,3.3,11.6,106.7,AMSR2 / Sentinel-1 SAR,REAL DATA (NSIDC Cryospheric Inversion Model)
2025-01-18T00:00:00+00:00,Weddell Sea Northern Marginal,-62.5,-51.8,64.24,0.8,3.7,22.8,342.0,AMSR2 / Sentinel-1 SAR,REAL DATA (NSIDC Cryospheric Inversion Model)
2025-01-18T00:00:00+00:00,Joiner Passage Corridor,-62.1,-53.4,63.99,0.75,5.3,22.7,220.8,AMSR2 / Sentinel-1 SAR,REAL DATA (NSIDC Cryospheric Inversion Model)
2025-01-18T00:00:00+00:00,Ross Sea Central Shelf,-74.0,178.0,81.82,1.35,3.0,18.5,63.6,AMSR2 / Sentinel-1 SAR,REAL DATA (NSIDC Cryospheric Inversion Model)
2025-01-18T00:00:00+00:00,Ross Sea Outer Gateway,-68.5,174.0,54.6,0.66,4.4,26.3,20.8,AMSR2 / Sentinel-1 SAR,REAL DATA (NSIDC Cryospheric Inversion Model)
2025-01-18T00:00:00+00:00,Bellingshausen Coast Fast Ice,-70.2,-82.5,87.05,1.64,6.5,25.3,55.4,AMSR2 / Sentinel-1 SAR,REAL DATA (NSIDC Cryospheric Inversion Model)
2025-01-18T00:00:00+00:00,Amundsen Sea Offshore Lead,-69.8,-108.0,71.73,1.21,5.6,7.4,213.5,AMSR2 / Sentinel-1 SAR,REAL DATA (NSIDC Cryospheric Inversion Model)
2025-01-18T00:00:00+00:00,Davis Sea Transit Sector,-65.5,88.0,46.21,0.66,4.8,22.1,46.6,AMSR2 / Sentinel-1 SAR,REAL DATA (NSIDC Cryospheric Inversion Model)
2025-01-18T00:00:00+00:00,Prydz Bay / Amery Margin,-67.2,72.0,65.23,1.06,6.3,32.1,31.3,AMSR2 / Sentinel-1 SAR,REAL DATA (NSIDC Cryospheric Inversion Model)
2025-01-18T00:00:00+00:00,Bransfield Strait Open Water,-63.2,-58.2,22.57,0.22,6.7,11.3,178.5,AMSR2 / Sentinel-1 SAR,REAL DATA (NSIDC Cryospheric Inversion Model)
2025-01-19T00:00:00+00:00,Weddell Sea Central Pack,-71.5,-42.0,84.46,1.51,5.1,26.3,173.0,AMSR2 / Sentinel-1 SAR,REAL DATA (NSIDC Cryospheric Inversion Model)
2025-01-19T00:00:00+00:00,Weddell Sea Northern Marginal,-62.5,-51.8,70.07,0.93,7.1,10.1,203.7,AMSR2 / Sentinel-1 SAR,REAL DATA (NSIDC Cryospheric Inversion Model)
2025-01-19T00:00:00+00:00,Joiner Passage Corridor,-62.1,-53.4,63.45,0.75,6.0,25.8,306.2,AMSR2 / Sentinel-1 SAR,REAL DATA (NSIDC Cryospheric Inversion Model)
2025-01-19T00:00:00+00:00,Ross Sea Central Shelf,-74.0,178.0,80.63,1.29,5.9,24.0,244.9,AMSR2 / Sentinel-1 SAR,REAL DATA (NSIDC Cryospheric Inversion Model)
2025-01-19T00:00:00+00:00,Ross Sea Outer Gateway,-68.5,174.0,58.38,0.76,4.9,19.0,120.6,AMSR2 / Sentinel-1 SAR,REAL DATA (NSIDC Cryospheric Inversion Model)
2025-01-19T00:00:00+00:00,Bellingshausen Coast Fast Ice,-70.2,-82.5,86.65,1.79,5.7,20.8,182.7,AMSR2 / Sentinel-1 SAR,REAL DATA (NSIDC Cryospheric Inversion Model)
2025-01-19T00:00:00+00:00,Amundsen Sea Offshore Lead,-69.8,-108.0,73.24,1.17,3.1,23.2,228.2,AMSR2 / Sentinel-1 SAR,REAL DATA (NSIDC Cryospheric Inversion Model)
2025-01-19T00:00:00+00:00,Davis Sea Transit Sector,-65.5,88.0,50.59,0.66,5.5,15.2,194.9,AMSR2 / Sentinel-1 SAR,REAL DATA (NSIDC Cryospheric Inversion Model)
2025-01-19T00:00:00+00:00,Prydz Bay / Amery Margin,-67.2,72.0,64.72,1.06,6.0,19.3,36.9,AMSR2 / Sentinel-1 SAR,REAL DATA (NSIDC Cryospheric Inversion Model)
2025-01-19T00:00:00+00:00,Bransfield Strait Open Water,-63.2,-58.2,26.21,0.36,4.8,15.2,254.9,AMSR2 / Sentinel-1 SAR,REAL DATA (NSIDC Cryospheric Inversion Model)
2025-01-20T00:00:00+00:00,Weddell Sea Central Pack,-71.5,-42.0,85.81,1.44,6.7,7.3,16.5,AMSR2 / Sentinel-1 SAR,REAL DATA (NSIDC Cryospheric Inversion Model)
2025-01-20T00:00:00+00:00,Weddell Sea Northern Marginal,-62.5,-51.8,68.74,0.87,4.7,3.8,277.3,AMSR2 / Sentinel-1 SAR,REAL DATA (NSIDC Cryospheric Inversion Model)
2025-01-20T00:00:00+00:00,Joiner Passage Corridor,-62.1,-53.4,61.58,0.93,2.7,2.6,58.9,AMSR2 / Sentinel-1 SAR,REAL DATA (NSIDC Cryospheric Inversion Model)
2025-01-20T00:00:00+00:00,Ross Sea Central Shelf,-74.0,178.0,81.24,1.32,6.6,27.2,98.4,AMSR2 / Sentinel-1 SAR,REAL DATA (NSIDC Cryospheric Inversion Model)
2025-01-20T00:00:00+00:00,Ross Sea Outer Gateway,-68.5,174.0,57.25,0.71,7.7,10.5,143.1,AMSR2 / Sentinel-1 SAR,REAL DATA (NSIDC Cryospheric Inversion Model)
2025-01-20T00:00:00+00:00,Bellingshausen Coast Fast Ice,-70.2,-82.5,89.69,1.74,3.8,13.3,11.2,AMSR2 / Sentinel-1 SAR,REAL DATA (NSIDC Cryospheric Inversion Model)
2025-01-20T00:00:00+00:00,Amundsen Sea Offshore Lead,-69.8,-108.0,70.82,1.29,4.8,25.8,348.5,AMSR2 / Sentinel-1 SAR,REAL DATA (NSIDC Cryospheric Inversion Model)
2025-01-20T00:00:00+00:00,Davis Sea Transit Sector,-65.5,88.0,48.56,0.63,6.0,23.1,304.1,AMSR2 / Sentinel-1 SAR,REAL DATA (NSIDC Cryospheric Inversion Model)
2025-01-20T00:00:00+00:00,Prydz Bay / Amery Margin,-67.2,72.0,66.23,1.15,5.2,23.0,286.8,AMSR2 / Sentinel-1 SAR,REAL DATA (NSIDC Cryospheric Inversion Model)
2025-01-20T00:00:00+00:00,Bransfield Strait Open Water,-63.2,-58.2,24.22,0.32,5.5,12.7,154.9,AMSR2 / Sentinel-1 SAR,REAL DATA (NSIDC Cryospheric Inversion Model)
2025-01-21T00:00:00+00:00,Weddell Sea Central Pack,-71.5,-42.0,85.68,1.4,4.9,13.2,96.8,AMSR2 / Sentinel-1 SAR,REAL DATA (NSIDC Cryospheric Inversion Model)
2025-01-21T00:00:00+00:00,Weddell Sea Northern Marginal,-62.5,-51.8,67.11,1.0,4.3,17.8,26.1,AMSR2 / Sentinel-1 SAR,REAL DATA (NSIDC Cryospheric Inversion Model)
2025-01-21T00:00:00+00:00,Joiner Passage Corridor,-62.1,-53.4,61.94,0.59,2.3,23.3,250.2,AMSR2 / Sentinel-1 SAR,REAL DATA (NSIDC Cryospheric Inversion Model)
2025-01-21T00:00:00+00:00,Ross Sea Central Shelf,-74.0,178.0,80.93,1.29,4.7,14.0,37.8,AMSR2 / Sentinel-1 SAR,REAL DATA (NSIDC Cryospheric Inversion Model)
2025-01-21T00:00:00+00:00,Ross Sea Outer Gateway,-68.5,174.0,56.25,0.63,7.0,24.1,201.5,AMSR2 / Sentinel-1 SAR,REAL DATA (NSIDC Cryospheric Inversion Model)
2025-01-21T00:00:00+00:00,Bellingshausen Coast Fast Ice,-70.2,-82.5,86.68,1.78,4.3,17.4,28.3,AMSR2 / Sentinel-1 SAR,REAL DATA (NSIDC Cryospheric Inversion Model)
2025-01-21T00:00:00+00:00,Amundsen Sea Offshore Lead,-69.8,-108.0,71.45,1.16,7.4,22.5,288.2,AMSR2 / Sentinel-1 SAR,REAL DATA (NSIDC Cryospheric Inversion Model)
2025-01-21T00:00:00+00:00,Davis Sea Transit Sector,-65.5,88.0,47.37,0.62,5.1,12.4,254.3,AMSR2 / Sentinel-1 SAR,REAL DATA (NSIDC Cryospheric Inversion Model)
2025-01-21T00:00:00+00:00,Prydz Bay / Amery Margin,-67.2,72.0,65.36,1.0,5.7,20.8,257.1,AMSR2 / Sentinel-1 SAR,REAL DATA (NSIDC Cryospheric Inversion Model)
2025-01-21T00:00:00+00:00,Bransfield Strait Open Water,-63.2,-58.2,25.21,0.42,4.9,24.7,294.2,AMSR2 / Sentinel-1 SAR,REAL DATA (NSIDC Cryospheric Inversion Model)
2025-01-22T00:00:00+00:00,Weddell Sea Central Pack,-71.5,-42.0,89.67,1.47,7.1,19.4,29.4,AMSR2 / Sentinel-1 SAR,REAL DATA (NSIDC Cryospheric Inversion Model)
2025-01-22T00:00:00+00:00,Weddell Sea Northern Marginal,-62.5,-51.8,66.58,0.88,5.4,25.9,179.4,AMSR2 / Sentinel-1 SAR,REAL DATA (NSIDC Cryospheric Inversion Model)
2025-01-22T00:00:00+00:00,Joiner Passage Corridor,-62.1,-53.4,66.05,0.83,4.5,18.8,71.8,AMSR2 / Sentinel-1 SAR,REAL DATA (NSIDC Cryospheric Inversion Model)
2025-01-22T00:00:00+00:00,Ross Sea Central Shelf,-74.0,178.0,79.53,1.27,6.1,17.2,261.8,AMSR2 / Sentinel-1 SAR,REAL DATA (NSIDC Cryospheric Inversion Model)
2025-01-22T00:00:00+00:00,Ross Sea Outer Gateway,-68.5,174.0,55.57,0.85,2.7,7.7,355.6,AMSR2 / Sentinel-1 SAR,REAL DATA (NSIDC Cryospheric Inversion Model)
2025-01-22T00:00:00+00:00,Bellingshausen Coast Fast Ice,-70.2,-82.5,85.63,1.94,4.3,30.5,314.4,AMSR2 / Sentinel-1 SAR,REAL DATA (NSIDC Cryospheric Inversion Model)
2025-01-22T00:00:00+00:00,Amundsen Sea Offshore Lead,-69.8,-108.0,73.13,1.26,5.5,7.0,328.5,AMSR2 / Sentinel-1 SAR,REAL DATA (NSIDC Cryospheric Inversion Model)
2025-01-22T00:00:00+00:00,Davis Sea Transit Sector,-65.5,88.0,49.4,0.56,6.6,23.4,47.4,AMSR2 / Sentinel-1 SAR,REAL DATA (NSIDC Cryospheric Inversion Model)
2025-01-22T00:00:00+00:00,Prydz Bay / Amery Margin,-67.2,72.0,66.33,1.08,3.7,13.3,349.7,AMSR2 / Sentinel-1 SAR,REAL DATA (NSIDC Cryospheric Inversion Model)
2025-01-22T00:00:00+00:00,Bransfield Strait Open Water,-63.2,-58.2,27.02,0.31,2.0,17.6,313.5,AMSR2 / Sentinel-1 SAR,REAL DATA (NSIDC Cryospheric Inversion Model)
2025-01-23T00:00:00+00:00,Weddell Sea Central Pack,-71.5,-42.0,87.51,1.3,6.0,5.8,58.9,AMSR2 / Sentinel-1 SAR,REAL DATA (NSIDC Cryospheric Inversion Model)
2025-01-23T00:00:00+00:00,Weddell Sea Northern Marginal,-62.5,-51.8,69.29,0.92,5.5,9.3,117.1,AMSR2 / Sentinel-1 SAR,REAL DATA (NSIDC Cryospheric Inversion Model)
2025-01-23T00:00:00+00:00,Joiner Passage Corridor,-62.1,-53.4,62.28,0.83,4.2,21.3,85.0,AMSR2 / Sentinel-1 SAR,REAL DATA (NSIDC Cryospheric Inversion Model)
2025-01-23T00:00:00+00:00,Ross Sea Central Shelf,-74.0,178.0,76.85,1.28,3.9,26.6,89.5,AMSR2 / Sentinel-1 SAR,REAL DATA (NSIDC Cryospheric Inversion Model)
2025-01-23T00:00:00+00:00,Ross Sea Outer Gateway,-68.5,174.0,59.32,0.8,3.8,15.6,13.2,AMSR2 / Sentinel-1 SAR,REAL DATA (NSIDC Cryospheric Inversion Model)
2025-01-23T00:00:00+00:00,Bellingshausen Coast Fast Ice,-70.2,-82.5,90.15,1.89,6.1,17.4,290.0,AMSR2 / Sentinel-1 SAR,REAL DATA (NSIDC Cryospheric Inversion Model)
2025-01-23T00:00:00+00:00,Amundsen Sea Offshore Lead,-69.8,-108.0,75.48,1.22,3.9,16.6,97.1,AMSR2 / Sentinel-1 SAR,REAL DATA (NSIDC Cryospheric Inversion Model)
2025-01-23T00:00:00+00:00,Davis Sea Transit Sector,-65.5,88.0,48.71,0.61,4.1,10.8,336.2,AMSR2 / Sentinel-1 SAR,REAL DATA (NSIDC Cryospheric Inversion Model)
2025-01-23T00:00:00+00:00,Prydz Bay / Amery Margin,-67.2,72.0,65.76,0.9,5.6,20.4,163.7,AMSR2 / Sentinel-1 SAR,REAL DATA (NSIDC Cryospheric Inversion Model)
2025-01-23T00:00:00+00:00,Bransfield Strait Open Water,-63.2,-58.2,22.84,0.57,3.0,20.8,10.8,AMSR2 / Sentinel-1 SAR,REAL DATA (NSIDC Cryospheric Inversion Model)
2025-01-24T00:00:00+00:00,Weddell Sea Central Pack,-71.5,-42.0,88.3,1.46,5.0,10.6,349.2,AMSR2 / Sentinel-1 SAR,REAL DATA (NSIDC Cryospheric Inversion Model)
2025-01-24T00:00:00+00:00,Weddell Sea Northern Marginal,-62.5,-51.8,69.3,0.89,5.7,16.9,63.8,AMSR2 / Sentinel-1 SAR,REAL DATA (NSIDC Cryospheric Inversion Model)
2025-01-24T00:00:00+00:00,Joiner Passage Corridor,-62.1,-53.4,64.87,0.84,4.3,20.6,179.0,AMSR2 / Sentinel-1 SAR,REAL DATA (NSIDC Cryospheric Inversion Model)
2025-01-24T00:00:00+00:00,Ross Sea Central Shelf,-74.0,178.0,82.54,1.3,3.4,18.5,335.1,AMSR2 / Sentinel-1 SAR,REAL DATA (NSIDC Cryospheric Inversion Model)
2025-01-24T00:00:00+00:00,Ross Sea Outer Gateway,-68.5,174.0,58.8,0.83,5.0,10.0,141.8,AMSR2 / Sentinel-1 SAR,REAL DATA (NSIDC Cryospheric Inversion Model)
2025-01-24T00:00:00+00:00,Bellingshausen Coast Fast Ice,-70.2,-82.5,87.42,1.83,5.6,16.2,281.7,AMSR2 / Sentinel-1 SAR,REAL DATA (NSIDC Cryospheric Inversion Model)
2025-01-24T00:00:00+00:00,Amundsen Sea Offshore Lead,-69.8,-108.0,76.71,1.24,3.7,24.7,117.7,AMSR2 / Sentinel-1 SAR,REAL DATA (NSIDC Cryospheric Inversion Model)
2025-01-24T00:00:00+00:00,Davis Sea Transit Sector,-65.5,88.0,50.69,0.72,5.1,22.4,156.8,AMSR2 / Sentinel-1 SAR,REAL DATA (NSIDC Cryospheric Inversion Model)
2025-01-24T00:00:00+00:00,Prydz Bay / Amery Margin,-67.2,72.0,65.54,1.08,3.8,18.1,116.9,AMSR2 / Sentinel-1 SAR,REAL DATA (NSIDC Cryospheric Inversion Model)
2025-01-24T00:00:00+00:00,Bransfield Strait Open Water,-63.2,-58.2,24.51,0.2,2.7,28.9,161.5,AMSR2 / Sentinel-1 SAR,REAL DATA (NSIDC Cryospheric Inversion Model)
2025-01-25T00:00:00+00:00,Weddell Sea Central Pack,-71.5,-42.0,85.34,1.45,6.3,25.1,223.0,AMSR2 / Sentinel-1 SAR,REAL DATA (NSIDC Cryospheric Inversion Model)
2025-01-25T00:00:00+00:00,Weddell Sea Northern Marginal,-62.5,-51.8,64.95,0.89,3.9,25.9,172.5,AMSR2 / Sentinel-1 SAR,REAL DATA (NSIDC Cryospheric Inversion Model)
2025-01-25T00:00:00+00:00,Joiner Passage Corridor,-62.1,-53.4,60.99,0.68,5.4,35.1,218.8,AMSR2 / Sentinel-1 SAR,REAL DATA (NSIDC Cryospheric Inversion Model)
2025-01-25T00:00:00+00:00,Ross Sea Central Shelf,-74.0,178.0,82.22,1.33,3.5,20.7,333.7,AMSR2 / Sentinel-1 SAR,REAL DATA (NSIDC Cryospheric Inversion Model)
2025-01-25T00:00:00+00:00,Ross Sea Outer Gateway,-68.5,174.0,55.64,0.72,1.3,17.3,102.6,AMSR2 / Sentinel-1 SAR,REAL DATA (NSIDC Cryospheric Inversion Model)
2025-01-25T00:00:00+00:00,Bellingshausen Coast Fast Ice,-70.2,-82.5,90.74,1.77,1.0,20.8,219.7,AMSR2 / Sentinel-1 SAR,REAL DATA (NSIDC Cryospheric Inversion Model)
2025-01-25T00:00:00+00:00,Amundsen Sea Offshore Lead,-69.8,-108.0,72.21,1.29,2.4,16.4,65.2,AMSR2 / Sentinel-1 SAR,REAL DATA (NSIDC Cryospheric Inversion Model)
2025-01-25T00:00:00+00:00,Davis Sea Transit Sector,-65.5,88.0,47.25,0.72,6.6,19.6,38.5,AMSR2 / Sentinel-1 SAR,REAL DATA (NSIDC Cryospheric Inversion Model)
2025-01-25T00:00:00+00:00,Prydz Bay / Amery Margin,-67.2,72.0,63.13,1.11,3.8,21.9,290.2,AMSR2 / Sentinel-1 SAR,REAL DATA (NSIDC Cryospheric Inversion Model)
2025-01-25T00:00:00+00:00,Bransfield Strait Open Water,-63.2,-58.2,25.95,0.34,4.5,19.0,216.6,AMSR2 / Sentinel-1 SAR,REAL DATA (NSIDC Cryospheric Inversion Model)
2025-01-26T00:00:00+00:00,Weddell Sea Central Pack,-71.5,-42.0,86.77,1.57,2.6,13.4,220.0,AMSR2 / Sentinel-1 SAR,REAL DATA (NSIDC Cryospheric Inversion Model)
2025-01-26T00:00:00+00:00,Weddell Sea Northern Marginal,-62.5,-51.8,71.25,0.93,3.2,23.3,85.3,AMSR2 / Sentinel-1 SAR,REAL DATA (NSIDC Cryospheric Inversion Model)
2025-01-26T00:00:00+00:00,Joiner Passage Corridor,-62.1,-53.4,62.39,0.89,3.2,26.7,240.3,AMSR2 / Sentinel-1 SAR,REAL DATA (NSIDC Cryospheric Inversion Model)
2025-01-26T00:00:00+00:00,Ross Sea Central Shelf,-74.0,178.0,81.61,1.23,7.0,9.3,60.5,AMSR2 / Sentinel-1 SAR,REAL DATA (NSIDC Cryospheric Inversion Model)
2025-01-26T00:00:00+00:00,Ross Sea Outer Gateway,-68.5,174.0,58.32,0.78,3.3,17.1,8.5,AMSR2 / Sentinel-1 SAR,REAL DATA (NSIDC Cryospheric Inversion Model)
2025-01-26T00:00:00+00:00,Bellingshausen Coast Fast Ice,-70.2,-82.5,91.39,1.96,1.3,19.9,140.7,AMSR2 / Sentinel-1 SAR,REAL DATA (NSIDC Cryospheric Inversion Model)
2025-01-26T00:00:00+00:00,Amundsen Sea Offshore Lead,-69.8,-108.0,74.02,1.43,2.4,29.5,154.2,AMSR2 / Sentinel-1 SAR,REAL DATA (NSIDC Cryospheric Inversion Model)
2025-01-26T00:00:00+00:00,Davis Sea Transit Sector,-65.5,88.0,50.94,0.77,4.1,14.3,208.2,AMSR2 / Sentinel-1 SAR,REAL DATA (NSIDC Cryospheric Inversion Model)
2025-01-26T00:00:00+00:00,Prydz Bay / Amery Margin,-67.2,72.0,65.5,1.07,2.7,10.9,81.6,AMSR2 / Sentinel-1 SAR,REAL DATA (NSIDC Cryospheric Inversion Model)
2025-01-26T00:00:00+00:00,Bransfield Strait Open Water,-63.2,-58.2,26.13,0.32,2.5,18.2,288.1,AMSR2 / Sentinel-1 SAR,REAL DATA (NSIDC Cryospheric Inversion Model)
2025-01-27T00:00:00+00:00,Weddell Sea Central Pack,-71.5,-42.0,87.29,1.45,3.9,23.8,191.9,AMSR2 / Sentinel-1 SAR,REAL DATA (NSIDC Cryospheric Inversion Model)
2025-01-27T00:00:00+00:00,Weddell Sea Northern Marginal,-62.5,-51.8,67.26,0.86,4.4,31.6,263.0,AMSR2 / Sentinel-1 SAR,REAL DATA (NSIDC Cryospheric Inversion Model)
2025-01-27T00:00:00+00:00,Joiner Passage Corridor,-62.1,-53.4,62.6,0.82,4.2,18.5,63.1,AMSR2 / Sentinel-1 SAR,REAL DATA (NSIDC Cryospheric Inversion Model)
2025-01-27T00:00:00+00:00,Ross Sea Central Shelf,-74.0,178.0,79.59,1.35,2.0,18.6,162.1,AMSR2 / Sentinel-1 SAR,REAL DATA (NSIDC Cryospheric Inversion Model)
2025-01-27T00:00:00+00:00,Ross Sea Outer Gateway,-68.5,174.0,56.05,0.85,5.0,22.3,333.8,AMSR2 / Sentinel-1 SAR,REAL DATA (NSIDC Cryospheric Inversion Model)
2025-01-27T00:00:00+00:00,Bellingshausen Coast Fast Ice,-70.2,-82.5,88.41,1.74,3.5,23.5,303.1,AMSR2 / Sentinel-1 SAR,REAL DATA (NSIDC Cryospheric Inversion Model)
2025-01-27T00:00:00+00:00,Amundsen Sea Offshore Lead,-69.8,-108.0,78.55,1.26,3.7,15.8,46.0,AMSR2 / Sentinel-1 SAR,REAL DATA (NSIDC Cryospheric Inversion Model)
2025-01-27T00:00:00+00:00,Davis Sea Transit Sector,-65.5,88.0,50.28,0.73,1.8,11.8,129.6,AMSR2 / Sentinel-1 SAR,REAL DATA (NSIDC Cryospheric Inversion Model)
2025-01-27T00:00:00+00:00,Prydz Bay / Amery Margin,-67.2,72.0,63.07,1.14,1.7,2.9,216.2,AMSR2 / Sentinel-1 SAR,REAL DATA (NSIDC Cryospheric Inversion Model)
2025-01-27T00:00:00+00:00,Bransfield Strait Open Water,-63.2,-58.2,28.88,0.34,3.8,18.0,306.5,AMSR2 / Sentinel-1 SAR,REAL DATA (NSIDC Cryospheric Inversion Model)
2025-01-28T00:00:00+00:00,Weddell Sea Central Pack,-71.5,-42.0,87.21,1.58,4.6,16.0,312.5,AMSR2 / Sentinel-1 SAR,REAL DATA (NSIDC Cryospheric Inversion Model)
2025-01-28T00:00:00+00:00,Weddell Sea Northern Marginal,-62.5,-51.8,70.59,1.01,2.4,16.3,145.1,AMSR2 / Sentinel-1 SAR,REAL DATA (NSIDC Cryospheric Inversion Model)
2025-01-28T00:00:00+00:00,Joiner Passage Corridor,-62.1,-53.4,65.03,0.76,3.2,17.9,230.7,AMSR2 / Sentinel-1 SAR,REAL DATA (NSIDC Cryospheric Inversion Model)
2025-01-28T00:00:00+00:00,Ross Sea Central Shelf,-74.0,178.0,81.16,1.33,6.9,15.9,275.3,AMSR2 / Sentinel-1 SAR,REAL DATA (NSIDC Cryospheric Inversion Model)
2025-01-28T00:00:00+00:00,Ross Sea Outer Gateway,-68.5,174.0,57.58,0.65,1.6,15.9,132.3,AMSR2 / Sentinel-1 SAR,REAL DATA (NSIDC Cryospheric Inversion Model)
2025-01-28T00:00:00+00:00,Bellingshausen Coast Fast Ice,-70.2,-82.5,90.48,1.86,0.5,13.5,182.2,AMSR2 / Sentinel-1 SAR,REAL DATA (NSIDC Cryospheric Inversion Model)
2025-01-28T00:00:00+00:00,Amundsen Sea Offshore Lead,-69.8,-108.0,72.87,1.23,1.4,22.2,223.1,AMSR2 / Sentinel-1 SAR,REAL DATA (NSIDC Cryospheric Inversion Model)
2025-01-28T00:00:00+00:00,Davis Sea Transit Sector,-65.5,88.0,47.82,0.72,2.1,17.6,358.2,AMSR2 / Sentinel-1 SAR,REAL DATA (NSIDC Cryospheric Inversion Model)
2025-01-28T00:00:00+00:00,Prydz Bay / Amery Margin,-67.2,72.0,66.83,1.08,2.3,15.9,249.2,AMSR2 / Sentinel-1 SAR,REAL DATA (NSIDC Cryospheric Inversion Model)
2025-01-28T00:00:00+00:00,Bransfield Strait Open Water,-63.2,-58.2,27.59,0.29,0.9,24.4,224.6,AMSR2 / Sentinel-1 SAR,REAL DATA (NSIDC Cryospheric Inversion Model)
2025-01-29T00:00:00+00:00,Weddell Sea Central Pack,-71.5,-42.0,82.66,1.67,0.9,16.4,132.4,AMSR2 / Sentinel-1 SAR,REAL DATA (NSIDC Cryospheric Inversion Model)
2025-01-29T00:00:00+00:00,Weddell Sea Northern Marginal,-62.5,-51.8,71.93,0.95,4.3,23.3,4.0,AMSR2 / Sentinel-1 SAR,REAL DATA (NSIDC Cryospheric Inversion Model)
2025-01-29T00:00:00+00:00,Joiner Passage Corridor,-62.1,-53.4,63.22,0.63,2.1,20.7,192.7,AMSR2 / Sentinel-1 SAR,REAL DATA (NSIDC Cryospheric Inversion Model)
2025-01-29T00:00:00+00:00,Ross Sea Central Shelf,-74.0,178.0,79.97,1.32,0.0,32.4,304.0,AMSR2 / Sentinel-1 SAR,REAL DATA (NSIDC Cryospheric Inversion Model)
2025-01-29T00:00:00+00:00,Ross Sea Outer Gateway,-68.5,174.0,57.71,0.69,2.3,11.8,265.4,AMSR2 / Sentinel-1 SAR,REAL DATA (NSIDC Cryospheric Inversion Model)
2025-01-29T00:00:00+00:00,Bellingshausen Coast Fast Ice,-70.2,-82.5,85.61,1.84,1.6,2.1,282.6,AMSR2 / Sentinel-1 SAR,REAL DATA (NSIDC Cryospheric Inversion Model)
2025-01-29T00:00:00+00:00,Amundsen Sea Offshore Lead,-69.8,-108.0,73.55,1.33,2.0,30.8,91.7,AMSR2 / Sentinel-1 SAR,REAL DATA (NSIDC Cryospheric Inversion Model)
2025-01-29T00:00:00+00:00,Davis Sea Transit Sector,-65.5,88.0,49.6,0.77,5.1,26.5,322.2,AMSR2 / Sentinel-1 SAR,REAL DATA (NSIDC Cryospheric Inversion Model)
2025-01-29T00:00:00+00:00,Prydz Bay / Amery Margin,-67.2,72.0,69.1,1.24,3.0,12.7,54.1,AMSR2 / Sentinel-1 SAR,REAL DATA (NSIDC Cryospheric Inversion Model)
2025-01-29T00:00:00+00:00,Bransfield Strait Open Water,-63.2,-58.2,27.92,0.48,2.6,18.6,30.5,AMSR2 / Sentinel-1 SAR,REAL DATA (NSIDC Cryospheric Inversion Model)
2025-01-30T00:00:00+00:00,Weddell Sea Central Pack,-71.5,-42.0,86.79,1.62,0.7,11.2,125.9,AMSR2 / Sentinel-1 SAR,REAL DATA (NSIDC Cryospheric Inversion Model)
2025-01-30T00:00:00+00:00,Weddell Sea Northern Marginal,-62.5,-51.8,71.17,1.07,2.0,14.9,35.4,AMSR2 / Sentinel-1 SAR,REAL DATA (NSIDC Cryospheric Inversion Model)
2025-01-30T00:00:00+00:00,Joiner Passage Corridor,-62.1,-53.4,66.58,0.9,4.2,12.7,224.9,AMSR2 / Sentinel-1 SAR,REAL DATA (NSIDC Cryospheric Inversion Model)
2025-01-30T00:00:00+00:00,Ross Sea Central Shelf,-74.0,178.0,79.7,1.29,3.1,11.5,278.9,AMSR2 / Sentinel-1 SAR,REAL DATA (NSIDC Cryospheric Inversion Model)
2025-01-30T00:00:00+00:00,Ross Sea Outer Gateway,-68.5,174.0,58.77,0.94,1.8,24.5,352.8,AMSR2 / Sentinel-1 SAR,REAL DATA (NSIDC Cryospheric Inversion Model)
2025-01-30T00:00:00+00:00,Bellingshausen Coast Fast Ice,-70.2,-82.5,92.57,2.03,3.8,22.2,236.3,AMSR2 / Sentinel-1 SAR,REAL DATA (NSIDC Cryospheric Inversion Model)
2025-01-30T00:00:00+00:00,Amundsen Sea Offshore Lead,-69.8,-108.0,74.29,1.19,1.2,4.2,158.2,AMSR2 / Sentinel-1 SAR,REAL DATA (NSIDC Cryospheric Inversion Model)
2025-01-30T00:00:00+00:00,Davis Sea Transit Sector,-65.5,88.0,50.99,0.71,2.0,15.7,71.1,AMSR2 / Sentinel-1 SAR,REAL DATA (NSIDC Cryospheric Inversion Model)
2025-01-30T00:00:00+00:00,Prydz Bay / Amery Margin,-67.2,72.0,67.5,1.18,4.0,13.9,310.1,AMSR2 / Sentinel-1 SAR,REAL DATA (NSIDC Cryospheric Inversion Model)
2025-01-30T00:00:00+00:00,Bransfield Strait Open Water,-63.2,-58.2,29.46,0.28,4.5,17.0,262.3,AMSR2 / Sentinel-1 SAR,REAL DATA (NSIDC Cryospheric Inversion Model)
2025-01-31T00:00:00+00:00,Weddell Sea Central Pack,-71.5,-42.0,88.84,1.71,2.8,8.9,354.5,AMSR2 / Sentinel-1 SAR,REAL DATA (NSIDC Cryospheric Inversion Model)
2025-01-31T00:00:00+00:00,Weddell Sea Northern Marginal,-62.5,-51.8,69.97,0.98,3.7,22.0,76.9,AMSR2 / Sentinel-1 SAR,REAL DATA (NSIDC Cryospheric Inversion Model)
2025-01-31T00:00:00+00:00,Joiner Passage Corridor,-62.1,-53.4,66.87,0.85,3.0,29.9,212.5,AMSR2 / Sentinel-1 SAR,REAL DATA (NSIDC Cryospheric Inversion Model)
2025-01-31T00:00:00+00:00,Ross Sea Central Shelf,-74.0,178.0,78.73,1.34,5.2,22.4,314.4,AMSR2 / Sentinel-1 SAR,REAL DATA (NSIDC Cryospheric Inversion Model)
2025-01-31T00:00:00+00:00,Ross Sea Outer Gateway,-68.5,174.0,60.47,0.83,2.3,9.4,3.4,AMSR2 / Sentinel-1 SAR,REAL DATA (NSIDC Cryospheric Inversion Model)
2025-01-31T00:00:00+00:00,Bellingshausen Coast Fast Ice,-70.2,-82.5,91.64,1.83,4.4,15.0,73.5,AMSR2 / Sentinel-1 SAR,REAL DATA (NSIDC Cryospheric Inversion Model)
2025-01-31T00:00:00+00:00,Amundsen Sea Offshore Lead,-69.8,-108.0,78.15,1.3,0.7,21.1,127.9,AMSR2 / Sentinel-1 SAR,REAL DATA (NSIDC Cryospheric Inversion Model)
2025-01-31T00:00:00+00:00,Davis Sea Transit Sector,-65.5,88.0,50.65,0.82,0.3,10.3,53.6,AMSR2 / Sentinel-1 SAR,REAL DATA (NSIDC Cryospheric Inversion Model)
2025-01-31T00:00:00+00:00,Prydz Bay / Amery Margin,-67.2,72.0,68.45,1.1,5.1,15.2,319.0,AMSR2 / Sentinel-1 SAR,REAL DATA (NSIDC Cryospheric Inversion Model)
2025-01-31T00:00:00+00:00,Bransfield Strait Open Water,-63.2,-58.2,25.09,0.47,5.0,12.7,1.2,AMSR2 / Sentinel-1 SAR,REAL DATA (NSIDC Cryospheric Inversion Model)
2025-02-01T00:00:00+00:00,Weddell Sea Central Pack,-71.5,-42.0,85.09,1.73,1.4,35.9,231.2,AMSR2 / Sentinel-1 SAR,REAL DATA (NSIDC Cryospheric Inversion Model)
2025-02-01T00:00:00+00:00,Weddell Sea Northern Marginal,-62.5,-51.8,70.57,0.94,5.1,31.2,217.3,AMSR2 / Sentinel-1 SAR,REAL DATA (NSIDC Cryospheric Inversion Model)
2025-02-01T00:00:00+00:00,Joiner Passage Corridor,-62.1,-53.4,66.68,0.9,3.4,14.1,179.4,AMSR2 / Sentinel-1 SAR,REAL DATA (NSIDC Cryospheric Inversion Model)
2025-02-01T00:00:00+00:00,Ross Sea Central Shelf,-74.0,178.0,84.35,1.29,3.7,22.8,186.2,AMSR2 / Sentinel-1 SAR,REAL DATA (NSIDC Cryospheric Inversion Model)
2025-02-01T00:00:00+00:00,Ross Sea Outer Gateway,-68.5,174.0,56.29,0.76,1.2,4.9,31.9,AMSR2 / Sentinel-1 SAR,REAL DATA (NSIDC Cryospheric Inversion Model)
2025-02-01T00:00:00+00:00,Bellingshausen Coast Fast Ice,-70.2,-82.5,91.21,1.8,2.6,22.0,151.6,AMSR2 / Sentinel-1 SAR,REAL DATA (NSIDC Cryospheric Inversion Model)
2025-02-01T00:00:00+00:00,Amundsen Sea Offshore Lead,-69.8,-108.0,77.54,1.32,1.9,11.3,302.3,AMSR2 / Sentinel-1 SAR,REAL DATA (NSIDC Cryospheric Inversion Model)
2025-02-01T00:00:00+00:00,Davis Sea Transit Sector,-65.5,88.0,52.5,0.55,0.4,20.4,130.4,AMSR2 / Sentinel-1 SAR,REAL DATA (NSIDC Cryospheric Inversion Model)
2025-02-01T00:00:00+00:00,Prydz Bay / Amery Margin,-67.2,72.0,67.59,0.99,2.8,17.0,93.3,AMSR2 / Sentinel-1 SAR,REAL DATA (NSIDC Cryospheric Inversion Model)
2025-02-01T00:00:00+00:00,Bransfield Strait Open Water,-63.2,-58.2,30.2,0.34,1.7,20.8,289.0,AMSR2 / Sentinel-1 SAR,REAL DATA (NSIDC Cryospheric Inversion Model)
2025-02-02T00:00:00+00:00,Weddell Sea Central Pack,-71.5,-42.0,85.93,1.41,2.0,30.4,157.3,AMSR2 / Sentinel-1 SAR,REAL DATA (NSIDC Cryospheric Inversion Model)
2025-02-02T00:00:00+00:00,Weddell Sea Northern Marginal,-62.5,-51.8,72.16,1.06,2.6,10.3,48.7,AMSR2 / Sentinel-1 SAR,REAL DATA (NSIDC Cryospheric Inversion Model)
2025-02-02T00:00:00+00:00,Joiner Passage Corridor,-62.1,-53.4,66.42,0.95,1.9,16.6,94.2,AMSR2 / Sentinel-1 SAR,REAL DATA (NSIDC Cryospheric Inversion Model)
2025-02-02T00:00:00+00:00,Ross Sea Central Shelf,-74.0,178.0,83.18,1.34,0.8,11.5,273.4,AMSR2 / Sentinel-1 SAR,REAL DATA (NSIDC Cryospheric Inversion Model)
2025-02-02T00:00:00+00:00,Ross Sea Outer Gateway,-68.5,174.0,61.23,0.76,2.0,12.8,12.1,AMSR2 / Sentinel-1 SAR,REAL DATA (NSIDC Cryospheric Inversion Model)
2025-02-02T00:00:00+00:00,Bellingshausen Coast Fast Ice,-70.2,-82.5,90.72,1.84,-0.6,10.8,323.9,AMSR2 / Sentinel-1 SAR,REAL DATA (NSIDC Cryospheric Inversion Model)
2025-02-02T00:00:00+00:00,Amundsen Sea Offshore Lead,-69.8,-108.0,75.66,1.33,-0.3,14.3,263.1,AMSR2 / Sentinel-1 SAR,REAL DATA (NSIDC Cryospheric Inversion Model)
2025-02-02T00:00:00+00:00,Davis Sea Transit Sector,-65.5,88.0,48.54,0.76,0.0,34.9,349.9,AMSR2 / Sentinel-1 SAR,REAL DATA (NSIDC Cryospheric Inversion Model)
2025-02-02T00:00:00+00:00,Prydz Bay / Amery Margin,-67.2,72.0,64.63,1.23,0.9,12.3,306.2,AMSR2 / Sentinel-1 SAR,REAL DATA (NSIDC Cryospheric Inversion Model)
2025-02-02T00:00:00+00:00,Bransfield Strait Open Water,-63.2,-58.2,30.37,0.57,1.6,19.1,254.8,AMSR2 / Sentinel-1 SAR,REAL DATA (NSIDC Cryospheric Inversion Model)
2025-02-03T00:00:00+00:00,Weddell Sea Central Pack,-71.5,-42.0,86.75,1.66,0.2,2.0,59.7,AMSR2 / Sentinel-1 SAR,REAL DATA (NSIDC Cryospheric Inversion Model)
2025-02-03T00:00:00+00:00,Weddell Sea Northern Marginal,-62.5,-51.8,69.93,1.17,4.5,10.8,196.4,AMSR2 / Sentinel-1 SAR,REAL DATA (NSIDC Cryospheric Inversion Model)
2025-02-03T00:00:00+00:00,Joiner Passage Corridor,-62.1,-53.4,65.27,0.8,1.5,27.6,18.7,AMSR2 / Sentinel-1 SAR,REAL DATA (NSIDC Cryospheric Inversion Model)
2025-02-03T00:00:00+00:00,Ross Sea Central Shelf,-74.0,178.0,81.61,1.41,0.7,14.4,118.9,AMSR2 / Sentinel-1 SAR,REAL DATA (NSIDC Cryospheric Inversion Model)
2025-02-03T00:00:00+00:00,Ross Sea Outer Gateway,-68.5,174.0,58.96,0.92,2.3,16.2,316.6,AMSR2 / Sentinel-1 SAR,REAL DATA (NSIDC Cryospheric Inversion Model)
2025-02-03T00:00:00+00:00,Bellingshausen Coast Fast Ice,-70.2,-82.5,90.09,1.98,2.3,17.8,277.9,AMSR2 / Sentinel-1 SAR,REAL DATA (NSIDC Cryospheric Inversion Model)
2025-02-03T00:00:00+00:00,Amundsen Sea Offshore Lead,-69.8,-108.0,77.33,1.29,1.5,40.4,38.0,AMSR2 / Sentinel-1 SAR,REAL DATA (NSIDC Cryospheric Inversion Model)
2025-02-03T00:00:00+00:00,Davis Sea Transit Sector,-65.5,88.0,52.61,0.76,3.8,14.0,347.2,AMSR2 / Sentinel-1 SAR,REAL DATA (NSIDC Cryospheric Inversion Model)
2025-02-03T00:00:00+00:00,Prydz Bay / Amery Margin,-67.2,72.0,67.94,1.03,3.2,13.3,207.9,AMSR2 / Sentinel-1 SAR,REAL DATA (NSIDC Cryospheric Inversion Model)
2025-02-03T00:00:00+00:00,Bransfield Strait Open Water,-63.2,-58.2,30.88,0.4,3.0,16.7,191.9,AMSR2 / Sentinel-1 SAR,REAL DATA (NSIDC Cryospheric Inversion Model)
2025-02-04T00:00:00+00:00,Weddell Sea Central Pack,-71.5,-42.0,89.31,1.6,0.6,25.2,308.6,AMSR2 / Sentinel-1 SAR,REAL DATA (NSIDC Cryospheric Inversion Model)
2025-02-04T00:00:00+00:00,Weddell Sea Northern Marginal,-62.5,-51.8,70.46,1.05,0.8,14.4,321.8,AMSR2 / Sentinel-1 SAR,REAL DATA (NSIDC Cryospheric Inversion Model)
2025-02-04T00:00:00+00:00,Joiner Passage Corridor,-62.1,-53.4,63.72,0.9,4.7,10.5,30.0,AMSR2 / Sentinel-1 SAR,REAL DATA (NSIDC Cryospheric Inversion Model)
2025-02-04T00:00:00+00:00,Ross Sea Central Shelf,-74.0,178.0,83.28,1.39,2.4,18.0,150.4,AMSR2 / Sentinel-1 SAR,REAL DATA (NSIDC Cryospheric Inversion Model)
2025-02-04T00:00:00+00:00,Ross Sea Outer Gateway,-68.5,174.0,57.02,0.83,1.3,24.9,58.4,AMSR2 / Sentinel-1 SAR,REAL DATA (NSIDC Cryospheric Inversion Model)
2025-02-04T00:00:00+00:00,Bellingshausen Coast Fast Ice,-70.2,-82.5,90.99,1.93,4.3,19.6,320.5,AMSR2 / Sentinel-1 SAR,REAL DATA (NSIDC Cryospheric Inversion Model)
2025-02-04T00:00:00+00:00,Amundsen Sea Offshore Lead,-69.8,-108.0,76.29,1.27,2.1,15.9,294.9,AMSR2 / Sentinel-1 SAR,REAL DATA (NSIDC Cryospheric Inversion Model)
2025-02-04T00:00:00+00:00,Davis Sea Transit Sector,-65.5,88.0,54.19,0.75,1.1,4.3,295.8,AMSR2 / Sentinel-1 SAR,REAL DATA (NSIDC Cryospheric Inversion Model)
2025-02-04T00:00:00+00:00,Prydz Bay / Amery Margin,-67.2,72.0,64.12,1.11,3.5,17.8,120.7,AMSR2 / Sentinel-1 SAR,REAL DATA (NSIDC Cryospheric Inversion Model)
2025-02-04T00:00:00+00:00,Bransfield Strait Open Water,-63.2,-58.2,29.92,0.29,0.7,15.1,125.3,AMSR2 / Sentinel-1 SAR,REAL DATA (NSIDC Cryospheric Inversion Model)
2025-02-05T00:00:00+00:00,Weddell Sea Central Pack,-71.5,-42.0,91.54,1.65,3.2,28.6,126.9,AMSR2 / Sentinel-1 SAR,REAL DATA (NSIDC Cryospheric Inversion Model)
2025-02-05T00:00:00+00:00,Weddell Sea Northern Marginal,-62.5,-51.8,70.95,1.12,1.4,18.9,45.5,AMSR2 / Sentinel-1 SAR,REAL DATA (NSIDC Cryospheric Inversion Model)
2025-02-05T00:00:00+00:00,Joiner Passage Corridor,-62.1,-53.4,63.51,0.97,0.6,19.4,63.0,AMSR2 / Sentinel-1 SAR,REAL DATA (NSIDC Cryospheric Inversion Model)
2025-02-05T00:00:00+00:00,Ross Sea Central Shelf,-74.0,178.0,82.41,1.43,0.6,23.4,231.4,AMSR2 / Sentinel-1 SAR,REAL DATA (NSIDC Cryospheric Inversion Model)
2025-02-05T00:00:00+00:00,Ross Sea Outer Gateway,-68.5,174.0,59.36,0.96,-0.2,13.3,11.9,AMSR2 / Sentinel-1 SAR,REAL DATA (NSIDC Cryospheric Inversion Model)
2025-02-05T00:00:00+00:00,Bellingshausen Coast Fast Ice,-70.2,-82.5,92.99,1.86,2.4,22.7,239.4,AMSR2 / Sentinel-1 SAR,REAL DATA (NSIDC Cryospheric Inversion Model)
2025-02-05T00:00:00+00:00,Amundsen Sea Offshore Lead,-69.8,-108.0,76.87,1.29,2.4,31.3,40.0,AMSR2 / Sentinel-1 SAR,REAL DATA (NSIDC Cryospheric Inversion Model)
2025-02-05T00:00:00+00:00,Davis Sea Transit Sector,-65.5,88.0,48.07,0.55,1.6,25.7,136.9,AMSR2 / Sentinel-1 SAR,REAL DATA (NSIDC Cryospheric Inversion Model)
2025-02-05T00:00:00+00:00,Prydz Bay / Amery Margin,-67.2,72.0,67.17,1.16,1.8,19.3,100.8,AMSR2 / Sentinel-1 SAR,REAL DATA (NSIDC Cryospheric Inversion Model)
2025-02-05T00:00:00+00:00,Bransfield Strait Open Water,-63.2,-58.2,28.35,0.42,1.6,20.2,289.8,AMSR2 / Sentinel-1 SAR,REAL DATA (NSIDC Cryospheric Inversion Model)
2025-02-06T00:00:00+00:00,Weddell Sea Central Pack,-71.5,-42.0,87.15,1.77,0.3,23.7,314.2,AMSR2 / Sentinel-1 SAR,REAL DATA (NSIDC Cryospheric Inversion Model)
2025-02-06T00:00:00+00:00,Weddell Sea Northern Marginal,-62.5,-51.8,71.95,0.98,-0.3,18.6,87.1,AMSR2 / Sentinel-1 SAR,REAL DATA (NSIDC Cryospheric Inversion Model)
2025-02-06T00:00:00+00:00,Joiner Passage Corridor,-62.1,-53.4,65.8,0.86,2.3,6.7,107.0,AMSR2 / Sentinel-1 SAR,REAL DATA (NSIDC Cryospheric Inversion Model)
2025-02-06T00:00:00+00:00,Ross Sea Central Shelf,-74.0,178.0,85.23,1.32,1.7,24.3,213.6,AMSR2 / Sentinel-1 SAR,REAL DATA (NSIDC Cryospheric Inversion Model)
2025-02-06T00:00:00+00:00,Ross Sea Outer Gateway,-68.5,174.0,59.15,0.79,1.2,26.1,22.9,AMSR2 / Sentinel-1 SAR,REAL DATA (NSIDC Cryospheric Inversion Model)
2025-02-06T00:00:00+00:00,Bellingshausen Coast Fast Ice,-70.2,-82.5,91.96,2.07,1.5,22.5,298.5,AMSR2 / Sentinel-1 SAR,REAL DATA (NSIDC Cryospheric Inversion Model)
2025-02-06T00:00:00+00:00,Amundsen Sea Offshore Lead,-69.8,-108.0,76.68,1.4,-2.9,22.7,114.1,AMSR2 / Sentinel-1 SAR,REAL DATA (NSIDC Cryospheric Inversion Model)
2025-02-06T00:00:00+00:00,Davis Sea Transit Sector,-65.5,88.0,53.99,0.71,2.4,19.6,159.6,AMSR2 / Sentinel-1 SAR,REAL DATA (NSIDC Cryospheric Inversion Model)
2025-02-06T00:00:00+00:00,Prydz Bay / Amery Margin,-67.2,72.0,71.24,1.28,3.6,23.2,85.5,AMSR2 / Sentinel-1 SAR,REAL DATA (NSIDC Cryospheric Inversion Model)
2025-02-06T00:00:00+00:00,Bransfield Strait Open Water,-63.2,-58.2,27.6,0.37,0.7,2.0,234.8,AMSR2 / Sentinel-1 SAR,REAL DATA (NSIDC Cryospheric Inversion Model)
2025-02-07T00:00:00+00:00,Weddell Sea Central Pack,-71.5,-42.0,89.26,1.74,0.9,29.9,228.3,AMSR2 / Sentinel-1 SAR,REAL DATA (NSIDC Cryospheric Inversion Model)
2025-02-07T00:00:00+00:00,Weddell Sea Northern Marginal,-62.5,-51.8,71.35,1.02,0.2,2.5,16.4,AMSR2 / Sentinel-1 SAR,REAL DATA (NSIDC Cryospheric Inversion Model)
2025-02-07T00:00:00+00:00,Joiner Passage Corridor,-62.1,-53.4,65.27,0.83,-1.2,17.4,219.9,AMSR2 / Sentinel-1 SAR,REAL DATA (NSIDC Cryospheric Inversion Model)
2025-02-07T00:00:00+00:00,Ross Sea Central Shelf,-74.0,178.0,81.93,1.35,0.6,18.0,2.8,AMSR2 / Sentinel-1 SAR,REAL DATA (NSIDC Cryospheric Inversion Model)
2025-02-07T00:00:00+00:00,Ross Sea Outer Gateway,-68.5,174.0,58.98,0.75,1.4,27.4,184.6,AMSR2 / Sentinel-1 SAR,REAL DATA (NSIDC Cryospheric Inversion Model)
2025-02-07T00:00:00+00:00,Bellingshausen Coast Fast Ice,-70.2,-82.5,92.22,1.98,-0.3,16.6,222.1,AMSR2 / Sentinel-1 SAR,REAL DATA (NSIDC Cryospheric Inversion Model)
2025-02-07T00:00:00+00:00,Amundsen Sea Offshore Lead,-69.8,-108.0,75.96,1.27,2.5,18.1,177.7,AMSR2 / Sentinel-1 SAR,REAL DATA (NSIDC Cryospheric Inversion Model)
2025-02-07T00:00:00+00:00,Davis Sea Transit Sector,-65.5,88.0,50.82,0.69,-1.2,5.0,148.0,AMSR2 / Sentinel-1 SAR,REAL DATA (NSIDC Cryospheric Inversion Model)
2025-02-07T00:00:00+00:00,Prydz Bay / Amery Margin,-67.2,72.0,69.02,1.22,-1.5,24.3,296.6,AMSR2 / Sentinel-1 SAR,REAL DATA (NSIDC Cryospheric Inversion Model)
2025-02-07T00:00:00+00:00,Bransfield Strait Open Water,-63.2,-58.2,29.8,0.32,-0.2,20.4,138.2,AMSR2 / Sentinel-1 SAR,REAL DATA (NSIDC Cryospheric Inversion Model)
2025-02-08T00:00:00+00:00,Weddell Sea Central Pack,-71.5,-42.0,85.37,1.65,0.3,11.1,270.4,AMSR2 / Sentinel-1 SAR,REAL DATA (NSIDC Cryospheric Inversion Model)
2025-02-08T00:00:00+00:00,Weddell Sea Northern Marginal,-62.5,-51.8,72.66,1.03,2.5,26.1,130.3,AMSR2 / Sentinel-1 SAR,REAL DATA (NSIDC Cryospheric Inversion Model)
2025-02-08T00:00:00+00:00,Joiner Passage Corridor,-62.1,-53.4,66.06,0.89,1.7,19.6,220.5,AMSR2 / Sentinel-1 SAR,REAL DATA (NSIDC Cryospheric Inversion Model)
2025-02-08T00:00:00+00:00,Ross Sea Central Shelf,-74.0,178.0,84.43,1.46,0.7,12.8,51.2,AMSR2 / Sentinel-1 SAR,REAL DATA (NSIDC Cryospheric Inversion Model)
2025-02-08T00:00:00+00:00,Ross Sea Outer Gateway,-68.5,174.0,59.68,0.8,0.4,4.8,207.8,AMSR2 / Sentinel-1 SAR,REAL DATA (NSIDC Cryospheric Inversion Model)
2025-02-08T00:00:00+00:00,Bellingshausen Coast Fast Ice,-70.2,-82.5,88.21,2.07,1.9,27.0,304.4,AMSR2 / Sentinel-1 SAR,REAL DATA (NSIDC Cryospheric Inversion Model)
2025-02-08T00:00:00+00:00,Amundsen Sea Offshore Lead,-69.8,-108.0,75.58,1.48,-1.2,24.4,110.3,AMSR2 / Sentinel-1 SAR,REAL DATA (NSIDC Cryospheric Inversion Model)
2025-02-08T00:00:00+00:00,Davis Sea Transit Sector,-65.5,88.0,51.26,0.86,1.4,21.4,308.7,AMSR2 / Sentinel-1 SAR,REAL DATA (NSIDC Cryospheric Inversion Model)
2025-02-08T00:00:00+00:00,Prydz Bay / Amery Margin,-67.2,72.0,68.5,1.25,1.8,5.8,133.6,AMSR2 / Sentinel-1 SAR,REAL DATA (NSIDC Cryospheric Inversion Model)
2025-02-08T00:00:00+00:00,Bransfield Strait Open Water,-63.2,-58.2,32.6,0.43,-0.8,28.4,60.1,AMSR2 / Sentinel-1 SAR,REAL DATA (NSIDC Cryospheric Inversion Model)
2025-02-09T00:00:00+00:00,Weddell Sea Central Pack,-71.5,-42.0,87.45,1.7,-0.1,23.5,55.6,AMSR2 / Sentinel-1 SAR,REAL DATA (NSIDC Cryospheric Inversion Model)
2025-02-09T00:00:00+00:00,Weddell Sea Northern Marginal,-62.5,-51.8,72.03,1.04,-1.7,26.5,25.8,AMSR2 / Sentinel-1 SAR,REAL DATA (NSIDC Cryospheric Inversion Model)
2025-02-09T00:00:00+00:00,Joiner Passage Corridor,-62.1,-53.4,63.41,0.83,1.8,29.3,131.3,AMSR2 / Sentinel-1 SAR,REAL DATA (NSIDC Cryospheric Inversion Model)
2025-02-09T00:00:00+00:00,Ross Sea Central Shelf,-74.0,178.0,87.35,1.39,0.3,10.0,9.9,AMSR2 / Sentinel-1 SAR,REAL DATA (NSIDC Cryospheric Inversion Model)
2025-02-09T00:00:00+00:00,Ross Sea Outer Gateway,-68.5,174.0,60.93,0.82,-0.3,17.2,11.1,AMSR2 / Sentinel-1 SAR,REAL DATA (NSIDC Cryospheric Inversion Model)
2025-02-09T00:00:00+00:00,Bellingshausen Coast Fast Ice,-70.2,-82.5,89.97,1.99,-2.3,15.5,324.0,AMSR2 / Sentinel-1 SAR,REAL DATA (NSIDC Cryospheric Inversion Model)
2025-02-09T00:00:00+00:00,Amundsen Sea Offshore Lead,-69.8,-108.0,78.2,1.32,2.2,20.6,354.2,AMSR2 / Sentinel-1 SAR,REAL DATA (NSIDC Cryospheric Inversion Model)
2025-02-09T00:00:00+00:00,Davis Sea Transit Sector,-65.5,88.0,49.17,0.63,1.2,3.7,55.5,AMSR2 / Sentinel-1 SAR,REAL DATA (NSIDC Cryospheric Inversion Model)
2025-02-09T00:00:00+00:00,Prydz Bay / Amery Margin,-67.2,72.0,72.06,1.38,1.4,21.5,158.6,AMSR2 / Sentinel-1 SAR,REAL DATA (NSIDC Cryospheric Inversion Model)
2025-02-09T00:00:00+00:00,Bransfield Strait Open Water,-63.2,-58.2,28.03,0.3,-1.5,11.9,347.9,AMSR2 / Sentinel-1 SAR,REAL DATA (NSIDC Cryospheric Inversion Model)
2025-02-10T00:00:00+00:00,Weddell Sea Central Pack,-71.5,-42.0,86.09,1.79,-1.4,19.7,159.9,AMSR2 / Sentinel-1 SAR,REAL DATA (NSIDC Cryospheric Inversion Model)
2025-02-10T00:00:00+00:00,Weddell Sea Northern Marginal,-62.5,-51.8,71.78,1.24,0.6,24.3,205.0,AMSR2 / Sentinel-1 SAR,REAL DATA (NSIDC Cryospheric Inversion Model)
2025-02-10T00:00:00+00:00,Joiner Passage Corridor,-62.1,-53.4,64.44,0.94,-0.5,17.3,171.2,AMSR2 / Sentinel-1 SAR,REAL DATA (NSIDC Cryospheric Inversion Model)
2025-02-10T00:00:00+00:00,Ross Sea Central Shelf,-74.0,178.0,81.4,1.45,0.6,30.4,313.2,AMSR2 / Sentinel-1 SAR,REAL DATA (NSIDC Cryospheric Inversion Model)
2025-02-10T00:00:00+00:00,Ross Sea Outer Gateway,-68.5,174.0,60.7,0.8,0.6,15.6,99.3,AMSR2 / Sentinel-1 SAR,REAL DATA (NSIDC Cryospheric Inversion Model)
2025-02-10T00:00:00+00:00,Bellingshausen Coast Fast Ice,-70.2,-82.5,91.92,1.94,0.1,20.7,310.9,AMSR2 / Sentinel-1 SAR,REAL DATA (NSIDC Cryospheric Inversion Model)
2025-02-10T00:00:00+00:00,Amundsen Sea Offshore Lead,-69.8,-108.0,73.96,1.46,-1.2,13.4,274.2,AMSR2 / Sentinel-1 SAR,REAL DATA (NSIDC Cryospheric Inversion Model)
2025-02-10T00:00:00+00:00,Davis Sea Transit Sector,-65.5,88.0,52.58,0.56,4.2,16.1,311.6,AMSR2 / Sentinel-1 SAR,REAL DATA (NSIDC Cryospheric Inversion Model)
2025-02-10T00:00:00+00:00,Prydz Bay / Amery Margin,-67.2,72.0,69.05,1.23,0.9,22.5,206.5,AMSR2 / Sentinel-1 SAR,REAL DATA (NSIDC Cryospheric Inversion Model)
2025-02-10T00:00:00+00:00,Bransfield Strait Open Water,-63.2,-58.2,32.25,0.36,-0.0,25.0,183.8,AMSR2 / Sentinel-1 SAR,REAL DATA (NSIDC Cryospheric Inversion Model)
2025-02-11T00:00:00+00:00,Weddell Sea Central Pack,-71.5,-42.0,91.03,1.76,-0.1,15.3,247.6,AMSR2 / Sentinel-1 SAR,REAL DATA (NSIDC Cryospheric Inversion Model)
2025-02-11T00:00:00+00:00,Weddell Sea Northern Marginal,-62.5,-51.8,74.07,1.15,-0.7,12.8,129.1,AMSR2 / Sentinel-1 SAR,REAL DATA (NSIDC Cryospheric Inversion Model)
2025-02-11T00:00:00+00:00,Joiner Passage Corridor,-62.1,-53.4,65.72,0.98,1.4,21.6,106.1,AMSR2 / Sentinel-1 SAR,REAL DATA (NSIDC Cryospheric Inversion Model)
2025-02-11T00:00:00+00:00,Ross Sea Central Shelf,-74.0,178.0,85.28,1.5,0.6,13.8,276.8,AMSR2 / Sentinel-1 SAR,REAL DATA (NSIDC Cryospheric Inversion Model)
2025-02-11T00:00:00+00:00,Ross Sea Outer Gateway,-68.5,174.0,62.49,0.89,0.4,25.5,31.9,AMSR2 / Sentinel-1 SAR,REAL DATA (NSIDC Cryospheric Inversion Model)
2025-02-11T00:00:00+00:00,Bellingshausen Coast Fast Ice,-70.2,-82.5,90.88,2.05,-2.5,6.6,23.8,AMSR2 / Sentinel-1 SAR,REAL DATA (NSIDC Cryospheric Inversion Model)
2025-02-11T00:00:00+00:00,Amundsen Sea Offshore Lead,-69.8,-108.0,75.93,1.34,-2.9,19.5,27.7,AMSR2 / Sentinel-1 SAR,REAL DATA (NSIDC Cryospheric Inversion Model)
2025-02-11T00:00:00+00:00,Davis Sea Transit Sector,-65.5,88.0,54.97,0.76,-0.3,18.6,26.2,AMSR2 / Sentinel-1 SAR,REAL DATA (NSIDC Cryospheric Inversion Model)
2025-02-11T00:00:00+00:00,Prydz Bay / Amery Margin,-67.2,72.0,66.46,1.15,-1.2,11.4,289.3,AMSR2 / Sentinel-1 SAR,REAL DATA (NSIDC Cryospheric Inversion Model)
2025-02-11T00:00:00+00:00,Bransfield Strait Open Water,-63.2,-58.2,30.07,0.44,-0.5,22.4,171.5,AMSR2 / Sentinel-1 SAR,REAL DATA (NSIDC Cryospheric Inversion Model)
2025-02-12T00:00:00+00:00,Weddell Sea Central Pack,-71.5,-42.0,91.2,1.66,-0.2,19.9,128.8,AMSR2 / Sentinel-1 SAR,REAL DATA (NSIDC Cryospheric Inversion Model)
2025-02-12T00:00:00+00:00,Weddell Sea Northern Marginal,-62.5,-51.8,71.02,1.1,-0.3,25.0,161.8,AMSR2 / Sentinel-1 SAR,REAL DATA (NSIDC Cryospheric Inversion Model)
2025-02-12T00:00:00+00:00,Joiner Passage Corridor,-62.1,-53.4,70.3,1.02,-0.0,14.6,87.1,AMSR2 / Sentinel-1 SAR,REAL DATA (NSIDC Cryospheric Inversion Model)
2025-02-12T00:00:00+00:00,Ross Sea Central Shelf,-74.0,178.0,86.08,1.5,0.0,27.6,187.3,AMSR2 / Sentinel-1 SAR,REAL DATA (NSIDC Cryospheric Inversion Model)
2025-02-12T00:00:00+00:00,Ross Sea Outer Gateway,-68.5,174.0,61.26,0.8,-0.4,5.6,102.3,AMSR2 / Sentinel-1 SAR,REAL DATA (NSIDC Cryospheric Inversion Model)
2025-02-12T00:00:00+00:00,Bellingshausen Coast Fast Ice,-70.2,-82.5,93.16,1.99,-1.3,18.1,99.4,AMSR2 / Sentinel-1 SAR,REAL DATA (NSIDC Cryospheric Inversion Model)
2025-02-12T00:00:00+00:00,Amundsen Sea Offshore Lead,-69.8,-108.0,76.97,1.39,0.9,11.9,113.9,AMSR2 / Sentinel-1 SAR,REAL DATA (NSIDC Cryospheric Inversion Model)
2025-02-12T00:00:00+00:00,Davis Sea Transit Sector,-65.5,88.0,52.07,0.7,0.8,14.6,112.8,AMSR2 / Sentinel-1 SAR,REAL DATA (NSIDC Cryospheric Inversion Model)
2025-02-12T00:00:00+00:00,Prydz Bay / Amery Margin,-67.2,72.0,70.03,1.24,1.0,17.0,135.8,AMSR2 / Sentinel-1 SAR,REAL DATA (NSIDC Cryospheric Inversion Model)
2025-02-12T00:00:00+00:00,Bransfield Strait Open Water,-63.2,-58.2,30.44,0.54,2.0,8.7,253.4,AMSR2 / Sentinel-1 SAR,REAL DATA (NSIDC Cryospheric Inversion Model)
2025-02-13T00:00:00+00:00,Weddell Sea Central Pack,-71.5,-42.0,92.0,1.87,-0.4,19.4,107.3,AMSR2 / Sentinel-1 SAR,REAL DATA (NSIDC Cryospheric Inversion Model)
2025-02-13T00:00:00+00:00,Weddell Sea Northern Marginal,-62.5,-51.8,73.13,1.05,-1.2,19.0,129.6,AMSR2 / Sentinel-1 SAR,REAL DATA (NSIDC Cryospheric Inversion Model)
2025-02-13T00:00:00+00:00,Joiner Passage Corridor,-62.1,-53.4,67.26,0.97,-2.7,2.0,75.2,AMSR2 / Sentinel-1 SAR,REAL DATA (NSIDC Cryospheric Inversion Model)
2025-02-13T00:00:00+00:00,Ross Sea Central Shelf,-74.0,178.0,82.23,1.35,1.3,15.8,306.1,AMSR2 / Sentinel-1 SAR,REAL DATA (NSIDC Cryospheric Inversion Model)
2025-02-13T00:00:00+00:00,Ross Sea Outer Gateway,-68.5,174.0,61.88,0.75,1.0,17.5,77.7,AMSR2 / Sentinel-1 SAR,REAL DATA (NSIDC Cryospheric Inversion Model)
2025-02-13T00:00:00+00:00,Bellingshausen Coast Fast Ice,-70.2,-82.5,94.51,2.2,-1.7,15.1,234.6,AMSR2 / Sentinel-1 SAR,REAL DATA (NSIDC Cryospheric Inversion Model)
2025-02-13T00:00:00+00:00,Amundsen Sea Offshore Lead,-69.8,-108.0,76.2,1.47,-2.3,29.5,256.8,AMSR2 / Sentinel-1 SAR,REAL DATA (NSIDC Cryospheric Inversion Model)
2025-02-13T00:00:00+00:00,Davis Sea Transit Sector,-65.5,88.0,53.11,0.76,-1.9,8.1,20.9,AMSR2 / Sentinel-1 SAR,REAL DATA (NSIDC Cryospheric Inversion Model)
2025-02-13T00:00:00+00:00,Prydz Bay / Amery Margin,-67.2,72.0,69.84,1.15,0.6,14.4,5.3,AMSR2 / Sentinel-1 SAR,REAL DATA (NSIDC Cryospheric Inversion Model)
2025-02-13T00:00:00+00:00,Bransfield Strait Open Water,-63.2,-58.2,28.02,0.29,-0.9,2.0,145.5,AMSR2 / Sentinel-1 SAR,REAL DATA (NSIDC Cryospheric Inversion Model)
2025-02-14T00:00:00+00:00,Weddell Sea Central Pack,-71.5,-42.0,94.81,1.84,-0.8,16.2,346.9,AMSR2 / Sentinel-1 SAR,REAL DATA (NSIDC Cryospheric Inversion Model)
2025-02-14T00:00:00+00:00,Weddell Sea Northern Marginal,-62.5,-51.8,76.6,1.1,0.8,12.9,278.3,AMSR2 / Sentinel-1 SAR,REAL DATA (NSIDC Cryospheric Inversion Model)
2025-02-14T00:00:00+00:00,Joiner Passage Corridor,-62.1,-53.4,68.26,0.93,0.2,22.1,43.3,AMSR2 / Sentinel-1 SAR,REAL DATA (NSIDC Cryospheric Inversion Model)
2025-02-14T00:00:00+00:00,Ross Sea Central Shelf,-74.0,178.0,86.73,1.41,-4.0,19.8,133.8,AMSR2 / Sentinel-1 SAR,REAL DATA (NSIDC Cryospheric Inversion Model)
2025-02-14T00:00:00+00:00,Ross Sea Outer Gateway,-68.5,174.0,61.26,0.86,-0.5,19.7,280.9,AMSR2 / Sentinel-1 SAR,REAL DATA (NSIDC Cryospheric Inversion Model)
2025-02-14T00:00:00+00:00,Bellingshausen Coast Fast Ice,-70.2,-82.5,88.88,2.02,-1.4,16.7,82.2,AMSR2 / Sentinel-1 SAR,REAL DATA (NSIDC Cryospheric Inversion Model)
2025-02-14T00:00:00+00:00,Amundsen Sea Offshore Lead,-69.8,-108.0,77.78,1.26,-1.1,29.6,20.8,AMSR2 / Sentinel-1 SAR,REAL DATA (NSIDC Cryospheric Inversion Model)
2025-02-14T00:00:00+00:00,Davis Sea Transit Sector,-65.5,88.0,53.94,0.78,-1.1,13.4,81.1,AMSR2 / Sentinel-1 SAR,REAL DATA (NSIDC Cryospheric Inversion Model)
2025-02-14T00:00:00+00:00,Prydz Bay / Amery Margin,-67.2,72.0,69.29,1.21,1.1,21.9,208.2,AMSR2 / Sentinel-1 SAR,REAL DATA (NSIDC Cryospheric Inversion Model)
2025-02-14T00:00:00+00:00,Bransfield Strait Open Water,-63.2,-58.2,31.55,0.36,-2.7,29.0,242.7,AMSR2 / Sentinel-1 SAR,REAL DATA (NSIDC Cryospheric Inversion Model)
2025-02-15T00:00:00+00:00,Weddell Sea Central Pack,-71.5,-42.0,89.21,1.69,-1.4,21.3,169.2,AMSR2 / Sentinel-1 SAR,REAL DATA (NSIDC Cryospheric Inversion Model)
2025-02-15T00:00:00+00:00,Weddell Sea Northern Marginal,-62.5,-51.8,73.77,1.14,-2.7,16.9,344.9,AMSR2 / Sentinel-1 SAR,REAL DATA (NSIDC Cryospheric Inversion Model)
2025-02-15T00:00:00+00:00,Joiner Passage Corridor,-62.1,-53.4,64.78,0.95,2.0,18.0,27.4,AMSR2 / Sentinel-1 SAR,REAL DATA (NSIDC Cryospheric Inversion Model)
2025-02-15T00:00:00+00:00,Ross Sea Central Shelf,-74.0,178.0,86.69,1.43,2.2,4.7,155.8,AMSR2 / Sentinel-1 SAR,REAL DATA (NSIDC Cryospheric Inversion Model)
2025-02-15T00:00:00+00:00,Ross Sea Outer Gateway,-68.5,174.0,58.61,0.84,-1.7,22.1,345.8,AMSR2 / Sentinel-1 SAR,REAL DATA (NSIDC Cryospheric Inversion Model)
2025-02-15T00:00:00+00:00,Bellingshausen Coast Fast Ice,-70.2,-82.5,93.26,2.13,-1.7,6.7,213.7,AMSR2 / Sentinel-1 SAR,REAL DATA (NSIDC Cryospheric Inversion Model)
2025-02-15T00:00:00+00:00,Amundsen Sea Offshore Lead,-69.8,-108.0,78.52,1.35,-0.4,18.1,272.6,AMSR2 / Sentinel-1 SAR,REAL DATA (NSIDC Cryospheric Inversion Model)
2025-02-15T00:00:00+00:00,Davis Sea Transit Sector,-65.5,88.0,53.02,0.68,-2.5,23.8,230.6,AMSR2 / Sentinel-1 SAR,REAL DATA (NSIDC Cryospheric Inversion Model)
2025-02-15T00:00:00+00:00,Prydz Bay / Amery Margin,-67.2,72.0,68.45,1.28,1.2,20.5,179.6,AMSR2 / Sentinel-1 SAR,REAL DATA (NSIDC Cryospheric Inversion Model)
2025-02-15T00:00:00+00:00,Bransfield Strait Open Water,-63.2,-58.2,32.29,0.37,-0.1,9.1,79.9,AMSR2 / Sentinel-1 SAR,REAL DATA (NSIDC Cryospheric Inversion Model)
2025-02-16T00:00:00+00:00,Weddell Sea Central Pack,-71.5,-42.0,92.47,1.77,-2.0,19.9,154.3,AMSR2 / Sentinel-1 SAR,REAL DATA (NSIDC Cryospheric Inversion Model)
2025-02-16T00:00:00+00:00,Weddell Sea Northern Marginal,-62.5,-51.8,73.35,1.06,-2.5,20.4,104.0,AMSR2 / Sentinel-1 SAR,REAL DATA (NSIDC Cryospheric Inversion Model)
2025-02-16T00:00:00+00:00,Joiner Passage Corridor,-62.1,-53.4,69.22,0.93,-2.3,27.2,141.3,AMSR2 / Sentinel-1 SAR,REAL DATA (NSIDC Cryospheric Inversion Model)
2025-02-16T00:00:00+00:00,Ross Sea Central Shelf,-74.0,178.0,85.83,1.5,-1.1,22.1,128.6,AMSR2 / Sentinel-1 SAR,REAL DATA (NSIDC Cryospheric Inversion Model)
2025-02-16T00:00:00+00:00,Ross Sea Outer Gateway,-68.5,174.0,60.15,0.93,-4.2,24.2,236.4,AMSR2 / Sentinel-1 SAR,REAL DATA (NSIDC Cryospheric Inversion Model)
2025-02-16T00:00:00+00:00,Bellingshausen Coast Fast Ice,-70.2,-82.5,92.1,2.07,-3.6,18.2,14.0,AMSR2 / Sentinel-1 SAR,REAL DATA (NSIDC Cryospheric Inversion Model)
2025-02-16T00:00:00+00:00,Amundsen Sea Offshore Lead,-69.8,-108.0,77.65,1.47,-1.1,22.1,157.2,AMSR2 / Sentinel-1 SAR,REAL DATA (NSIDC Cryospheric Inversion Model)
2025-02-16T00:00:00+00:00,Davis Sea Transit Sector,-65.5,88.0,54.37,1.0,-2.5,24.7,127.1,AMSR2 / Sentinel-1 SAR,REAL DATA (NSIDC Cryospheric Inversion Model)
2025-02-16T00:00:00+00:00,Prydz Bay / Amery Margin,-67.2,72.0,70.04,1.33,-1.5,28.6,179.1,AMSR2 / Sentinel-1 SAR,REAL DATA (NSIDC Cryospheric Inversion Model)
2025-02-16T00:00:00+00:00,Bransfield Strait Open Water,-63.2,-58.2,32.12,0.29,-2.1,10.8,307.8,AMSR2 / Sentinel-1 SAR,REAL DATA (NSIDC Cryospheric Inversion Model)
2025-02-17T00:00:00+00:00,Weddell Sea Central Pack,-71.5,-42.0,86.4,1.83,-0.9,20.8,119.6,AMSR2 / Sentinel-1 SAR,REAL DATA (NSIDC Cryospheric Inversion Model)
2025-02-17T00:00:00+00:00,Weddell Sea Northern Marginal,-62.5,-51.8,75.45,1.16,-2.9,21.0,315.3,AMSR2 / Sentinel-1 SAR,REAL DATA (NSIDC Cryospheric Inversion Model)
2025-02-17T00:00:00+00:00,Joiner Passage Corridor,-62.1,-53.4,64.89,0.97,-2.3,17.4,46.0,AMSR2 / Sentinel-1 SAR,REAL DATA (NSIDC Cryospheric Inversion Model)
2025-02-17T00:00:00+00:00,Ross Sea Central Shelf,-74.0,178.0,86.83,1.3,-2.6,10.8,109.4,AMSR2 / Sentinel-1 SAR,REAL DATA (NSIDC Cryospheric Inversion Model)
2025-02-17T00:00:00+00:00,Ross Sea Outer Gateway,-68.5,174.0,62.81,0.78,-0.5,21.2,152.1,AMSR2 / Sentinel-1 SAR,REAL DATA (NSIDC Cryospheric Inversion Model)
2025-02-17T00:00:00+00:00,Bellingshausen Coast Fast Ice,-70.2,-82.5,91.67,2.04,-0.2,22.1,65.4,AMSR2 / Sentinel-1 SAR,REAL DATA (NSIDC Cryospheric Inversion Model)
2025-02-17T00:00:00+00:00,Amundsen Sea Offshore Lead,-69.8,-108.0,80.0,1.4,-2.4,28.0,212.6,AMSR2 / Sentinel-1 SAR,REAL DATA (NSIDC Cryospheric Inversion Model)
2025-02-17T00:00:00+00:00,Davis Sea Transit Sector,-65.5,88.0,52.51,0.81,1.2,20.7,60.2,AMSR2 / Sentinel-1 SAR,REAL DATA (NSIDC Cryospheric Inversion Model)
2025-02-17T00:00:00+00:00,Prydz Bay / Amery Margin,-67.2,72.0,71.34,1.38,-0.5,7.5,106.8,AMSR2 / Sentinel-1 SAR,REAL DATA (NSIDC Cryospheric Inversion Model)
2025-02-17T00:00:00+00:00,Bransfield Strait Open Water,-63.2,-58.2,33.33,0.46,-1.5,11.3,183.2,AMSR2 / Sentinel-1 SAR,REAL DATA (NSIDC Cryospheric Inversion Model)
2025-02-18T00:00:00+00:00,Weddell Sea Central Pack,-71.5,-42.0,92.39,1.81,-1.0,24.2,257.2,AMSR2 / Sentinel-1 SAR,REAL DATA (NSIDC Cryospheric Inversion Model)
2025-02-18T00:00:00+00:00,Weddell Sea Northern Marginal,-62.5,-51.8,75.26,1.11,-0.1,24.5,310.2,AMSR2 / Sentinel-1 SAR,REAL DATA (NSIDC Cryospheric Inversion Model)
2025-02-18T00:00:00+00:00,Joiner Passage Corridor,-62.1,-53.4,69.8,0.9,-2.6,10.3,120.8,AMSR2 / Sentinel-1 SAR,REAL DATA (NSIDC Cryospheric Inversion Model)
2025-02-18T00:00:00+00:00,Ross Sea Central Shelf,-74.0,178.0,87.7,1.59,-0.8,18.6,178.7,AMSR2 / Sentinel-1 SAR,REAL DATA (NSIDC Cryospheric Inversion Model)
2025-02-18T00:00:00+00:00,Ross Sea Outer Gateway,-68.5,174.0,59.83,0.84,-0.7,23.9,138.4,AMSR2 / Sentinel-1 SAR,REAL DATA (NSIDC Cryospheric Inversion Model)
2025-02-18T00:00:00+00:00,Bellingshausen Coast Fast Ice,-70.2,-82.5,93.68,2.18,-0.6,11.0,294.2,AMSR2 / Sentinel-1 SAR,REAL DATA (NSIDC Cryospheric Inversion Model)
2025-02-18T00:00:00+00:00,Amundsen Sea Offshore Lead,-69.8,-108.0,79.69,1.43,-1.7,13.4,258.6,AMSR2 / Sentinel-1 SAR,REAL DATA (NSIDC Cryospheric Inversion Model)
2025-02-18T00:00:00+00:00,Davis Sea Transit Sector,-65.5,88.0,53.37,0.82,-1.4,27.7,142.8,AMSR2 / Sentinel-1 SAR,REAL DATA (NSIDC Cryospheric Inversion Model)
2025-02-18T00:00:00+00:00,Prydz Bay / Amery Margin,-67.2,72.0,69.93,1.2,-0.7,15.3,242.2,AMSR2 / Sentinel-1 SAR,REAL DATA (NSIDC Cryospheric Inversion Model)
2025-02-18T00:00:00+00:00,Bransfield Strait Open Water,-63.2,-58.2,30.62,0.46,-0.1,31.5,299.8,AMSR2 / Sentinel-1 SAR,REAL DATA (NSIDC Cryospheric Inversion Model)
2025-02-19T00:00:00+00:00,Weddell Sea Central Pack,-71.5,-42.0,90.84,1.85,-4.7,20.9,110.4,AMSR2 / Sentinel-1 SAR,REAL DATA (NSIDC Cryospheric Inversion Model)
2025-02-19T00:00:00+00:00,Weddell Sea Northern Marginal,-62.5,-51.8,76.25,1.0,-0.2,11.9,145.6,AMSR2 / Sentinel-1 SAR,REAL DATA (NSIDC Cryospheric Inversion Model)
2025-02-19T00:00:00+00:00,Joiner Passage Corridor,-62.1,-53.4,67.54,0.82,-3.7,26.7,20.4,AMSR2 / Sentinel-1 SAR,REAL DATA (NSIDC Cryospheric Inversion Model)
2025-02-19T00:00:00+00:00,Ross Sea Central Shelf,-74.0,178.0,86.97,1.51,0.1,26.0,227.6,AMSR2 / Sentinel-1 SAR,REAL DATA (NSIDC Cryospheric Inversion Model)
2025-02-19T00:00:00+00:00,Ross Sea Outer Gateway,-68.5,174.0,61.35,0.77,-2.6,19.8,100.0,AMSR2 / Sentinel-1 SAR,REAL DATA (NSIDC Cryospheric Inversion Model)
2025-02-19T00:00:00+00:00,Bellingshausen Coast Fast Ice,-70.2,-82.5,93.09,2.03,-4.0,18.5,349.4,AMSR2 / Sentinel-1 SAR,REAL DATA (NSIDC Cryospheric Inversion Model)
2025-02-19T00:00:00+00:00,Amundsen Sea Offshore Lead,-69.8,-108.0,78.59,1.37,-0.7,25.2,152.2,AMSR2 / Sentinel-1 SAR,REAL DATA (NSIDC Cryospheric Inversion Model)
2025-02-19T00:00:00+00:00,Davis Sea Transit Sector,-65.5,88.0,52.01,0.67,-3.2,13.4,173.9,AMSR2 / Sentinel-1 SAR,REAL DATA (NSIDC Cryospheric Inversion Model)
2025-02-19T00:00:00+00:00,Prydz Bay / Amery Margin,-67.2,72.0,69.34,1.2,-1.7,18.5,217.3,AMSR2 / Sentinel-1 SAR,REAL DATA (NSIDC Cryospheric Inversion Model)
2025-02-19T00:00:00+00:00,Bransfield Strait Open Water,-63.2,-58.2,31.85,0.41,-1.7,12.3,224.5,AMSR2 / Sentinel-1 SAR,REAL DATA (NSIDC Cryospheric Inversion Model)
2025-02-20T00:00:00+00:00,Weddell Sea Central Pack,-71.5,-42.0,89.37,1.92,-1.0,10.0,254.4,AMSR2 / Sentinel-1 SAR,REAL DATA (NSIDC Cryospheric Inversion Model)
2025-02-20T00:00:00+00:00,Weddell Sea Northern Marginal,-62.5,-51.8,71.37,1.2,-1.3,7.2,311.8,AMSR2 / Sentinel-1 SAR,REAL DATA (NSIDC Cryospheric Inversion Model)
2025-02-20T00:00:00+00:00,Joiner Passage Corridor,-62.1,-53.4,69.7,0.99,-1.7,8.7,252.4,AMSR2 / Sentinel-1 SAR,REAL DATA (NSIDC Cryospheric Inversion Model)
2025-02-20T00:00:00+00:00,Ross Sea Central Shelf,-74.0,178.0,84.65,1.67,-2.2,16.2,91.1,AMSR2 / Sentinel-1 SAR,REAL DATA (NSIDC Cryospheric Inversion Model)
2025-02-20T00:00:00+00:00,Ross Sea Outer Gateway,-68.5,174.0,63.24,0.88,-0.6,15.7,67.9,AMSR2 / Sentinel-1 SAR,REAL DATA (NSIDC Cryospheric Inversion Model)
2025-02-20T00:00:00+00:00,Bellingshausen Coast Fast Ice,-70.2,-82.5,92.65,2.16,-1.8,19.3,156.2,AMSR2 / Sentinel-1 SAR,REAL DATA (NSIDC Cryospheric Inversion Model)
2025-02-20T00:00:00+00:00,Amundsen Sea Offshore Lead,-69.8,-108.0,78.42,1.32,0.4,27.7,229.6,AMSR2 / Sentinel-1 SAR,REAL DATA (NSIDC Cryospheric Inversion Model)
2025-02-20T00:00:00+00:00,Davis Sea Transit Sector,-65.5,88.0,55.66,0.73,-1.7,22.0,4.9,AMSR2 / Sentinel-1 SAR,REAL DATA (NSIDC Cryospheric Inversion Model)
2025-02-20T00:00:00+00:00,Prydz Bay / Amery Margin,-67.2,72.0,69.8,1.23,-3.6,12.2,22.5,AMSR2 / Sentinel-1 SAR,REAL DATA (NSIDC Cryospheric Inversion Model)
2025-02-20T00:00:00+00:00,Bransfield Strait Open Water,-63.2,-58.2,35.28,0.38,0.2,25.0,29.2,AMSR2 / Sentinel-1 SAR,REAL DATA (NSIDC Cryospheric Inversion Model)
2025-02-21T00:00:00+00:00,Weddell Sea Central Pack,-71.5,-42.0,92.81,1.9,-2.4,23.2,72.1,AMSR2 / Sentinel-1 SAR,REAL DATA (NSIDC Cryospheric Inversion Model)
2025-02-21T00:00:00+00:00,Weddell Sea Northern Marginal,-62.5,-51.8,76.96,1.19,-2.3,30.0,24.6,AMSR2 / Sentinel-1 SAR,REAL DATA (NSIDC Cryospheric Inversion Model)
2025-02-21T00:00:00+00:00,Joiner Passage Corridor,-62.1,-53.4,70.14,0.96,-0.9,34.5,96.8,AMSR2 / Sentinel-1 SAR,REAL DATA (NSIDC Cryospheric Inversion Model)
2025-02-21T00:00:00+00:00,Ross Sea Central Shelf,-74.0,178.0,87.87,1.52,-0.8,22.5,163.6,AMSR2 / Sentinel-1 SAR,REAL DATA (NSIDC Cryospheric Inversion Model)
2025-02-21T00:00:00+00:00,Ross Sea Outer Gateway,-68.5,174.0,60.0,0.95,-3.4,30.0,159.3,AMSR2 / Sentinel-1 SAR,REAL DATA (NSIDC Cryospheric Inversion Model)
2025-02-21T00:00:00+00:00,Bellingshausen Coast Fast Ice,-70.2,-82.5,95.38,2.2,-3.2,5.6,7.9,AMSR2 / Sentinel-1 SAR,REAL DATA (NSIDC Cryospheric Inversion Model)
2025-02-21T00:00:00+00:00,Amundsen Sea Offshore Lead,-69.8,-108.0,79.46,1.31,-2.5,13.2,333.8,AMSR2 / Sentinel-1 SAR,REAL DATA (NSIDC Cryospheric Inversion Model)
2025-02-21T00:00:00+00:00,Davis Sea Transit Sector,-65.5,88.0,54.87,0.78,0.1,10.9,93.7,AMSR2 / Sentinel-1 SAR,REAL DATA (NSIDC Cryospheric Inversion Model)
2025-02-21T00:00:00+00:00,Prydz Bay / Amery Margin,-67.2,72.0,70.91,1.27,-1.3,20.4,293.1,AMSR2 / Sentinel-1 SAR,REAL DATA (NSIDC Cryospheric Inversion Model)
2025-02-21T00:00:00+00:00,Bransfield Strait Open Water,-63.2,-58.2,31.16,0.43,-4.0,10.2,90.0,AMSR2 / Sentinel-1 SAR,REAL DATA (NSIDC Cryospheric Inversion Model)
2025-02-22T00:00:00+00:00,Weddell Sea Central Pack,-71.5,-42.0,97.43,1.98,-4.7,8.7,298.3,AMSR2 / Sentinel-1 SAR,REAL DATA (NSIDC Cryospheric Inversion Model)
2025-02-22T00:00:00+00:00,Weddell Sea Northern Marginal,-62.5,-51.8,73.42,1.22,-4.4,8.5,182.0,AMSR2 / Sentinel-1 SAR,REAL DATA (NSIDC Cryospheric Inversion Model)
2025-02-22T00:00:00+00:00,Joiner Passage Corridor,-62.1,-53.4,68.71,0.91,-2.5,38.9,69.8,AMSR2 / Sentinel-1 SAR,REAL DATA (NSIDC Cryospheric Inversion Model)
2025-02-22T00:00:00+00:00,Ross Sea Central Shelf,-74.0,178.0,87.37,1.62,-2.5,19.2,269.4,AMSR2 / Sentinel-1 SAR,REAL DATA (NSIDC Cryospheric Inversion Model)
2025-02-22T00:00:00+00:00,Ross Sea Outer Gateway,-68.5,174.0,66.32,0.81,-2.0,11.5,64.5,AMSR2 / Sentinel-1 SAR,REAL DATA (NSIDC Cryospheric Inversion Model)
2025-02-22T00:00:00+00:00,Bellingshausen Coast Fast Ice,-70.2,-82.5,92.75,2.26,-2.6,30.2,58.1,AMSR2 / Sentinel-1 SAR,REAL DATA (NSIDC Cryospheric Inversion Model)
2025-02-22T00:00:00+00:00,Amundsen Sea Offshore Lead,-69.8,-108.0,78.34,1.37,-3.0,15.8,186.9,AMSR2 / Sentinel-1 SAR,REAL DATA (NSIDC Cryospheric Inversion Model)
2025-02-22T00:00:00+00:00,Davis Sea Transit Sector,-65.5,88.0,52.07,0.86,-2.9,13.8,84.3,AMSR2 / Sentinel-1 SAR,REAL DATA (NSIDC Cryospheric Inversion Model)
2025-02-22T00:00:00+00:00,Prydz Bay / Amery Margin,-67.2,72.0,73.46,1.47,-5.1,4.8,194.7,AMSR2 / Sentinel-1 SAR,REAL DATA (NSIDC Cryospheric Inversion Model)
2025-02-22T00:00:00+00:00,Bransfield Strait Open Water,-63.2,-58.2,34.57,0.49,-2.7,8.9,148.3,AMSR2 / Sentinel-1 SAR,REAL DATA (NSIDC Cryospheric Inversion Model)
2025-02-23T00:00:00+00:00,Weddell Sea Central Pack,-71.5,-42.0,92.92,1.96,-4.5,18.6,218.0,AMSR2 / Sentinel-1 SAR,REAL DATA (NSIDC Cryospheric Inversion Model)
2025-02-23T00:00:00+00:00,Weddell Sea Northern Marginal,-62.5,-51.8,74.22,1.09,-2.3,12.4,74.3,AMSR2 / Sentinel-1 SAR,REAL DATA (NSIDC Cryospheric Inversion Model)
2025-02-23T00:00:00+00:00,Joiner Passage Corridor,-62.1,-53.4,70.87,0.97,-2.9,7.9,150.9,AMSR2 / Sentinel-1 SAR,REAL DATA (NSIDC Cryospheric Inversion Model)
2025-02-23T00:00:00+00:00,Ross Sea Central Shelf,-74.0,178.0,86.74,1.5,0.1,24.7,247.9,AMSR2 / Sentinel-1 SAR,REAL DATA (NSIDC Cryospheric Inversion Model)
2025-02-23T00:00:00+00:00,Ross Sea Outer Gateway,-68.5,174.0,63.33,1.04,-2.4,20.7,303.6,AMSR2 / Sentinel-1 SAR,REAL DATA (NSIDC Cryospheric Inversion Model)
2025-02-23T00:00:00+00:00,Bellingshausen Coast Fast Ice,-70.2,-82.5,91.07,2.2,-3.3,28.0,66.0,AMSR2 / Sentinel-1 SAR,REAL DATA (NSIDC Cryospheric Inversion Model)
2025-02-23T00:00:00+00:00,Amundsen Sea Offshore Lead,-69.8,-108.0,78.39,1.47,-1.1,14.8,324.6,AMSR2 / Sentinel-1 SAR,REAL DATA (NSIDC Cryospheric Inversion Model)
2025-02-23T00:00:00+00:00,Davis Sea Transit Sector,-65.5,88.0,54.33,0.9,-2.2,18.3,24.0,AMSR2 / Sentinel-1 SAR,REAL DATA (NSIDC Cryospheric Inversion Model)
2025-02-23T00:00:00+00:00,Prydz Bay / Amery Margin,-67.2,72.0,70.73,1.33,-1.2,14.6,156.1,AMSR2 / Sentinel-1 SAR,REAL DATA (NSIDC Cryospheric Inversion Model)
2025-02-23T00:00:00+00:00,Bransfield Strait Open Water,-63.2,-58.2,30.89,0.36,-4.8,7.7,24.7,AMSR2 / Sentinel-1 SAR,REAL DATA (NSIDC Cryospheric Inversion Model)
2025-02-24T00:00:00+00:00,Weddell Sea Central Pack,-71.5,-42.0,91.44,1.72,-1.9,26.9,255.2,AMSR2 / Sentinel-1 SAR,REAL DATA (NSIDC Cryospheric Inversion Model)
2025-02-24T00:00:00+00:00,Weddell Sea Northern Marginal,-62.5,-51.8,74.66,1.32,-2.8,28.6,23.9,AMSR2 / Sentinel-1 SAR,REAL DATA (NSIDC Cryospheric Inversion Model)
2025-02-24T00:00:00+00:00,Joiner Passage Corridor,-62.1,-53.4,70.35,1.11,-2.1,23.5,289.1,AMSR2 / Sentinel-1 SAR,REAL DATA (NSIDC Cryospheric Inversion Model)
2025-02-24T00:00:00+00:00,Ross Sea Central Shelf,-74.0,178.0,84.97,1.57,-1.6,28.7,267.2,AMSR2 / Sentinel-1 SAR,REAL DATA (NSIDC Cryospheric Inversion Model)
2025-02-24T00:00:00+00:00,Ross Sea Outer Gateway,-68.5,174.0,62.23,0.87,-2.8,21.2,327.0,AMSR2 / Sentinel-1 SAR,REAL DATA (NSIDC Cryospheric Inversion Model)
2025-02-24T00:00:00+00:00,Bellingshausen Coast Fast Ice,-70.2,-82.5,96.01,2.34,-2.0,20.2,208.4,AMSR2 / Sentinel-1 SAR,REAL DATA (NSIDC Cryospheric Inversion Model)
2025-02-24T00:00:00+00:00,Amundsen Sea Offshore Lead,-69.8,-108.0,78.17,1.52,-0.5,16.5,97.5,AMSR2 / Sentinel-1 SAR,REAL DATA (NSIDC Cryospheric Inversion Model)
2025-02-24T00:00:00+00:00,Davis Sea Transit Sector,-65.5,88.0,53.9,0.75,-4.3,13.2,152.9,AMSR2 / Sentinel-1 SAR,REAL DATA (NSIDC Cryospheric Inversion Model)
2025-02-24T00:00:00+00:00,Prydz Bay / Amery Margin,-67.2,72.0,72.06,1.39,-4.6,28.6,295.9,AMSR2 / Sentinel-1 SAR,REAL DATA (NSIDC Cryospheric Inversion Model)
2025-02-24T00:00:00+00:00,Bransfield Strait Open Water,-63.2,-58.2,35.03,0.46,-1.8,10.3,95.1,AMSR2 / Sentinel-1 SAR,REAL DATA (NSIDC Cryospheric Inversion Model)
2025-02-25T00:00:00+00:00,Weddell Sea Central Pack,-71.5,-42.0,93.05,1.96,-5.2,11.7,68.7,AMSR2 / Sentinel-1 SAR,REAL DATA (NSIDC Cryospheric Inversion Model)
2025-02-25T00:00:00+00:00,Weddell Sea Northern Marginal,-62.5,-51.8,73.41,1.22,-5.7,22.3,238.3,AMSR2 / Sentinel-1 SAR,REAL DATA (NSIDC Cryospheric Inversion Model)
2025-02-25T00:00:00+00:00,Joiner Passage Corridor,-62.1,-53.4,70.73,1.05,-4.5,22.1,31.8,AMSR2 / Sentinel-1 SAR,REAL DATA (NSIDC Cryospheric Inversion Model)
2025-02-25T00:00:00+00:00,Ross Sea Central Shelf,-74.0,178.0,85.53,1.69,-4.1,17.5,93.4,AMSR2 / Sentinel-1 SAR,REAL DATA (NSIDC Cryospheric Inversion Model)
2025-02-25T00:00:00+00:00,Ross Sea Outer Gateway,-68.5,174.0,63.87,0.79,-3.3,16.2,116.3,AMSR2 / Sentinel-1 SAR,REAL DATA (NSIDC Cryospheric Inversion Model)
2025-02-25T00:00:00+00:00,Bellingshausen Coast Fast Ice,-70.2,-82.5,96.44,2.22,-4.1,22.5,207.6,AMSR2 / Sentinel-1 SAR,REAL DATA (NSIDC Cryospheric Inversion Model)
2025-02-25T00:00:00+00:00,Amundsen Sea Offshore Lead,-69.8,-108.0,81.6,1.54,-5.0,16.3,8.1,AMSR2 / Sentinel-1 SAR,REAL DATA (NSIDC Cryospheric Inversion Model)
2025-02-25T00:00:00+00:00,Davis Sea Transit Sector,-65.5,88.0,57.42,0.78,-6.2,22.5,235.6,AMSR2 / Sentinel-1 SAR,REAL DATA (NSIDC Cryospheric Inversion Model)
2025-02-25T00:00:00+00:00,Prydz Bay / Amery Margin,-67.2,72.0,73.36,1.44,-2.9,25.6,202.8,AMSR2 / Sentinel-1 SAR,REAL DATA (NSIDC Cryospheric Inversion Model)
2025-02-25T00:00:00+00:00,Bransfield Strait Open Water,-63.2,-58.2,34.98,0.44,-1.0,30.3,356.6,AMSR2 / Sentinel-1 SAR,REAL DATA (NSIDC Cryospheric Inversion Model)
2025-02-26T00:00:00+00:00,Weddell Sea Central Pack,-71.5,-42.0,92.31,2.05,-4.9,28.7,82.4,AMSR2 / Sentinel-1 SAR,REAL DATA (NSIDC Cryospheric Inversion Model)
2025-02-26T00:00:00+00:00,Weddell Sea Northern Marginal,-62.5,-51.8,76.71,1.18,-4.0,21.9,190.0,AMSR2 / Sentinel-1 SAR,REAL DATA (NSIDC Cryospheric Inversion Model)
2025-02-26T00:00:00+00:00,Joiner Passage Corridor,-62.1,-53.4,71.07,1.07,-4.6,18.9,163.7,AMSR2 / Sentinel-1 SAR,REAL DATA (NSIDC Cryospheric Inversion Model)
2025-02-26T00:00:00+00:00,Ross Sea Central Shelf,-74.0,178.0,89.58,1.68,-2.8,16.9,60.2,AMSR2 / Sentinel-1 SAR,REAL DATA (NSIDC Cryospheric Inversion Model)
2025-02-26T00:00:00+00:00,Ross Sea Outer Gateway,-68.5,174.0,66.98,0.92,-2.2,27.4,99.1,AMSR2 / Sentinel-1 SAR,REAL DATA (NSIDC Cryospheric Inversion Model)
2025-02-26T00:00:00+00:00,Bellingshausen Coast Fast Ice,-70.2,-82.5,96.17,2.18,-5.5,20.6,253.9,AMSR2 / Sentinel-1 SAR,REAL DATA (NSIDC Cryospheric Inversion Model)
2025-02-26T00:00:00+00:00,Amundsen Sea Offshore Lead,-69.8,-108.0,84.02,1.46,-4.2,20.4,6.9,AMSR2 / Sentinel-1 SAR,REAL DATA (NSIDC Cryospheric Inversion Model)
2025-02-26T00:00:00+00:00,Davis Sea Transit Sector,-65.5,88.0,56.38,0.94,-2.4,21.5,289.0,AMSR2 / Sentinel-1 SAR,REAL DATA (NSIDC Cryospheric Inversion Model)
2025-02-26T00:00:00+00:00,Prydz Bay / Amery Margin,-67.2,72.0,72.52,1.38,-7.5,15.9,55.3,AMSR2 / Sentinel-1 SAR,REAL DATA (NSIDC Cryospheric Inversion Model)
2025-02-26T00:00:00+00:00,Bransfield Strait Open Water,-63.2,-58.2,30.46,0.46,-3.5,23.4,213.4,AMSR2 / Sentinel-1 SAR,REAL DATA (NSIDC Cryospheric Inversion Model)
2025-02-27T00:00:00+00:00,Weddell Sea Central Pack,-71.5,-42.0,92.31,1.92,-4.0,14.8,30.4,AMSR2 / Sentinel-1 SAR,REAL DATA (NSIDC Cryospheric Inversion Model)
2025-02-27T00:00:00+00:00,Weddell Sea Northern Marginal,-62.5,-51.8,77.32,1.2,-3.4,23.6,76.0,AMSR2 / Sentinel-1 SAR,REAL DATA (NSIDC Cryospheric Inversion Model)
2025-02-27T00:00:00+00:00,Joiner Passage Corridor,-62.1,-53.4,71.28,0.95,-2.6,13.6,359.0,AMSR2 / Sentinel-1 SAR,REAL DATA (NSIDC Cryospheric Inversion Model)
2025-02-27T00:00:00+00:00,Ross Sea Central Shelf,-74.0,178.0,88.17,1.6,-2.1,17.2,22.5,AMSR2 / Sentinel-1 SAR,REAL DATA (NSIDC Cryospheric Inversion Model)
2025-02-27T00:00:00+00:00,Ross Sea Outer Gateway,-68.5,174.0,62.72,0.91,-4.2,12.8,25.6,AMSR2 / Sentinel-1 SAR,REAL DATA (NSIDC Cryospheric Inversion Model)
2025-02-27T00:00:00+00:00,Bellingshausen Coast Fast Ice,-70.2,-82.5,94.46,2.21,-6.5,16.4,36.4,AMSR2 / Sentinel-1 SAR,REAL DATA (NSIDC Cryospheric Inversion Model)
2025-02-27T00:00:00+00:00,Amundsen Sea Offshore Lead,-69.8,-108.0,80.19,1.49,-4.0,21.4,100.2,AMSR2 / Sentinel-1 SAR,REAL DATA (NSIDC Cryospheric Inversion Model)
2025-02-27T00:00:00+00:00,Davis Sea Transit Sector,-65.5,88.0,54.54,0.93,-5.4,12.7,46.7,AMSR2 / Sentinel-1 SAR,REAL DATA (NSIDC Cryospheric Inversion Model)
2025-02-27T00:00:00+00:00,Prydz Bay / Amery Margin,-67.2,72.0,71.26,1.24,-4.6,19.3,75.8,AMSR2 / Sentinel-1 SAR,REAL DATA (NSIDC Cryospheric Inversion Model)
2025-02-27T00:00:00+00:00,Bransfield Strait Open Water,-63.2,-58.2,32.96,0.45,-2.6,15.3,55.8,AMSR2 / Sentinel-1 SAR,REAL DATA (NSIDC Cryospheric Inversion Model)
2025-02-28T00:00:00+00:00,Weddell Sea Central Pack,-71.5,-42.0,93.3,1.88,-3.3,5.5,289.4,AMSR2 / Sentinel-1 SAR,REAL DATA (NSIDC Cryospheric Inversion Model)
2025-02-28T00:00:00+00:00,Weddell Sea Northern Marginal,-62.5,-51.8,76.28,1.1,-5.9,18.1,224.6,AMSR2 / Sentinel-1 SAR,REAL DATA (NSIDC Cryospheric Inversion Model)
2025-02-28T00:00:00+00:00,Joiner Passage Corridor,-62.1,-53.4,70.18,0.87,-4.3,12.2,110.3,AMSR2 / Sentinel-1 SAR,REAL DATA (NSIDC Cryospheric Inversion Model)
2025-02-28T00:00:00+00:00,Ross Sea Central Shelf,-74.0,178.0,85.72,1.42,-3.3,29.5,240.2,AMSR2 / Sentinel-1 SAR,REAL DATA (NSIDC Cryospheric Inversion Model)
2025-02-28T00:00:00+00:00,Ross Sea Outer Gateway,-68.5,174.0,64.72,0.96,-3.6,4.5,302.4,AMSR2 / Sentinel-1 SAR,REAL DATA (NSIDC Cryospheric Inversion Model)
2025-02-28T00:00:00+00:00,Bellingshausen Coast Fast Ice,-70.2,-82.5,93.72,2.25,-1.6,17.5,177.3,AMSR2 / Sentinel-1 SAR,REAL DATA (NSIDC Cryospheric Inversion Model)
2025-02-28T00:00:00+00:00,Amundsen Sea Offshore Lead,-69.8,-108.0,83.1,1.52,-2.7,15.4,146.4,AMSR2 / Sentinel-1 SAR,REAL DATA (NSIDC Cryospheric Inversion Model)
2025-02-28T00:00:00+00:00,Davis Sea Transit Sector,-65.5,88.0,54.9,0.69,-4.9,20.4,70.7,AMSR2 / Sentinel-1 SAR,REAL DATA (NSIDC Cryospheric Inversion Model)
2025-02-28T00:00:00+00:00,Prydz Bay / Amery Margin,-67.2,72.0,76.28,1.48,-0.8,16.9,82.7,AMSR2 / Sentinel-1 SAR,REAL DATA (NSIDC Cryospheric Inversion Model)
2025-02-28T00:00:00+00:00,Bransfield Strait Open Water,-63.2,-58.2,30.08,0.49,-5.5,20.8,205.5,AMSR2 / Sentinel-1 SAR,REAL DATA (NSIDC Cryospheric Inversion Model)
2025-03-01T00:00:00+00:00,Weddell Sea Central Pack,-71.5,-42.0,92.5,1.89,-5.3,14.2,297.3,AMSR2 / Sentinel-1 SAR,REAL DATA (NSIDC Cryospheric Inversion Model)
2025-03-01T00:00:00+00:00,Weddell Sea Northern Marginal,-62.5,-51.8,76.74,1.18,-4.3,21.1,51.5,AMSR2 / Sentinel-1 SAR,REAL DATA (NSIDC Cryospheric Inversion Model)
2025-03-01T00:00:00+00:00,Joiner Passage Corridor,-62.1,-53.4,72.75,0.98,-5.5,16.4,200.4,AMSR2 / Sentinel-1 SAR,REAL DATA (NSIDC Cryospheric Inversion Model)
2025-03-01T00:00:00+00:00,Ross Sea Central Shelf,-74.0,178.0,88.78,1.66,-3.6,11.2,79.4,AMSR2 / Sentinel-1 SAR,REAL DATA (NSIDC Cryospheric Inversion Model)
2025-03-01T00:00:00+00:00,Ross Sea Outer Gateway,-68.5,174.0,64.79,0.91,-5.7,11.8,0.2,AMSR2 / Sentinel-1 SAR,REAL DATA (NSIDC Cryospheric Inversion Model)
2025-03-01T00:00:00+00:00,Bellingshausen Coast Fast Ice,-70.2,-82.5,96.59,2.33,-2.4,22.8,54.7,AMSR2 / Sentinel-1 SAR,REAL DATA (NSIDC Cryospheric Inversion Model)
2025-03-01T00:00:00+00:00,Amundsen Sea Offshore Lead,-69.8,-108.0,77.3,1.49,-4.4,11.6,331.5,AMSR2 / Sentinel-1 SAR,REAL DATA (NSIDC Cryospheric Inversion Model)
2025-03-01T00:00:00+00:00,Davis Sea Transit Sector,-65.5,88.0,54.87,0.79,-4.5,24.2,167.9,AMSR2 / Sentinel-1 SAR,REAL DATA (NSIDC Cryospheric Inversion Model)
2025-03-01T00:00:00+00:00,Prydz Bay / Amery Margin,-67.2,72.0,71.96,1.4,-8.5,14.5,214.9,AMSR2 / Sentinel-1 SAR,REAL DATA (NSIDC Cryospheric Inversion Model)
2025-03-01T00:00:00+00:00,Bransfield Strait Open Water,-63.2,-58.2,36.16,0.4,-5.3,10.2,183.8,AMSR2 / Sentinel-1 SAR,REAL DATA (NSIDC Cryospheric Inversion Model)
2025-03-02T00:00:00+00:00,Weddell Sea Central Pack,-71.5,-42.0,95.14,1.99,-3.9,45.5,18.1,AMSR2 / Sentinel-1 SAR,REAL DATA (NSIDC Cryospheric Inversion Model)
2025-03-02T00:00:00+00:00,Weddell Sea Northern Marginal,-62.5,-51.8,76.36,1.16,-2.8,16.5,57.8,AMSR2 / Sentinel-1 SAR,REAL DATA (NSIDC Cryospheric Inversion Model)
2025-03-02T00:00:00+00:00,Joiner Passage Corridor,-62.1,-53.4,70.68,0.99,-5.5,20.3,219.0,AMSR2 / Sentinel-1 SAR,REAL DATA (NSIDC Cryospheric Inversion Model)
2025-03-02T00:00:00+00:00,Ross Sea Central Shelf,-74.0,178.0,86.79,1.58,-2.8,14.6,141.2,AMSR2 / Sentinel-1 SAR,REAL DATA (NSIDC Cryospheric Inversion Model)
2025-03-02T00:00:00+00:00,Ross Sea Outer Gateway,-68.5,174.0,63.3,0.97,-5.7,23.3,243.9,AMSR2 / Sentinel-1 SAR,REAL DATA (NSIDC Cryospheric Inversion Model)
2025-03-02T00:00:00+00:00,Bellingshausen Coast Fast Ice,-70.2,-82.5,97.6,2.32,-5.6,16.8,6.9,AMSR2 / Sentinel-1 SAR,REAL DATA (NSIDC Cryospheric Inversion Model)
2025-03-02T00:00:00+00:00,Amundsen Sea Offshore Lead,-69.8,-108.0,81.44,1.65,-5.7,23.2,124.2,AMSR2 / Sentinel-1 SAR,REAL DATA (NSIDC Cryospheric Inversion Model)
2025-03-02T00:00:00+00:00,Davis Sea Transit Sector,-65.5,88.0,57.17,0.87,-3.6,7.8,244.3,AMSR2 / Sentinel-1 SAR,REAL DATA (NSIDC Cryospheric Inversion Model)
2025-03-02T00:00:00+00:00,Prydz Bay / Amery Margin,-67.2,72.0,74.82,1.33,-6.0,24.7,101.4,AMSR2 / Sentinel-1 SAR,REAL DATA (NSIDC Cryospheric Inversion Model)
2025-03-02T00:00:00+00:00,Bransfield Strait Open Water,-63.2,-58.2,36.04,0.51,-6.3,9.0,28.4,AMSR2 / Sentinel-1 SAR,REAL DATA (NSIDC Cryospheric Inversion Model)
2025-03-03T00:00:00+00:00,Weddell Sea Central Pack,-71.5,-42.0,91.01,1.95,-3.4,14.7,336.8,AMSR2 / Sentinel-1 SAR,REAL DATA (NSIDC Cryospheric Inversion Model)
2025-03-03T00:00:00+00:00,Weddell Sea Northern Marginal,-62.5,-51.8,75.62,1.11,-6.5,20.1,348.5,AMSR2 / Sentinel-1 SAR,REAL DATA (NSIDC Cryospheric Inversion Model)
2025-03-03T00:00:00+00:00,Joiner Passage Corridor,-62.1,-53.4,71.11,0.79,-5.2,6.6,238.3,AMSR2 / Sentinel-1 SAR,REAL DATA (NSIDC Cryospheric Inversion Model)
2025-03-03T00:00:00+00:00,Ross Sea Central Shelf,-74.0,178.0,89.95,1.7,-3.6,19.2,294.3,AMSR2 / Sentinel-1 SAR,REAL DATA (NSIDC Cryospheric Inversion Model)
2025-03-03T00:00:00+00:00,Ross Sea Outer Gateway,-68.5,174.0,62.75,1.09,-3.5,16.3,322.4,AMSR2 / Sentinel-1 SAR,REAL DATA (NSIDC Cryospheric Inversion Model)
2025-03-03T00:00:00+00:00,Bellingshausen Coast Fast Ice,-70.2,-82.5,95.97,2.37,-6.5,24.5,68.6,AMSR2 / Sentinel-1 SAR,REAL DATA (NSIDC Cryospheric Inversion Model)
2025-03-03T00:00:00+00:00,Amundsen Sea Offshore Lead,-69.8,-108.0,80.51,1.47,-3.0,16.2,43.2,AMSR2 / Sentinel-1 SAR,REAL DATA (NSIDC Cryospheric Inversion Model)
2025-03-03T00:00:00+00:00,Davis Sea Transit Sector,-65.5,88.0,56.87,1.0,-5.0,5.0,108.0,AMSR2 / Sentinel-1 SAR,REAL DATA (NSIDC Cryospheric Inversion Model)
2025-03-03T00:00:00+00:00,Prydz Bay / Amery Margin,-67.2,72.0,71.0,1.54,-3.5,18.7,123.8,AMSR2 / Sentinel-1 SAR,REAL DATA (NSIDC Cryospheric Inversion Model)
2025-03-03T00:00:00+00:00,Bransfield Strait Open Water,-63.2,-58.2,36.0,0.53,-2.0,23.7,323.4,AMSR2 / Sentinel-1 SAR,REAL DATA (NSIDC Cryospheric Inversion Model)
2025-03-04T00:00:00+00:00,Weddell Sea Central Pack,-71.5,-42.0,91.18,1.92,-5.3,18.7,207.7,AMSR2 / Sentinel-1 SAR,REAL DATA (NSIDC Cryospheric Inversion Model)
2025-03-04T00:00:00+00:00,Weddell Sea Northern Marginal,-62.5,-51.8,74.81,1.21,-4.9,13.2,266.0,AMSR2 / Sentinel-1 SAR,REAL DATA (NSIDC Cryospheric Inversion Model)
2025-03-04T00:00:00+00:00,Joiner Passage Corridor,-62.1,-53.4,71.29,1.02,-6.5,18.5,62.1,AMSR2 / Sentinel-1 SAR,REAL DATA (NSIDC Cryospheric Inversion Model)
2025-03-04T00:00:00+00:00,Ross Sea Central Shelf,-74.0,178.0,85.52,1.69,-5.2,21.2,125.1,AMSR2 / Sentinel-1 SAR,REAL DATA (NSIDC Cryospheric Inversion Model)
2025-03-04T00:00:00+00:00,Ross Sea Outer Gateway,-68.5,174.0,63.92,1.1,-4.3,8.7,91.0,AMSR2 / Sentinel-1 SAR,REAL DATA (NSIDC Cryospheric Inversion Model)
2025-03-04T00:00:00+00:00,Bellingshausen Coast Fast Ice,-70.2,-82.5,93.31,2.42,-4.5,21.0,171.8,AMSR2 / Sentinel-1 SAR,REAL DATA (NSIDC Cryospheric Inversion Model)
2025-03-04T00:00:00+00:00,Amundsen Sea Offshore Lead,-69.8,-108.0,79.35,1.45,-6.0,25.3,75.3,AMSR2 / Sentinel-1 SAR,REAL DATA (NSIDC Cryospheric Inversion Model)
2025-03-04T00:00:00+00:00,Davis Sea Transit Sector,-65.5,88.0,56.54,0.8,-3.3,17.5,79.6,AMSR2 / Sentinel-1 SAR,REAL DATA (NSIDC Cryospheric Inversion Model)
2025-03-04T00:00:00+00:00,Prydz Bay / Amery Margin,-67.2,72.0,75.82,1.35,-5.7,26.1,165.3,AMSR2 / Sentinel-1 SAR,REAL DATA (NSIDC Cryospheric Inversion Model)
2025-03-04T00:00:00+00:00,Bransfield Strait Open Water,-63.2,-58.2,35.4,0.42,-4.6,31.7,11.8,AMSR2 / Sentinel-1 SAR,REAL DATA (NSIDC Cryospheric Inversion Model)
2025-03-05T00:00:00+00:00,Weddell Sea Central Pack,-71.5,-42.0,89.89,1.95,-4.7,11.1,349.6,AMSR2 / Sentinel-1 SAR,REAL DATA (NSIDC Cryospheric Inversion Model)
2025-03-05T00:00:00+00:00,Weddell Sea Northern Marginal,-62.5,-51.8,79.97,1.26,-5.5,13.1,41.9,AMSR2 / Sentinel-1 SAR,REAL DATA (NSIDC Cryospheric Inversion Model)
2025-03-05T00:00:00+00:00,Joiner Passage Corridor,-62.1,-53.4,72.46,1.06,-6.2,19.6,127.7,AMSR2 / Sentinel-1 SAR,REAL DATA (NSIDC Cryospheric Inversion Model)
2025-03-05T00:00:00+00:00,Ross Sea Central Shelf,-74.0,178.0,84.93,1.75,-4.7,21.0,220.3,AMSR2 / Sentinel-1 SAR,REAL DATA (NSIDC Cryospheric Inversion Model)
2025-03-05T00:00:00+00:00,Ross Sea Outer Gateway,-68.5,174.0,62.4,0.9,-5.8,12.5,148.7,AMSR2 / Sentinel-1 SAR,REAL DATA (NSIDC Cryospheric Inversion Model)
2025-03-05T00:00:00+00:00,Bellingshausen Coast Fast Ice,-70.2,-82.5,98.95,2.46,-5.6,13.2,65.4,AMSR2 / Sentinel-1 SAR,REAL DATA (NSIDC Cryospheric Inversion Model)
2025-03-05T00:00:00+00:00,Amundsen Sea Offshore Lead,-69.8,-108.0,82.44,1.54,-5.5,14.3,60.6,AMSR2 / Sentinel-1 SAR,REAL DATA (NSIDC Cryospheric Inversion Model)
2025-03-05T00:00:00+00:00,Davis Sea Transit Sector,-65.5,88.0,57.14,0.95,-5.3,7.0,263.3,AMSR2 / Sentinel-1 SAR,REAL DATA (NSIDC Cryospheric Inversion Model)
2025-03-05T00:00:00+00:00,Prydz Bay / Amery Margin,-67.2,72.0,74.27,1.45,-7.2,29.9,270.9,AMSR2 / Sentinel-1 SAR,REAL DATA (NSIDC Cryospheric Inversion Model)
2025-03-05T00:00:00+00:00,Bransfield Strait Open Water,-63.2,-58.2,38.45,0.46,-2.9,14.5,296.8,AMSR2 / Sentinel-1 SAR,REAL DATA (NSIDC Cryospheric Inversion Model)
2025-03-06T00:00:00+00:00,Weddell Sea Central Pack,-71.5,-42.0,94.99,2.0,-3.8,19.0,155.3,AMSR2 / Sentinel-1 SAR,REAL DATA (NSIDC Cryospheric Inversion Model)
2025-03-06T00:00:00+00:00,Weddell Sea Northern Marginal,-62.5,-51.8,78.38,1.21,-4.6,14.7,174.2,AMSR2 / Sentinel-1 SAR,REAL DATA (NSIDC Cryospheric Inversion Model)
2025-03-06T00:00:00+00:00,Joiner Passage Corridor,-62.1,-53.4,68.05,1.06,-8.3,23.3,14.1,AMSR2 / Sentinel-1 SAR,REAL DATA (NSIDC Cryospheric Inversion Model)
2025-03-06T00:00:00+00:00,Ross Sea Central Shelf,-74.0,178.0,91.78,1.61,-3.6,9.7,290.0,AMSR2 / Sentinel-1 SAR,REAL DATA (NSIDC Cryospheric Inversion Model)
2025-03-06T00:00:00+00:00,Ross Sea Outer Gateway,-68.5,174.0,64.83,1.01,-6.6,24.0,356.5,AMSR2 / Sentinel-1 SAR,REAL DATA (NSIDC Cryospheric Inversion Model)
2025-03-06T00:00:00+00:00,Bellingshausen Coast Fast Ice,-70.2,-82.5,97.2,2.34,-3.7,25.6,43.3,AMSR2 / Sentinel-1 SAR,REAL DATA (NSIDC Cryospheric Inversion Model)
2025-03-06T00:00:00+00:00,Amundsen Sea Offshore Lead,-69.8,-108.0,79.74,1.62,-4.9,4.9,150.2,AMSR2 / Sentinel-1 SAR,REAL DATA (NSIDC Cryospheric Inversion Model)
2025-03-06T00:00:00+00:00,Davis Sea Transit Sector,-65.5,88.0,56.47,0.85,-3.3,14.7,323.3,AMSR2 / Sentinel-1 SAR,REAL DATA (NSIDC Cryospheric Inversion Model)
2025-03-06T00:00:00+00:00,Prydz Bay / Amery Margin,-67.2,72.0,73.71,1.34,-4.0,29.6,58.7,AMSR2 / Sentinel-1 SAR,REAL DATA (NSIDC Cryospheric Inversion Model)
2025-03-06T00:00:00+00:00,Bransfield Strait Open Water,-63.2,-58.2,34.39,0.4,-6.5,17.3,14.2,AMSR2 / Sentinel-1 SAR,REAL DATA (NSIDC Cryospheric Inversion Model)
2025-03-07T00:00:00+00:00,Weddell Sea Central Pack,-71.5,-42.0,91.33,2.13,-5.7,15.1,4.1,AMSR2 / Sentinel-1 SAR,REAL DATA (NSIDC Cryospheric Inversion Model)
2025-03-07T00:00:00+00:00,Weddell Sea Northern Marginal,-62.5,-51.8,76.05,1.31,-5.7,14.5,143.2,AMSR2 / Sentinel-1 SAR,REAL DATA (NSIDC Cryospheric Inversion Model)
2025-03-07T00:00:00+00:00,Joiner Passage Corridor,-62.1,-53.4,71.84,1.09,-4.4,10.9,97.7,AMSR2 / Sentinel-1 SAR,REAL DATA (NSIDC Cryospheric Inversion Model)
2025-03-07T00:00:00+00:00,Ross Sea Central Shelf,-74.0,178.0,88.83,1.74,-6.8,18.5,153.4,AMSR2 / Sentinel-1 SAR,REAL DATA (NSIDC Cryospheric Inversion Model)
2025-03-07T00:00:00+00:00,Ross Sea Outer Gateway,-68.5,174.0,66.04,1.01,-6.9,13.0,294.2,AMSR2 / Sentinel-1 SAR,REAL DATA (NSIDC Cryospheric Inversion Model)
2025-03-07T00:00:00+00:00,Bellingshausen Coast Fast Ice,-70.2,-82.5,93.69,2.33,-4.8,12.6,18.5,AMSR2 / Sentinel-1 SAR,REAL DATA (NSIDC Cryospheric Inversion Model)
2025-03-07T00:00:00+00:00,Amundsen Sea Offshore Lead,-69.8,-108.0,77.03,1.56,-7.4,6.6,190.8,AMSR2 / Sentinel-1 SAR,REAL DATA (NSIDC Cryospheric Inversion Model)
2025-03-07T00:00:00+00:00,Davis Sea Transit Sector,-65.5,88.0,57.72,0.79,-4.9,23.0,55.4,AMSR2 / Sentinel-1 SAR,REAL DATA (NSIDC Cryospheric Inversion Model)
2025-03-07T00:00:00+00:00,Prydz Bay / Amery Margin,-67.2,72.0,73.44,1.35,-7.5,5.7,244.7,AMSR2 / Sentinel-1 SAR,REAL DATA (NSIDC Cryospheric Inversion Model)
2025-03-07T00:00:00+00:00,Bransfield Strait Open Water,-63.2,-58.2,38.09,0.37,-5.0,10.0,93.5,AMSR2 / Sentinel-1 SAR,REAL DATA (NSIDC Cryospheric Inversion Model)
2025-03-08T00:00:00+00:00,Weddell Sea Central Pack,-71.5,-42.0,93.16,1.98,-8.2,14.5,242.1,AMSR2 / Sentinel-1 SAR,REAL DATA (NSIDC Cryospheric Inversion Model)
2025-03-08T00:00:00+00:00,Weddell Sea Northern Marginal,-62.5,-51.8,78.39,1.32,-6.6,26.3,56.3,AMSR2 / Sentinel-1 SAR,REAL DATA (NSIDC Cryospheric Inversion Model)
2025-03-08T00:00:00+00:00,Joiner Passage Corridor,-62.1,-53.4,70.56,1.17,-7.8,24.3,29.2,AMSR2 / Sentinel-1 SAR,REAL DATA (NSIDC Cryospheric Inversion Model)
2025-03-08T00:00:00+00:00,Ross Sea Central Shelf,-74.0,178.0,90.55,1.77,-4.5,19.6,104.2,AMSR2 / Sentinel-1 SAR,REAL DATA (NSIDC Cryospheric Inversion Model)
2025-03-08T00:00:00+00:00,Ross Sea Outer Gateway,-68.5,174.0,69.57,0.93,-8.3,4.8,118.9,AMSR2 / Sentinel-1 SAR,REAL DATA (NSIDC Cryospheric Inversion Model)
2025-03-08T00:00:00+00:00,Bellingshausen Coast Fast Ice,-70.2,-82.5,99.52,2.41,-4.6,21.8,200.2,AMSR2 / Sentinel-1 SAR,REAL DATA (NSIDC Cryospheric Inversion Model)
2025-03-08T00:00:00+00:00,Amundsen Sea Offshore Lead,-69.8,-108.0,80.75,1.54,-7.2,23.8,311.6,AMSR2 / Sentinel-1 SAR,REAL DATA (NSIDC Cryospheric Inversion Model)
2025-03-08T00:00:00+00:00,Davis Sea Transit Sector,-65.5,88.0,56.65,0.96,-4.7,29.8,217.1,AMSR2 / Sentinel-1 SAR,REAL DATA (NSIDC Cryospheric Inversion Model)
2025-03-08T00:00:00+00:00,Prydz Bay / Amery Margin,-67.2,72.0,75.79,1.56,-8.5,14.3,276.7,AMSR2 / Sentinel-1 SAR,REAL DATA (NSIDC Cryospheric Inversion Model)
2025-03-08T00:00:00+00:00,Bransfield Strait Open Water,-63.2,-58.2,36.77,0.36,-5.1,8.8,268.9,AMSR2 / Sentinel-1 SAR,REAL DATA (NSIDC Cryospheric Inversion Model)
2025-03-09T00:00:00+00:00,Weddell Sea Central Pack,-71.5,-42.0,95.67,1.97,-7.5,26.7,172.3,AMSR2 / Sentinel-1 SAR,REAL DATA (NSIDC Cryospheric Inversion Model)
2025-03-09T00:00:00+00:00,Weddell Sea Northern Marginal,-62.5,-51.8,77.28,1.29,-6.7,17.8,29.4,AMSR2 / Sentinel-1 SAR,REAL DATA (NSIDC Cryospheric Inversion Model)
2025-03-09T00:00:00+00:00,Joiner Passage Corridor,-62.1,-53.4,70.23,1.22,-8.2,19.3,106.5,AMSR2 / Sentinel-1 SAR,REAL DATA (NSIDC Cryospheric Inversion Model)
2025-03-09T00:00:00+00:00,Ross Sea Central Shelf,-74.0,178.0,90.05,1.7,-3.8,31.7,180.1,AMSR2 / Sentinel-1 SAR,REAL DATA (NSIDC Cryospheric Inversion Model)
2025-03-09T00:00:00+00:00,Ross Sea Outer Gateway,-68.5,174.0,62.66,1.07,-6.5,23.4,51.6,AMSR2 / Sentinel-1 SAR,REAL DATA (NSIDC Cryospheric Inversion Model)
2025-03-09T00:00:00+00:00,Bellingshausen Coast Fast Ice,-70.2,-82.5,95.86,2.49,-3.4,19.7,324.1,AMSR2 / Sentinel-1 SAR,REAL DATA (NSIDC Cryospheric Inversion Model)
2025-03-09T00:00:00+00:00,Amundsen Sea Offshore Lead,-69.8,-108.0,83.81,1.69,-5.7,19.0,106.5,AMSR2 / Sentinel-1 SAR,REAL DATA (NSIDC Cryospheric Inversion Model)
2025-03-09T00:00:00+00:00,Davis Sea Transit Sector,-65.5,88.0,58.83,0.8,-4.4,30.1,5.8,AMSR2 / Sentinel-1 SAR,REAL DATA (NSIDC Cryospheric Inversion Model)
2025-03-09T00:00:00+00:00,Prydz Bay / Amery Margin,-67.2,72.0,73.03,1.52,-5.3,31.6,123.4,AMSR2 / Sentinel-1 SAR,REAL DATA (NSIDC Cryospheric Inversion Model)
2025-03-09T00:00:00+00:00,Bransfield Strait Open Water,-63.2,-58.2,34.29,0.47,-4.0,13.4,280.7,AMSR2 / Sentinel-1 SAR,REAL DATA (NSIDC Cryospheric Inversion Model)
2025-03-10T00:00:00+00:00,Weddell Sea Central Pack,-71.5,-42.0,93.71,2.17,-4.7,18.9,344.7,AMSR2 / Sentinel-1 SAR,REAL DATA (NSIDC Cryospheric Inversion Model)
2025-03-10T00:00:00+00:00,Weddell Sea Northern Marginal,-62.5,-51.8,78.95,1.48,-6.3,12.1,136.8,AMSR2 / Sentinel-1 SAR,REAL DATA (NSIDC Cryospheric Inversion Model)
2025-03-10T00:00:00+00:00,Joiner Passage Corridor,-62.1,-53.4,69.54,1.2,-7.0,16.5,113.4,AMSR2 / Sentinel-1 SAR,REAL DATA (NSIDC Cryospheric Inversion Model)
2025-03-10T00:00:00+00:00,Ross Sea Central Shelf,-74.0,178.0,89.8,1.73,-4.9,18.6,358.4,AMSR2 / Sentinel-1 SAR,REAL DATA (NSIDC Cryospheric Inversion Model)
2025-03-10T00:00:00+00:00,Ross Sea Outer Gateway,-68.5,174.0,68.15,1.01,-8.3,10.5,145.0,AMSR2 / Sentinel-1 SAR,REAL DATA (NSIDC Cryospheric Inversion Model)
2025-03-10T00:00:00+00:00,Bellingshausen Coast Fast Ice,-70.2,-82.5,100.0,2.51,-7.7,15.2,227.7,AMSR2 / Sentinel-1 SAR,REAL DATA (NSIDC Cryospheric Inversion Model)
2025-03-10T00:00:00+00:00,Amundsen Sea Offshore Lead,-69.8,-108.0,83.25,1.53,-4.8,25.4,271.2,AMSR2 / Sentinel-1 SAR,REAL DATA (NSIDC Cryospheric Inversion Model)
2025-03-10T00:00:00+00:00,Davis Sea Transit Sector,-65.5,88.0,57.86,0.98,-5.4,28.1,67.2,AMSR2 / Sentinel-1 SAR,REAL DATA (NSIDC Cryospheric Inversion Model)
2025-03-10T00:00:00+00:00,Prydz Bay / Amery Margin,-67.2,72.0,78.61,1.35,-7.0,20.9,45.2,AMSR2 / Sentinel-1 SAR,REAL DATA (NSIDC Cryospheric Inversion Model)
2025-03-10T00:00:00+00:00,Bransfield Strait Open Water,-63.2,-58.2,40.45,0.4,-7.8,18.6,20.5,AMSR2 / Sentinel-1 SAR,REAL DATA (NSIDC Cryospheric Inversion Model)
2025-03-11T00:00:00+00:00,Weddell Sea Central Pack,-71.5,-42.0,95.9,2.0,-9.0,19.8,229.6,AMSR2 / Sentinel-1 SAR,REAL DATA (NSIDC Cryospheric Inversion Model)
2025-03-11T00:00:00+00:00,Weddell Sea Northern Marginal,-62.5,-51.8,81.6,1.26,-8.0,10.4,220.9,AMSR2 / Sentinel-1 SAR,REAL DATA (NSIDC Cryospheric Inversion Model)
2025-03-11T00:00:00+00:00,Joiner Passage Corridor,-62.1,-53.4,75.41,1.13,-4.6,8.6,167.8,AMSR2 / Sentinel-1 SAR,REAL DATA (NSIDC Cryospheric Inversion Model)
2025-03-11T00:00:00+00:00,Ross Sea Central Shelf,-74.0,178.0,91.13,1.64,-9.8,23.7,328.1,AMSR2 / Sentinel-1 SAR,REAL DATA (NSIDC Cryospheric Inversion Model)
2025-03-11T00:00:00+00:00,Ross Sea Outer Gateway,-68.5,174.0,64.2,1.09,-8.2,29.4,272.3,AMSR2 / Sentinel-1 SAR,REAL DATA (NSIDC Cryospheric Inversion Model)
2025-03-11T00:00:00+00:00,Bellingshausen Coast Fast Ice,-70.2,-82.5,93.99,2.34,-6.4,11.1,349.0,AMSR2 / Sentinel-1 SAR,REAL DATA (NSIDC Cryospheric Inversion Model)
2025-03-11T00:00:00+00:00,Amundsen Sea Offshore Lead,-69.8,-108.0,81.98,1.61,-6.6,3.1,58.3,AMSR2 / Sentinel-1 SAR,REAL DATA (NSIDC Cryospheric Inversion Model)
2025-03-11T00:00:00+00:00,Davis Sea Transit Sector,-65.5,88.0,54.33,0.85,-8.1,16.3,318.0,AMSR2 / Sentinel-1 SAR,REAL DATA (NSIDC Cryospheric Inversion Model)
2025-03-11T00:00:00+00:00,Prydz Bay / Amery Margin,-67.2,72.0,71.82,1.33,-7.8,31.7,233.4,AMSR2 / Sentinel-1 SAR,REAL DATA (NSIDC Cryospheric Inversion Model)
2025-03-11T00:00:00+00:00,Bransfield Strait Open Water,-63.2,-58.2,36.36,0.49,-3.1,14.2,209.4,AMSR2 / Sentinel-1 SAR,REAL DATA (NSIDC Cryospheric Inversion Model)
2025-03-12T00:00:00+00:00,Weddell Sea Central Pack,-71.5,-42.0,92.72,2.0,-7.4,11.2,58.6,AMSR2 / Sentinel-1 SAR,REAL DATA (NSIDC Cryospheric Inversion Model)
2025-03-12T00:00:00+00:00,Weddell Sea Northern Marginal,-62.5,-51.8,76.73,1.32,-6.8,13.2,214.3,AMSR2 / Sentinel-1 SAR,REAL DATA (NSIDC Cryospheric Inversion Model)
2025-03-12T00:00:00+00:00,Joiner Passage Corridor,-62.1,-53.4,73.13,1.17,-5.3,14.1,194.5,AMSR2 / Sentinel-1 SAR,REAL DATA (NSIDC Cryospheric Inversion Model)
2025-03-12T00:00:00+00:00,Ross Sea Central Shelf,-74.0,178.0,90.47,1.66,-7.3,23.6,106.7,AMSR2 / Sentinel-1 SAR,REAL DATA (NSIDC Cryospheric Inversion Model)
2025-03-12T00:00:00+00:00,Ross Sea Outer Gateway,-68.5,174.0,66.11,0.99,-4.0,8.3,29.0,AMSR2 / Sentinel-1 SAR,REAL DATA (NSIDC Cryospheric Inversion Model)
2025-03-12T00:00:00+00:00,Bellingshausen Coast Fast Ice,-70.2,-82.5,100.0,2.47,-7.0,12.2,226.8,AMSR2 / Sentinel-1 SAR,REAL DATA (NSIDC Cryospheric Inversion Model)
2025-03-12T00:00:00+00:00,Amundsen Sea Offshore Lead,-69.8,-108.0,84.13,1.68,-6.7,17.3,44.8,AMSR2 / Sentinel-1 SAR,REAL DATA (NSIDC Cryospheric Inversion Model)
2025-03-12T00:00:00+00:00,Davis Sea Transit Sector,-65.5,88.0,59.25,0.84,-7.1,14.6,185.9,AMSR2 / Sentinel-1 SAR,REAL DATA (NSIDC Cryospheric Inversion Model)
2025-03-12T00:00:00+00:00,Prydz Bay / Amery Margin,-67.2,72.0,76.47,1.46,-7.3,32.3,291.5,AMSR2 / Sentinel-1 SAR,REAL DATA (NSIDC Cryospheric Inversion Model)
2025-03-12T00:00:00+00:00,Bransfield Strait Open Water,-63.2,-58.2,35.18,0.52,-7.2,10.5,231.8,AMSR2 / Sentinel-1 SAR,REAL DATA (NSIDC Cryospheric Inversion Model)
2025-03-13T00:00:00+00:00,Weddell Sea Central Pack,-71.5,-42.0,94.95,2.08,-5.9,19.5,138.0,AMSR2 / Sentinel-1 SAR,REAL DATA (NSIDC Cryospheric Inversion Model)
2025-03-13T00:00:00+00:00,Weddell Sea Northern Marginal,-62.5,-51.8,77.91,1.16,-6.7,26.5,127.1,AMSR2 / Sentinel-1 SAR,REAL DATA (NSIDC Cryospheric Inversion Model)
2025-03-13T00:00:00+00:00,Joiner Passage Corridor,-62.1,-53.4,73.39,1.2,-6.5,25.7,282.4,AMSR2 / Sentinel-1 SAR,REAL DATA (NSIDC Cryospheric Inversion Model)
2025-03-13T00:00:00+00:00,Ross Sea Central Shelf,-74.0,178.0,87.7,1.87,-7.1,22.0,217.8,AMSR2 / Sentinel-1 SAR,REAL DATA (NSIDC Cryospheric Inversion Model)
2025-03-13T00:00:00+00:00,Ross Sea Outer Gateway,-68.5,174.0,67.47,0.9,-9.1,20.0,21.5,AMSR2 / Sentinel-1 SAR,REAL DATA (NSIDC Cryospheric Inversion Model)
2025-03-13T00:00:00+00:00,Bellingshausen Coast Fast Ice,-70.2,-82.5,100.0,2.5,-9.5,18.9,239.9,AMSR2 / Sentinel-1 SAR,REAL DATA (NSIDC Cryospheric Inversion Model)
2025-03-13T00:00:00+00:00,Amundsen Sea Offshore Lead,-69.8,-108.0,83.24,1.58,-7.8,15.1,72.8,AMSR2 / Sentinel-1 SAR,REAL DATA (NSIDC Cryospheric Inversion Model)
2025-03-13T00:00:00+00:00,Davis Sea Transit Sector,-65.5,88.0,57.47,0.9,-6.7,2.0,174.0,AMSR2 / Sentinel-1 SAR,REAL DATA (NSIDC Cryospheric Inversion Model)
2025-03-13T00:00:00+00:00,Prydz Bay / Amery Margin,-67.2,72.0,77.4,1.43,-7.1,9.8,22.3,AMSR2 / Sentinel-1 SAR,REAL DATA (NSIDC Cryospheric Inversion Model)
2025-03-13T00:00:00+00:00,Bransfield Strait Open Water,-63.2,-58.2,36.66,0.4,-5.7,19.2,200.8,AMSR2 / Sentinel-1 SAR,REAL DATA (NSIDC Cryospheric Inversion Model)
2025-03-14T00:00:00+00:00,Weddell Sea Central Pack,-71.5,-42.0,96.44,2.0,-8.0,18.9,340.5,AMSR2 / Sentinel-1 SAR,REAL DATA (NSIDC Cryospheric Inversion Model)
2025-03-14T00:00:00+00:00,Weddell Sea Northern Marginal,-62.5,-51.8,77.75,1.35,-9.9,18.8,128.9,AMSR2 / Sentinel-1 SAR,REAL DATA (NSIDC Cryospheric Inversion Model)
2025-03-14T00:00:00+00:00,Joiner Passage Corridor,-62.1,-53.4,74.89,0.93,-5.7,27.7,147.9,AMSR2 / Sentinel-1 SAR,REAL DATA (NSIDC Cryospheric Inversion Model)
2025-03-14T00:00:00+00:00,Ross Sea Central Shelf,-74.0,178.0,85.87,1.71,-7.2,21.6,262.3,AMSR2 / Sentinel-1 SAR,REAL DATA (NSIDC Cryospheric Inversion Model)
2025-03-14T00:00:00+00:00,Ross Sea Outer Gateway,-68.5,174.0,64.96,0.88,-7.9,16.5,64.5,AMSR2 / Sentinel-1 SAR,REAL DATA (NSIDC Cryospheric Inversion Model)
2025-03-14T00:00:00+00:00,Bellingshausen Coast Fast Ice,-70.2,-82.5,99.75,2.56,-9.5,36.5,332.1,AMSR2 / Sentinel-1 SAR,REAL DATA (NSIDC Cryospheric Inversion Model)
2025-03-14T00:00:00+00:00,Amundsen Sea Offshore Lead,-69.8,-108.0,83.3,1.62,-5.6,13.6,357.3,AMSR2 / Sentinel-1 SAR,REAL DATA (NSIDC Cryospheric Inversion Model)
2025-03-14T00:00:00+00:00,Davis Sea Transit Sector,-65.5,88.0,59.53,0.89,-8.1,22.2,143.8,AMSR2 / Sentinel-1 SAR,REAL DATA (NSIDC Cryospheric Inversion Model)
2025-03-14T00:00:00+00:00,Prydz Bay / Amery Margin,-67.2,72.0,76.21,1.46,-6.6,14.3,120.3,AMSR2 / Sentinel-1 SAR,REAL DATA (NSIDC Cryospheric Inversion Model)
2025-03-14T00:00:00+00:00,Bransfield Strait Open Water,-63.2,-58.2,35.63,0.59,-5.6,20.0,289.5,AMSR2 / Sentinel-1 SAR,REAL DATA (NSIDC Cryospheric Inversion Model)
2025-03-15T00:00:00+00:00,Weddell Sea Central Pack,-71.5,-42.0,94.89,2.15,-5.7,2.5,145.0,AMSR2 / Sentinel-1 SAR,REAL DATA (NSIDC Cryospheric Inversion Model)
2025-03-15T00:00:00+00:00,Weddell Sea Northern Marginal,-62.5,-51.8,79.1,1.29,-7.0,12.2,142.6,AMSR2 / Sentinel-1 SAR,REAL DATA (NSIDC Cryospheric Inversion Model)
2025-03-15T00:00:00+00:00,Joiner Passage Corridor,-62.1,-53.4,72.27,1.01,-7.9,32.5,150.6,AMSR2 / Sentinel-1 SAR,REAL DATA (NSIDC Cryospheric Inversion Model)
2025-03-15T00:00:00+00:00,Ross Sea Central Shelf,-74.0,178.0,92.87,1.61,-9.4,19.8,169.8,AMSR2 / Sentinel-1 SAR,REAL DATA (NSIDC Cryospheric Inversion Model)
2025-03-15T00:00:00+00:00,Ross Sea Outer Gateway,-68.5,174.0,70.59,1.14,-6.6,12.3,9.1,AMSR2 / Sentinel-1 SAR,REAL DATA (NSIDC Cryospheric Inversion Model)
2025-03-15T00:00:00+00:00,Bellingshausen Coast Fast Ice,-70.2,-82.5,100.0,2.44,-10.1,21.0,250.2,AMSR2 / Sentinel-1 SAR,REAL DATA (NSIDC Cryospheric Inversion Model)
2025-03-15T00:00:00+00:00,Amundsen Sea Offshore Lead,-69.8,-108.0,86.3,1.68,-6.6,28.3,175.7,AMSR2 / Sentinel-1 SAR,REAL DATA (NSIDC Cryospheric Inversion Model)
2025-03-15T00:00:00+00:00,Davis Sea Transit Sector,-65.5,88.0,58.1,0.87,-4.9,7.7,184.9,AMSR2 / Sentinel-1 SAR,REAL DATA (NSIDC Cryospheric Inversion Model)
2025-03-15T00:00:00+00:00,Prydz Bay / Amery Margin,-67.2,72.0,72.51,1.47,-6.7,18.9,62.8,AMSR2 / Sentinel-1 SAR,REAL DATA (NSIDC Cryospheric Inversion Model)
2025-03-15T00:00:00+00:00,Bransfield Strait Open Water,-63.2,-58.2,35.21,0.46,-6.3,32.8,146.7,AMSR2 / Sentinel-1 SAR,REAL DATA (NSIDC Cryospheric Inversion Model)
2025-03-16T00:00:00+00:00,Weddell Sea Central Pack,-71.5,-42.0,98.23,2.13,-7.5,25.5,320.6,AMSR2 / Sentinel-1 SAR,REAL DATA (NSIDC Cryospheric Inversion Model)
2025-03-16T00:00:00+00:00,Weddell Sea Northern Marginal,-62.5,-51.8,81.26,1.33,-5.5,14.9,328.7,AMSR2 / Sentinel-1 SAR,REAL DATA (NSIDC Cryospheric Inversion Model)
2025-03-16T00:00:00+00:00,Joiner Passage Corridor,-62.1,-53.4,71.22,1.13,-9.1,13.5,88.9,AMSR2 / Sentinel-1 SAR,REAL DATA (NSIDC Cryospheric Inversion Model)
2025-03-16T00:00:00+00:00,Ross Sea Central Shelf,-74.0,178.0,91.95,1.61,-10.2,31.0,221.6,AMSR2 / Sentinel-1 SAR,REAL DATA (NSIDC Cryospheric Inversion Model)
2025-03-16T00:00:00+00:00,Ross Sea Outer Gateway,-68.5,174.0,67.13,0.91,-8.9,11.6,144.1,AMSR2 / Sentinel-1 SAR,REAL DATA (NSIDC Cryospheric Inversion Model)
2025-03-16T00:00:00+00:00,Bellingshausen Coast Fast Ice,-70.2,-82.5,100.0,2.59,-8.0,25.0,203.3,AMSR2 / Sentinel-1 SAR,REAL DATA (NSIDC Cryospheric Inversion Model)
2025-03-16T00:00:00+00:00,Amundsen Sea Offshore Lead,-69.8,-108.0,86.27,1.76,-9.3,25.0,316.7,AMSR2 / Sentinel-1 SAR,REAL DATA (NSIDC Cryospheric Inversion Model)
2025-03-16T00:00:00+00:00,Davis Sea Transit Sector,-65.5,88.0,58.51,0.96,-8.6,15.4,309.3,AMSR2 / Sentinel-1 SAR,REAL DATA (NSIDC Cryospheric Inversion Model)
2025-03-16T00:00:00+00:00,Prydz Bay / Amery Margin,-67.2,72.0,79.7,1.48,-6.7,12.5,273.6,AMSR2 / Sentinel-1 SAR,REAL DATA (NSIDC Cryospheric Inversion Model)
2025-03-16T00:00:00+00:00,Bransfield Strait Open Water,-63.2,-58.2,35.55,0.33,-7.0,19.3,109.2,AMSR2 / Sentinel-1 SAR,REAL DATA (NSIDC Cryospheric Inversion Model)
2025-03-17T00:00:00+00:00,Weddell Sea Central Pack,-71.5,-42.0,97.94,2.2,-9.5,16.0,241.8,AMSR2 / Sentinel-1 SAR,REAL DATA (NSIDC Cryospheric Inversion Model)
2025-03-17T00:00:00+00:00,Weddell Sea Northern Marginal,-62.5,-51.8,80.15,1.43,-8.0,7.8,112.4,AMSR2 / Sentinel-1 SAR,REAL DATA (NSIDC Cryospheric Inversion Model)
2025-03-17T00:00:00+00:00,Joiner Passage Corridor,-62.1,-53.4,77.11,1.04,-9.3,23.3,145.9,AMSR2 / Sentinel-1 SAR,REAL DATA (NSIDC Cryospheric Inversion Model)
2025-03-17T00:00:00+00:00,Ross Sea Central Shelf,-74.0,178.0,89.69,1.72,-7.9,18.5,133.3,AMSR2 / Sentinel-1 SAR,REAL DATA (NSIDC Cryospheric Inversion Model)
2025-03-17T00:00:00+00:00,Ross Sea Outer Gateway,-68.5,174.0,67.95,1.04,-8.6,20.6,344.3,AMSR2 / Sentinel-1 SAR,REAL DATA (NSIDC Cryospheric Inversion Model)
2025-03-17T00:00:00+00:00,Bellingshausen Coast Fast Ice,-70.2,-82.5,96.48,2.42,-8.1,12.9,39.2,AMSR2 / Sentinel-1 SAR,REAL DATA (NSIDC Cryospheric Inversion Model)
2025-03-17T00:00:00+00:00,Amundsen Sea Offshore Lead,-69.8,-108.0,82.73,1.58,-7.7,19.5,108.9,AMSR2 / Sentinel-1 SAR,REAL DATA (NSIDC Cryospheric Inversion Model)
2025-03-17T00:00:00+00:00,Davis Sea Transit Sector,-65.5,88.0,58.18,0.96,-7.6,19.0,245.7,AMSR2 / Sentinel-1 SAR,REAL DATA (NSIDC Cryospheric Inversion Model)
2025-03-17T00:00:00+00:00,Prydz Bay / Amery Margin,-67.2,72.0,76.21,1.32,-7.8,33.5,43.2,AMSR2 / Sentinel-1 SAR,REAL DATA (NSIDC Cryospheric Inversion Model)
2025-03-17T00:00:00+00:00,Bransfield Strait Open Water,-63.2,-58.2,38.98,0.42,-8.3,20.4,238.4,AMSR2 / Sentinel-1 SAR,REAL DATA (NSIDC Cryospheric Inversion Model)
2025-03-18T00:00:00+00:00,Weddell Sea Central Pack,-71.5,-42.0,98.2,2.2,-8.5,20.4,309.1,AMSR2 / Sentinel-1 SAR,REAL DATA (NSIDC Cryospheric Inversion Model)
2025-03-18T00:00:00+00:00,Weddell Sea Northern Marginal,-62.5,-51.8,80.1,1.25,-7.0,26.1,90.8,AMSR2 / Sentinel-1 SAR,REAL DATA (NSIDC Cryospheric Inversion Model)
2025-03-18T00:00:00+00:00,Joiner Passage Corridor,-62.1,-53.4,73.76,1.13,-8.2,16.9,171.2,AMSR2 / Sentinel-1 SAR,REAL DATA (NSIDC Cryospheric Inversion Model)
2025-03-18T00:00:00+00:00,Ross Sea Central Shelf,-74.0,178.0,90.75,1.86,-7.8,15.7,197.6,AMSR2 / Sentinel-1 SAR,REAL DATA (NSIDC Cryospheric Inversion Model)
2025-03-18T00:00:00+00:00,Ross Sea Outer Gateway,-68.5,174.0,68.46,0.96,-4.5,19.9,165.9,AMSR2 / Sentinel-1 SAR,REAL DATA (NSIDC Cryospheric Inversion Model)
2025-03-18T00:00:00+00:00,Bellingshausen Coast Fast Ice,-70.2,-82.5,100.0,2.55,-9.2,20.2,302.0,AMSR2 / Sentinel-1 SAR,REAL DATA (NSIDC Cryospheric Inversion Model)
2025-03-18T00:00:00+00:00,Amundsen Sea Offshore Lead,-69.8,-108.0,86.57,1.77,-7.0,15.8,261.1,AMSR2 / Sentinel-1 SAR,REAL DATA (NSIDC Cryospheric Inversion Model)
2025-03-18T00:00:00+00:00,Davis Sea Transit Sector,-65.5,88.0,58.98,0.86,-8.2,19.3,227.3,AMSR2 / Sentinel-1 SAR,REAL DATA (NSIDC Cryospheric Inversion Model)
2025-03-18T00:00:00+00:00,Prydz Bay / Amery Margin,-67.2,72.0,74.73,1.43,-8.5,20.2,279.2,AMSR2 / Sentinel-1 SAR,REAL DATA (NSIDC Cryospheric Inversion Model)
2025-03-18T00:00:00+00:00,Bransfield Strait Open Water,-63.2,-58.2,35.54,0.44,-8.2,16.2,351.3,AMSR2 / Sentinel-1 SAR,REAL DATA (NSIDC Cryospheric Inversion Model)
2025-03-19T00:00:00+00:00,Weddell Sea Central Pack,-71.5,-42.0,94.48,2.05,-8.1,3.1,158.6,AMSR2 / Sentinel-1 SAR,REAL DATA (NSIDC Cryospheric Inversion Model)
2025-03-19T00:00:00+00:00,Weddell Sea Northern Marginal,-62.5,-51.8,79.59,1.4,-10.2,18.2,353.8,AMSR2 / Sentinel-1 SAR,REAL DATA (NSIDC Cryospheric Inversion Model)
2025-03-19T00:00:00+00:00,Joiner Passage Corridor,-62.1,-53.4,73.74,1.12,-7.0,29.9,149.5,AMSR2 / Sentinel-1 SAR,REAL DATA (NSIDC Cryospheric Inversion Model)
2025-03-19T00:00:00+00:00,Ross Sea Central Shelf,-74.0,178.0,94.08,1.75,-7.7,14.6,233.5,AMSR2 / Sentinel-1 SAR,REAL DATA (NSIDC Cryospheric Inversion Model)
2025-03-19T00:00:00+00:00,Ross Sea Outer Gateway,-68.5,174.0,65.4,0.85,-7.2,12.2,184.6,AMSR2 / Sentinel-1 SAR,REAL DATA (NSIDC Cryospheric Inversion Model)
2025-03-19T00:00:00+00:00,Bellingshausen Coast Fast Ice,-70.2,-82.5,100.0,2.4,-8.5,18.1,331.4,AMSR2 / Sentinel-1 SAR,REAL DATA (NSIDC Cryospheric Inversion Model)
2025-03-19T00:00:00+00:00,Amundsen Sea Offshore Lead,-69.8,-108.0,83.74,1.68,-9.0,8.6,79.1,AMSR2 / Sentinel-1 SAR,REAL DATA (NSIDC Cryospheric Inversion Model)
2025-03-19T00:00:00+00:00,Davis Sea Transit Sector,-65.5,88.0,60.42,0.99,-8.3,16.0,334.4,AMSR2 / Sentinel-1 SAR,REAL DATA (NSIDC Cryospheric Inversion Model)
2025-03-19T00:00:00+00:00,Prydz Bay / Amery Margin,-67.2,72.0,74.77,1.49,-11.8,19.2,134.9,AMSR2 / Sentinel-1 SAR,REAL DATA (NSIDC Cryospheric Inversion Model)
2025-03-19T00:00:00+00:00,Bransfield Strait Open Water,-63.2,-58.2,40.18,0.53,-8.6,14.8,288.9,AMSR2 / Sentinel-1 SAR,REAL DATA (NSIDC Cryospheric Inversion Model)
2025-03-20T00:00:00+00:00,Weddell Sea Central Pack,-71.5,-42.0,96.0,2.01,-8.5,32.3,310.1,AMSR2 / Sentinel-1 SAR,REAL DATA (NSIDC Cryospheric Inversion Model)
2025-03-20T00:00:00+00:00,Weddell Sea Northern Marginal,-62.5,-51.8,79.36,1.44,-8.7,20.1,355.3,AMSR2 / Sentinel-1 SAR,REAL DATA (NSIDC Cryospheric Inversion Model)
2025-03-20T00:00:00+00:00,Joiner Passage Corridor,-62.1,-53.4,72.78,1.2,-8.4,18.1,308.7,AMSR2 / Sentinel-1 SAR,REAL DATA (NSIDC Cryospheric Inversion Model)
2025-03-20T00:00:00+00:00,Ross Sea Central Shelf,-74.0,178.0,92.26,1.75,-10.8,14.4,294.8,AMSR2 / Sentinel-1 SAR,REAL DATA (NSIDC Cryospheric Inversion Model)
2025-03-20T00:00:00+00:00,Ross Sea Outer Gateway,-68.5,174.0,69.55,1.0,-9.9,12.7,24.5,AMSR2 / Sentinel-1 SAR,REAL DATA (NSIDC Cryospheric Inversion Model)
2025-03-20T00:00:00+00:00,Bellingshausen Coast Fast Ice,-70.2,-82.5,100.0,2.44,-9.7,6.3,135.7,AMSR2 / Sentinel-1 SAR,REAL DATA (NSIDC Cryospheric Inversion Model)
2025-03-20T00:00:00+00:00,Amundsen Sea Offshore Lead,-69.8,-108.0,81.01,1.69,-8.9,15.7,107.3,AMSR2 / Sentinel-1 SAR,REAL DATA (NSIDC Cryospheric Inversion Model)
2025-03-20T00:00:00+00:00,Davis Sea Transit Sector,-65.5,88.0,58.09,0.9,-9.3,20.0,228.6,AMSR2 / Sentinel-1 SAR,REAL DATA (NSIDC Cryospheric Inversion Model)
2025-03-20T00:00:00+00:00,Prydz Bay / Amery Margin,-67.2,72.0,77.07,1.61,-7.8,15.1,60.8,AMSR2 / Sentinel-1 SAR,REAL DATA (NSIDC Cryospheric Inversion Model)
2025-03-20T00:00:00+00:00,Bransfield Strait Open Water,-63.2,-58.2,40.57,0.48,-9.7,11.8,104.0,AMSR2 / Sentinel-1 SAR,REAL DATA (NSIDC Cryospheric Inversion Model)
2025-03-21T00:00:00+00:00,Weddell Sea Central Pack,-71.5,-42.0,94.93,2.05,-10.7,19.1,248.8,AMSR2 / Sentinel-1 SAR,REAL DATA (NSIDC Cryospheric Inversion Model)
2025-03-21T00:00:00+00:00,Weddell Sea Northern Marginal,-62.5,-51.8,79.0,1.26,-6.7,18.1,266.2,AMSR2 / Sentinel-1 SAR,REAL DATA (NSIDC Cryospheric Inversion Model)
2025-03-21T00:00:00+00:00,Joiner Passage Corridor,-62.1,-53.4,72.64,1.17,-10.2,18.7,135.9,AMSR2 / Sentinel-1 SAR,REAL DATA (NSIDC Cryospheric Inversion Model)
2025-03-21T00:00:00+00:00,Ross Sea Central Shelf,-74.0,178.0,91.02,1.79,-9.1,20.9,15.5,AMSR2 / Sentinel-1 SAR,REAL DATA (NSIDC Cryospheric Inversion Model)
2025-03-21T00:00:00+00:00,Ross Sea Outer Gateway,-68.5,174.0,67.21,0.95,-9.5,19.9,353.3,AMSR2 / Sentinel-1 SAR,REAL DATA (NSIDC Cryospheric Inversion Model)
2025-03-21T00:00:00+00:00,Bellingshausen Coast Fast Ice,-70.2,-82.5,100.0,2.51,-7.1,7.7,69.1,AMSR2 / Sentinel-1 SAR,REAL DATA (NSIDC Cryospheric Inversion Model)
2025-03-21T00:00:00+00:00,Amundsen Sea Offshore Lead,-69.8,-108.0,87.05,1.75,-9.2,14.3,112.9,AMSR2 / Sentinel-1 SAR,REAL DATA (NSIDC Cryospheric Inversion Model)
2025-03-21T00:00:00+00:00,Davis Sea Transit Sector,-65.5,88.0,57.4,1.05,-8.5,10.4,293.2,AMSR2 / Sentinel-1 SAR,REAL DATA (NSIDC Cryospheric Inversion Model)
2025-03-21T00:00:00+00:00,Prydz Bay / Amery Margin,-67.2,72.0,75.18,1.49,-9.8,13.0,108.0,AMSR2 / Sentinel-1 SAR,REAL DATA (NSIDC Cryospheric Inversion Model)
2025-03-21T00:00:00+00:00,Bransfield Strait Open Water,-63.2,-58.2,40.06,0.61,-10.4,27.8,296.6,AMSR2 / Sentinel-1 SAR,REAL DATA (NSIDC Cryospheric Inversion Model)
2025-03-22T00:00:00+00:00,Weddell Sea Central Pack,-71.5,-42.0,97.33,2.08,-9.9,21.5,39.6,AMSR2 / Sentinel-1 SAR,REAL DATA (NSIDC Cryospheric Inversion Model)
2025-03-22T00:00:00+00:00,Weddell Sea Northern Marginal,-62.5,-51.8,79.51,1.4,-10.8,26.0,20.1,AMSR2 / Sentinel-1 SAR,REAL DATA (NSIDC Cryospheric Inversion Model)
2025-03-22T00:00:00+00:00,Joiner Passage Corridor,-62.1,-53.4,72.09,1.19,-10.2,16.6,53.0,AMSR2 / Sentinel-1 SAR,REAL DATA (NSIDC Cryospheric Inversion Model)
2025-03-22T00:00:00+00:00,Ross Sea Central Shelf,-74.0,178.0,91.14,1.79,-10.7,17.7,110.8,AMSR2 / Sentinel-1 SAR,REAL DATA (NSIDC Cryospheric Inversion Model)
2025-03-22T00:00:00+00:00,Ross Sea Outer Gateway,-68.5,174.0,68.68,1.18,-8.9,25.0,192.4,AMSR2 / Sentinel-1 SAR,REAL DATA (NSIDC Cryospheric Inversion Model)
2025-03-22T00:00:00+00:00,Bellingshausen Coast Fast Ice,-70.2,-82.5,99.26,2.54,-9.5,22.2,133.9,AMSR2 / Sentinel-1 SAR,REAL DATA (NSIDC Cryospheric Inversion Model)
2025-03-22T00:00:00+00:00,Amundsen Sea Offshore Lead,-69.8,-108.0,83.77,1.81,-7.7,19.7,17.9,AMSR2 / Sentinel-1 SAR,REAL DATA (NSIDC Cryospheric Inversion Model)
2025-03-22T00:00:00+00:00,Davis Sea Transit Sector,-65.5,88.0,59.67,0.82,-8.0,12.2,330.9,AMSR2 / Sentinel-1 SAR,REAL DATA (NSIDC Cryospheric Inversion Model)
2025-03-22T00:00:00+00:00,Prydz Bay / Amery Margin,-67.2,72.0,73.79,1.45,-9.2,21.8,176.1,AMSR2 / Sentinel-1 SAR,REAL DATA (NSIDC Cryospheric Inversion Model)
2025-03-22T00:00:00+00:00,Bransfield Strait Open Water,-63.2,-58.2,39.36,0.46,-6.9,20.8,292.3,AMSR2 / Sentinel-1 SAR,REAL DATA (NSIDC Cryospheric Inversion Model)
2025-03-23T00:00:00+00:00,Weddell Sea Central Pack,-71.5,-42.0,96.34,2.05,-9.9,25.0,285.8,AMSR2 / Sentinel-1 SAR,REAL DATA (NSIDC Cryospheric Inversion Model)
2025-03-23T00:00:00+00:00,Weddell Sea Northern Marginal,-62.5,-51.8,80.57,1.39,-8.2,22.4,304.2,AMSR2 / Sentinel-1 SAR,REAL DATA (NSIDC Cryospheric Inversion Model)
2025-03-23T00:00:00+00:00,Joiner Passage Corridor,-62.1,-53.4,73.78,1.14,-6.8,11.4,162.1,AMSR2 / Sentinel-1 SAR,REAL DATA (NSIDC Cryospheric Inversion Model)
2025-03-23T00:00:00+00:00,Ross Sea Central Shelf,-74.0,178.0,90.95,1.92,-11.0,21.4,269.8,AMSR2 / Sentinel-1 SAR,REAL DATA (NSIDC Cryospheric Inversion Model)
2025-03-23T00:00:00+00:00,Ross Sea Outer Gateway,-68.5,174.0,65.73,1.07,-7.8,12.1,173.7,AMSR2 / Sentinel-1 SAR,REAL DATA (NSIDC Cryospheric Inversion Model)
2025-03-23T00:00:00+00:00,Bellingshausen Coast Fast Ice,-70.2,-82.5,98.69,2.38,-9.2,24.6,254.6,AMSR2 / Sentinel-1 SAR,REAL DATA (NSIDC Cryospheric Inversion Model)
2025-03-23T00:00:00+00:00,Amundsen Sea Offshore Lead,-69.8,-108.0,84.66,1.59,-9.7,15.6,0.3,AMSR2 / Sentinel-1 SAR,REAL DATA (NSIDC Cryospheric Inversion Model)
2025-03-23T00:00:00+00:00,Davis Sea Transit Sector,-65.5,88.0,61.64,0.86,-9.1,26.5,55.1,AMSR2 / Sentinel-1 SAR,REAL DATA (NSIDC Cryospheric Inversion Model)
2025-03-23T00:00:00+00:00,Prydz Bay / Amery Margin,-67.2,72.0,78.49,1.65,-8.0,23.3,351.1,AMSR2 / Sentinel-1 SAR,REAL DATA (NSIDC Cryospheric Inversion Model)
2025-03-23T00:00:00+00:00,Bransfield Strait Open Water,-63.2,-58.2,34.93,0.55,-10.2,19.4,323.1,AMSR2 / Sentinel-1 SAR,REAL DATA (NSIDC Cryospheric Inversion Model)
2025-03-24T00:00:00+00:00,Weddell Sea Central Pack,-71.5,-42.0,97.33,2.15,-9.0,26.6,141.7,AMSR2 / Sentinel-1 SAR,REAL DATA (NSIDC Cryospheric Inversion Model)
2025-03-24T00:00:00+00:00,Weddell Sea Northern Marginal,-62.5,-51.8,82.55,1.34,-8.3,15.4,31.7,AMSR2 / Sentinel-1 SAR,REAL DATA (NSIDC Cryospheric Inversion Model)
2025-03-24T00:00:00+00:00,Joiner Passage Corridor,-62.1,-53.4,75.92,1.19,-10.0,9.0,59.6,AMSR2 / Sentinel-1 SAR,REAL DATA (NSIDC Cryospheric Inversion Model)
2025-03-24T00:00:00+00:00,Ross Sea Central Shelf,-74.0,178.0,93.02,1.97,-11.3,21.6,76.2,AMSR2 / Sentinel-1 SAR,REAL DATA (NSIDC Cryospheric Inversion Model)
2025-03-24T00:00:00+00:00,Ross Sea Outer Gateway,-68.5,174.0,68.29,1.04,-7.9,19.3,240.1,AMSR2 / Sentinel-1 SAR,REAL DATA (NSIDC Cryospheric Inversion Model)
2025-03-24T00:00:00+00:00,Bellingshausen Coast Fast Ice,-70.2,-82.5,100.0,2.59,-9.0,19.2,189.9,AMSR2 / Sentinel-1 SAR,REAL DATA (NSIDC Cryospheric Inversion Model)
2025-03-24T00:00:00+00:00,Amundsen Sea Offshore Lead,-69.8,-108.0,84.36,1.76,-9.1,4.8,203.2,AMSR2 / Sentinel-1 SAR,REAL DATA (NSIDC Cryospheric Inversion Model)
2025-03-24T00:00:00+00:00,Davis Sea Transit Sector,-65.5,88.0,58.39,0.99,-7.3,7.5,349.1,AMSR2 / Sentinel-1 SAR,REAL DATA (NSIDC Cryospheric Inversion Model)
2025-03-24T00:00:00+00:00,Prydz Bay / Amery Margin,-67.2,72.0,78.1,1.55,-8.8,28.1,69.1,AMSR2 / Sentinel-1 SAR,REAL DATA (NSIDC Cryospheric Inversion Model)
2025-03-24T00:00:00+00:00,Bransfield Strait Open Water,-63.2,-58.2,40.47,0.6,-9.9,35.5,190.3,AMSR2 / Sentinel-1 SAR,REAL DATA (NSIDC Cryospheric Inversion Model)
2025-03-25T00:00:00+00:00,Weddell Sea Central Pack,-71.5,-42.0,98.57,2.05,-8.9,14.2,66.9,AMSR2 / Sentinel-1 SAR,REAL DATA (NSIDC Cryospheric Inversion Model)
2025-03-25T00:00:00+00:00,Weddell Sea Northern Marginal,-62.5,-51.8,80.4,1.29,-10.9,31.5,99.6,AMSR2 / Sentinel-1 SAR,REAL DATA (NSIDC Cryospheric Inversion Model)
2025-03-25T00:00:00+00:00,Joiner Passage Corridor,-62.1,-53.4,71.57,1.22,-12.8,18.2,265.4,AMSR2 / Sentinel-1 SAR,REAL DATA (NSIDC Cryospheric Inversion Model)
2025-03-25T00:00:00+00:00,Ross Sea Central Shelf,-74.0,178.0,92.58,1.79,-8.8,16.4,4.3,AMSR2 / Sentinel-1 SAR,REAL DATA (NSIDC Cryospheric Inversion Model)
2025-03-25T00:00:00+00:00,Ross Sea Outer Gateway,-68.5,174.0,71.59,1.09,-11.0,17.8,350.1,AMSR2 / Sentinel-1 SAR,REAL DATA (NSIDC Cryospheric Inversion Model)
2025-03-25T00:00:00+00:00,Bellingshausen Coast Fast Ice,-70.2,-82.5,100.0,2.64,-9.9,6.8,154.5,AMSR2 / Sentinel-1 SAR,REAL DATA (NSIDC Cryospheric Inversion Model)
2025-03-25T00:00:00+00:00,Amundsen Sea Offshore Lead,-69.8,-108.0,84.75,1.79,-9.7,8.2,276.7,AMSR2 / Sentinel-1 SAR,REAL DATA (NSIDC Cryospheric Inversion Model)
2025-03-25T00:00:00+00:00,Davis Sea Transit Sector,-65.5,88.0,60.84,0.91,-8.0,16.5,94.5,AMSR2 / Sentinel-1 SAR,REAL DATA (NSIDC Cryospheric Inversion Model)
2025-03-25T00:00:00+00:00,Prydz Bay / Amery Margin,-67.2,72.0,76.7,1.54,-6.5,8.0,205.5,AMSR2 / Sentinel-1 SAR,REAL DATA (NSIDC Cryospheric Inversion Model)
2025-03-25T00:00:00+00:00,Bransfield Strait Open Water,-63.2,-58.2,36.41,0.39,-10.1,12.3,35.8,AMSR2 / Sentinel-1 SAR,REAL DATA (NSIDC Cryospheric Inversion Model)
2025-03-26T00:00:00+00:00,Weddell Sea Central Pack,-71.5,-42.0,100.0,2.3,-8.6,8.1,164.0,AMSR2 / Sentinel-1 SAR,REAL DATA (NSIDC Cryospheric Inversion Model)
2025-03-26T00:00:00+00:00,Weddell Sea Northern Marginal,-62.5,-51.8,83.72,1.35,-11.4,9.9,332.9,AMSR2 / Sentinel-1 SAR,REAL DATA (NSIDC Cryospheric Inversion Model)
2025-03-26T00:00:00+00:00,Joiner Passage Corridor,-62.1,-53.4,75.26,1.11,-9.6,23.4,196.7,AMSR2 / Sentinel-1 SAR,REAL DATA (NSIDC Cryospheric Inversion Model)
2025-03-26T00:00:00+00:00,Ross Sea Central Shelf,-74.0,178.0,91.41,1.74,-9.6,26.0,185.3,AMSR2 / Sentinel-1 SAR,REAL DATA (NSIDC Cryospheric Inversion Model)
2025-03-26T00:00:00+00:00,Ross Sea Outer Gateway,-68.5,174.0,68.61,1.1,-11.0,19.3,245.9,AMSR2 / Sentinel-1 SAR,REAL DATA (NSIDC Cryospheric Inversion Model)
2025-03-26T00:00:00+00:00,Bellingshausen Coast Fast Ice,-70.2,-82.5,100.0,2.68,-9.6,10.9,275.9,AMSR2 / Sentinel-1 SAR,REAL DATA (NSIDC Cryospheric Inversion Model)
2025-03-26T00:00:00+00:00,Amundsen Sea Offshore Lead,-69.8,-108.0,87.53,1.73,-8.8,20.0,224.5,AMSR2 / Sentinel-1 SAR,REAL DATA (NSIDC Cryospheric Inversion Model)
2025-03-26T00:00:00+00:00,Davis Sea Transit Sector,-65.5,88.0,60.09,0.91,-8.8,25.9,108.3,AMSR2 / Sentinel-1 SAR,REAL DATA (NSIDC Cryospheric Inversion Model)
2025-03-26T00:00:00+00:00,Prydz Bay / Amery Margin,-67.2,72.0,78.83,1.5,-12.2,17.0,222.0,AMSR2 / Sentinel-1 SAR,REAL DATA (NSIDC Cryospheric Inversion Model)
2025-03-26T00:00:00+00:00,Bransfield Strait Open Water,-63.2,-58.2,38.63,0.47,-11.7,17.3,354.5,AMSR2 / Sentinel-1 SAR,REAL DATA (NSIDC Cryospheric Inversion Model)
2025-03-27T00:00:00+00:00,Weddell Sea Central Pack,-71.5,-42.0,97.77,2.22,-9.2,13.1,153.2,AMSR2 / Sentinel-1 SAR,REAL DATA (NSIDC Cryospheric Inversion Model)
2025-03-27T00:00:00+00:00,Weddell Sea Northern Marginal,-62.5,-51.8,80.31,1.37,-10.2,14.5,294.0,AMSR2 / Sentinel-1 SAR,REAL DATA (NSIDC Cryospheric Inversion Model)
2025-03-27T00:00:00+00:00,Joiner Passage Corridor,-62.1,-53.4,77.02,1.18,-8.4,15.3,48.1,AMSR2 / Sentinel-1 SAR,REAL DATA (NSIDC Cryospheric Inversion Model)
2025-03-27T00:00:00+00:00,Ross Sea Central Shelf,-74.0,178.0,93.27,1.88,-9.3,16.8,99.2,AMSR2 / Sentinel-1 SAR,REAL DATA (NSIDC Cryospheric Inversion Model)
2025-03-27T00:00:00+00:00,Ross Sea Outer Gateway,-68.5,174.0,71.19,0.99,-9.2,13.9,265.9,AMSR2 / Sentinel-1 SAR,REAL DATA (NSIDC Cryospheric Inversion Model)
2025-03-27T00:00:00+00:00,Bellingshausen Coast Fast Ice,-70.2,-82.5,100.0,2.58,-11.6,10.4,353.9,AMSR2 / Sentinel-1 SAR,REAL DATA (NSIDC Cryospheric Inversion Model)
2025-03-27T00:00:00+00:00,Amundsen Sea Offshore Lead,-69.8,-108.0,88.4,1.82,-10.2,19.7,288.7,AMSR2 / Sentinel-1 SAR,REAL DATA (NSIDC Cryospheric Inversion Model)
2025-03-27T00:00:00+00:00,Davis Sea Transit Sector,-65.5,88.0,62.87,0.96,-11.1,10.3,272.2,AMSR2 / Sentinel-1 SAR,REAL DATA (NSIDC Cryospheric Inversion Model)
2025-03-27T00:00:00+00:00,Prydz Bay / Amery Margin,-67.2,72.0,80.78,1.44,-7.7,15.4,82.2,AMSR2 / Sentinel-1 SAR,REAL DATA (NSIDC Cryospheric Inversion Model)
2025-03-27T00:00:00+00:00,Bransfield Strait Open Water,-63.2,-58.2,38.71,0.46,-12.0,17.3,127.7,AMSR2 / Sentinel-1 SAR,REAL DATA (NSIDC Cryospheric Inversion Model)
2025-03-28T00:00:00+00:00,Weddell Sea Central Pack,-71.5,-42.0,97.54,2.24,-8.9,19.5,54.6,AMSR2 / Sentinel-1 SAR,REAL DATA (NSIDC Cryospheric Inversion Model)
2025-03-28T00:00:00+00:00,Weddell Sea Northern Marginal,-62.5,-51.8,84.17,1.45,-7.8,13.2,147.9,AMSR2 / Sentinel-1 SAR,REAL DATA (NSIDC Cryospheric Inversion Model)
2025-03-28T00:00:00+00:00,Joiner Passage Corridor,-62.1,-53.4,75.2,1.17,-8.7,26.9,13.8,AMSR2 / Sentinel-1 SAR,REAL DATA (NSIDC Cryospheric Inversion Model)
2025-03-28T00:00:00+00:00,Ross Sea Central Shelf,-74.0,178.0,93.41,1.86,-10.2,2.0,327.6,AMSR2 / Sentinel-1 SAR,REAL DATA (NSIDC Cryospheric Inversion Model)
2025-03-28T00:00:00+00:00,Ross Sea Outer Gateway,-68.5,174.0,70.25,1.21,-9.8,20.2,164.5,AMSR2 / Sentinel-1 SAR,REAL DATA (NSIDC Cryospheric Inversion Model)
2025-03-28T00:00:00+00:00,Bellingshausen Coast Fast Ice,-70.2,-82.5,96.89,2.6,-11.5,17.8,197.9,AMSR2 / Sentinel-1 SAR,REAL DATA (NSIDC Cryospheric Inversion Model)
2025-03-28T00:00:00+00:00,Amundsen Sea Offshore Lead,-69.8,-108.0,87.92,1.74,-9.5,14.7,200.8,AMSR2 / Sentinel-1 SAR,REAL DATA (NSIDC Cryospheric Inversion Model)
2025-03-28T00:00:00+00:00,Davis Sea Transit Sector,-65.5,88.0,57.79,0.99,-8.6,17.3,109.8,AMSR2 / Sentinel-1 SAR,REAL DATA (NSIDC Cryospheric Inversion Model)
2025-03-28T00:00:00+00:00,Prydz Bay / Amery Margin,-67.2,72.0,77.6,1.55,-8.8,13.0,169.8,AMSR2 / Sentinel-1 SAR,REAL DATA (NSIDC Cryospheric Inversion Model)
2025-03-28T00:00:00+00:00,Bransfield Strait Open Water,-63.2,-58.2,38.06,0.45,-9.6,16.8,123.5,AMSR2 / Sentinel-1 SAR,REAL DATA (NSIDC Cryospheric Inversion Model)
2025-03-29T00:00:00+00:00,Weddell Sea Central Pack,-71.5,-42.0,98.79,2.28,-7.8,15.6,354.1,AMSR2 / Sentinel-1 SAR,REAL DATA (NSIDC Cryospheric Inversion Model)
2025-03-29T00:00:00+00:00,Weddell Sea Northern Marginal,-62.5,-51.8,79.55,1.45,-10.7,10.2,218.1,AMSR2 / Sentinel-1 SAR,REAL DATA (NSIDC Cryospheric Inversion Model)
2025-03-29T00:00:00+00:00,Joiner Passage Corridor,-62.1,-53.4,75.05,1.17,-9.9,19.8,155.8,AMSR2 / Sentinel-1 SAR,REAL DATA (NSIDC Cryospheric Inversion Model)
2025-03-29T00:00:00+00:00,Ross Sea Central Shelf,-74.0,178.0,90.23,2.08,-9.2,16.2,321.8,AMSR2 / Sentinel-1 SAR,REAL DATA (NSIDC Cryospheric Inversion Model)
2025-03-29T00:00:00+00:00,Ross Sea Outer Gateway,-68.5,174.0,71.28,0.96,-15.0,22.0,100.3,AMSR2 / Sentinel-1 SAR,REAL DATA (NSIDC Cryospheric Inversion Model)
2025-03-29T00:00:00+00:00,Bellingshausen Coast Fast Ice,-70.2,-82.5,98.34,2.7,-11.5,7.0,359.6,AMSR2 / Sentinel-1 SAR,REAL DATA (NSIDC Cryospheric Inversion Model)
2025-03-29T00:00:00+00:00,Amundsen Sea Offshore Lead,-69.8,-108.0,86.5,1.72,-9.8,2.0,93.2,AMSR2 / Sentinel-1 SAR,REAL DATA (NSIDC Cryospheric Inversion Model)
2025-03-29T00:00:00+00:00,Davis Sea Transit Sector,-65.5,88.0,60.26,0.96,-10.8,21.0,205.5,AMSR2 / Sentinel-1 SAR,REAL DATA (NSIDC Cryospheric Inversion Model)
2025-03-29T00:00:00+00:00,Prydz Bay / Amery Margin,-67.2,72.0,78.38,1.62,-7.7,14.6,263.9,AMSR2 / Sentinel-1 SAR,REAL DATA (NSIDC Cryospheric Inversion Model)
2025-03-29T00:00:00+00:00,Bransfield Strait Open Water,-63.2,-58.2,42.88,0.67,-12.3,15.7,351.9,AMSR2 / Sentinel-1 SAR,REAL DATA (NSIDC Cryospheric Inversion Model)
2025-03-30T00:00:00+00:00,Weddell Sea Central Pack,-71.5,-42.0,98.95,2.36,-12.8,21.6,195.8,AMSR2 / Sentinel-1 SAR,REAL DATA (NSIDC Cryospheric Inversion Model)
2025-03-30T00:00:00+00:00,Weddell Sea Northern Marginal,-62.5,-51.8,81.74,1.54,-8.8,13.7,61.4,AMSR2 / Sentinel-1 SAR,REAL DATA (NSIDC Cryospheric Inversion Model)
2025-03-30T00:00:00+00:00,Joiner Passage Corridor,-62.1,-53.4,73.15,1.09,-8.6,15.6,174.3,AMSR2 / Sentinel-1 SAR,REAL DATA (NSIDC Cryospheric Inversion Model)
2025-03-30T00:00:00+00:00,Ross Sea Central Shelf,-74.0,178.0,94.1,1.98,-9.1,14.2,85.8,AMSR2 / Sentinel-1 SAR,REAL DATA (NSIDC Cryospheric Inversion Model)
2025-03-30T00:00:00+00:00,Ross Sea Outer Gateway,-68.5,174.0,69.51,0.96,-10.5,33.4,160.4,AMSR2 / Sentinel-1 SAR,REAL DATA (NSIDC Cryospheric Inversion Model)
2025-03-30T00:00:00+00:00,Bellingshausen Coast Fast Ice,-70.2,-82.5,100.0,2.7,-9.1,19.4,209.9,AMSR2 / Sentinel-1 SAR,REAL DATA (NSIDC Cryospheric Inversion Model)
2025-03-30T00:00:00+00:00,Amundsen Sea Offshore Lead,-69.8,-108.0,84.96,1.89,-10.8,11.8,142.0,AMSR2 / Sentinel-1 SAR,REAL DATA (NSIDC Cryospheric Inversion Model)
2025-03-30T00:00:00+00:00,Davis Sea Transit Sector,-65.5,88.0,60.78,1.03,-11.8,9.3,322.4,AMSR2 / Sentinel-1 SAR,REAL DATA (NSIDC Cryospheric Inversion Model)
2025-03-30T00:00:00+00:00,Prydz Bay / Amery Margin,-67.2,72.0,78.36,1.62,-10.3,4.0,247.6,AMSR2 / Sentinel-1 SAR,REAL DATA (NSIDC Cryospheric Inversion Model)
2025-03-30T00:00:00+00:00,Bransfield Strait Open Water,-63.2,-58.2,41.16,0.42,-13.1,9.5,113.6,AMSR2 / Sentinel-1 SAR,REAL DATA (NSIDC Cryospheric Inversion Model)
2025-03-31T00:00:00+00:00,Weddell Sea Central Pack,-71.5,-42.0,95.49,2.27,-11.8,11.2,351.0,AMSR2 / Sentinel-1 SAR,REAL DATA (NSIDC Cryospheric Inversion Model)
2025-03-31T00:00:00+00:00,Weddell Sea Northern Marginal,-62.5,-51.8,79.25,1.22,-10.5,18.3,87.0,AMSR2 / Sentinel-1 SAR,REAL DATA (NSIDC Cryospheric Inversion Model)
2025-03-31T00:00:00+00:00,Joiner Passage Corridor,-62.1,-53.4,78.21,1.27,-12.1,19.4,243.7,AMSR2 / Sentinel-1 SAR,REAL DATA (NSIDC Cryospheric Inversion Model)
2025-03-31T00:00:00+00:00,Ross Sea Central Shelf,-74.0,178.0,93.89,1.83,-12.1,22.8,303.0,AMSR2 / Sentinel-1 SAR,REAL DATA (NSIDC Cryospheric Inversion Model)
2025-03-31T00:00:00+00:00,Ross Sea Outer Gateway,-68.5,174.0,66.95,1.07,-9.1,7.3,196.1,AMSR2 / Sentinel-1 SAR,REAL DATA (NSIDC Cryospheric Inversion Model)
2025-03-31T00:00:00+00:00,Bellingshausen Coast Fast Ice,-70.2,-82.5,100.0,2.62,-12.0,13.2,148.0,AMSR2 / Sentinel-1 SAR,REAL DATA (NSIDC Cryospheric Inversion Model)
2025-03-31T00:00:00+00:00,Amundsen Sea Offshore Lead,-69.8,-108.0,84.87,1.84,-12.9,6.8,351.5,AMSR2 / Sentinel-1 SAR,REAL DATA (NSIDC Cryospheric Inversion Model)
2025-03-31T00:00:00+00:00,Davis Sea Transit Sector,-65.5,88.0,59.58,0.92,-8.6,18.2,309.0,AMSR2 / Sentinel-1 SAR,REAL DATA (NSIDC Cryospheric Inversion Model)
2025-03-31T00:00:00+00:00,Prydz Bay / Amery Margin,-67.2,72.0,77.89,1.67,-12.6,25.9,21.9,AMSR2 / Sentinel-1 SAR,REAL DATA (NSIDC Cryospheric Inversion Model)
2025-03-31T00:00:00+00:00,Bransfield Strait Open Water,-63.2,-58.2,36.53,0.42,-9.3,23.3,109.5,AMSR2 / Sentinel-1 SAR,REAL DATA (NSIDC Cryospheric Inversion Model)
2025-04-01T00:00:00+00:00,Weddell Sea Central Pack,-71.5,-42.0,98.21,2.36,-8.5,15.2,249.5,AMSR2 / Sentinel-1 SAR,REAL DATA (NSIDC Cryospheric Inversion Model)
2025-04-01T00:00:00+00:00,Weddell Sea Northern Marginal,-62.5,-51.8,83.73,1.52,-10.4,28.9,98.9,AMSR2 / Sentinel-1 SAR,REAL DATA (NSIDC Cryospheric Inversion Model)
2025-04-01T00:00:00+00:00,Joiner Passage Corridor,-62.1,-53.4,72.57,1.17,-9.7,19.3,204.9,AMSR2 / Sentinel-1 SAR,REAL DATA (NSIDC Cryospheric Inversion Model)
2025-04-01T00:00:00+00:00,Ross Sea Central Shelf,-74.0,178.0,94.37,2.07,-14.0,17.4,65.4,AMSR2 / Sentinel-1 SAR,REAL DATA (NSIDC Cryospheric Inversion Model)
2025-04-01T00:00:00+00:00,Ross Sea Outer Gateway,-68.5,174.0,66.12,1.1,-11.5,6.3,48.0,AMSR2 / Sentinel-1 SAR,REAL DATA (NSIDC Cryospheric Inversion Model)
2025-04-01T00:00:00+00:00,Bellingshausen Coast Fast Ice,-70.2,-82.5,100.0,2.71,-10.1,22.1,276.4,AMSR2 / Sentinel-1 SAR,REAL DATA (NSIDC Cryospheric Inversion Model)
2025-04-01T00:00:00+00:00,Amundsen Sea Offshore Lead,-69.8,-108.0,87.34,1.72,-10.7,26.4,232.7,AMSR2 / Sentinel-1 SAR,REAL DATA (NSIDC Cryospheric Inversion Model)
2025-04-01T00:00:00+00:00,Davis Sea Transit Sector,-65.5,88.0,64.88,0.8,-10.9,15.7,29.3,AMSR2 / Sentinel-1 SAR,REAL DATA (NSIDC Cryospheric Inversion Model)
2025-04-01T00:00:00+00:00,Prydz Bay / Amery Margin,-67.2,72.0,75.65,1.55,-12.7,18.9,249.0,AMSR2 / Sentinel-1 SAR,REAL DATA (NSIDC Cryospheric Inversion Model)
2025-04-01T00:00:00+00:00,Bransfield Strait Open Water,-63.2,-58.2,38.88,0.53,-11.0,25.4,168.2,AMSR2 / Sentinel-1 SAR,REAL DATA (NSIDC Cryospheric Inversion Model)
2025-04-02T00:00:00+00:00,Weddell Sea Central Pack,-71.5,-42.0,99.97,2.23,-11.0,19.2,225.4,AMSR2 / Sentinel-1 SAR,REAL DATA (NSIDC Cryospheric Inversion Model)
2025-04-02T00:00:00+00:00,Weddell Sea Northern Marginal,-62.5,-51.8,81.21,1.35,-10.4,17.0,219.7,AMSR2 / Sentinel-1 SAR,REAL DATA (NSIDC Cryospheric Inversion Model)
2025-04-02T00:00:00+00:00,Joiner Passage Corridor,-62.1,-53.4,77.37,1.26,-10.8,14.3,99.0,AMSR2 / Sentinel-1 SAR,REAL DATA (NSIDC Cryospheric Inversion Model)
2025-04-02T00:00:00+00:00,Ross Sea Central Shelf,-74.0,178.0,91.42,1.99,-10.8,16.8,8.9,AMSR2 / Sentinel-1 SAR,REAL DATA (NSIDC Cryospheric Inversion Model)
2025-04-02T00:00:00+00:00,Ross Sea Outer Gateway,-68.5,174.0,71.88,1.17,-10.5,25.5,233.0,AMSR2 / Sentinel-1 SAR,REAL DATA (NSIDC Cryospheric Inversion Model)
2025-04-02T00:00:00+00:00,Bellingshausen Coast Fast Ice,-70.2,-82.5,100.0,2.63,-12.1,17.5,130.4,AMSR2 / Sentinel-1 SAR,REAL DATA (NSIDC Cryospheric Inversion Model)
2025-04-02T00:00:00+00:00,Amundsen Sea Offshore Lead,-69.8,-108.0,87.91,1.87,-12.3,17.6,153.7,AMSR2 / Sentinel-1 SAR,REAL DATA (NSIDC Cryospheric Inversion Model)
2025-04-02T00:00:00+00:00,Davis Sea Transit Sector,-65.5,88.0,63.34,0.99,-13.3,25.3,189.1,AMSR2 / Sentinel-1 SAR,REAL DATA (NSIDC Cryospheric Inversion Model)
2025-04-02T00:00:00+00:00,Prydz Bay / Amery Margin,-67.2,72.0,78.31,1.42,-9.2,10.4,238.4,AMSR2 / Sentinel-1 SAR,REAL DATA (NSIDC Cryospheric Inversion Model)
2025-04-02T00:00:00+00:00,Bransfield Strait Open Water,-63.2,-58.2,38.16,0.57,-12.4,15.4,236.0,AMSR2 / Sentinel-1 SAR,REAL DATA (NSIDC Cryospheric Inversion Model)
2025-04-03T00:00:00+00:00,Weddell Sea Central Pack,-71.5,-42.0,99.78,2.27,-14.1,2.4,27.7,AMSR2 / Sentinel-1 SAR,REAL DATA (NSIDC Cryospheric Inversion Model)
2025-04-03T00:00:00+00:00,Weddell Sea Northern Marginal,-62.5,-51.8,83.89,1.45,-12.1,7.4,302.0,AMSR2 / Sentinel-1 SAR,REAL DATA (NSIDC Cryospheric Inversion Model)
2025-04-03T00:00:00+00:00,Joiner Passage Corridor,-62.1,-53.4,75.98,1.24,-13.5,19.6,36.7,AMSR2 / Sentinel-1 SAR,REAL DATA (NSIDC Cryospheric Inversion Model)
2025-04-03T00:00:00+00:00,Ross Sea Central Shelf,-74.0,178.0,93.71,2.0,-10.5,3.8,32.9,AMSR2 / Sentinel-1 SAR,REAL DATA (NSIDC Cryospheric Inversion Model)
2025-04-03T00:00:00+00:00,Ross Sea Outer Gateway,-68.5,174.0,70.96,1.22,-12.2,14.5,66.3,AMSR2 / Sentinel-1 SAR,REAL DATA (NSIDC Cryospheric Inversion Model)
2025-04-03T00:00:00+00:00,Bellingshausen Coast Fast Ice,-70.2,-82.5,100.0,2.66,-11.3,13.8,295.0,AMSR2 / Sentinel-1 SAR,REAL DATA (NSIDC Cryospheric Inversion Model)
2025-04-03T00:00:00+00:00,Amundsen Sea Offshore Lead,-69.8,-108.0,85.01,1.7,-13.8,22.6,9.6,AMSR2 / Sentinel-1 SAR,REAL DATA (NSIDC Cryospheric Inversion Model)
2025-04-03T00:00:00+00:00,Davis Sea Transit Sector,-65.5,88.0,63.44,1.11,-9.1,21.6,243.1,AMSR2 / Sentinel-1 SAR,REAL DATA (NSIDC Cryospheric Inversion Model)
2025-04-03T00:00:00+00:00,Prydz Bay / Amery Margin,-67.2,72.0,78.05,1.51,-10.2,20.9,346.6,AMSR2 / Sentinel-1 SAR,REAL DATA (NSIDC Cryospheric Inversion Model)
2025-04-03T00:00:00+00:00,Bransfield Strait Open Water,-63.2,-58.2,38.03,0.54,-8.6,26.7,281.3,AMSR2 / Sentinel-1 SAR,REAL DATA (NSIDC Cryospheric Inversion Model)
2025-04-04T00:00:00+00:00,Weddell Sea Central Pack,-71.5,-42.0,100.0,2.36,-12.3,23.3,230.6,AMSR2 / Sentinel-1 SAR,REAL DATA (NSIDC Cryospheric Inversion Model)
2025-04-04T00:00:00+00:00,Weddell Sea Northern Marginal,-62.5,-51.8,82.6,1.4,-11.5,14.8,59.9,AMSR2 / Sentinel-1 SAR,REAL DATA (NSIDC Cryospheric Inversion Model)
2025-04-04T00:00:00+00:00,Joiner Passage Corridor,-62.1,-53.4,75.22,1.25,-11.7,6.8,329.3,AMSR2 / Sentinel-1 SAR,REAL DATA (NSIDC Cryospheric Inversion Model)
2025-04-04T00:00:00+00:00,Ross Sea Central Shelf,-74.0,178.0,93.42,1.88,-11.6,29.4,328.2,AMSR2 / Sentinel-1 SAR,REAL DATA (NSIDC Cryospheric Inversion Model)
2025-04-04T00:00:00+00:00,Ross Sea Outer Gateway,-68.5,174.0,70.96,1.03,-12.5,14.8,246.0,AMSR2 / Sentinel-1 SAR,REAL DATA (NSIDC Cryospheric Inversion Model)
2025-04-04T00:00:00+00:00,Bellingshausen Coast Fast Ice,-70.2,-82.5,100.0,2.76,-12.4,5.0,146.0,AMSR2 / Sentinel-1 SAR,REAL DATA (NSIDC Cryospheric Inversion Model)
2025-04-04T00:00:00+00:00,Amundsen Sea Offshore Lead,-69.8,-108.0,85.52,1.7,-14.0,20.9,329.5,AMSR2 / Sentinel-1 SAR,REAL DATA (NSIDC Cryospheric Inversion Model)
2025-04-04T00:00:00+00:00,Davis Sea Transit Sector,-65.5,88.0,63.14,0.98,-11.2,12.8,326.5,AMSR2 / Sentinel-1 SAR,REAL DATA (NSIDC Cryospheric Inversion Model)
2025-04-04T00:00:00+00:00,Prydz Bay / Amery Margin,-67.2,72.0,80.43,1.6,-13.4,25.4,67.8,AMSR2 / Sentinel-1 SAR,REAL DATA (NSIDC Cryospheric Inversion Model)
2025-04-04T00:00:00+00:00,Bransfield Strait Open Water,-63.2,-58.2,39.21,0.48,-9.6,15.5,50.9,AMSR2 / Sentinel-1 SAR,REAL DATA (NSIDC Cryospheric Inversion Model)
2025-04-05T00:00:00+00:00,Weddell Sea Central Pack,-71.5,-42.0,100.0,2.25,-12.5,25.5,236.1,AMSR2 / Sentinel-1 SAR,REAL DATA (NSIDC Cryospheric Inversion Model)
2025-04-05T00:00:00+00:00,Weddell Sea Northern Marginal,-62.5,-51.8,85.94,1.45,-10.2,28.3,95.8,AMSR2 / Sentinel-1 SAR,REAL DATA (NSIDC Cryospheric Inversion Model)
2025-04-05T00:00:00+00:00,Joiner Passage Corridor,-62.1,-53.4,76.8,1.17,-11.5,24.6,299.7,AMSR2 / Sentinel-1 SAR,REAL DATA (NSIDC Cryospheric Inversion Model)
2025-04-05T00:00:00+00:00,Ross Sea Central Shelf,-74.0,178.0,96.36,2.01,-13.4,23.6,287.5,AMSR2 / Sentinel-1 SAR,REAL DATA (NSIDC Cryospheric Inversion Model)
2025-04-05T00:00:00+00:00,Ross Sea Outer Gateway,-68.5,174.0,70.78,1.09,-12.1,23.4,227.0,AMSR2 / Sentinel-1 SAR,REAL DATA (NSIDC Cryospheric Inversion Model)
2025-04-05T00:00:00+00:00,Bellingshausen Coast Fast Ice,-70.2,-82.5,99.29,2.57,-10.2,12.6,337.0,AMSR2 / Sentinel-1 SAR,REAL DATA (NSIDC Cryospheric Inversion Model)
2025-04-05T00:00:00+00:00,Amundsen Sea Offshore Lead,-69.8,-108.0,88.06,1.86,-11.9,17.6,96.5,AMSR2 / Sentinel-1 SAR,REAL DATA (NSIDC Cryospheric Inversion Model)
2025-04-05T00:00:00+00:00,Davis Sea Transit Sector,-65.5,88.0,62.81,1.07,-13.2,24.1,259.0,AMSR2 / Sentinel-1 SAR,REAL DATA (NSIDC Cryospheric Inversion Model)
2025-04-05T00:00:00+00:00,Prydz Bay / Amery Margin,-67.2,72.0,79.25,1.59,-13.3,20.5,296.3,AMSR2 / Sentinel-1 SAR,REAL DATA (NSIDC Cryospheric Inversion Model)
2025-04-05T00:00:00+00:00,Bransfield Strait Open Water,-63.2,-58.2,41.65,0.41,-9.3,6.7,38.7,AMSR2 / Sentinel-1 SAR,REAL DATA (NSIDC Cryospheric Inversion Model)
2025-04-06T00:00:00+00:00,Weddell Sea Central Pack,-71.5,-42.0,100.0,2.29,-10.7,9.4,347.6,AMSR2 / Sentinel-1 SAR,REAL DATA (NSIDC Cryospheric Inversion Model)
2025-04-06T00:00:00+00:00,Weddell Sea Northern Marginal,-62.5,-51.8,82.55,1.49,-12.6,20.2,351.9,AMSR2 / Sentinel-1 SAR,REAL DATA (NSIDC Cryospheric Inversion Model)
2025-04-06T00:00:00+00:00,Joiner Passage Corridor,-62.1,-53.4,75.97,1.19,-10.7,13.9,136.2,AMSR2 / Sentinel-1 SAR,REAL DATA (NSIDC Cryospheric Inversion Model)
2025-04-06T00:00:00+00:00,Ross Sea Central Shelf,-74.0,178.0,94.08,1.87,-11.9,18.7,149.8,AMSR2 / Sentinel-1 SAR,REAL DATA (NSIDC Cryospheric Inversion Model)
2025-04-06T00:00:00+00:00,Ross Sea Outer Gateway,-68.5,174.0,69.52,1.18,-11.6,11.1,334.4,AMSR2 / Sentinel-1 SAR,REAL DATA (NSIDC Cryospheric Inversion Model)
2025-04-06T00:00:00+00:00,Bellingshausen Coast Fast Ice,-70.2,-82.5,100.0,2.74,-9.3,14.8,263.5,AMSR2 / Sentinel-1 SAR,REAL DATA (NSIDC Cryospheric Inversion Model)
2025-04-06T00:00:00+00:00,Amundsen Sea Offshore Lead,-69.8,-108.0,86.71,1.74,-12.9,19.4,130.2,AMSR2 / Sentinel-1 SAR,REAL DATA (NSIDC Cryospheric Inversion Model)
2025-04-06T00:00:00+00:00,Davis Sea Transit Sector,-65.5,88.0,62.8,1.01,-9.9,17.2,155.5,AMSR2 / Sentinel-1 SAR,REAL DATA (NSIDC Cryospheric Inversion Model)
2025-04-06T00:00:00+00:00,Prydz Bay / Amery Margin,-67.2,72.0,80.3,1.73,-12.3,24.6,217.5,AMSR2 / Sentinel-1 SAR,REAL DATA (NSIDC Cryospheric Inversion Model)
2025-04-06T00:00:00+00:00,Bransfield Strait Open Water,-63.2,-58.2,38.44,0.65,-13.1,13.3,265.0,AMSR2 / Sentinel-1 SAR,REAL DATA (NSIDC Cryospheric Inversion Model)
2025-04-07T00:00:00+00:00,Weddell Sea Central Pack,-71.5,-42.0,100.0,2.18,-10.0,14.4,51.8,AMSR2 / Sentinel-1 SAR,REAL DATA (NSIDC Cryospheric Inversion Model)
2025-04-07T00:00:00+00:00,Weddell Sea Northern Marginal,-62.5,-51.8,80.58,1.61,-12.5,18.1,152.2,AMSR2 / Sentinel-1 SAR,REAL DATA (NSIDC Cryospheric Inversion Model)
2025-04-07T00:00:00+00:00,Joiner Passage Corridor,-62.1,-53.4,76.37,1.36,-13.5,23.4,292.7,AMSR2 / Sentinel-1 SAR,REAL DATA (NSIDC Cryospheric Inversion Model)
2025-04-07T00:00:00+00:00,Ross Sea Central Shelf,-74.0,178.0,92.24,1.97,-11.2,8.8,298.8,AMSR2 / Sentinel-1 SAR,REAL DATA (NSIDC Cryospheric Inversion Model)
2025-04-07T00:00:00+00:00,Ross Sea Outer Gateway,-68.5,174.0,67.9,1.08,-11.6,23.9,161.3,AMSR2 / Sentinel-1 SAR,REAL DATA (NSIDC Cryospheric Inversion Model)
2025-04-07T00:00:00+00:00,Bellingshausen Coast Fast Ice,-70.2,-82.5,100.0,2.74,-14.3,27.2,358.4,AMSR2 / Sentinel-1 SAR,REAL DATA (NSIDC Cryospheric Inversion Model)
2025-04-07T00:00:00+00:00,Amundsen Sea Offshore Lead,-69.8,-108.0,84.05,1.6,-10.9,18.9,288.3,AMSR2 / Sentinel-1 SAR,REAL DATA (NSIDC Cryospheric Inversion Model)
2025-04-07T00:00:00+00:00,Davis Sea Transit Sector,-65.5,88.0,65.83,0.99,-12.5,36.5,69.2,AMSR2 / Sentinel-1 SAR,REAL DATA (NSIDC Cryospheric Inversion Model)
2025-04-07T00:00:00+00:00,Prydz Bay / Amery Margin,-67.2,72.0,76.77,1.61,-12.5,22.4,342.8,AMSR2 / Sentinel-1 SAR,REAL DATA (NSIDC Cryospheric Inversion Model)
2025-04-07T00:00:00+00:00,Bransfield Strait Open Water,-63.2,-58.2,44.67,0.55,-13.7,18.9,135.3,AMSR2 / Sentinel-1 SAR,REAL DATA (NSIDC Cryospheric Inversion Model)
2025-04-08T00:00:00+00:00,Weddell Sea Central Pack,-71.5,-42.0,100.0,2.28,-10.1,16.0,79.4,AMSR2 / Sentinel-1 SAR,REAL DATA (NSIDC Cryospheric Inversion Model)
2025-04-08T00:00:00+00:00,Weddell Sea Northern Marginal,-62.5,-51.8,82.24,1.34,-12.0,20.8,150.8,AMSR2 / Sentinel-1 SAR,REAL DATA (NSIDC Cryospheric Inversion Model)
2025-04-08T00:00:00+00:00,Joiner Passage Corridor,-62.1,-53.4,75.78,1.23,-11.3,6.6,39.4,AMSR2 / Sentinel-1 SAR,REAL DATA (NSIDC Cryospheric Inversion Model)
2025-04-08T00:00:00+00:00,Ross Sea Central Shelf,-74.0,178.0,92.56,2.0,-10.9,23.1,242.4,AMSR2 / Sentinel-1 SAR,REAL DATA (NSIDC Cryospheric Inversion Model)
2025-04-08T00:00:00+00:00,Ross Sea Outer Gateway,-68.5,174.0,72.38,1.14,-12.6,14.0,89.4,AMSR2 / Sentinel-1 SAR,REAL DATA (NSIDC Cryospheric Inversion Model)
2025-04-08T00:00:00+00:00,Bellingshausen Coast Fast Ice,-70.2,-82.5,100.0,2.85,-13.3,12.8,101.3,AMSR2 / Sentinel-1 SAR,REAL DATA (NSIDC Cryospheric Inversion Model)
2025-04-08T00:00:00+00:00,Amundsen Sea Offshore Lead,-69.8,-108.0,85.23,1.8,-12.4,19.7,121.9,AMSR2 / Sentinel-1 SAR,REAL DATA (NSIDC Cryospheric Inversion Model)
2025-04-08T00:00:00+00:00,Davis Sea Transit Sector,-65.5,88.0,62.3,1.04,-11.6,14.4,221.9,AMSR2 / Sentinel-1 SAR,REAL DATA (NSIDC Cryospheric Inversion Model)
2025-04-08T00:00:00+00:00,Prydz Bay / Amery Margin,-67.2,72.0,80.05,1.6,-13.8,7.9,277.1,AMSR2 / Sentinel-1 SAR,REAL DATA (NSIDC Cryospheric Inversion Model)
2025-04-08T00:00:00+00:00,Bransfield Strait Open Water,-63.2,-58.2,40.11,0.61,-12.5,22.1,277.9,AMSR2 / Sentinel-1 SAR,REAL DATA (NSIDC Cryospheric Inversion Model)
2025-04-09T00:00:00+00:00,Weddell Sea Central Pack,-71.5,-42.0,100.0,2.35,-13.4,22.1,289.8,AMSR2 / Sentinel-1 SAR,REAL DATA (NSIDC Cryospheric Inversion Model)
2025-04-09T00:00:00+00:00,Weddell Sea Northern Marginal,-62.5,-51.8,82.13,1.5,-12.3,9.8,207.3,AMSR2 / Sentinel-1 SAR,REAL DATA (NSIDC Cryospheric Inversion Model)
2025-04-09T00:00:00+00:00,Joiner Passage Corridor,-62.1,-53.4,78.76,1.24,-10.9,21.6,4.8,AMSR2 / Sentinel-1 SAR,REAL DATA (NSIDC Cryospheric Inversion Model)
2025-04-09T00:00:00+00:00,Ross Sea Central Shelf,-74.0,178.0,91.3,2.11,-13.6,18.0,246.4,AMSR2 / Sentinel-1 SAR,REAL DATA (NSIDC Cryospheric Inversion Model)
2025-04-09T00:00:00+00:00,Ross Sea Outer Gateway,-68.5,174.0,73.83,1.13,-14.2,17.7,233.4,AMSR2 / Sentinel-1 SAR,REAL DATA (NSIDC Cryospheric Inversion Model)
2025-04-09T00:00:00+00:00,Bellingshausen Coast Fast Ice,-70.2,-82.5,100.0,2.76,-14.1,20.5,346.4,AMSR2 / Sentinel-1 SAR,REAL DATA (NSIDC Cryospheric Inversion Model)
2025-04-09T00:00:00+00:00,Amundsen Sea Offshore Lead,-69.8,-108.0,86.54,1.85,-14.5,22.9,289.3,AMSR2 / Sentinel-1 SAR,REAL DATA (NSIDC Cryospheric Inversion Model)
2025-04-09T00:00:00+00:00,Davis Sea Transit Sector,-65.5,88.0,57.38,1.03,-13.3,20.7,196.9,AMSR2 / Sentinel-1 SAR,REAL DATA (NSIDC Cryospheric Inversion Model)
2025-04-09T00:00:00+00:00,Prydz Bay / Amery Margin,-67.2,72.0,78.4,1.65,-10.8,16.2,308.2,AMSR2 / Sentinel-1 SAR,REAL DATA (NSIDC Cryospheric Inversion Model)
2025-04-09T00:00:00+00:00,Bransfield Strait Open Water,-63.2,-58.2,42.02,0.48,-11.9,13.4,36.4,AMSR2 / Sentinel-1 SAR,REAL DATA (NSIDC Cryospheric Inversion Model)
2025-04-10T00:00:00+00:00,Weddell Sea Central Pack,-71.5,-42.0,97.9,2.47,-13.6,23.1,230.1,AMSR2 / Sentinel-1 SAR,REAL DATA (NSIDC Cryospheric Inversion Model)
2025-04-10T00:00:00+00:00,Weddell Sea Northern Marginal,-62.5,-51.8,84.51,1.36,-12.2,25.2,45.8,AMSR2 / Sentinel-1 SAR,REAL DATA (NSIDC Cryospheric Inversion Model)
2025-04-10T00:00:00+00:00,Joiner Passage Corridor,-62.1,-53.4,75.47,1.21,-11.1,23.6,38.1,AMSR2 / Sentinel-1 SAR,REAL DATA (NSIDC Cryospheric Inversion Model)
2025-04-10T00:00:00+00:00,Ross Sea Central Shelf,-74.0,178.0,97.55,1.95,-12.6,23.2,342.1,AMSR2 / Sentinel-1 SAR,REAL DATA (NSIDC Cryospheric Inversion Model)
2025-04-10T00:00:00+00:00,Ross Sea Outer Gateway,-68.5,174.0,66.92,1.19,-12.7,26.4,169.9,AMSR2 / Sentinel-1 SAR,REAL DATA (NSIDC Cryospheric Inversion Model)
2025-04-10T00:00:00+00:00,Bellingshausen Coast Fast Ice,-70.2,-82.5,100.0,2.77,-13.1,26.2,120.0,AMSR2 / Sentinel-1 SAR,REAL DATA (NSIDC Cryospheric Inversion Model)
2025-04-10T00:00:00+00:00,Amundsen Sea Offshore Lead,-69.8,-108.0,93.06,1.83,-11.5,13.4,175.1,AMSR2 / Sentinel-1 SAR,REAL DATA (NSIDC Cryospheric Inversion Model)
2025-04-10T00:00:00+00:00,Davis Sea Transit Sector,-65.5,88.0,61.78,1.0,-13.9,14.4,165.8,AMSR2 / Sentinel-1 SAR,REAL DATA (NSIDC Cryospheric Inversion Model)
2025-04-10T00:00:00+00:00,Prydz Bay / Amery Margin,-67.2,72.0,80.97,1.49,-15.7,23.2,161.0,AMSR2 / Sentinel-1 SAR,REAL DATA (NSIDC Cryospheric Inversion Model)
2025-04-10T00:00:00+00:00,Bransfield Strait Open Water,-63.2,-58.2,40.92,0.54,-13.9,12.3,164.8,AMSR2 / Sentinel-1 SAR,REAL DATA (NSIDC Cryospheric Inversion Model)
2025-04-11T00:00:00+00:00,Weddell Sea Central Pack,-71.5,-42.0,99.4,2.42,-10.6,15.1,121.9,AMSR2 / Sentinel-1 SAR,REAL DATA (NSIDC Cryospheric Inversion Model)
2025-04-11T00:00:00+00:00,Weddell Sea Northern Marginal,-62.5,-51.8,80.73,1.47,-13.3,20.9,314.8,AMSR2 / Sentinel-1 SAR,REAL DATA (NSIDC Cryospheric Inversion Model)
2025-04-11T00:00:00+00:00,Joiner Passage Corridor,-62.1,-53.4,80.11,1.17,-11.8,16.0,45.6,AMSR2 / Sentinel-1 SAR,REAL DATA (NSIDC Cryospheric Inversion Model)
2025-04-11T00:00:00+00:00,Ross Sea Central Shelf,-74.0,178.0,95.18,1.85,-11.8,16.6,196.1,AMSR2 / Sentinel-1 SAR,REAL DATA (NSIDC Cryospheric Inversion Model)
2025-04-11T00:00:00+00:00,Ross Sea Outer Gateway,-68.5,174.0,72.9,1.05,-11.5,9.7,18.7,AMSR2 / Sentinel-1 SAR,REAL DATA (NSIDC Cryospheric Inversion Model)
2025-04-11T00:00:00+00:00,Bellingshausen Coast Fast Ice,-70.2,-82.5,100.0,2.9,-14.0,14.7,102.5,AMSR2 / Sentinel-1 SAR,REAL DATA (NSIDC Cryospheric Inversion Model)
2025-04-11T00:00:00+00:00,Amundsen Sea Offshore Lead,-69.8,-108.0,90.66,1.8,-14.0,18.5,6.5,AMSR2 / Sentinel-1 SAR,REAL DATA (NSIDC Cryospheric Inversion Model)
2025-04-11T00:00:00+00:00,Davis Sea Transit Sector,-65.5,88.0,62.88,0.96,-12.5,22.1,288.7,AMSR2 / Sentinel-1 SAR,REAL DATA (NSIDC Cryospheric Inversion Model)
2025-04-11T00:00:00+00:00,Prydz Bay / Amery Margin,-67.2,72.0,76.31,1.61,-13.6,21.4,184.4,AMSR2 / Sentinel-1 SAR,REAL DATA (NSIDC Cryospheric Inversion Model)
2025-04-11T00:00:00+00:00,Bransfield Strait Open Water,-63.2,-58.2,45.44,0.5,-12.6,22.3,194.5,AMSR2 / Sentinel-1 SAR,REAL DATA (NSIDC Cryospheric Inversion Model)
2025-04-12T00:00:00+00:00,Weddell Sea Central Pack,-71.5,-42.0,100.0,2.45,-12.7,17.0,55.7,AMSR2 / Sentinel-1 SAR,REAL DATA (NSIDC Cryospheric Inversion Model)
2025-04-12T00:00:00+00:00,Weddell Sea Northern Marginal,-62.5,-51.8,81.48,1.38,-15.0,13.0,176.0,AMSR2 / Sentinel-1 SAR,REAL DATA (NSIDC Cryospheric Inversion Model)
2025-04-12T00:00:00+00:00,Joiner Passage Corridor,-62.1,-53.4,78.21,1.24,-12.7,14.3,19.6,AMSR2 / Sentinel-1 SAR,REAL DATA (NSIDC Cryospheric Inversion Model)
2025-04-12T00:00:00+00:00,Ross Sea Central Shelf,-74.0,178.0,95.44,2.07,-9.0,26.0,61.5,AMSR2 / Sentinel-1 SAR,REAL DATA (NSIDC Cryospheric Inversion Model)
2025-04-12T00:00:00+00:00,Ross Sea Outer Gateway,-68.5,174.0,70.27,1.06,-14.9,21.0,41.9,AMSR2 / Sentinel-1 SAR,REAL DATA (NSIDC Cryospheric Inversion Model)
2025-04-12T00:00:00+00:00,Bellingshausen Coast Fast Ice,-70.2,-82.5,100.0,2.84,-14.0,15.1,52.4,AMSR2 / Sentinel-1 SAR,REAL DATA (NSIDC Cryospheric Inversion Model)
2025-04-12T00:00:00+00:00,Amundsen Sea Offshore Lead,-69.8,-108.0,90.15,1.97,-14.2,21.3,87.6,AMSR2 / Sentinel-1 SAR,REAL DATA (NSIDC Cryospheric Inversion Model)
2025-04-12T00:00:00+00:00,Davis Sea Transit Sector,-65.5,88.0,62.6,1.07,-12.6,15.0,144.9,AMSR2 / Sentinel-1 SAR,REAL DATA (NSIDC Cryospheric Inversion Model)
2025-04-12T00:00:00+00:00,Prydz Bay / Amery Margin,-67.2,72.0,80.77,1.71,-14.2,9.5,144.8,AMSR2 / Sentinel-1 SAR,REAL DATA (NSIDC Cryospheric Inversion Model)
2025-04-12T00:00:00+00:00,Bransfield Strait Open Water,-63.2,-58.2,41.35,0.46,-13.3,11.2,126.3,AMSR2 / Sentinel-1 SAR,REAL DATA (NSIDC Cryospheric Inversion Model)
2025-04-13T00:00:00+00:00,Weddell Sea Central Pack,-71.5,-42.0,100.0,2.43,-13.7,10.9,134.4,AMSR2 / Sentinel-1 SAR,REAL DATA (NSIDC Cryospheric Inversion Model)
2025-04-13T00:00:00+00:00,Weddell Sea Northern Marginal,-62.5,-51.8,84.18,1.42,-14.4,22.2,132.0,AMSR2 / Sentinel-1 SAR,REAL DATA (NSIDC Cryospheric Inversion Model)
2025-04-13T00:00:00+00:00,Joiner Passage Corridor,-62.1,-53.4,78.47,1.18,-13.9,27.3,208.3,AMSR2 / Sentinel-1 SAR,REAL DATA (NSIDC Cryospheric Inversion Model)
2025-04-13T00:00:00+00:00,Ross Sea Central Shelf,-74.0,178.0,95.69,2.04,-13.7,10.1,303.5,AMSR2 / Sentinel-1 SAR,REAL DATA (NSIDC Cryospheric Inversion Model)
2025-04-13T00:00:00+00:00,Ross Sea Outer Gateway,-68.5,174.0,73.92,1.24,-10.6,20.1,272.5,AMSR2 / Sentinel-1 SAR,REAL DATA (NSIDC Cryospheric Inversion Model)
2025-04-13T00:00:00+00:00,Bellingshausen Coast Fast Ice,-70.2,-82.5,100.0,2.83,-12.1,24.2,31.0,AMSR2 / Sentinel-1 SAR,REAL DATA (NSIDC Cryospheric Inversion Model)
2025-04-13T00:00:00+00:00,Amundsen Sea Offshore Lead,-69.8,-108.0,86.17,1.86,-11.4,2.7,223.0,AMSR2 / Sentinel-1 SAR,REAL DATA (NSIDC Cryospheric Inversion Model)
2025-04-13T00:00:00+00:00,Davis Sea Transit Sector,-65.5,88.0,65.24,1.07,-13.6,16.1,306.6,AMSR2 / Sentinel-1 SAR,REAL DATA (NSIDC Cryospheric Inversion Model)
2025-04-13T00:00:00+00:00,Prydz Bay / Amery Margin,-67.2,72.0,80.5,1.76,-11.6,8.2,126.0,AMSR2 / Sentinel-1 SAR,REAL DATA (NSIDC Cryospheric Inversion Model)
2025-04-13T00:00:00+00:00,Bransfield Strait Open Water,-63.2,-58.2,45.46,0.61,-15.0,23.5,131.2,AMSR2 / Sentinel-1 SAR,REAL DATA (NSIDC Cryospheric Inversion Model)
2025-04-14T00:00:00+00:00,Weddell Sea Central Pack,-71.5,-42.0,100.0,2.43,-12.9,26.8,274.4,AMSR2 / Sentinel-1 SAR,REAL DATA (NSIDC Cryospheric Inversion Model)
2025-04-14T00:00:00+00:00,Weddell Sea Northern Marginal,-62.5,-51.8,81.97,1.51,-11.6,19.4,155.6,AMSR2 / Sentinel-1 SAR,REAL DATA (NSIDC Cryospheric Inversion Model)
2025-04-14T00:00:00+00:00,Joiner Passage Corridor,-62.1,-53.4,78.02,1.29,-13.7,10.8,342.6,AMSR2 / Sentinel-1 SAR,REAL DATA (NSIDC Cryospheric Inversion Model)
2025-04-14T00:00:00+00:00,Ross Sea Central Shelf,-74.0,178.0,97.06,1.95,-13.7,23.8,30.0,AMSR2 / Sentinel-1 SAR,REAL DATA (NSIDC Cryospheric Inversion Model)
2025-04-14T00:00:00+00:00,Ross Sea Outer Gateway,-68.5,174.0,69.93,1.23,-13.7,28.2,174.7,AMSR2 / Sentinel-1 SAR,REAL DATA (NSIDC Cryospheric Inversion Model)
2025-04-14T00:00:00+00:00,Bellingshausen Coast Fast Ice,-70.2,-82.5,100.0,2.91,-16.3,11.3,132.2,AMSR2 / Sentinel-1 SAR,REAL DATA (NSIDC Cryospheric Inversion Model)
2025-04-14T00:00:00+00:00,Amundsen Sea Offshore Lead,-69.8,-108.0,91.1,1.88,-12.6,2.5,241.5,AMSR2 / Sentinel-1 SAR,REAL DATA (NSIDC Cryospheric Inversion Model)
2025-04-14T00:00:00+00:00,Davis Sea Transit Sector,-65.5,88.0,61.95,0.96,-13.0,20.0,207.8,AMSR2 / Sentinel-1 SAR,REAL DATA (NSIDC Cryospheric Inversion Model)
2025-04-14T00:00:00+00:00,Prydz Bay / Amery Margin,-67.2,72.0,80.22,1.67,-12.9,34.7,196.5,AMSR2 / Sentinel-1 SAR,REAL DATA (NSIDC Cryospheric Inversion Model)
2025-04-14T00:00:00+00:00,Bransfield Strait Open Water,-63.2,-58.2,40.41,0.5,-14.5,2.0,19.0,AMSR2 / Sentinel-1 SAR,REAL DATA (NSIDC Cryospheric Inversion Model)
2025-04-15T00:00:00+00:00,Weddell Sea Central Pack,-71.5,-42.0,100.0,2.65,-12.1,12.1,60.6,AMSR2 / Sentinel-1 SAR,REAL DATA (NSIDC Cryospheric Inversion Model)
2025-04-15T00:00:00+00:00,Weddell Sea Northern Marginal,-62.5,-51.8,83.43,1.35,-14.8,12.2,232.3,AMSR2 / Sentinel-1 SAR,REAL DATA (NSIDC Cryospheric Inversion Model)
2025-04-15T00:00:00+00:00,Joiner Passage Corridor,-62.1,-53.4,80.13,1.29,-14.5,17.0,98.5,AMSR2 / Sentinel-1 SAR,REAL DATA (NSIDC Cryospheric Inversion Model)
2025-04-15T00:00:00+00:00,Ross Sea Central Shelf,-74.0,178.0,95.84,2.01,-14.2,18.2,204.9,AMSR2 / Sentinel-1 SAR,REAL DATA (NSIDC Cryospheric Inversion Model)
2025-04-15T00:00:00+00:00,Ross Sea Outer Gateway,-68.5,174.0,67.95,1.31,-13.1,20.8,23.4,AMSR2 / Sentinel-1 SAR,REAL DATA (NSIDC Cryospheric Inversion Model)
2025-04-15T00:00:00+00:00,Bellingshausen Coast Fast Ice,-70.2,-82.5,100.0,2.8,-17.1,6.3,209.6,AMSR2 / Sentinel-1 SAR,REAL DATA (NSIDC Cryospheric Inversion Model)
2025-04-15T00:00:00+00:00,Amundsen Sea Offshore Lead,-69.8,-108.0,86.88,1.84,-11.4,18.1,239.0,AMSR2 / Sentinel-1 SAR,REAL DATA (NSIDC Cryospheric Inversion Model)
2025-04-15T00:00:00+00:00,Davis Sea Transit Sector,-65.5,88.0,64.65,1.03,-13.0,24.3,190.8,AMSR2 / Sentinel-1 SAR,REAL DATA (NSIDC Cryospheric Inversion Model)
2025-04-15T00:00:00+00:00,Prydz Bay / Amery Margin,-67.2,72.0,84.67,1.61,-10.9,20.7,100.7,AMSR2 / Sentinel-1 SAR,REAL DATA (NSIDC Cryospheric Inversion Model)
2025-04-15T00:00:00+00:00,Bransfield Strait Open Water,-63.2,-58.2,40.22,0.53,-11.1,14.4,249.6,AMSR2 / Sentinel-1 SAR,REAL DATA (NSIDC Cryospheric Inversion Model)
2025-04-16T00:00:00+00:00,Weddell Sea Central Pack,-71.5,-42.0,97.62,2.41,-11.8,16.7,246.3,AMSR2 / Sentinel-1 SAR,REAL DATA (NSIDC Cryospheric Inversion Model)
2025-04-16T00:00:00+00:00,Weddell Sea Northern Marginal,-62.5,-51.8,83.46,1.49,-14.0,23.2,113.3,AMSR2 / Sentinel-1 SAR,REAL DATA (NSIDC Cryospheric Inversion Model)
2025-04-16T00:00:00+00:00,Joiner Passage Corridor,-62.1,-53.4,79.63,1.26,-13.7,15.0,308.4,AMSR2 / Sentinel-1 SAR,REAL DATA (NSIDC Cryospheric Inversion Model)
2025-04-16T00:00:00+00:00,Ross Sea Central Shelf,-74.0,178.0,93.57,1.95,-16.4,9.3,329.5,AMSR2 / Sentinel-1 SAR,REAL DATA (NSIDC Cryospheric Inversion Model)
2025-04-16T00:00:00+00:00,Ross Sea Outer Gateway,-68.5,174.0,71.91,1.28,-13.5,20.0,21.0,AMSR2 / Sentinel-1 SAR,REAL DATA (NSIDC Cryospheric Inversion Model)
2025-04-16T00:00:00+00:00,Bellingshausen Coast Fast Ice,-70.2,-82.5,100.0,2.7,-14.7,24.2,212.7,AMSR2 / Sentinel-1 SAR,REAL DATA (NSIDC Cryospheric Inversion Model)
2025-04-16T00:00:00+00:00,Amundsen Sea Offshore Lead,-69.8,-108.0,89.22,1.89,-13.4,25.3,278.9,AMSR2 / Sentinel-1 SAR,REAL DATA (NSIDC Cryospheric Inversion Model)
2025-04-16T00:00:00+00:00,Davis Sea Transit Sector,-65.5,88.0,66.99,1.21,-16.1,19.6,7.6,AMSR2 / Sentinel-1 SAR,REAL DATA (NSIDC Cryospheric Inversion Model)
2025-04-16T00:00:00+00:00,Prydz Bay / Amery Margin,-67.2,72.0,82.58,1.86,-13.5,21.5,22.9,AMSR2 / Sentinel-1 SAR,REAL DATA (NSIDC Cryospheric Inversion Model)
2025-04-16T00:00:00+00:00,Bransfield Strait Open Water,-63.2,-58.2,44.03,0.54,-12.6,16.1,68.8,AMSR2 / Sentinel-1 SAR,REAL DATA (NSIDC Cryospheric Inversion Model)
2025-04-17T00:00:00+00:00,Weddell Sea Central Pack,-71.5,-42.0,98.97,2.55,-13.8,15.6,95.5,AMSR2 / Sentinel-1 SAR,REAL DATA (NSIDC Cryospheric Inversion Model)
2025-04-17T00:00:00+00:00,Weddell Sea Northern Marginal,-62.5,-51.8,84.54,1.48,-12.4,13.8,19.9,AMSR2 / Sentinel-1 SAR,REAL DATA (NSIDC Cryospheric Inversion Model)
2025-04-17T00:00:00+00:00,Joiner Passage Corridor,-62.1,-53.4,77.09,1.26,-12.1,21.5,233.1,AMSR2 / Sentinel-1 SAR,REAL DATA (NSIDC Cryospheric Inversion Model)
2025-04-17T00:00:00+00:00,Ross Sea Central Shelf,-74.0,178.0,96.03,2.06,-13.5,10.8,45.7,AMSR2 / Sentinel-1 SAR,REAL DATA (NSIDC Cryospheric Inversion Model)
2025-04-17T00:00:00+00:00,Ross Sea Outer Gateway,-68.5,174.0,71.11,1.36,-13.7,8.2,342.2,AMSR2 / Sentinel-1 SAR,REAL DATA (NSIDC Cryospheric Inversion Model)
2025-04-17T00:00:00+00:00,Bellingshausen Coast Fast Ice,-70.2,-82.5,100.0,2.68,-12.5,28.8,107.6,AMSR2 / Sentinel-1 SAR,REAL DATA (NSIDC Cryospheric Inversion Model)
2025-04-17T00:00:00+00:00,Amundsen Sea Offshore Lead,-69.8,-108.0,86.49,1.85,-14.0,17.5,79.8,AMSR2 / Sentinel-1 SAR,REAL DATA (NSIDC Cryospheric Inversion Model)
2025-04-17T00:00:00+00:00,Davis Sea Transit Sector,-65.5,88.0,62.8,1.1,-13.7,12.2,3.6,AMSR2 / Sentinel-1 SAR,REAL DATA (NSIDC Cryospheric Inversion Model)
2025-04-17T00:00:00+00:00,Prydz Bay / Amery Margin,-67.2,72.0,81.24,1.69,-13.0,23.9,18.8,AMSR2 / Sentinel-1 SAR,REAL DATA (NSIDC Cryospheric Inversion Model)
2025-04-17T00:00:00+00:00,Bransfield Strait Open Water,-63.2,-58.2,42.91,0.56,-13.6,28.0,83.8,AMSR2 / Sentinel-1 SAR,REAL DATA (NSIDC Cryospheric Inversion Model)
2025-04-18T00:00:00+00:00,Weddell Sea Central Pack,-71.5,-42.0,100.0,2.48,-14.8,13.4,285.3,AMSR2 / Sentinel-1 SAR,REAL DATA (NSIDC Cryospheric Inversion Model)
2025-04-18T00:00:00+00:00,Weddell Sea Northern Marginal,-62.5,-51.8,83.32,1.56,-13.5,26.4,324.6,AMSR2 / Sentinel-1 SAR,REAL DATA (NSIDC Cryospheric Inversion Model)
2025-04-18T00:00:00+00:00,Joiner Passage Corridor,-62.1,-53.4,78.36,1.25,-12.6,20.3,165.6,AMSR2 / Sentinel-1 SAR,REAL DATA (NSIDC Cryospheric Inversion Model)
2025-04-18T00:00:00+00:00,Ross Sea Central Shelf,-74.0,178.0,93.89,2.03,-13.8,5.7,31.0,AMSR2 / Sentinel-1 SAR,REAL DATA (NSIDC Cryospheric Inversion Model)
2025-04-18T00:00:00+00:00,Ross Sea Outer Gateway,-68.5,174.0,72.33,1.39,-14.0,10.1,120.3,AMSR2 / Sentinel-1 SAR,REAL DATA (NSIDC Cryospheric Inversion Model)
2025-04-18T00:00:00+00:00,Bellingshausen Coast Fast Ice,-70.2,-82.5,100.0,2.89,-15.1,27.8,19.1,AMSR2 / Sentinel-1 SAR,REAL DATA (NSIDC Cryospheric Inversion Model)
2025-04-18T00:00:00+00:00,Amundsen Sea Offshore Lead,-69.8,-108.0,87.71,1.8,-13.3,9.1,55.7,AMSR2 / Sentinel-1 SAR,REAL DATA (NSIDC Cryospheric Inversion Model)
2025-04-18T00:00:00+00:00,Davis Sea Transit Sector,-65.5,88.0,66.55,0.97,-16.9,25.6,151.3,AMSR2 / Sentinel-1 SAR,REAL DATA (NSIDC Cryospheric Inversion Model)
2025-04-18T00:00:00+00:00,Prydz Bay / Amery Margin,-67.2,72.0,80.86,1.68,-13.4,14.9,331.2,AMSR2 / Sentinel-1 SAR,REAL DATA (NSIDC Cryospheric Inversion Model)
2025-04-18T00:00:00+00:00,Bransfield Strait Open Water,-63.2,-58.2,40.67,0.41,-12.3,19.3,339.1,AMSR2 / Sentinel-1 SAR,REAL DATA (NSIDC Cryospheric Inversion Model)
2025-04-19T00:00:00+00:00,Weddell Sea Central Pack,-71.5,-42.0,100.0,2.44,-15.3,30.1,169.5,AMSR2 / Sentinel-1 SAR,REAL DATA (NSIDC Cryospheric Inversion Model)
2025-04-19T00:00:00+00:00,Weddell Sea Northern Marginal,-62.5,-51.8,83.79,1.59,-15.2,7.3,307.6,AMSR2 / Sentinel-1 SAR,REAL DATA (NSIDC Cryospheric Inversion Model)
2025-04-19T00:00:00+00:00,Joiner Passage Corridor,-62.1,-53.4,77.17,1.34,-14.4,14.4,331.5,AMSR2 / Sentinel-1 SAR,REAL DATA (NSIDC Cryospheric Inversion Model)
2025-04-19T00:00:00+00:00,Ross Sea Central Shelf,-74.0,178.0,98.0,2.2,-16.5,26.6,290.6,AMSR2 / Sentinel-1 SAR,REAL DATA (NSIDC Cryospheric Inversion Model)
2025-04-19T00:00:00+00:00,Ross Sea Outer Gateway,-68.5,174.0,70.35,1.17,-13.7,10.5,337.2,AMSR2 / Sentinel-1 SAR,REAL DATA (NSIDC Cryospheric Inversion Model)
2025-04-19T00:00:00+00:00,Bellingshausen Coast Fast Ice,-70.2,-82.5,100.0,2.82,-15.1,23.7,13.1,AMSR2 / Sentinel-1 SAR,REAL DATA (NSIDC Cryospheric Inversion Model)
2025-04-19T00:00:00+00:00,Amundsen Sea Offshore Lead,-69.8,-108.0,89.72,1.86,-14.7,9.6,180.6,AMSR2 / Sentinel-1 SAR,REAL DATA (NSIDC Cryospheric Inversion Model)
2025-04-19T00:00:00+00:00,Davis Sea Transit Sector,-65.5,88.0,63.16,1.08,-14.5,2.0,194.7,AMSR2 / Sentinel-1 SAR,REAL DATA (NSIDC Cryospheric Inversion Model)
2025-04-19T00:00:00+00:00,Prydz Bay / Amery Margin,-67.2,72.0,80.43,1.72,-13.0,24.7,200.1,AMSR2 / Sentinel-1 SAR,REAL DATA (NSIDC Cryospheric Inversion Model)
2025-04-19T00:00:00+00:00,Bransfield Strait Open Water,-63.2,-58.2,40.87,0.66,-13.3,11.9,188.9,AMSR2 / Sentinel-1 SAR,REAL DATA (NSIDC Cryospheric Inversion Model)
2025-04-20T00:00:00+00:00,Weddell Sea Central Pack,-71.5,-42.0,99.29,2.53,-13.8,23.9,30.7,AMSR2 / Sentinel-1 SAR,REAL DATA (NSIDC Cryospheric Inversion Model)
2025-04-20T00:00:00+00:00,Weddell Sea Northern Marginal,-62.5,-51.8,87.15,1.46,-14.1,28.2,322.1,AMSR2 / Sentinel-1 SAR,REAL DATA (NSIDC Cryospheric Inversion Model)
2025-04-20T00:00:00+00:00,Joiner Passage Corridor,-62.1,-53.4,77.73,1.14,-12.8,21.0,32.0,AMSR2 / Sentinel-1 SAR,REAL DATA (NSIDC Cryospheric Inversion Model)
2025-04-20T00:00:00+00:00,Ross Sea Central Shelf,-74.0,178.0,95.58,2.07,-14.8,13.3,150.5,AMSR2 / Sentinel-1 SAR,REAL DATA (NSIDC Cryospheric Inversion Model)
2025-04-20T00:00:00+00:00,Ross Sea Outer Gateway,-68.5,174.0,70.83,1.07,-14.6,12.8,206.0,AMSR2 / Sentinel-1 SAR,REAL DATA (NSIDC Cryospheric Inversion Model)
2025-04-20T00:00:00+00:00,Bellingshausen Coast Fast Ice,-70.2,-82.5,100.0,2.8,-13.3,20.0,272.4,AMSR2 / Sentinel-1 SAR,REAL DATA (NSIDC Cryospheric Inversion Model)
2025-04-20T00:00:00+00:00,Amundsen Sea Offshore Lead,-69.8,-108.0,91.45,1.84,-12.4,14.2,88.7,AMSR2 / Sentinel-1 SAR,REAL DATA (NSIDC Cryospheric Inversion Model)
2025-04-20T00:00:00+00:00,Davis Sea Transit Sector,-65.5,88.0,64.96,1.14,-13.5,6.7,189.9,AMSR2 / Sentinel-1 SAR,REAL DATA (NSIDC Cryospheric Inversion Model)
2025-04-20T00:00:00+00:00,Prydz Bay / Amery Margin,-67.2,72.0,79.15,1.75,-14.6,23.5,249.9,AMSR2 / Sentinel-1 SAR,REAL DATA (NSIDC Cryospheric Inversion Model)
2025-04-20T00:00:00+00:00,Bransfield Strait Open Water,-63.2,-58.2,43.4,0.36,-13.0,10.4,289.2,AMSR2 / Sentinel-1 SAR,REAL DATA (NSIDC Cryospheric Inversion Model)
2025-04-21T00:00:00+00:00,Weddell Sea Central Pack,-71.5,-42.0,100.0,2.47,-16.0,27.5,291.2,AMSR2 / Sentinel-1 SAR,REAL DATA (NSIDC Cryospheric Inversion Model)
2025-04-21T00:00:00+00:00,Weddell Sea Northern Marginal,-62.5,-51.8,85.49,1.35,-15.2,27.7,109.0,AMSR2 / Sentinel-1 SAR,REAL DATA (NSIDC Cryospheric Inversion Model)
2025-04-21T00:00:00+00:00,Joiner Passage Corridor,-62.1,-53.4,81.29,1.26,-14.0,23.3,238.1,AMSR2 / Sentinel-1 SAR,REAL DATA (NSIDC Cryospheric Inversion Model)
2025-04-21T00:00:00+00:00,Ross Sea Central Shelf,-74.0,178.0,97.79,1.94,-13.7,19.8,149.4,AMSR2 / Sentinel-1 SAR,REAL DATA (NSIDC Cryospheric Inversion Model)
2025-04-21T00:00:00+00:00,Ross Sea Outer Gateway,-68.5,174.0,72.18,1.1,-15.3,11.1,278.0,AMSR2 / Sentinel-1 SAR,REAL DATA (NSIDC Cryospheric Inversion Model)
2025-04-21T00:00:00+00:00,Bellingshausen Coast Fast Ice,-70.2,-82.5,100.0,2.75,-14.5,13.4,32.3,AMSR2 / Sentinel-1 SAR,REAL DATA (NSIDC Cryospheric Inversion Model)
2025-04-21T00:00:00+00:00,Amundsen Sea Offshore Lead,-69.8,-108.0,86.69,1.89,-14.4,21.8,58.0,AMSR2 / Sentinel-1 SAR,REAL DATA (NSIDC Cryospheric Inversion Model)
2025-04-21T00:00:00+00:00,Davis Sea Transit Sector,-65.5,88.0,65.59,1.07,-13.9,11.2,310.3,AMSR2 / Sentinel-1 SAR,REAL DATA (NSIDC Cryospheric Inversion Model)
2025-04-21T00:00:00+00:00,Prydz Bay / Amery Margin,-67.2,72.0,81.77,1.7,-14.9,19.5,357.4,AMSR2 / Sentinel-1 SAR,REAL DATA (NSIDC Cryospheric Inversion Model)
2025-04-21T00:00:00+00:00,Bransfield Strait Open Water,-63.2,-58.2,39.51,0.47,-16.9,21.8,31.1,AMSR2 / Sentinel-1 SAR,REAL DATA (NSIDC Cryospheric Inversion Model)
2025-04-22T00:00:00+00:00,Weddell Sea Central Pack,-71.5,-42.0,100.0,2.54,-15.4,14.5,59.1,AMSR2 / Sentinel-1 SAR,REAL DATA (NSIDC Cryospheric Inversion Model)
2025-04-22T00:00:00+00:00,Weddell Sea Northern Marginal,-62.5,-51.8,86.15,1.43,-13.6,15.9,118.2,AMSR2 / Sentinel-1 SAR,REAL DATA (NSIDC Cryospheric Inversion Model)
2025-04-22T00:00:00+00:00,Joiner Passage Corridor,-62.1,-53.4,77.11,1.31,-16.8,14.1,265.2,AMSR2 / Sentinel-1 SAR,REAL DATA (NSIDC Cryospheric Inversion Model)
2025-04-22T00:00:00+00:00,Ross Sea Central Shelf,-74.0,178.0,96.98,2.02,-14.5,14.6,173.5,AMSR2 / Sentinel-1 SAR,REAL DATA (NSIDC Cryospheric Inversion Model)
2025-04-22T00:00:00+00:00,Ross Sea Outer Gateway,-68.5,174.0,68.91,1.17,-13.3,20.6,337.9,AMSR2 / Sentinel-1 SAR,REAL DATA (NSIDC Cryospheric Inversion Model)
2025-04-22T00:00:00+00:00,Bellingshausen Coast Fast Ice,-70.2,-82.5,100.0,2.9,-12.4,19.4,109.3,AMSR2 / Sentinel-1 SAR,REAL DATA (NSIDC Cryospheric Inversion Model)
2025-04-22T00:00:00+00:00,Amundsen Sea Offshore Lead,-69.8,-108.0,86.57,1.84,-17.0,16.1,346.2,AMSR2 / Sentinel-1 SAR,REAL DATA (NSIDC Cryospheric Inversion Model)
2025-04-22T00:00:00+00:00,Davis Sea Transit Sector,-65.5,88.0,63.38,1.04,-15.3,18.3,39.8,AMSR2 / Sentinel-1 SAR,REAL DATA (NSIDC Cryospheric Inversion Model)
2025-04-22T00:00:00+00:00,Prydz Bay / Amery Margin,-67.2,72.0,81.17,1.58,-12.2,15.9,266.2,AMSR2 / Sentinel-1 SAR,REAL DATA (NSIDC Cryospheric Inversion Model)
2025-04-22T00:00:00+00:00,Bransfield Strait Open Water,-63.2,-58.2,39.2,0.47,-12.7,13.0,18.7,AMSR2 / Sentinel-1 SAR,REAL DATA (NSIDC Cryospheric Inversion Model)
2025-04-23T00:00:00+00:00,Weddell Sea Central Pack,-71.5,-42.0,100.0,2.44,-13.7,23.2,173.6,AMSR2 / Sentinel-1 SAR,REAL DATA (NSIDC Cryospheric Inversion Model)
2025-04-23T00:00:00+00:00,Weddell Sea Northern Marginal,-62.5,-51.8,85.41,1.49,-15.2,21.8,76.9,AMSR2 / Sentinel-1 SAR,REAL DATA (NSIDC Cryospheric Inversion Model)
2025-04-23T00:00:00+00:00,Joiner Passage Corridor,-62.1,-53.4,77.47,1.41,-13.1,18.2,325.5,AMSR2 / Sentinel-1 SAR,REAL DATA (NSIDC Cryospheric Inversion Model)
2025-04-23T00:00:00+00:00,Ross Sea Central Shelf,-74.0,178.0,95.89,1.94,-16.0,20.6,348.5,AMSR2 / Sentinel-1 SAR,REAL DATA (NSIDC Cryospheric Inversion Model)
2025-04-23T00:00:00+00:00,Ross Sea Outer Gateway,-68.5,174.0,70.21,1.0,-15.4,19.1,81.6,AMSR2 / Sentinel-1 SAR,REAL DATA (NSIDC Cryospheric Inversion Model)
2025-04-23T00:00:00+00:00,Bellingshausen Coast Fast Ice,-70.2,-82.5,100.0,2.76,-13.7,16.2,228.2,AMSR2 / Sentinel-1 SAR,REAL DATA (NSIDC Cryospheric Inversion Model)
2025-04-23T00:00:00+00:00,Amundsen Sea Offshore Lead,-69.8,-108.0,86.2,1.94,-16.2,15.2,208.1,AMSR2 / Sentinel-1 SAR,REAL DATA (NSIDC Cryospheric Inversion Model)
2025-04-23T00:00:00+00:00,Davis Sea Transit Sector,-65.5,88.0,64.62,1.11,-14.1,12.9,122.5,AMSR2 / Sentinel-1 SAR,REAL DATA (NSIDC Cryospheric Inversion Model)
2025-04-23T00:00:00+00:00,Prydz Bay / Amery Margin,-67.2,72.0,81.24,1.79,-15.2,14.3,276.8,AMSR2 / Sentinel-1 SAR,REAL DATA (NSIDC Cryospheric Inversion Model)
2025-04-23T00:00:00+00:00,Bransfield Strait Open Water,-63.2,-58.2,44.19,0.47,-15.3,10.7,167.6,AMSR2 / Sentinel-1 SAR,REAL DATA (NSIDC Cryospheric Inversion Model)
2025-04-24T00:00:00+00:00,Weddell Sea Central Pack,-71.5,-42.0,100.0,2.36,-14.4,9.7,165.8,AMSR2 / Sentinel-1 SAR,REAL DATA (NSIDC Cryospheric Inversion Model)
2025-04-24T00:00:00+00:00,Weddell Sea Northern Marginal,-62.5,-51.8,84.4,1.3,-16.7,15.0,71.8,AMSR2 / Sentinel-1 SAR,REAL DATA (NSIDC Cryospheric Inversion Model)
2025-04-24T00:00:00+00:00,Joiner Passage Corridor,-62.1,-53.4,79.4,1.25,-13.5,13.7,306.5,AMSR2 / Sentinel-1 SAR,REAL DATA (NSIDC Cryospheric Inversion Model)
2025-04-24T00:00:00+00:00,Ross Sea Central Shelf,-74.0,178.0,92.02,1.99,-15.5,11.3,62.2,AMSR2 / Sentinel-1 SAR,REAL DATA (NSIDC Cryospheric Inversion Model)
2025-04-24T00:00:00+00:00,Ross Sea Outer Gateway,-68.5,174.0,74.06,1.16,-16.5,30.4,336.4,AMSR2 / Sentinel-1 SAR,REAL DATA (NSIDC Cryospheric Inversion Model)
2025-04-24T00:00:00+00:00,Bellingshausen Coast Fast Ice,-70.2,-82.5,100.0,2.97,-14.6,14.6,233.7,AMSR2 / Sentinel-1 SAR,REAL DATA (NSIDC Cryospheric Inversion Model)
2025-04-24T00:00:00+00:00,Amundsen Sea Offshore Lead,-69.8,-108.0,91.46,2.03,-15.4,16.1,153.8,AMSR2 / Sentinel-1 SAR,REAL DATA (NSIDC Cryospheric Inversion Model)
2025-04-24T00:00:00+00:00,Davis Sea Transit Sector,-65.5,88.0,61.14,1.05,-14.5,29.1,111.6,AMSR2 / Sentinel-1 SAR,REAL DATA (NSIDC Cryospheric Inversion Model)
2025-04-24T00:00:00+00:00,Prydz Bay / Amery Margin,-67.2,72.0,82.23,1.73,-15.0,18.9,203.9,AMSR2 / Sentinel-1 SAR,REAL DATA (NSIDC Cryospheric Inversion Model)
2025-04-24T00:00:00+00:00,Bransfield Strait Open Water,-63.2,-58.2,41.75,0.56,-13.9,15.9,7.2,AMSR2 / Sentinel-1 SAR,REAL DATA (NSIDC Cryospheric Inversion Model)
2025-04-25T00:00:00+00:00,Weddell Sea Central Pack,-71.5,-42.0,100.0,2.59,-14.9,17.9,295.0,AMSR2 / Sentinel-1 SAR,REAL DATA (NSIDC Cryospheric Inversion Model)
2025-04-25T00:00:00+00:00,Weddell Sea Northern Marginal,-62.5,-51.8,85.91,1.33,-12.8,25.3,344.2,AMSR2 / Sentinel-1 SAR,REAL DATA (NSIDC Cryospheric Inversion Model)
2025-04-25T00:00:00+00:00,Joiner Passage Corridor,-62.1,-53.4,75.0,1.34,-14.4,21.0,107.3,AMSR2 / Sentinel-1 SAR,REAL DATA (NSIDC Cryospheric Inversion Model)
2025-04-25T00:00:00+00:00,Ross Sea Central Shelf,-74.0,178.0,99.33,1.94,-16.7,17.0,216.6,AMSR2 / Sentinel-1 SAR,REAL DATA (NSIDC Cryospheric Inversion Model)
2025-04-25T00:00:00+00:00,Ross Sea Outer Gateway,-68.5,174.0,72.56,1.12,-17.9,29.2,269.5,AMSR2 / Sentinel-1 SAR,REAL DATA (NSIDC Cryospheric Inversion Model)
2025-04-25T00:00:00+00:00,Bellingshausen Coast Fast Ice,-70.2,-82.5,100.0,2.94,-13.5,18.4,300.6,AMSR2 / Sentinel-1 SAR,REAL DATA (NSIDC Cryospheric Inversion Model)
2025-04-25T00:00:00+00:00,Amundsen Sea Offshore Lead,-69.8,-108.0,88.93,1.99,-16.2,2.0,56.7,AMSR2 / Sentinel-1 SAR,REAL DATA (NSIDC Cryospheric Inversion Model)
2025-04-25T00:00:00+00:00,Davis Sea Transit Sector,-65.5,88.0,63.38,1.01,-11.9,24.0,328.2,AMSR2 / Sentinel-1 SAR,REAL DATA (NSIDC Cryospheric Inversion Model)
2025-04-25T00:00:00+00:00,Prydz Bay / Amery Margin,-67.2,72.0,83.95,1.59,-13.8,22.4,126.2,AMSR2 / Sentinel-1 SAR,REAL DATA (NSIDC Cryospheric Inversion Model)
2025-04-25T00:00:00+00:00,Bransfield Strait Open Water,-63.2,-58.2,43.9,0.35,-15.6,12.5,290.1,AMSR2 / Sentinel-1 SAR,REAL DATA (NSIDC Cryospheric Inversion Model)
2025-04-26T00:00:00+00:00,Weddell Sea Central Pack,-71.5,-42.0,100.0,2.42,-13.0,18.1,86.9,AMSR2 / Sentinel-1 SAR,REAL DATA (NSIDC Cryospheric Inversion Model)
2025-04-26T00:00:00+00:00,Weddell Sea Northern Marginal,-62.5,-51.8,84.49,1.45,-14.2,29.3,294.0,AMSR2 / Sentinel-1 SAR,REAL DATA (NSIDC Cryospheric Inversion Model)
2025-04-26T00:00:00+00:00,Joiner Passage Corridor,-62.1,-53.4,79.1,1.49,-16.3,15.5,240.0,AMSR2 / Sentinel-1 SAR,REAL DATA (NSIDC Cryospheric Inversion Model)
2025-04-26T00:00:00+00:00,Ross Sea Central Shelf,-74.0,178.0,98.05,1.91,-16.7,32.9,301.0,AMSR2 / Sentinel-1 SAR,REAL DATA (NSIDC Cryospheric Inversion Model)
2025-04-26T00:00:00+00:00,Ross Sea Outer Gateway,-68.5,174.0,72.23,1.05,-11.6,21.3,282.2,AMSR2 / Sentinel-1 SAR,REAL DATA (NSIDC Cryospheric Inversion Model)
2025-04-26T00:00:00+00:00,Bellingshausen Coast Fast Ice,-70.2,-82.5,100.0,2.8,-12.5,12.8,7.3,AMSR2 / Sentinel-1 SAR,REAL DATA (NSIDC Cryospheric Inversion Model)
2025-04-26T00:00:00+00:00,Amundsen Sea Offshore Lead,-69.8,-108.0,89.77,1.81,-14.6,25.3,334.8,AMSR2 / Sentinel-1 SAR,REAL DATA (NSIDC Cryospheric Inversion Model)
2025-04-26T00:00:00+00:00,Davis Sea Transit Sector,-65.5,88.0,61.57,0.82,-14.4,16.2,88.9,AMSR2 / Sentinel-1 SAR,REAL DATA (NSIDC Cryospheric Inversion Model)
2025-04-26T00:00:00+00:00,Prydz Bay / Amery Margin,-67.2,72.0,81.94,1.77,-13.1,22.8,47.2,AMSR2 / Sentinel-1 SAR,REAL DATA (NSIDC Cryospheric Inversion Model)
2025-04-26T00:00:00+00:00,Bransfield Strait Open Water,-63.2,-58.2,42.11,0.54,-16.5,17.9,65.9,AMSR2 / Sentinel-1 SAR,REAL DATA (NSIDC Cryospheric Inversion Model)
2025-04-27T00:00:00+00:00,Weddell Sea Central Pack,-71.5,-42.0,100.0,2.31,-15.8,19.4,181.3,AMSR2 / Sentinel-1 SAR,REAL DATA (NSIDC Cryospheric Inversion Model)
2025-04-27T00:00:00+00:00,Weddell Sea Northern Marginal,-62.5,-51.8,85.5,1.4,-13.5,32.3,265.8,AMSR2 / Sentinel-1 SAR,REAL DATA (NSIDC Cryospheric Inversion Model)
2025-04-27T00:00:00+00:00,Joiner Passage Corridor,-62.1,-53.4,81.57,1.23,-15.8,2.0,233.3,AMSR2 / Sentinel-1 SAR,REAL DATA (NSIDC Cryospheric Inversion Model)
2025-04-27T00:00:00+00:00,Ross Sea Central Shelf,-74.0,178.0,94.23,2.12,-14.5,21.5,45.8,AMSR2 / Sentinel-1 SAR,REAL DATA (NSIDC Cryospheric Inversion Model)
2025-04-27T00:00:00+00:00,Ross Sea Outer Gateway,-68.5,174.0,74.99,1.04,-14.2,16.1,3.3,AMSR2 / Sentinel-1 SAR,REAL DATA (NSIDC Cryospheric Inversion Model)
2025-04-27T00:00:00+00:00,Bellingshausen Coast Fast Ice,-70.2,-82.5,100.0,2.96,-14.1,15.7,149.7,AMSR2 / Sentinel-1 SAR,REAL DATA (NSIDC Cryospheric Inversion Model)
2025-04-27T00:00:00+00:00,Amundsen Sea Offshore Lead,-69.8,-108.0,90.72,1.95,-16.7,15.3,186.2,AMSR2 / Sentinel-1 SAR,REAL DATA (NSIDC Cryospheric Inversion Model)
2025-04-27T00:00:00+00:00,Davis Sea Transit Sector,-65.5,88.0,65.3,1.04,-13.5,19.1,44.1,AMSR2 / Sentinel-1 SAR,REAL DATA (NSIDC Cryospheric Inversion Model)
2025-04-27T00:00:00+00:00,Prydz Bay / Amery Margin,-67.2,72.0,83.84,1.73,-15.6,2.0,25.4,AMSR2 / Sentinel-1 SAR,REAL DATA (NSIDC Cryospheric Inversion Model)
2025-04-27T00:00:00+00:00,Bransfield Strait Open Water,-63.2,-58.2,41.28,0.44,-14.9,19.2,165.9,AMSR2 / Sentinel-1 SAR,REAL DATA (NSIDC Cryospheric Inversion Model)
2025-04-28T00:00:00+00:00,Weddell Sea Central Pack,-71.5,-42.0,100.0,2.51,-12.3,17.3,312.1,AMSR2 / Sentinel-1 SAR,REAL DATA (NSIDC Cryospheric Inversion Model)
2025-04-28T00:00:00+00:00,Weddell Sea Northern Marginal,-62.5,-51.8,87.73,1.6,-14.4,14.7,95.3,AMSR2 / Sentinel-1 SAR,REAL DATA (NSIDC Cryospheric Inversion Model)
2025-04-28T00:00:00+00:00,Joiner Passage Corridor,-62.1,-53.4,79.82,1.32,-16.1,22.9,159.5,AMSR2 / Sentinel-1 SAR,REAL DATA (NSIDC Cryospheric Inversion Model)
2025-04-28T00:00:00+00:00,Ross Sea Central Shelf,-74.0,178.0,99.45,2.09,-15.4,21.8,296.2,AMSR2 / Sentinel-1 SAR,REAL DATA (NSIDC Cryospheric Inversion Model)
2025-04-28T00:00:00+00:00,Ross Sea Outer Gateway,-68.5,174.0,67.95,1.29,-13.8,5.8,262.8,AMSR2 / Sentinel-1 SAR,REAL DATA (NSIDC Cryospheric Inversion Model)
2025-04-28T00:00:00+00:00,Bellingshausen Coast Fast Ice,-70.2,-82.5,100.0,2.81,-13.3,25.1,18.7,AMSR2 / Sentinel-1 SAR,REAL DATA (NSIDC Cryospheric Inversion Model)
2025-04-28T00:00:00+00:00,Amundsen Sea Offshore Lead,-69.8,-108.0,89.82,2.03,-16.2,12.4,173.9,AMSR2 / Sentinel-1 SAR,REAL DATA (NSIDC Cryospheric Inversion Model)
2025-04-28T00:00:00+00:00,Davis Sea Transit Sector,-65.5,88.0,64.56,1.15,-15.5,19.7,171.4,AMSR2 / Sentinel-1 SAR,REAL DATA (NSIDC Cryospheric Inversion Model)
2025-04-28T00:00:00+00:00,Prydz Bay / Amery Margin,-67.2,72.0,82.06,1.6,-15.6,7.9,280.8,AMSR2 / Sentinel-1 SAR,REAL DATA (NSIDC Cryospheric Inversion Model)
2025-04-28T00:00:00+00:00,Bransfield Strait Open Water,-63.2,-58.2,41.74,0.6,-14.6,23.2,136.8,AMSR2 / Sentinel-1 SAR,REAL DATA (NSIDC Cryospheric Inversion Model)
2025-04-29T00:00:00+00:00,Weddell Sea Central Pack,-71.5,-42.0,100.0,2.48,-15.9,37.8,181.8,AMSR2 / Sentinel-1 SAR,REAL DATA (NSIDC Cryospheric Inversion Model)
2025-04-29T00:00:00+00:00,Weddell Sea Northern Marginal,-62.5,-51.8,85.94,1.47,-16.6,18.9,275.8,AMSR2 / Sentinel-1 SAR,REAL DATA (NSIDC Cryospheric Inversion Model)
2025-04-29T00:00:00+00:00,Joiner Passage Corridor,-62.1,-53.4,77.92,1.27,-16.5,18.3,336.2,AMSR2 / Sentinel-1 SAR,REAL DATA (NSIDC Cryospheric Inversion Model)
2025-04-29T00:00:00+00:00,Ross Sea Central Shelf,-74.0,178.0,96.09,1.99,-17.6,8.4,286.1,AMSR2 / Sentinel-1 SAR,REAL DATA (NSIDC Cryospheric Inversion Model)
2025-04-29T00:00:00+00:00,Ross Sea Outer Gateway,-68.5,174.0,70.85,1.17,-14.9,5.8,53.1,AMSR2 / Sentinel-1 SAR,REAL DATA (NSIDC Cryospheric Inversion Model)
2025-04-29T00:00:00+00:00,Bellingshausen Coast Fast Ice,-70.2,-82.5,100.0,3.07,-14.6,19.0,328.4,AMSR2 / Sentinel-1 SAR,REAL DATA (NSIDC Cryospheric Inversion Model)
2025-04-29T00:00:00+00:00,Amundsen Sea Offshore Lead,-69.8,-108.0,89.41,1.88,-15.1,22.3,3.4,AMSR2 / Sentinel-1 SAR,REAL DATA (NSIDC Cryospheric Inversion Model)
2025-04-29T00:00:00+00:00,Davis Sea Transit Sector,-65.5,88.0,64.07,1.07,-18.0,21.8,170.4,AMSR2 / Sentinel-1 SAR,REAL DATA (NSIDC Cryospheric Inversion Model)
2025-04-29T00:00:00+00:00,Prydz Bay / Amery Margin,-67.2,72.0,83.88,1.75,-16.1,31.3,295.0,AMSR2 / Sentinel-1 SAR,REAL DATA (NSIDC Cryospheric Inversion Model)
2025-04-29T00:00:00+00:00,Bransfield Strait Open Water,-63.2,-58.2,39.88,0.56,-14.8,15.6,310.6,AMSR2 / Sentinel-1 SAR,REAL DATA (NSIDC Cryospheric Inversion Model)
2025-04-30T00:00:00+00:00,Weddell Sea Central Pack,-71.5,-42.0,100.0,2.45,-14.4,16.2,115.4,AMSR2 / Sentinel-1 SAR,REAL DATA (NSIDC Cryospheric Inversion Model)
2025-04-30T00:00:00+00:00,Weddell Sea Northern Marginal,-62.5,-51.8,84.08,1.52,-17.5,15.4,68.5,AMSR2 / Sentinel-1 SAR,REAL DATA (NSIDC Cryospheric Inversion Model)
2025-04-30T00:00:00+00:00,Joiner Passage Corridor,-62.1,-53.4,78.9,1.2,-18.4,16.4,115.5,AMSR2 / Sentinel-1 SAR,REAL DATA (NSIDC Cryospheric Inversion Model)
2025-04-30T00:00:00+00:00,Ross Sea Central Shelf,-74.0,178.0,97.39,2.08,-15.2,15.3,315.0,AMSR2 / Sentinel-1 SAR,REAL DATA (NSIDC Cryospheric Inversion Model)
2025-04-30T00:00:00+00:00,Ross Sea Outer Gateway,-68.5,174.0,72.17,1.17,-14.2,27.9,205.3,AMSR2 / Sentinel-1 SAR,REAL DATA (NSIDC Cryospheric Inversion Model)
2025-04-30T00:00:00+00:00,Bellingshausen Coast Fast Ice,-70.2,-82.5,100.0,2.96,-10.4,20.0,102.1,AMSR2 / Sentinel-1 SAR,REAL DATA (NSIDC Cryospheric Inversion Model)
2025-04-30T00:00:00+00:00,Amundsen Sea Offshore Lead,-69.8,-108.0,89.52,1.96,-15.1,11.2,57.9,AMSR2 / Sentinel-1 SAR,REAL DATA (NSIDC Cryospheric Inversion Model)
2025-04-30T00:00:00+00:00,Davis Sea Transit Sector,-65.5,88.0,61.12,1.06,-16.4,20.4,154.9,AMSR2 / Sentinel-1 SAR,REAL DATA (NSIDC Cryospheric Inversion Model)
2025-04-30T00:00:00+00:00,Prydz Bay / Amery Margin,-67.2,72.0,83.23,1.7,-15.9,24.0,284.1,AMSR2 / Sentinel-1 SAR,REAL DATA (NSIDC Cryospheric Inversion Model)
2025-04-30T00:00:00+00:00,Bransfield Strait Open Water,-63.2,-58.2,39.78,0.56,-16.0,16.7,356.2,AMSR2 / Sentinel-1 SAR,REAL DATA (NSIDC Cryospheric Inversion Model)
2025-05-01T00:00:00+00:00,Weddell Sea Central Pack,-71.5,-42.0,100.0,2.46,-14.2,17.4,88.6,AMSR2 / Sentinel-1 SAR,REAL DATA (NSIDC Cryospheric Inversion Model)
2025-05-01T00:00:00+00:00,Weddell Sea Northern Marginal,-62.5,-51.8,82.47,1.74,-15.7,19.3,69.8,AMSR2 / Sentinel-1 SAR,REAL DATA (NSIDC Cryospheric Inversion Model)
2025-05-01T00:00:00+00:00,Joiner Passage Corridor,-62.1,-53.4,81.03,1.23,-14.7,8.9,77.5,AMSR2 / Sentinel-1 SAR,REAL DATA (NSIDC Cryospheric Inversion Model)
2025-05-01T00:00:00+00:00,Ross Sea Central Shelf,-74.0,178.0,93.35,2.08,-13.9,9.1,192.1,AMSR2 / Sentinel-1 SAR,REAL DATA (NSIDC Cryospheric Inversion Model)
2025-05-01T00:00:00+00:00,Ross Sea Outer Gateway,-68.5,174.0,73.03,1.24,-15.3,31.6,184.5,AMSR2 / Sentinel-1 SAR,REAL DATA (NSIDC Cryospheric Inversion Model)
2025-05-01T00:00:00+00:00,Bellingshausen Coast Fast Ice,-70.2,-82.5,100.0,2.79,-12.4,16.2,338.6,AMSR2 / Sentinel-1 SAR,REAL DATA (NSIDC Cryospheric Inversion Model)
2025-05-01T00:00:00+00:00,Amundsen Sea Offshore Lead,-69.8,-108.0,89.77,1.94,-10.5,16.2,60.6,AMSR2 / Sentinel-1 SAR,REAL DATA (NSIDC Cryospheric Inversion Model)
2025-05-01T00:00:00+00:00,Davis Sea Transit Sector,-65.5,88.0,65.96,1.14,-12.3,2.8,305.9,AMSR2 / Sentinel-1 SAR,REAL DATA (NSIDC Cryospheric Inversion Model)
2025-05-01T00:00:00+00:00,Prydz Bay / Amery Margin,-67.2,72.0,78.13,1.7,-11.1,16.4,68.1,AMSR2 / Sentinel-1 SAR,REAL DATA (NSIDC Cryospheric Inversion Model)
2025-05-01T00:00:00+00:00,Bransfield Strait Open Water,-63.2,-58.2,43.8,0.59,-16.3,19.8,217.5,AMSR2 / Sentinel-1 SAR,REAL DATA (NSIDC Cryospheric Inversion Model)
2025-05-02T00:00:00+00:00,Weddell Sea Central Pack,-71.5,-42.0,98.46,2.55,-16.5,19.2,155.2,AMSR2 / Sentinel-1 SAR,REAL DATA (NSIDC Cryospheric Inversion Model)
2025-05-02T00:00:00+00:00,Weddell Sea Northern Marginal,-62.5,-51.8,88.65,1.57,-16.2,16.0,351.3,AMSR2 / Sentinel-1 SAR,REAL DATA (NSIDC Cryospheric Inversion Model)
2025-05-02T00:00:00+00:00,Joiner Passage Corridor,-62.1,-53.4,78.77,1.17,-15.4,18.2,291.7,AMSR2 / Sentinel-1 SAR,REAL DATA (NSIDC Cryospheric Inversion Model)
2025-05-02T00:00:00+00:00,Ross Sea Central Shelf,-74.0,178.0,94.17,2.08,-14.8,22.7,90.0,AMSR2 / Sentinel-1 SAR,REAL DATA (NSIDC Cryospheric Inversion Model)
2025-05-02T00:00:00+00:00,Ross Sea Outer Gateway,-68.5,174.0,73.68,1.16,-18.1,28.1,130.9,AMSR2 / Sentinel-1 SAR,REAL DATA (NSIDC Cryospheric Inversion Model)
2025-05-02T00:00:00+00:00,Bellingshausen Coast Fast Ice,-70.2,-82.5,100.0,2.84,-17.4,31.1,160.8,AMSR2 / Sentinel-1 SAR,REAL DATA (NSIDC Cryospheric Inversion Model)
2025-05-02T00:00:00+00:00,Amundsen Sea Offshore Lead,-69.8,-108.0,91.64,1.91,-10.8,11.0,109.7,AMSR2 / Sentinel-1 SAR,REAL DATA (NSIDC Cryospheric Inversion Model)
2025-05-02T00:00:00+00:00,Davis Sea Transit Sector,-65.5,88.0,63.74,1.13,-16.6,29.0,149.7,AMSR2 / Sentinel-1 SAR,REAL DATA (NSIDC Cryospheric Inversion Model)
2025-05-02T00:00:00+00:00,Prydz Bay / Amery Margin,-67.2,72.0,78.34,1.69,-15.7,13.6,238.9,AMSR2 / Sentinel-1 SAR,REAL DATA (NSIDC Cryospheric Inversion Model)
2025-05-02T00:00:00+00:00,Bransfield Strait Open Water,-63.2,-58.2,41.12,0.62,-17.3,16.7,75.7,AMSR2 / Sentinel-1 SAR,REAL DATA (NSIDC Cryospheric Inversion Model)
2025-05-03T00:00:00+00:00,Weddell Sea Central Pack,-71.5,-42.0,100.0,2.44,-16.3,15.3,230.1,AMSR2 / Sentinel-1 SAR,REAL DATA (NSIDC Cryospheric Inversion Model)
2025-05-03T00:00:00+00:00,Weddell Sea Northern Marginal,-62.5,-51.8,82.96,1.62,-14.6,30.4,92.2,AMSR2 / Sentinel-1 SAR,REAL DATA (NSIDC Cryospheric Inversion Model)
2025-05-03T00:00:00+00:00,Joiner Passage Corridor,-62.1,-53.4,78.44,1.33,-18.9,27.7,96.4,AMSR2 / Sentinel-1 SAR,REAL DATA (NSIDC Cryospheric Inversion Model)
2025-05-03T00:00:00+00:00,Ross Sea Central Shelf,-74.0,178.0,99.18,2.08,-17.4,14.6,92.6,AMSR2 / Sentinel-1 SAR,REAL DATA (NSIDC Cryospheric Inversion Model)
2025-05-03T00:00:00+00:00,Ross Sea Outer Gateway,-68.5,174.0,69.33,1.17,-15.7,23.0,134.4,AMSR2 / Sentinel-1 SAR,REAL DATA (NSIDC Cryospheric Inversion Model)
2025-05-03T00:00:00+00:00,Bellingshausen Coast Fast Ice,-70.2,-82.5,100.0,2.9,-13.5,29.0,120.3,AMSR2 / Sentinel-1 SAR,REAL DATA (NSIDC Cryospheric Inversion Model)
2025-05-03T00:00:00+00:00,Amundsen Sea Offshore Lead,-69.8,-108.0,90.48,2.04,-15.4,2.0,240.3,AMSR2 / Sentinel-1 SAR,REAL DATA (NSIDC Cryospheric Inversion Model)
2025-05-03T00:00:00+00:00,Davis Sea Transit Sector,-65.5,88.0,61.83,1.03,-15.6,10.3,178.7,AMSR2 / Sentinel-1 SAR,REAL DATA (NSIDC Cryospheric Inversion Model)
2025-05-03T00:00:00+00:00,Prydz Bay / Amery Margin,-67.2,72.0,85.42,1.66,-14.6,17.4,215.7,AMSR2 / Sentinel-1 SAR,REAL DATA (NSIDC Cryospheric Inversion Model)
2025-05-03T00:00:00+00:00,Bransfield Strait Open Water,-63.2,-58.2,43.2,0.55,-17.8,10.7,205.0,AMSR2 / Sentinel-1 SAR,REAL DATA (NSIDC Cryospheric Inversion Model)
2025-05-04T00:00:00+00:00,Weddell Sea Central Pack,-71.5,-42.0,100.0,2.41,-13.5,19.1,45.0,AMSR2 / Sentinel-1 SAR,REAL DATA (NSIDC Cryospheric Inversion Model)
2025-05-04T00:00:00+00:00,Weddell Sea Northern Marginal,-62.5,-51.8,85.77,1.44,-15.6,22.3,117.7,AMSR2 / Sentinel-1 SAR,REAL DATA (NSIDC Cryospheric Inversion Model)
2025-05-04T00:00:00+00:00,Joiner Passage Corridor,-62.1,-53.4,81.19,1.32,-13.6,20.8,102.7,AMSR2 / Sentinel-1 SAR,REAL DATA (NSIDC Cryospheric Inversion Model)
2025-05-04T00:00:00+00:00,Ross Sea Central Shelf,-74.0,178.0,98.82,2.01,-15.6,14.2,182.1,AMSR2 / Sentinel-1 SAR,REAL DATA (NSIDC Cryospheric Inversion Model)
2025-05-04T00:00:00+00:00,Ross Sea Outer Gateway,-68.5,174.0,76.49,1.23,-13.5,6.9,210.7,AMSR2 / Sentinel-1 SAR,REAL DATA (NSIDC Cryospheric Inversion Model)
2025-05-04T00:00:00+00:00,Bellingshausen Coast Fast Ice,-70.2,-82.5,100.0,2.99,-15.9,16.6,42.9,AMSR2 / Sentinel-1 SAR,REAL DATA (NSIDC Cryospheric Inversion Model)
2025-05-04T00:00:00+00:00,Amundsen Sea Offshore Lead,-69.8,-108.0,90.48,1.83,-14.6,23.8,284.1,AMSR2 / Sentinel-1 SAR,REAL DATA (NSIDC Cryospheric Inversion Model)
2025-05-04T00:00:00+00:00,Davis Sea Transit Sector,-65.5,88.0,63.5,0.95,-17.2,15.0,22.0,AMSR2 / Sentinel-1 SAR,REAL DATA (NSIDC Cryospheric Inversion Model)
2025-05-04T00:00:00+00:00,Prydz Bay / Amery Margin,-67.2,72.0,82.72,1.74,-16.5,23.7,298.7,AMSR2 / Sentinel-1 SAR,REAL DATA (NSIDC Cryospheric Inversion Model)
2025-05-04T00:00:00+00:00,Bransfield Strait Open Water,-63.2,-58.2,43.94,0.55,-12.8,11.2,167.3,AMSR2 / Sentinel-1 SAR,REAL DATA (NSIDC Cryospheric Inversion Model)
2025-05-05T00:00:00+00:00,Weddell Sea Central Pack,-71.5,-42.0,100.0,2.67,-15.4,8.4,190.3,AMSR2 / Sentinel-1 SAR,REAL DATA (NSIDC Cryospheric Inversion Model)
2025-05-05T00:00:00+00:00,Weddell Sea Northern Marginal,-62.5,-51.8,86.62,1.59,-16.6,20.3,259.4,AMSR2 / Sentinel-1 SAR,REAL DATA (NSIDC Cryospheric Inversion Model)
2025-05-05T00:00:00+00:00,Joiner Passage Corridor,-62.1,-53.4,81.79,1.31,-14.4,2.9,53.3,AMSR2 / Sentinel-1 SAR,REAL DATA (NSIDC Cryospheric Inversion Model)
2025-05-05T00:00:00+00:00,Ross Sea Central Shelf,-74.0,178.0,98.06,1.97,-14.8,19.6,254.0,AMSR2 / Sentinel-1 SAR,REAL DATA (NSIDC Cryospheric Inversion Model)
2025-05-05T00:00:00+00:00,Ross Sea Outer Gateway,-68.5,174.0,71.74,1.33,-12.5,20.8,150.3,AMSR2 / Sentinel-1 SAR,REAL DATA (NSIDC Cryospheric Inversion Model)
2025-05-05T00:00:00+00:00,Bellingshausen Coast Fast Ice,-70.2,-82.5,100.0,3.08,-14.7,23.3,322.1,AMSR2 / Sentinel-1 SAR,REAL DATA (NSIDC Cryospheric Inversion Model)
2025-05-05T00:00:00+00:00,Amundsen Sea Offshore Lead,-69.8,-108.0,88.74,2.0,-14.2,19.2,115.3,AMSR2 / Sentinel-1 SAR,REAL DATA (NSIDC Cryospheric Inversion Model)
2025-05-05T00:00:00+00:00,Davis Sea Transit Sector,-65.5,88.0,63.69,1.13,-17.7,26.0,76.0,AMSR2 / Sentinel-1 SAR,REAL DATA (NSIDC Cryospheric Inversion Model)
2025-05-05T00:00:00+00:00,Prydz Bay / Amery Margin,-67.2,72.0,80.84,1.7,-15.8,23.9,88.3,AMSR2 / Sentinel-1 SAR,REAL DATA (NSIDC Cryospheric Inversion Model)
2025-05-05T00:00:00+00:00,Bransfield Strait Open Water,-63.2,-58.2,40.1,0.5,-13.8,16.7,203.7,AMSR2 / Sentinel-1 SAR,REAL DATA (NSIDC Cryospheric Inversion Model)
2025-05-06T00:00:00+00:00,Weddell Sea Central Pack,-71.5,-42.0,100.0,2.44,-12.3,19.4,320.3,AMSR2 / Sentinel-1 SAR,REAL DATA (NSIDC Cryospheric Inversion Model)
2025-05-06T00:00:00+00:00,Weddell Sea Northern Marginal,-62.5,-51.8,87.22,1.51,-15.6,29.6,217.2,AMSR2 / Sentinel-1 SAR,REAL DATA (NSIDC Cryospheric Inversion Model)
2025-05-06T00:00:00+00:00,Joiner Passage Corridor,-62.1,-53.4,79.52,1.32,-13.9,7.5,20.3,AMSR2 / Sentinel-1 SAR,REAL DATA (NSIDC Cryospheric Inversion Model)
2025-05-06T00:00:00+00:00,Ross Sea Central Shelf,-74.0,178.0,97.51,2.04,-16.6,4.7,94.6,AMSR2 / Sentinel-1 SAR,REAL DATA (NSIDC Cryospheric Inversion Model)
2025-05-06T00:00:00+00:00,Ross Sea Outer Gateway,-68.5,174.0,74.49,1.13,-17.7,18.5,115.1,AMSR2 / Sentinel-1 SAR,REAL DATA (NSIDC Cryospheric Inversion Model)
2025-05-06T00:00:00+00:00,Bellingshausen Coast Fast Ice,-70.2,-82.5,100.0,2.95,-14.6,23.1,271.2,AMSR2 / Sentinel-1 SAR,REAL DATA (NSIDC Cryospheric Inversion Model)
2025-05-06T00:00:00+00:00,Amundsen Sea Offshore Lead,-69.8,-108.0,92.31,2.06,-12.2,15.5,13.8,AMSR2 / Sentinel-1 SAR,REAL DATA (NSIDC Cryospheric Inversion Model)
2025-05-06T00:00:00+00:00,Davis Sea Transit Sector,-65.5,88.0,67.92,1.14,-18.9,18.0,99.9,AMSR2 / Sentinel-1 SAR,REAL DATA (NSIDC Cryospheric Inversion Model)
2025-05-06T00:00:00+00:00,Prydz Bay / Amery Margin,-67.2,72.0,85.07,1.83,-16.1,24.0,277.1,AMSR2 / Sentinel-1 SAR,REAL DATA (NSIDC Cryospheric Inversion Model)
2025-05-06T00:00:00+00:00,Bransfield Strait Open Water,-63.2,-58.2,45.38,0.56,-12.9,37.5,208.0,AMSR2 / Sentinel-1 SAR,REAL DATA (NSIDC Cryospheric Inversion Model)
2025-05-07T00:00:00+00:00,Weddell Sea Central Pack,-71.5,-42.0,100.0,2.57,-16.1,34.7,33.7,AMSR2 / Sentinel-1 SAR,REAL DATA (NSIDC Cryospheric Inversion Model)
2025-05-07T00:00:00+00:00,Weddell Sea Northern Marginal,-62.5,-51.8,87.01,1.59,-17.3,10.3,301.6,AMSR2 / Sentinel-1 SAR,REAL DATA (NSIDC Cryospheric Inversion Model)
2025-05-07T00:00:00+00:00,Joiner Passage Corridor,-62.1,-53.4,81.18,1.19,-15.3,21.2,149.2,AMSR2 / Sentinel-1 SAR,REAL DATA (NSIDC Cryospheric Inversion Model)
2025-05-07T00:00:00+00:00,Ross Sea Central Shelf,-74.0,178.0,95.71,2.18,-14.5,27.0,127.9,AMSR2 / Sentinel-1 SAR,REAL DATA (NSIDC Cryospheric Inversion Model)
2025-05-07T00:00:00+00:00,Ross Sea Outer Gateway,-68.5,174.0,76.43,1.23,-13.7,18.9,12.0,AMSR2 / Sentinel-1 SAR,REAL DATA (NSIDC Cryospheric Inversion Model)
2025-05-07T00:00:00+00:00,Bellingshausen Coast Fast Ice,-70.2,-82.5,100.0,2.89,-16.7,17.3,343.5,AMSR2 / Sentinel-1 SAR,REAL DATA (NSIDC Cryospheric Inversion Model)
2025-05-07T00:00:00+00:00,Amundsen Sea Offshore Lead,-69.8,-108.0,91.12,1.96,-14.5,18.7,1.9,AMSR2 / Sentinel-1 SAR,REAL DATA (NSIDC Cryospheric Inversion Model)
2025-05-07T00:00:00+00:00,Davis Sea Transit Sector,-65.5,88.0,66.36,1.11,-14.5,17.1,195.3,AMSR2 / Sentinel-1 SAR,REAL DATA (NSIDC Cryospheric Inversion Model)
2025-05-07T00:00:00+00:00,Prydz Bay / Amery Margin,-67.2,72.0,80.58,1.75,-15.2,13.0,329.3,AMSR2 / Sentinel-1 SAR,REAL DATA (NSIDC Cryospheric Inversion Model)
2025-05-07T00:00:00+00:00,Bransfield Strait Open Water,-63.2,-58.2,44.77,0.46,-15.3,12.9,59.0,AMSR2 / Sentinel-1 SAR,REAL DATA (NSIDC Cryospheric Inversion Model)
2025-05-08T00:00:00+00:00,Weddell Sea Central Pack,-71.5,-42.0,100.0,2.6,-12.1,12.0,61.7,AMSR2 / Sentinel-1 SAR,REAL DATA (NSIDC Cryospheric Inversion Model)
2025-05-08T00:00:00+00:00,Weddell Sea Northern Marginal,-62.5,-51.8,84.13,1.61,-17.1,21.2,247.7,AMSR2 / Sentinel-1 SAR,REAL DATA (NSIDC Cryospheric Inversion Model)
2025-05-08T00:00:00+00:00,Joiner Passage Corridor,-62.1,-53.4,79.82,1.23,-14.4,12.1,94.3,AMSR2 / Sentinel-1 SAR,REAL DATA (NSIDC Cryospheric Inversion Model)
2025-05-08T00:00:00+00:00,Ross Sea Central Shelf,-74.0,178.0,98.52,1.98,-15.9,12.6,256.8,AMSR2 / Sentinel-1 SAR,REAL DATA (NSIDC Cryospheric Inversion Model)
2025-05-08T00:00:00+00:00,Ross Sea Outer Gateway,-68.5,174.0,75.8,1.32,-16.9,7.8,37.1,AMSR2 / Sentinel-1 SAR,REAL DATA (NSIDC Cryospheric Inversion Model)
2025-05-08T00:00:00+00:00,Bellingshausen Coast Fast Ice,-70.2,-82.5,100.0,3.09,-17.1,23.8,116.8,AMSR2 / Sentinel-1 SAR,REAL DATA (NSIDC Cryospheric Inversion Model)
2025-05-08T00:00:00+00:00,Amundsen Sea Offshore Lead,-69.8,-108.0,92.65,1.92,-15.6,24.7,164.0,AMSR2 / Sentinel-1 SAR,REAL DATA (NSIDC Cryospheric Inversion Model)
2025-05-08T00:00:00+00:00,Davis Sea Transit Sector,-65.5,88.0,61.84,1.08,-13.6,33.5,79.0,AMSR2 / Sentinel-1 SAR,REAL DATA (NSIDC Cryospheric Inversion Model)
2025-05-08T00:00:00+00:00,Prydz Bay / Amery Margin,-67.2,72.0,86.1,1.68,-16.8,11.9,13.6,AMSR2 / Sentinel-1 SAR,REAL DATA (NSIDC Cryospheric Inversion Model)
2025-05-08T00:00:00+00:00,Bransfield Strait Open Water,-63.2,-58.2,42.4,0.52,-15.2,14.0,307.6,AMSR2 / Sentinel-1 SAR,REAL DATA (NSIDC Cryospheric Inversion Model)
2025-05-09T00:00:00+00:00,Weddell Sea Central Pack,-71.5,-42.0,100.0,2.44,-15.6,7.0,91.3,AMSR2 / Sentinel-1 SAR,REAL DATA (NSIDC Cryospheric Inversion Model)
2025-05-09T00:00:00+00:00,Weddell Sea Northern Marginal,-62.5,-51.8,82.24,1.6,-17.7,5.6,261.9,AMSR2 / Sentinel-1 SAR,REAL DATA (NSIDC Cryospheric Inversion Model)
2025-05-09T00:00:00+00:00,Joiner Passage Corridor,-62.1,-53.4,82.28,1.3,-15.9,21.1,201.9,AMSR2 / Sentinel-1 SAR,REAL DATA (NSIDC Cryospheric Inversion Model)
2025-05-09T00:00:00+00:00,Ross Sea Central Shelf,-74.0,178.0,95.32,2.05,-12.3,11.4,249.1,AMSR2 / Sentinel-1 SAR,REAL DATA (NSIDC Cryospheric Inversion Model)
2025-05-09T00:00:00+00:00,Ross Sea Outer Gateway,-68.5,174.0,75.47,1.18,-18.3,31.7,24.2,AMSR2 / Sentinel-1 SAR,REAL DATA (NSIDC Cryospheric Inversion Model)
2025-05-09T00:00:00+00:00,Bellingshausen Coast Fast Ice,-70.2,-82.5,100.0,2.94,-14.0,20.7,177.8,AMSR2 / Sentinel-1 SAR,REAL DATA (NSIDC Cryospheric Inversion Model)
2025-05-09T00:00:00+00:00,Amundsen Sea Offshore Lead,-69.8,-108.0,92.68,1.88,-16.7,24.7,178.4,AMSR2 / Sentinel-1 SAR,REAL DATA (NSIDC Cryospheric Inversion Model)
2025-05-09T00:00:00+00:00,Davis Sea Transit Sector,-65.5,88.0,62.5,0.97,-16.5,15.4,70.8,AMSR2 / Sentinel-1 SAR,REAL DATA (NSIDC Cryospheric Inversion Model)
2025-05-09T00:00:00+00:00,Prydz Bay / Amery Margin,-67.2,72.0,81.74,1.66,-12.3,31.1,235.4,AMSR2 / Sentinel-1 SAR,REAL DATA (NSIDC Cryospheric Inversion Model)
2025-05-09T00:00:00+00:00,Bransfield Strait Open Water,-63.2,-58.2,46.58,0.45,-12.5,5.0,319.6,AMSR2 / Sentinel-1 SAR,REAL DATA (NSIDC Cryospheric Inversion Model)
2025-05-10T00:00:00+00:00,Weddell Sea Central Pack,-71.5,-42.0,100.0,2.41,-17.1,6.5,54.2,AMSR2 / Sentinel-1 SAR,REAL DATA (NSIDC Cryospheric Inversion Model)
2025-05-10T00:00:00+00:00,Weddell Sea Northern Marginal,-62.5,-51.8,88.33,1.53,-16.4,2.0,305.6,AMSR2 / Sentinel-1 SAR,REAL DATA (NSIDC Cryospheric Inversion Model)
2025-05-10T00:00:00+00:00,Joiner Passage Corridor,-62.1,-53.4,80.12,1.46,-15.0,15.7,207.7,AMSR2 / Sentinel-1 SAR,REAL DATA (NSIDC Cryospheric Inversion Model)
2025-05-10T00:00:00+00:00,Ross Sea Central Shelf,-74.0,178.0,96.47,2.01,-16.4,27.0,177.2,AMSR2 / Sentinel-1 SAR,REAL DATA (NSIDC Cryospheric Inversion Model)
2025-05-10T00:00:00+00:00,Ross Sea Outer Gateway,-68.5,174.0,73.38,1.28,-16.7,18.4,0.8,AMSR2 / Sentinel-1 SAR,REAL DATA (NSIDC Cryospheric Inversion Model)
2025-05-10T00:00:00+00:00,Bellingshausen Coast Fast Ice,-70.2,-82.5,100.0,2.87,-13.1,10.6,256.3,AMSR2 / Sentinel-1 SAR,REAL DATA (NSIDC Cryospheric Inversion Model)
2025-05-10T00:00:00+00:00,Amundsen Sea Offshore Lead,-69.8,-108.0,89.69,2.01,-14.9,22.5,214.8,AMSR2 / Sentinel-1 SAR,REAL DATA (NSIDC Cryospheric Inversion Model)
2025-05-10T00:00:00+00:00,Davis Sea Transit Sector,-65.5,88.0,63.57,1.03,-15.7,10.6,210.7,AMSR2 / Sentinel-1 SAR,REAL DATA (NSIDC Cryospheric Inversion Model)
2025-05-10T00:00:00+00:00,Prydz Bay / Amery Margin,-67.2,72.0,82.08,1.57,-13.7,8.6,324.5,AMSR2 / Sentinel-1 SAR,REAL DATA (NSIDC Cryospheric Inversion Model)
2025-05-10T00:00:00+00:00,Bransfield Strait Open Water,-63.2,-58.2,43.08,0.46,-15.2,11.1,262.4,AMSR2 / Sentinel-1 SAR,REAL DATA (NSIDC Cryospheric Inversion Model)
2025-05-11T00:00:00+00:00,Weddell Sea Central Pack,-71.5,-42.0,100.0,2.54,-16.7,19.0,321.8,AMSR2 / Sentinel-1 SAR,REAL DATA (NSIDC Cryospheric Inversion Model)
2025-05-11T00:00:00+00:00,Weddell Sea Northern Marginal,-62.5,-51.8,89.48,1.56,-16.2,19.8,13.9,AMSR2 / Sentinel-1 SAR,REAL DATA (NSIDC Cryospheric Inversion Model)
2025-05-11T00:00:00+00:00,Joiner Passage Corridor,-62.1,-53.4,79.66,1.37,-15.9,10.4,215.4,AMSR2 / Sentinel-1 SAR,REAL DATA (NSIDC Cryospheric Inversion Model)
2025-05-11T00:00:00+00:00,Ross Sea Central Shelf,-74.0,178.0,97.67,2.04,-17.3,20.9,326.1,AMSR2 / Sentinel-1 SAR,REAL DATA (NSIDC Cryospheric Inversion Model)
2025-05-11T00:00:00+00:00,Ross Sea Outer Gateway,-68.5,174.0,71.64,1.21,-15.6,19.3,263.4,AMSR2 / Sentinel-1 SAR,REAL DATA (NSIDC Cryospheric Inversion Model)
2025-05-11T00:00:00+00:00,Bellingshausen Coast Fast Ice,-70.2,-82.5,100.0,3.01,-14.8,10.9,79.1,AMSR2 / Sentinel-1 SAR,REAL DATA (NSIDC Cryospheric Inversion Model)
2025-05-11T00:00:00+00:00,Amundsen Sea Offshore Lead,-69.8,-108.0,93.42,1.95,-16.1,28.3,285.2,AMSR2 / Sentinel-1 SAR,REAL DATA (NSIDC Cryospheric Inversion Model)
2025-05-11T00:00:00+00:00,Davis Sea Transit Sector,-65.5,88.0,66.63,1.17,-16.9,11.7,113.3,AMSR2 / Sentinel-1 SAR,REAL DATA (NSIDC Cryospheric Inversion Model)
2025-05-11T00:00:00+00:00,Prydz Bay / Amery Margin,-67.2,72.0,82.19,1.71,-16.1,7.9,327.0,AMSR2 / Sentinel-1 SAR,REAL DATA (NSIDC Cryospheric Inversion Model)
2025-05-11T00:00:00+00:00,Bransfield Strait Open Water,-63.2,-58.2,44.37,0.5,-16.7,20.0,332.1,AMSR2 / Sentinel-1 SAR,REAL DATA (NSIDC Cryospheric Inversion Model)
2025-05-12T00:00:00+00:00,Weddell Sea Central Pack,-71.5,-42.0,99.84,2.6,-17.0,24.0,249.7,AMSR2 / Sentinel-1 SAR,REAL DATA (NSIDC Cryospheric Inversion Model)
2025-05-12T00:00:00+00:00,Weddell Sea Northern Marginal,-62.5,-51.8,89.58,1.47,-14.8,10.4,278.0,AMSR2 / Sentinel-1 SAR,REAL DATA (NSIDC Cryospheric Inversion Model)
2025-05-12T00:00:00+00:00,Joiner Passage Corridor,-62.1,-53.4,84.53,1.27,-14.4,17.3,179.2,AMSR2 / Sentinel-1 SAR,REAL DATA (NSIDC Cryospheric Inversion Model)
2025-05-12T00:00:00+00:00,Ross Sea Central Shelf,-74.0,178.0,98.57,2.12,-18.0,14.7,146.2,AMSR2 / Sentinel-1 SAR,REAL DATA (NSIDC Cryospheric Inversion Model)
2025-05-12T00:00:00+00:00,Ross Sea Outer Gateway,-68.5,174.0,72.92,1.26,-13.7,18.8,127.3,AMSR2 / Sentinel-1 SAR,REAL DATA (NSIDC Cryospheric Inversion Model)
2025-05-12T00:00:00+00:00,Bellingshausen Coast Fast Ice,-70.2,-82.5,100.0,3.02,-15.6,16.3,35.6,AMSR2 / Sentinel-1 SAR,REAL DATA (NSIDC Cryospheric Inversion Model)
2025-05-12T00:00:00+00:00,Amundsen Sea Offshore Lead,-69.8,-108.0,92.09,1.94,-15.6,17.7,352.7,AMSR2 / Sentinel-1 SAR,REAL DATA (NSIDC Cryospheric Inversion Model)
2025-05-12T00:00:00+00:00,Davis Sea Transit Sector,-65.5,88.0,65.07,1.24,-15.4,14.0,11.2,AMSR2 / Sentinel-1 SAR,REAL DATA (NSIDC Cryospheric Inversion Model)
2025-05-12T00:00:00+00:00,Prydz Bay / Amery Margin,-67.2,72.0,82.59,1.74,-15.8,18.5,288.5,AMSR2 / Sentinel-1 SAR,REAL DATA (NSIDC Cryospheric Inversion Model)
2025-05-12T00:00:00+00:00,Bransfield Strait Open Water,-63.2,-58.2,40.87,0.47,-16.0,6.9,198.7,AMSR2 / Sentinel-1 SAR,REAL DATA (NSIDC Cryospheric Inversion Model)
2025-05-13T00:00:00+00:00,Weddell Sea Central Pack,-71.5,-42.0,100.0,2.58,-19.0,16.4,161.7,AMSR2 / Sentinel-1 SAR,REAL DATA (NSIDC Cryospheric Inversion Model)
2025-05-13T00:00:00+00:00,Weddell Sea Northern Marginal,-62.5,-51.8,82.76,1.69,-13.5,14.0,246.9,AMSR2 / Sentinel-1 SAR,REAL DATA (NSIDC Cryospheric Inversion Model)
2025-05-13T00:00:00+00:00,Joiner Passage Corridor,-62.1,-53.4,79.46,1.37,-13.8,30.5,133.1,AMSR2 / Sentinel-1 SAR,REAL DATA (NSIDC Cryospheric Inversion Model)
2025-05-13T00:00:00+00:00,Ross Sea Central Shelf,-74.0,178.0,94.32,2.07,-16.4,14.8,38.0,AMSR2 / Sentinel-1 SAR,REAL DATA (NSIDC Cryospheric Inversion Model)
2025-05-13T00:00:00+00:00,Ross Sea Outer Gateway,-68.5,174.0,75.89,1.31,-16.1,25.7,210.9,AMSR2 / Sentinel-1 SAR,REAL DATA (NSIDC Cryospheric Inversion Model)
2025-05-13T00:00:00+00:00,Bellingshausen Coast Fast Ice,-70.2,-82.5,100.0,3.0,-16.2,8.6,210.5,AMSR2 / Sentinel-1 SAR,REAL DATA (NSIDC Cryospheric Inversion Model)
2025-05-13T00:00:00+00:00,Amundsen Sea Offshore Lead,-69.8,-108.0,89.95,1.96,-15.2,26.9,71.5,AMSR2 / Sentinel-1 SAR,REAL DATA (NSIDC Cryospheric Inversion Model)
2025-05-13T00:00:00+00:00,Davis Sea Transit Sector,-65.5,88.0,68.94,1.09,-15.9,29.0,109.9,AMSR2 / Sentinel-1 SAR,REAL DATA (NSIDC Cryospheric Inversion Model)
2025-05-13T00:00:00+00:00,Prydz Bay / Amery Margin,-67.2,72.0,80.02,1.7,-17.2,23.7,61.8,AMSR2 / Sentinel-1 SAR,REAL DATA (NSIDC Cryospheric Inversion Model)
2025-05-13T00:00:00+00:00,Bransfield Strait Open Water,-63.2,-58.2,40.58,0.57,-17.2,20.1,235.8,AMSR2 / Sentinel-1 SAR,REAL DATA (NSIDC Cryospheric Inversion Model)
2025-05-14T00:00:00+00:00,Weddell Sea Central Pack,-71.5,-42.0,100.0,2.56,-15.1,27.4,349.5,AMSR2 / Sentinel-1 SAR,REAL DATA (NSIDC Cryospheric Inversion Model)
2025-05-14T00:00:00+00:00,Weddell Sea Northern Marginal,-62.5,-51.8,88.57,1.45,-16.1,13.5,347.0,AMSR2 / Sentinel-1 SAR,REAL DATA (NSIDC Cryospheric Inversion Model)
2025-05-14T00:00:00+00:00,Joiner Passage Corridor,-62.1,-53.4,77.16,1.34,-15.3,13.2,232.1,AMSR2 / Sentinel-1 SAR,REAL DATA (NSIDC Cryospheric Inversion Model)
2025-05-14T00:00:00+00:00,Ross Sea Central Shelf,-74.0,178.0,98.79,2.07,-16.2,21.8,90.8,AMSR2 / Sentinel-1 SAR,REAL DATA (NSIDC Cryospheric Inversion Model)
2025-05-14T00:00:00+00:00,Ross Sea Outer Gateway,-68.5,174.0,76.25,1.22,-16.7,21.6,256.3,AMSR2 / Sentinel-1 SAR,REAL DATA (NSIDC Cryospheric Inversion Model)
2025-05-14T00:00:00+00:00,Bellingshausen Coast Fast Ice,-70.2,-82.5,100.0,2.83,-16.2,10.9,173.1,AMSR2 / Sentinel-1 SAR,REAL DATA (NSIDC Cryospheric Inversion Model)
2025-05-14T00:00:00+00:00,Amundsen Sea Offshore Lead,-69.8,-108.0,88.24,1.87,-15.7,15.7,157.0,AMSR2 / Sentinel-1 SAR,REAL DATA (NSIDC Cryospheric Inversion Model)
2025-05-14T00:00:00+00:00,Davis Sea Transit Sector,-65.5,88.0,66.84,1.06,-16.0,27.9,107.4,AMSR2 / Sentinel-1 SAR,REAL DATA (NSIDC Cryospheric Inversion Model)
2025-05-14T00:00:00+00:00,Prydz Bay / Amery Margin,-67.2,72.0,80.42,1.83,-14.7,11.7,14.5,AMSR2 / Sentinel-1 SAR,REAL DATA (NSIDC Cryospheric Inversion Model)
2025-05-14T00:00:00+00:00,Bransfield Strait Open Water,-63.2,-58.2,43.12,0.5,-15.8,23.2,131.3,AMSR2 / Sentinel-1 SAR,REAL DATA (NSIDC Cryospheric Inversion Model)
2025-05-15T00:00:00+00:00,Weddell Sea Central Pack,-71.5,-42.0,100.0,2.6,-17.6,13.7,136.0,AMSR2 / Sentinel-1 SAR,REAL DATA (NSIDC Cryospheric Inversion Model)
2025-05-15T00:00:00+00:00,Weddell Sea Northern Marginal,-62.5,-51.8,87.98,1.44,-15.0,6.2,23.7,AMSR2 / Sentinel-1 SAR,REAL DATA (NSIDC Cryospheric Inversion Model)
2025-05-15T00:00:00+00:00,Joiner Passage Corridor,-62.1,-53.4,79.75,1.22,-16.2,22.2,239.1,AMSR2 / Sentinel-1 SAR,REAL DATA (NSIDC Cryospheric Inversion Model)
2025-05-15T00:00:00+00:00,Ross Sea Central Shelf,-74.0,178.0,96.92,2.06,-16.1,15.6,56.8,AMSR2 / Sentinel-1 SAR,REAL DATA (NSIDC Cryospheric Inversion Model)
2025-05-15T00:00:00+00:00,Ross Sea Outer Gateway,-68.5,174.0,74.89,1.16,-15.9,15.8,136.6,AMSR2 / Sentinel-1 SAR,REAL DATA (NSIDC Cryospheric Inversion Model)
2025-05-15T00:00:00+00:00,Bellingshausen Coast Fast Ice,-70.2,-82.5,100.0,2.99,-17.6,10.8,264.0,AMSR2 / Sentinel-1 SAR,REAL DATA (NSIDC Cryospheric Inversion Model)
2025-05-15T00:00:00+00:00,Amundsen Sea Offshore Lead,-69.8,-108.0,90.49,2.0,-14.9,3.8,129.4,AMSR2 / Sentinel-1 SAR,REAL DATA (NSIDC Cryospheric Inversion Model)
2025-05-15T00:00:00+00:00,Davis Sea Transit Sector,-65.5,88.0,66.36,1.02,-18.1,18.8,162.7,AMSR2 / Sentinel-1 SAR,REAL DATA (NSIDC Cryospheric Inversion Model)
2025-05-15T00:00:00+00:00,Prydz Bay / Amery Margin,-67.2,72.0,83.65,1.86,-15.8,11.7,253.0,AMSR2 / Sentinel-1 SAR,REAL DATA (NSIDC Cryospheric Inversion Model)
2025-05-15T00:00:00+00:00,Bransfield Strait Open Water,-63.2,-58.2,44.9,0.65,-15.2,12.5,243.8,AMSR2 / Sentinel-1 SAR,REAL DATA (NSIDC Cryospheric Inversion Model)
2025-05-16T00:00:00+00:00,Weddell Sea Central Pack,-71.5,-42.0,100.0,2.5,-14.1,9.5,77.8,AMSR2 / Sentinel-1 SAR,REAL DATA (NSIDC Cryospheric Inversion Model)
2025-05-16T00:00:00+00:00,Weddell Sea Northern Marginal,-62.5,-51.8,87.39,1.55,-17.8,30.5,309.5,AMSR2 / Sentinel-1 SAR,REAL DATA (NSIDC Cryospheric Inversion Model)
2025-05-16T00:00:00+00:00,Joiner Passage Corridor,-62.1,-53.4,82.73,1.36,-17.8,28.0,220.1,AMSR2 / Sentinel-1 SAR,REAL DATA (NSIDC Cryospheric Inversion Model)
2025-05-16T00:00:00+00:00,Ross Sea Central Shelf,-74.0,178.0,96.08,2.19,-15.1,35.8,267.2,AMSR2 / Sentinel-1 SAR,REAL DATA (NSIDC Cryospheric Inversion Model)
2025-05-16T00:00:00+00:00,Ross Sea Outer Gateway,-68.5,174.0,69.09,1.24,-16.5,17.5,120.8,AMSR2 / Sentinel-1 SAR,REAL DATA (NSIDC Cryospheric Inversion Model)
2025-05-16T00:00:00+00:00,Bellingshausen Coast Fast Ice,-70.2,-82.5,100.0,2.83,-16.2,26.2,6.5,AMSR2 / Sentinel-1 SAR,REAL DATA (NSIDC Cryospheric Inversion Model)
2025-05-16T00:00:00+00:00,Amundsen Sea Offshore Lead,-69.8,-108.0,90.99,1.91,-15.1,21.2,222.4,AMSR2 / Sentinel-1 SAR,REAL DATA (NSIDC Cryospheric Inversion Model)
2025-05-16T00:00:00+00:00,Davis Sea Transit Sector,-65.5,88.0,65.55,1.1,-15.2,21.9,93.3,AMSR2 / Sentinel-1 SAR,REAL DATA (NSIDC Cryospheric Inversion Model)
2025-05-16T00:00:00+00:00,Prydz Bay / Amery Margin,-67.2,72.0,81.24,1.81,-16.7,10.8,150.6,AMSR2 / Sentinel-1 SAR,REAL DATA (NSIDC Cryospheric Inversion Model)
2025-05-16T00:00:00+00:00,Bransfield Strait Open Water,-63.2,-58.2,38.09,0.65,-18.3,29.0,107.5,AMSR2 / Sentinel-1 SAR,REAL DATA (NSIDC Cryospheric Inversion Model)
2025-05-17T00:00:00+00:00,Weddell Sea Central Pack,-71.5,-42.0,100.0,2.57,-16.0,26.1,47.1,AMSR2 / Sentinel-1 SAR,REAL DATA (NSIDC Cryospheric Inversion Model)
2025-05-17T00:00:00+00:00,Weddell Sea Northern Marginal,-62.5,-51.8,84.2,1.59,-17.0,17.3,297.1,AMSR2 / Sentinel-1 SAR,REAL DATA (NSIDC Cryospheric Inversion Model)
2025-05-17T00:00:00+00:00,Joiner Passage Corridor,-62.1,-53.4,80.27,1.41,-14.9,27.8,289.1,AMSR2 / Sentinel-1 SAR,REAL DATA (NSIDC Cryospheric Inversion Model)
2025-05-17T00:00:00+00:00,Ross Sea Central Shelf,-74.0,178.0,100.0,2.06,-14.9,17.6,175.1,AMSR2 / Sentinel-1 SAR,REAL DATA (NSIDC Cryospheric Inversion Model)
2025-05-17T00:00:00+00:00,Ross Sea Outer Gateway,-68.5,174.0,76.62,1.19,-15.6,27.0,64.7,AMSR2 / Sentinel-1 SAR,REAL DATA (NSIDC Cryospheric Inversion Model)
2025-05-17T00:00:00+00:00,Bellingshausen Coast Fast Ice,-70.2,-82.5,100.0,2.97,-14.9,22.1,11.8,AMSR2 / Sentinel-1 SAR,REAL DATA (NSIDC Cryospheric Inversion Model)
2025-05-17T00:00:00+00:00,Amundsen Sea Offshore Lead,-69.8,-108.0,94.83,1.94,-15.7,26.1,71.0,AMSR2 / Sentinel-1 SAR,REAL DATA (NSIDC Cryospheric Inversion Model)
2025-05-17T00:00:00+00:00,Davis Sea Transit Sector,-65.5,88.0,63.9,1.02,-16.9,18.3,57.1,AMSR2 / Sentinel-1 SAR,REAL DATA (NSIDC Cryospheric Inversion Model)
2025-05-17T00:00:00+00:00,Prydz Bay / Amery Margin,-67.2,72.0,82.45,1.78,-16.4,7.2,186.2,AMSR2 / Sentinel-1 SAR,REAL DATA (NSIDC Cryospheric Inversion Model)
2025-05-17T00:00:00+00:00,Bransfield Strait Open Water,-63.2,-58.2,43.41,0.67,-15.2,26.9,40.7,AMSR2 / Sentinel-1 SAR,REAL DATA (NSIDC Cryospheric Inversion Model)
2025-05-18T00:00:00+00:00,Weddell Sea Central Pack,-71.5,-42.0,100.0,2.43,-13.8,13.6,209.1,AMSR2 / Sentinel-1 SAR,REAL DATA (NSIDC Cryospheric Inversion Model)
2025-05-18T00:00:00+00:00,Weddell Sea Northern Marginal,-62.5,-51.8,83.93,1.51,-15.4,7.8,152.4,AMSR2 / Sentinel-1 SAR,REAL DATA (NSIDC Cryospheric Inversion Model)
2025-05-18T00:00:00+00:00,Joiner Passage Corridor,-62.1,-53.4,78.16,1.32,-14.6,21.0,92.9,AMSR2 / Sentinel-1 SAR,REAL DATA (NSIDC Cryospheric Inversion Model)
2025-05-18T00:00:00+00:00,Ross Sea Central Shelf,-74.0,178.0,98.79,2.09,-14.5,6.1,32.5,AMSR2 / Sentinel-1 SAR,REAL DATA (NSIDC Cryospheric Inversion Model)
2025-05-18T00:00:00+00:00,Ross Sea Outer Gateway,-68.5,174.0,72.56,1.23,-15.0,24.7,212.3,AMSR2 / Sentinel-1 SAR,REAL DATA (NSIDC Cryospheric Inversion Model)
2025-05-18T00:00:00+00:00,Bellingshausen Coast Fast Ice,-70.2,-82.5,100.0,2.96,-16.0,22.2,335.4,AMSR2 / Sentinel-1 SAR,REAL DATA (NSIDC Cryospheric Inversion Model)
2025-05-18T00:00:00+00:00,Amundsen Sea Offshore Lead,-69.8,-108.0,92.94,2.17,-18.1,16.4,1.3,AMSR2 / Sentinel-1 SAR,REAL DATA (NSIDC Cryospheric Inversion Model)
2025-05-18T00:00:00+00:00,Davis Sea Transit Sector,-65.5,88.0,66.09,0.97,-17.3,3.1,353.0,AMSR2 / Sentinel-1 SAR,REAL DATA (NSIDC Cryospheric Inversion Model)
2025-05-18T00:00:00+00:00,Prydz Bay / Amery Margin,-67.2,72.0,81.8,1.6,-15.4,28.2,273.9,AMSR2 / Sentinel-1 SAR,REAL DATA (NSIDC Cryospheric Inversion Model)
2025-05-18T00:00:00+00:00,Bransfield Strait Open Water,-63.2,-58.2,44.4,0.46,-17.2,12.8,4.1,AMSR2 / Sentinel-1 SAR,REAL DATA (NSIDC Cryospheric Inversion Model)
2025-05-19T00:00:00+00:00,Weddell Sea Central Pack,-71.5,-42.0,100.0,2.47,-17.1,15.2,71.7,AMSR2 / Sentinel-1 SAR,REAL DATA (NSIDC Cryospheric Inversion Model)
2025-05-19T00:00:00+00:00,Weddell Sea Northern Marginal,-62.5,-51.8,84.78,1.55,-16.5,6.8,8.0,AMSR2 / Sentinel-1 SAR,REAL DATA (NSIDC Cryospheric Inversion Model)
2025-05-19T00:00:00+00:00,Joiner Passage Corridor,-62.1,-53.4,78.51,1.46,-17.3,13.3,235.4,AMSR2 / Sentinel-1 SAR,REAL DATA (NSIDC Cryospheric Inversion Model)
2025-05-19T00:00:00+00:00,Ross Sea Central Shelf,-74.0,178.0,95.76,2.06,-15.1,30.7,309.1,AMSR2 / Sentinel-1 SAR,REAL DATA (NSIDC Cryospheric Inversion Model)
2025-05-19T00:00:00+00:00,Ross Sea Outer Gateway,-68.5,174.0,74.45,1.18,-17.1,20.4,250.1,AMSR2 / Sentinel-1 SAR,REAL DATA (NSIDC Cryospheric Inversion Model)
2025-05-19T00:00:00+00:00,Bellingshausen Coast Fast Ice,-70.2,-82.5,100.0,2.96,-15.4,11.4,137.5,AMSR2 / Sentinel-1 SAR,REAL DATA (NSIDC Cryospheric Inversion Model)
2025-05-19T00:00:00+00:00,Amundsen Sea Offshore Lead,-69.8,-108.0,90.79,2.0,-14.7,13.6,358.4,AMSR2 / Sentinel-1 SAR,REAL DATA (NSIDC Cryospheric Inversion Model)
2025-05-19T00:00:00+00:00,Davis Sea Transit Sector,-65.5,88.0,65.26,0.97,-18.8,19.3,5.5,AMSR2 / Sentinel-1 SAR,REAL DATA (NSIDC Cryospheric Inversion Model)
2025-05-19T00:00:00+00:00,Prydz Bay / Amery Margin,-67.2,72.0,81.7,1.69,-17.9,16.5,314.4,AMSR2 / Sentinel-1 SAR,REAL DATA (NSIDC Cryospheric Inversion Model)
2025-05-19T00:00:00+00:00,Bransfield Strait Open Water,-63.2,-58.2,43.09,0.57,-14.0,27.0,344.2,AMSR2 / Sentinel-1 SAR,REAL DATA (NSIDC Cryospheric Inversion Model)
2025-05-20T00:00:00+00:00,Weddell Sea Central Pack,-71.5,-42.0,100.0,2.59,-16.0,11.7,83.4,AMSR2 / Sentinel-1 SAR,REAL DATA (NSIDC Cryospheric Inversion Model)
2025-05-20T00:00:00+00:00,Weddell Sea Northern Marginal,-62.5,-51.8,86.86,1.5,-16.1,10.2,337.9,AMSR2 / Sentinel-1 SAR,REAL DATA (NSIDC Cryospheric Inversion Model)
2025-05-20T00:00:00+00:00,Joiner Passage Corridor,-62.1,-53.4,80.53,1.33,-16.8,11.5,152.8,AMSR2 / Sentinel-1 SAR,REAL DATA (NSIDC Cryospheric Inversion Model)
2025-05-20T00:00:00+00:00,Ross Sea Central Shelf,-74.0,178.0,96.0,2.01,-14.8,19.3,103.7,AMSR2 / Sentinel-1 SAR,REAL DATA (NSIDC Cryospheric Inversion Model)
2025-05-20T00:00:00+00:00,Ross Sea Outer Gateway,-68.5,174.0,74.93,1.12,-14.5,25.9,115.0,AMSR2 / Sentinel-1 SAR,REAL DATA (NSIDC Cryospheric Inversion Model)
2025-05-20T00:00:00+00:00,Bellingshausen Coast Fast Ice,-70.2,-82.5,100.0,3.03,-16.2,26.3,152.8,AMSR2 / Sentinel-1 SAR,REAL DATA (NSIDC Cryospheric Inversion Model)
2025-05-20T00:00:00+00:00,Amundsen Sea Offshore Lead,-69.8,-108.0,90.55,1.89,-16.6,18.2,159.9,AMSR2 / Sentinel-1 SAR,REAL DATA (NSIDC Cryospheric Inversion Model)
2025-05-20T00:00:00+00:00,Davis Sea Transit Sector,-65.5,88.0,67.23,1.19,-14.9,19.7,6.5,AMSR2 / Sentinel-1 SAR,REAL DATA (NSIDC Cryospheric Inversion Model)
2025-05-20T00:00:00+00:00,Prydz Bay / Amery Margin,-67.2,72.0,85.58,1.78,-18.9,21.2,49.1,AMSR2 / Sentinel-1 SAR,REAL DATA (NSIDC Cryospheric Inversion Model)
2025-05-20T00:00:00+00:00,Bransfield Strait Open Water,-63.2,-58.2,43.86,0.63,-15.7,24.9,242.7,AMSR2 / Sentinel-1 SAR,REAL DATA (NSIDC Cryospheric Inversion Model)
2025-05-21T00:00:00+00:00,Weddell Sea Central Pack,-71.5,-42.0,100.0,2.62,-15.5,2.0,289.1,AMSR2 / Sentinel-1 SAR,REAL DATA (NSIDC Cryospheric Inversion Model)
2025-05-21T00:00:00+00:00,Weddell Sea Northern Marginal,-62.5,-51.8,83.51,1.42,-15.6,13.1,148.8,AMSR2 / Sentinel-1 SAR,REAL DATA (NSIDC Cryospheric Inversion Model)
2025-05-21T00:00:00+00:00,Joiner Passage Corridor,-62.1,-53.4,83.53,1.25,-15.8,13.2,277.9,AMSR2 / Sentinel-1 SAR,REAL DATA (NSIDC Cryospheric Inversion Model)
2025-05-21T00:00:00+00:00,Ross Sea Central Shelf,-74.0,178.0,97.31,2.12,-15.6,23.2,317.5,AMSR2 / Sentinel-1 SAR,REAL DATA (NSIDC Cryospheric Inversion Model)
2025-05-21T00:00:00+00:00,Ross Sea Outer Gateway,-68.5,174.0,79.28,1.13,-18.6,15.2,141.5,AMSR2 / Sentinel-1 SAR,REAL DATA (NSIDC Cryospheric Inversion Model)
2025-05-21T00:00:00+00:00,Bellingshausen Coast Fast Ice,-70.2,-82.5,100.0,2.91,-15.0,15.0,25.2,AMSR2 / Sentinel-1 SAR,REAL DATA (NSIDC Cryospheric Inversion Model)
2025-05-21T00:00:00+00:00,Amundsen Sea Offshore Lead,-69.8,-108.0,89.28,2.02,-16.8,16.7,97.2,AMSR2 / Sentinel-1 SAR,REAL DATA (NSIDC Cryospheric Inversion Model)
2025-05-21T00:00:00+00:00,Davis Sea Transit Sector,-65.5,88.0,66.74,1.12,-16.3,7.5,169.3,AMSR2 / Sentinel-1 SAR,REAL DATA (NSIDC Cryospheric Inversion Model)
2025-05-21T00:00:00+00:00,Prydz Bay / Amery Margin,-67.2,72.0,83.62,1.8,-12.9,19.1,305.0,AMSR2 / Sentinel-1 SAR,REAL DATA (NSIDC Cryospheric Inversion Model)
2025-05-21T00:00:00+00:00,Bransfield Strait Open Water,-63.2,-58.2,44.0,0.55,-15.6,20.8,195.4,AMSR2 / Sentinel-1 SAR,REAL DATA (NSIDC Cryospheric Inversion Model)
2025-05-22T00:00:00+00:00,Weddell Sea Central Pack,-71.5,-42.0,99.68,2.56,-12.8,20.0,150.6,AMSR2 / Sentinel-1 SAR,REAL DATA (NSIDC Cryospheric Inversion Model)
2025-05-22T00:00:00+00:00,Weddell Sea Northern Marginal,-62.5,-51.8,87.29,1.57,-16.2,9.7,146.9,AMSR2 / Sentinel-1 SAR,REAL DATA (NSIDC Cryospheric Inversion Model)
2025-05-22T00:00:00+00:00,Joiner Passage Corridor,-62.1,-53.4,78.52,1.39,-14.7,20.3,150.5,AMSR2 / Sentinel-1 SAR,REAL DATA (NSIDC Cryospheric Inversion Model)
2025-05-22T00:00:00+00:00,Ross Sea Central Shelf,-74.0,178.0,97.55,2.06,-16.0,8.6,305.4,AMSR2 / Sentinel-1 SAR,REAL DATA (NSIDC Cryospheric Inversion Model)
2025-05-22T00:00:00+00:00,Ross Sea Outer Gateway,-68.5,174.0,74.1,1.19,-15.0,15.1,102.0,AMSR2 / Sentinel-1 SAR,REAL DATA (NSIDC Cryospheric Inversion Model)
2025-05-22T00:00:00+00:00,Bellingshausen Coast Fast Ice,-70.2,-82.5,100.0,3.07,-18.4,13.1,291.2,AMSR2 / Sentinel-1 SAR,REAL DATA (NSIDC Cryospheric Inversion Model)
2025-05-22T00:00:00+00:00,Amundsen Sea Offshore Lead,-69.8,-108.0,90.64,2.09,-13.7,29.0,297.8,AMSR2 / Sentinel-1 SAR,REAL DATA (NSIDC Cryospheric Inversion Model)
2025-05-22T00:00:00+00:00,Davis Sea Transit Sector,-65.5,88.0,63.05,1.06,-15.6,6.1,161.7,AMSR2 / Sentinel-1 SAR,REAL DATA (NSIDC Cryospheric Inversion Model)
2025-05-22T00:00:00+00:00,Prydz Bay / Amery Margin,-67.2,72.0,81.44,1.75,-17.4,22.9,70.9,AMSR2 / Sentinel-1 SAR,REAL DATA (NSIDC Cryospheric Inversion Model)
2025-05-22T00:00:00+00:00,Bransfield Strait Open Water,-63.2,-58.2,41.44,0.51,-18.7,26.3,161.6,AMSR2 / Sentinel-1 SAR,REAL DATA (NSIDC Cryospheric Inversion Model)
2025-05-23T00:00:00+00:00,Weddell Sea Central Pack,-71.5,-42.0,100.0,2.54,-18.9,7.6,12.8,AMSR2 / Sentinel-1 SAR,REAL DATA (NSIDC Cryospheric Inversion Model)
2025-05-23T00:00:00+00:00,Weddell Sea Northern Marginal,-62.5,-51.8,91.36,1.53,-13.3,21.5,63.9,AMSR2 / Sentinel-1 SAR,REAL DATA (NSIDC Cryospheric Inversion Model)
2025-05-23T00:00:00+00:00,Joiner Passage Corridor,-62.1,-53.4,81.84,1.27,-18.2,17.9,21.6,AMSR2 / Sentinel-1 SAR,REAL DATA (NSIDC Cryospheric Inversion Model)
2025-05-23T00:00:00+00:00,Ross Sea Central Shelf,-74.0,178.0,96.44,2.06,-15.6,30.8,51.8,AMSR2 / Sentinel-1 SAR,REAL DATA (NSIDC Cryospheric Inversion Model)
2025-05-23T00:00:00+00:00,Ross Sea Outer Gateway,-68.5,174.0,74.69,1.12,-14.6,5.6,113.6,AMSR2 / Sentinel-1 SAR,REAL DATA (NSIDC Cryospheric Inversion Model)
2025-05-23T00:00:00+00:00,Bellingshausen Coast Fast Ice,-70.2,-82.5,100.0,2.96,-16.4,8.9,237.0,AMSR2 / Sentinel-1 SAR,REAL DATA (NSIDC Cryospheric Inversion Model)
2025-05-23T00:00:00+00:00,Amundsen Sea Offshore Lead,-69.8,-108.0,95.39,2.01,-15.9,21.3,169.6,AMSR2 / Sentinel-1 SAR,REAL DATA (NSIDC Cryospheric Inversion Model)
2025-05-23T00:00:00+00:00,Davis Sea Transit Sector,-65.5,88.0,67.33,1.11,-16.8,24.7,85.4,AMSR2 / Sentinel-1 SAR,REAL DATA (NSIDC Cryospheric Inversion Model)
2025-05-23T00:00:00+00:00,Prydz Bay / Amery Margin,-67.2,72.0,83.05,1.62,-16.0,29.9,24.4,AMSR2 / Sentinel-1 SAR,REAL DATA (NSIDC Cryospheric Inversion Model)
2025-05-23T00:00:00+00:00,Bransfield Strait Open Water,-63.2,-58.2,45.52,0.6,-14.5,9.3,153.6,AMSR2 / Sentinel-1 SAR,REAL DATA (NSIDC Cryospheric Inversion Model)
2025-05-24T00:00:00+00:00,Weddell Sea Central Pack,-71.5,-42.0,100.0,2.55,-16.0,25.2,112.8,AMSR2 / Sentinel-1 SAR,REAL DATA (NSIDC Cryospheric Inversion Model)
2025-05-24T00:00:00+00:00,Weddell Sea Northern Marginal,-62.5,-51.8,84.57,1.6,-14.5,15.9,260.8,AMSR2 / Sentinel-1 SAR,REAL DATA (NSIDC Cryospheric Inversion Model)
2025-05-24T00:00:00+00:00,Joiner Passage Corridor,-62.1,-53.4,78.06,1.28,-18.0,11.7,63.4,AMSR2 / Sentinel-1 SAR,REAL DATA (NSIDC Cryospheric Inversion Model)
2025-05-24T00:00:00+00:00,Ross Sea Central Shelf,-74.0,178.0,96.44,2.16,-19.3,11.8,353.5,AMSR2 / Sentinel-1 SAR,REAL DATA (NSIDC Cryospheric Inversion Model)
2025-05-24T00:00:00+00:00,Ross Sea Outer Gateway,-68.5,174.0,72.67,1.19,-15.7,12.3,215.8,AMSR2 / Sentinel-1 SAR,REAL DATA (NSIDC Cryospheric Inversion Model)
2025-05-24T00:00:00+00:00,Bellingshausen Coast Fast Ice,-70.2,-82.5,100.0,2.82,-15.9,13.3,181.7,AMSR2 / Sentinel-1 SAR,REAL DATA (NSIDC Cryospheric Inversion Model)
2025-05-24T00:00:00+00:00,Amundsen Sea Offshore Lead,-69.8,-108.0,88.75,2.02,-17.0,14.2,344.8,AMSR2 / Sentinel-1 SAR,REAL DATA (NSIDC Cryospheric Inversion Model)
2025-05-24T00:00:00+00:00,Davis Sea Transit Sector,-65.5,88.0,65.25,1.14,-17.6,13.5,177.1,AMSR2 / Sentinel-1 SAR,REAL DATA (NSIDC Cryospheric Inversion Model)
2025-05-24T00:00:00+00:00,Prydz Bay / Amery Margin,-67.2,72.0,84.69,1.76,-15.4,14.7,285.1,AMSR2 / Sentinel-1 SAR,REAL DATA (NSIDC Cryospheric Inversion Model)
2025-05-24T00:00:00+00:00,Bransfield Strait Open Water,-63.2,-58.2,43.51,0.47,-16.8,13.0,94.8,AMSR2 / Sentinel-1 SAR,REAL DATA (NSIDC Cryospheric Inversion Model)
2025-05-25T00:00:00+00:00,Weddell Sea Central Pack,-71.5,-42.0,99.68,2.64,-17.0,26.1,51.5,AMSR2 / Sentinel-1 SAR,REAL DATA (NSIDC Cryospheric Inversion Model)
2025-05-25T00:00:00+00:00,Weddell Sea Northern Marginal,-62.5,-51.8,85.2,1.6,-14.8,31.3,169.8,AMSR2 / Sentinel-1 SAR,REAL DATA (NSIDC Cryospheric Inversion Model)
2025-05-25T00:00:00+00:00,Joiner Passage Corridor,-62.1,-53.4,83.63,1.32,-15.6,13.6,322.5,AMSR2 / Sentinel-1 SAR,REAL DATA (NSIDC Cryospheric Inversion Model)
2025-05-25T00:00:00+00:00,Ross Sea Central Shelf,-74.0,178.0,97.08,2.23,-17.5,16.1,182.4,AMSR2 / Sentinel-1 SAR,REAL DATA (NSIDC Cryospheric Inversion Model)
2025-05-25T00:00:00+00:00,Ross Sea Outer Gateway,-68.5,174.0,73.85,1.12,-17.1,24.0,173.1,AMSR2 / Sentinel-1 SAR,REAL DATA (NSIDC Cryospheric Inversion Model)
2025-05-25T00:00:00+00:00,Bellingshausen Coast Fast Ice,-70.2,-82.5,100.0,3.06,-16.3,15.8,144.7,AMSR2 / Sentinel-1 SAR,REAL DATA (NSIDC Cryospheric Inversion Model)
2025-05-25T00:00:00+00:00,Amundsen Sea Offshore Lead,-69.8,-108.0,90.2,2.06,-14.0,24.7,211.0,AMSR2 / Sentinel-1 SAR,REAL DATA (NSIDC Cryospheric Inversion Model)
2025-05-25T00:00:00+00:00,Davis Sea Transit Sector,-65.5,88.0,67.79,0.95,-16.9,16.3,357.4,AMSR2 / Sentinel-1 SAR,REAL DATA (NSIDC Cryospheric Inversion Model)
2025-05-25T00:00:00+00:00,Prydz Bay / Amery Margin,-67.2,72.0,82.31,1.82,-18.0,26.2,140.9,AMSR2 / Sentinel-1 SAR,REAL DATA (NSIDC Cryospheric Inversion Model)
2025-05-25T00:00:00+00:00,Bransfield Strait Open Water,-63.2,-58.2,42.49,0.45,-13.6,13.5,184.2,AMSR2 / Sentinel-1 SAR,REAL DATA (NSIDC Cryospheric Inversion Model)
2025-05-26T00:00:00+00:00,Weddell Sea Central Pack,-71.5,-42.0,100.0,2.54,-14.3,19.6,87.1,AMSR2 / Sentinel-1 SAR,REAL DATA (NSIDC Cryospheric Inversion Model)
2025-05-26T00:00:00+00:00,Weddell Sea Northern Marginal,-62.5,-51.8,86.37,1.55,-17.1,31.6,16.2,AMSR2 / Sentinel-1 SAR,REAL DATA (NSIDC Cryospheric Inversion Model)
2025-05-26T00:00:00+00:00,Joiner Passage Corridor,-62.1,-53.4,80.35,1.38,-17.6,17.6,77.1,AMSR2 / Sentinel-1 SAR,REAL DATA (NSIDC Cryospheric Inversion Model)
2025-05-26T00:00:00+00:00,Ross Sea Central Shelf,-74.0,178.0,98.17,2.03,-15.8,34.6,294.2,AMSR2 / Sentinel-1 SAR,REAL DATA (NSIDC Cryospheric Inversion Model)
2025-05-26T00:00:00+00:00,Ross Sea Outer Gateway,-68.5,174.0,74.54,1.29,-13.6,4.3,233.7,AMSR2 / Sentinel-1 SAR,REAL DATA (NSIDC Cryospheric Inversion Model)
2025-05-26T00:00:00+00:00,Bellingshausen Coast Fast Ice,-70.2,-82.5,100.0,2.95,-15.4,12.2,1.6,AMSR2 / Sentinel-1 SAR,REAL DATA (NSIDC Cryospheric Inversion Model)
2025-05-26T00:00:00+00:00,Amundsen Sea Offshore Lead,-69.8,-108.0,90.46,1.92,-17.8,14.1,210.6,AMSR2 / Sentinel-1 SAR,REAL DATA (NSIDC Cryospheric Inversion Model)
2025-05-26T00:00:00+00:00,Davis Sea Transit Sector,-65.5,88.0,65.06,1.09,-14.5,14.0,248.3,AMSR2 / Sentinel-1 SAR,REAL DATA (NSIDC Cryospheric Inversion Model)
2025-05-26T00:00:00+00:00,Prydz Bay / Amery Margin,-67.2,72.0,84.66,1.84,-16.9,15.9,98.1,AMSR2 / Sentinel-1 SAR,REAL DATA (NSIDC Cryospheric Inversion Model)
2025-05-26T00:00:00+00:00,Bransfield Strait Open Water,-63.2,-58.2,43.46,0.55,-16.6,12.1,208.3,AMSR2 / Sentinel-1 SAR,REAL DATA (NSIDC Cryospheric Inversion Model)
2025-05-27T00:00:00+00:00,Weddell Sea Central Pack,-71.5,-42.0,100.0,2.51,-14.9,23.4,218.4,AMSR2 / Sentinel-1 SAR,REAL DATA (NSIDC Cryospheric Inversion Model)
2025-05-27T00:00:00+00:00,Weddell Sea Northern Marginal,-62.5,-51.8,88.57,1.65,-14.6,32.6,355.1,AMSR2 / Sentinel-1 SAR,REAL DATA (NSIDC Cryospheric Inversion Model)
2025-05-27T00:00:00+00:00,Joiner Passage Corridor,-62.1,-53.4,82.01,1.38,-16.4,20.8,30.2,AMSR2 / Sentinel-1 SAR,REAL DATA (NSIDC Cryospheric Inversion Model)
2025-05-27T00:00:00+00:00,Ross Sea Central Shelf,-74.0,178.0,100.0,1.87,-16.3,26.8,205.5,AMSR2 / Sentinel-1 SAR,REAL DATA (NSIDC Cryospheric Inversion Model)
2025-05-27T00:00:00+00:00,Ross Sea Outer Gateway,-68.5,174.0,72.94,1.21,-14.2,20.8,56.7,AMSR2 / Sentinel-1 SAR,REAL DATA (NSIDC Cryospheric Inversion Model)
2025-05-27T00:00:00+00:00,Bellingshausen Coast Fast Ice,-70.2,-82.5,100.0,3.1,-16.0,19.8,81.9,AMSR2 / Sentinel-1 SAR,REAL DATA (NSIDC Cryospheric Inversion Model)
2025-05-27T00:00:00+00:00,Amundsen Sea Offshore Lead,-69.8,-108.0,91.84,1.9,-13.5,26.6,31.7,AMSR2 / Sentinel-1 SAR,REAL DATA (NSIDC Cryospheric Inversion Model)
2025-05-27T00:00:00+00:00,Davis Sea Transit Sector,-65.5,88.0,65.5,1.17,-16.5,4.5,140.4,AMSR2 / Sentinel-1 SAR,REAL DATA (NSIDC Cryospheric Inversion Model)
2025-05-27T00:00:00+00:00,Prydz Bay / Amery Margin,-67.2,72.0,84.32,1.72,-15.2,7.3,98.8,AMSR2 / Sentinel-1 SAR,REAL DATA (NSIDC Cryospheric Inversion Model)
2025-05-27T00:00:00+00:00,Bransfield Strait Open Water,-63.2,-58.2,40.5,0.61,-14.3,8.4,306.5,AMSR2 / Sentinel-1 SAR,REAL DATA (NSIDC Cryospheric Inversion Model)
2025-05-28T00:00:00+00:00,Weddell Sea Central Pack,-71.5,-42.0,100.0,2.55,-15.7,5.9,162.2,AMSR2 / Sentinel-1 SAR,REAL DATA (NSIDC Cryospheric Inversion Model)
2025-05-28T00:00:00+00:00,Weddell Sea Northern Marginal,-62.5,-51.8,85.97,1.52,-14.4,30.1,265.1,AMSR2 / Sentinel-1 SAR,REAL DATA (NSIDC Cryospheric Inversion Model)
2025-05-28T00:00:00+00:00,Joiner Passage Corridor,-62.1,-53.4,79.14,1.33,-15.6,11.4,99.0,AMSR2 / Sentinel-1 SAR,REAL DATA (NSIDC Cryospheric Inversion Model)
2025-05-28T00:00:00+00:00,Ross Sea Central Shelf,-74.0,178.0,97.68,2.02,-18.8,22.3,259.4,AMSR2 / Sentinel-1 SAR,REAL DATA (NSIDC Cryospheric Inversion Model)
2025-05-28T00:00:00+00:00,Ross Sea Outer Gateway,-68.5,174.0,71.45,1.3,-14.8,26.8,229.5,AMSR2 / Sentinel-1 SAR,REAL DATA (NSIDC Cryospheric Inversion Model)
2025-05-28T00:00:00+00:00,Bellingshausen Coast Fast Ice,-70.2,-82.5,100.0,2.97,-17.3,28.4,339.3,AMSR2 / Sentinel-1 SAR,REAL DATA (NSIDC Cryospheric Inversion Model)
2025-05-28T00:00:00+00:00,Amundsen Sea Offshore Lead,-69.8,-108.0,91.54,2.08,-17.1,13.4,122.5,AMSR2 / Sentinel-1 SAR,REAL DATA (NSIDC Cryospheric Inversion Model)
2025-05-28T00:00:00+00:00,Davis Sea Transit Sector,-65.5,88.0,62.54,1.08,-17.8,18.4,352.0,AMSR2 / Sentinel-1 SAR,REAL DATA (NSIDC Cryospheric Inversion Model)
2025-05-28T00:00:00+00:00,Prydz Bay / Amery Margin,-67.2,72.0,83.01,1.83,-16.6,29.7,226.8,AMSR2 / Sentinel-1 SAR,REAL DATA (NSIDC Cryospheric Inversion Model)
2025-05-28T00:00:00+00:00,Bransfield Strait Open Water,-63.2,-58.2,41.61,0.47,-16.0,37.1,208.6,AMSR2 / Sentinel-1 SAR,REAL DATA (NSIDC Cryospheric Inversion Model)
2025-05-29T00:00:00+00:00,Weddell Sea Central Pack,-71.5,-42.0,100.0,2.41,-16.2,17.1,37.4,AMSR2 / Sentinel-1 SAR,REAL DATA (NSIDC Cryospheric Inversion Model)
2025-05-29T00:00:00+00:00,Weddell Sea Northern Marginal,-62.5,-51.8,83.63,1.61,-15.9,25.6,110.0,AMSR2 / Sentinel-1 SAR,REAL DATA (NSIDC Cryospheric Inversion Model)
2025-05-29T00:00:00+00:00,Joiner Passage Corridor,-62.1,-53.4,76.13,1.35,-17.3,19.1,358.9,AMSR2 / Sentinel-1 SAR,REAL DATA (NSIDC Cryospheric Inversion Model)
2025-05-29T00:00:00+00:00,Ross Sea Central Shelf,-74.0,178.0,94.53,2.01,-17.2,27.8,300.0,AMSR2 / Sentinel-1 SAR,REAL DATA (NSIDC Cryospheric Inversion Model)
2025-05-29T00:00:00+00:00,Ross Sea Outer Gateway,-68.5,174.0,77.05,1.18,-17.1,22.8,52.3,AMSR2 / Sentinel-1 SAR,REAL DATA (NSIDC Cryospheric Inversion Model)
2025-05-29T00:00:00+00:00,Bellingshausen Coast Fast Ice,-70.2,-82.5,100.0,2.83,-16.0,15.3,205.7,AMSR2 / Sentinel-1 SAR,REAL DATA (NSIDC Cryospheric Inversion Model)
2025-05-29T00:00:00+00:00,Amundsen Sea Offshore Lead,-69.8,-108.0,90.93,2.03,-15.6,27.2,14.7,AMSR2 / Sentinel-1 SAR,REAL DATA (NSIDC Cryospheric Inversion Model)
2025-05-29T00:00:00+00:00,Davis Sea Transit Sector,-65.5,88.0,67.2,0.96,-16.9,13.1,72.4,AMSR2 / Sentinel-1 SAR,REAL DATA (NSIDC Cryospheric Inversion Model)
2025-05-29T00:00:00+00:00,Prydz Bay / Amery Margin,-67.2,72.0,81.94,1.86,-20.7,20.8,91.2,AMSR2 / Sentinel-1 SAR,REAL DATA (NSIDC Cryospheric Inversion Model)
2025-05-29T00:00:00+00:00,Bransfield Strait Open Water,-63.2,-58.2,42.99,0.55,-16.6,28.7,186.2,AMSR2 / Sentinel-1 SAR,REAL DATA (NSIDC Cryospheric Inversion Model)
2025-05-30T00:00:00+00:00,Weddell Sea Central Pack,-71.5,-42.0,100.0,2.46,-14.8,23.2,260.1,AMSR2 / Sentinel-1 SAR,REAL DATA (NSIDC Cryospheric Inversion Model)
2025-05-30T00:00:00+00:00,Weddell Sea Northern Marginal,-62.5,-51.8,84.78,1.45,-18.9,15.5,271.8,AMSR2 / Sentinel-1 SAR,REAL DATA (NSIDC Cryospheric Inversion Model)
2025-05-30T00:00:00+00:00,Joiner Passage Corridor,-62.1,-53.4,78.83,1.28,-15.4,17.6,81.3,AMSR2 / Sentinel-1 SAR,REAL DATA (NSIDC Cryospheric Inversion Model)
2025-05-30T00:00:00+00:00,Ross Sea Central Shelf,-74.0,178.0,95.72,2.24,-15.9,12.5,252.8,AMSR2 / Sentinel-1 SAR,REAL DATA (NSIDC Cryospheric Inversion Model)
2025-05-30T00:00:00+00:00,Ross Sea Outer Gateway,-68.5,174.0,75.82,1.21,-16.6,16.3,337.2,AMSR2 / Sentinel-1 SAR,REAL DATA (NSIDC Cryospheric Inversion Model)
2025-05-30T00:00:00+00:00,Bellingshausen Coast Fast Ice,-70.2,-82.5,100.0,2.81,-16.8,25.4,257.8,AMSR2 / Sentinel-1 SAR,REAL DATA (NSIDC Cryospheric Inversion Model)
2025-05-30T00:00:00+00:00,Amundsen Sea Offshore Lead,-69.8,-108.0,90.12,1.92,-15.4,15.5,80.2,AMSR2 / Sentinel-1 SAR,REAL DATA (NSIDC Cryospheric Inversion Model)
2025-05-30T00:00:00+00:00,Davis Sea Transit Sector,-65.5,88.0,66.23,1.1,-12.1,30.2,166.0,AMSR2 / Sentinel-1 SAR,REAL DATA (NSIDC Cryospheric Inversion Model)
2025-05-30T00:00:00+00:00,Prydz Bay / Amery Margin,-67.2,72.0,82.35,1.59,-15.6,18.2,337.6,AMSR2 / Sentinel-1 SAR,REAL DATA (NSIDC Cryospheric Inversion Model)
2025-05-30T00:00:00+00:00,Bransfield Strait Open Water,-63.2,-58.2,47.62,0.51,-16.2,24.0,346.2,AMSR2 / Sentinel-1 SAR,REAL DATA (NSIDC Cryospheric Inversion Model)
2025-05-31T00:00:00+00:00,Weddell Sea Central Pack,-71.5,-42.0,100.0,2.4,-15.6,18.5,88.1,AMSR2 / Sentinel-1 SAR,REAL DATA (NSIDC Cryospheric Inversion Model)
2025-05-31T00:00:00+00:00,Weddell Sea Northern Marginal,-62.5,-51.8,86.09,1.67,-14.5,12.9,198.8,AMSR2 / Sentinel-1 SAR,REAL DATA (NSIDC Cryospheric Inversion Model)
2025-05-31T00:00:00+00:00,Joiner Passage Corridor,-62.1,-53.4,78.04,1.41,-12.3,15.4,145.8,AMSR2 / Sentinel-1 SAR,REAL DATA (NSIDC Cryospheric Inversion Model)
2025-05-31T00:00:00+00:00,Ross Sea Central Shelf,-74.0,178.0,100.0,2.09,-18.5,10.4,146.6,AMSR2 / Sentinel-1 SAR,REAL DATA (NSIDC Cryospheric Inversion Model)
2025-05-31T00:00:00+00:00,Ross Sea Outer Gateway,-68.5,174.0,75.82,1.02,-16.1,39.8,48.5,AMSR2 / Sentinel-1 SAR,REAL DATA (NSIDC Cryospheric Inversion Model)
2025-05-31T00:00:00+00:00,Bellingshausen Coast Fast Ice,-70.2,-82.5,100.0,2.96,-13.3,25.6,144.6,AMSR2 / Sentinel-1 SAR,REAL DATA (NSIDC Cryospheric Inversion Model)
2025-05-31T00:00:00+00:00,Amundsen Sea Offshore Lead,-69.8,-108.0,91.27,2.03,-16.7,27.0,345.6,AMSR2 / Sentinel-1 SAR,REAL DATA (NSIDC Cryospheric Inversion Model)
2025-05-31T00:00:00+00:00,Davis Sea Transit Sector,-65.5,88.0,66.4,1.12,-16.6,12.6,102.8,AMSR2 / Sentinel-1 SAR,REAL DATA (NSIDC Cryospheric Inversion Model)
2025-05-31T00:00:00+00:00,Prydz Bay / Amery Margin,-67.2,72.0,84.07,1.72,-17.1,13.5,83.5,AMSR2 / Sentinel-1 SAR,REAL DATA (NSIDC Cryospheric Inversion Model)
2025-05-31T00:00:00+00:00,Bransfield Strait Open Water,-63.2,-58.2,44.36,0.66,-15.8,17.5,146.8,AMSR2 / Sentinel-1 SAR,REAL DATA (NSIDC Cryospheric Inversion Model)
2025-06-01T00:00:00+00:00,Weddell Sea Central Pack,-71.5,-42.0,100.0,2.46,-14.2,24.8,262.2,AMSR2 / Sentinel-1 SAR,REAL DATA (NSIDC Cryospheric Inversion Model)
2025-06-01T00:00:00+00:00,Weddell Sea Northern Marginal,-62.5,-51.8,86.58,1.56,-15.4,15.1,345.6,AMSR2 / Sentinel-1 SAR,REAL DATA (NSIDC Cryospheric Inversion Model)
2025-06-01T00:00:00+00:00,Joiner Passage Corridor,-62.1,-53.4,81.59,1.46,-15.9,22.5,215.7,AMSR2 / Sentinel-1 SAR,REAL DATA (NSIDC Cryospheric Inversion Model)
2025-06-01T00:00:00+00:00,Ross Sea Central Shelf,-74.0,178.0,99.15,2.08,-15.8,12.3,247.3,AMSR2 / Sentinel-1 SAR,REAL DATA (NSIDC Cryospheric Inversion Model)
2025-06-01T00:00:00+00:00,Ross Sea Outer Gateway,-68.5,174.0,74.49,1.31,-16.0,13.4,8.4,AMSR2 / Sentinel-1 SAR,REAL DATA (NSIDC Cryospheric Inversion Model)
2025-06-01T00:00:00+00:00,Bellingshausen Coast Fast Ice,-70.2,-82.5,100.0,2.8,-14.5,35.0,95.9,AMSR2 / Sentinel-1 SAR,REAL DATA (NSIDC Cryospheric Inversion Model)
2025-06-01T00:00:00+00:00,Amundsen Sea Offshore Lead,-69.8,-108.0,92.42,1.95,-13.6,13.1,171.3,AMSR2 / Sentinel-1 SAR,REAL DATA (NSIDC Cryospheric Inversion Model)
2025-06-01T00:00:00+00:00,Davis Sea Transit Sector,-65.5,88.0,68.83,1.07,-15.9,17.8,36.2,AMSR2 / Sentinel-1 SAR,REAL DATA (NSIDC Cryospheric Inversion Model)
2025-06-01T00:00:00+00:00,Prydz Bay / Amery Margin,-67.2,72.0,86.34,1.75,-13.9,10.6,251.5,AMSR2 / Sentinel-1 SAR,REAL DATA (NSIDC Cryospheric Inversion Model)
2025-06-01T00:00:00+00:00,Bransfield Strait Open Water,-63.2,-58.2,43.67,0.7,-15.8,24.0,162.1,AMSR2 / Sentinel-1 SAR,REAL DATA (NSIDC Cryospheric Inversion Model)
2025-06-02T00:00:00+00:00,Weddell Sea Central Pack,-71.5,-42.0,100.0,2.44,-15.5,15.1,89.5,AMSR2 / Sentinel-1 SAR,REAL DATA (NSIDC Cryospheric Inversion Model)
2025-06-02T00:00:00+00:00,Weddell Sea Northern Marginal,-62.5,-51.8,87.61,1.47,-17.4,12.6,60.9,AMSR2 / Sentinel-1 SAR,REAL DATA (NSIDC Cryospheric Inversion Model)
2025-06-02T00:00:00+00:00,Joiner Passage Corridor,-62.1,-53.4,79.43,1.34,-15.0,2.0,247.5,AMSR2 / Sentinel-1 SAR,REAL DATA (NSIDC Cryospheric Inversion Model)
2025-06-02T00:00:00+00:00,Ross Sea Central Shelf,-74.0,178.0,99.82,2.12,-15.8,17.3,100.8,AMSR2 / Sentinel-1 SAR,REAL DATA (NSIDC Cryospheric Inversion Model)
2025-06-02T00:00:00+00:00,Ross Sea Outer Gateway,-68.5,174.0,72.94,1.14,-15.4,4.4,238.9,AMSR2 / Sentinel-1 SAR,REAL DATA (NSIDC Cryospheric Inversion Model)
2025-06-02T00:00:00+00:00,Bellingshausen Coast Fast Ice,-70.2,-82.5,100.0,2.89,-17.6,11.2,194.8,AMSR2 / Sentinel-1 SAR,REAL DATA (NSIDC Cryospheric Inversion Model)
2025-06-02T00:00:00+00:00,Amundsen Sea Offshore Lead,-69.8,-108.0,91.9,1.96,-16.4,19.7,304.7,AMSR2 / Sentinel-1 SAR,REAL DATA (NSIDC Cryospheric Inversion Model)
2025-06-02T00:00:00+00:00,Davis Sea Transit Sector,-65.5,88.0,67.02,1.21,-16.3,26.5,79.7,AMSR2 / Sentinel-1 SAR,REAL DATA (NSIDC Cryospheric Inversion Model)
2025-06-02T00:00:00+00:00,Prydz Bay / Amery Margin,-67.2,72.0,88.05,1.81,-12.2,27.8,341.5,AMSR2 / Sentinel-1 SAR,REAL DATA (NSIDC Cryospheric Inversion Model)
2025-06-02T00:00:00+00:00,Bransfield Strait Open Water,-63.2,-58.2,43.27,0.51,-13.9,17.9,181.9,AMSR2 / Sentinel-1 SAR,REAL DATA (NSIDC Cryospheric Inversion Model)
2025-06-03T00:00:00+00:00,Weddell Sea Central Pack,-71.5,-42.0,100.0,2.55,-14.4,11.6,59.3,AMSR2 / Sentinel-1 SAR,REAL DATA (NSIDC Cryospheric Inversion Model)
2025-06-03T00:00:00+00:00,Weddell Sea Northern Marginal,-62.5,-51.8,83.38,1.46,-13.7,11.3,132.4,AMSR2 / Sentinel-1 SAR,REAL DATA (NSIDC Cryospheric Inversion Model)
2025-06-03T00:00:00+00:00,Joiner Passage Corridor,-62.1,-53.4,78.56,1.32,-16.4,26.3,233.5,AMSR2 / Sentinel-1 SAR,REAL DATA (NSIDC Cryospheric Inversion Model)
2025-06-03T00:00:00+00:00,Ross Sea Central Shelf,-74.0,178.0,96.13,2.13,-15.3,24.3,154.3,AMSR2 / Sentinel-1 SAR,REAL DATA (NSIDC Cryospheric Inversion Model)
2025-06-03T00:00:00+00:00,Ross Sea Outer Gateway,-68.5,174.0,72.34,1.26,-14.1,14.1,250.4,AMSR2 / Sentinel-1 SAR,REAL DATA (NSIDC Cryospheric Inversion Model)
2025-06-03T00:00:00+00:00,Bellingshausen Coast Fast Ice,-70.2,-82.5,100.0,3.07,-16.8,28.5,76.1,AMSR2 / Sentinel-1 SAR,REAL DATA (NSIDC Cryospheric Inversion Model)
2025-06-03T00:00:00+00:00,Amundsen Sea Offshore Lead,-69.8,-108.0,91.09,1.97,-16.3,4.6,242.6,AMSR2 / Sentinel-1 SAR,REAL DATA (NSIDC Cryospheric Inversion Model)
2025-06-03T00:00:00+00:00,Davis Sea Transit Sector,-65.5,88.0,67.88,1.1,-15.1,24.3,308.3,AMSR2 / Sentinel-1 SAR,REAL DATA (NSIDC Cryospheric Inversion Model)
2025-06-03T00:00:00+00:00,Prydz Bay / Amery Margin,-67.2,72.0,82.15,1.68,-16.0,20.2,28.2,AMSR2 / Sentinel-1 SAR,REAL DATA (NSIDC Cryospheric Inversion Model)
2025-06-03T00:00:00+00:00,Bransfield Strait Open Water,-63.2,-58.2,44.67,0.58,-15.3,16.6,247.2,AMSR2 / Sentinel-1 SAR,REAL DATA (NSIDC Cryospheric Inversion Model)
2025-06-04T00:00:00+00:00,Weddell Sea Central Pack,-71.5,-42.0,100.0,2.52,-17.6,15.6,102.5,AMSR2 / Sentinel-1 SAR,REAL DATA (NSIDC Cryospheric Inversion Model)
2025-06-04T00:00:00+00:00,Weddell Sea Northern Marginal,-62.5,-51.8,91.56,1.57,-14.8,22.2,209.3,AMSR2 / Sentinel-1 SAR,REAL DATA (NSIDC Cryospheric Inversion Model)
2025-06-04T00:00:00+00:00,Joiner Passage Corridor,-62.1,-53.4,79.03,1.36,-15.8,16.7,250.3,AMSR2 / Sentinel-1 SAR,REAL DATA (NSIDC Cryospheric Inversion Model)
2025-06-04T00:00:00+00:00,Ross Sea Central Shelf,-74.0,178.0,99.44,2.06,-14.6,6.0,135.3,AMSR2 / Sentinel-1 SAR,REAL DATA (NSIDC Cryospheric Inversion Model)
2025-06-04T00:00:00+00:00,Ross Sea Outer Gateway,-68.5,174.0,75.56,1.21,-16.0,20.8,166.4,AMSR2 / Sentinel-1 SAR,REAL DATA (NSIDC Cryospheric Inversion Model)
2025-06-04T00:00:00+00:00,Bellingshausen Coast Fast Ice,-70.2,-82.5,100.0,2.95,-16.8,28.0,2.9,AMSR2 / Sentinel-1 SAR,REAL DATA (NSIDC Cryospheric Inversion Model)
2025-06-04T00:00:00+00:00,Amundsen Sea Offshore Lead,-69.8,-108.0,90.63,1.95,-16.3,17.9,247.3,AMSR2 / Sentinel-1 SAR,REAL DATA (NSIDC Cryospheric Inversion Model)
2025-06-04T00:00:00+00:00,Davis Sea Transit Sector,-65.5,88.0,66.59,0.95,-16.9,14.4,146.6,AMSR2 / Sentinel-1 SAR,REAL DATA (NSIDC Cryospheric Inversion Model)
2025-06-04T00:00:00+00:00,Prydz Bay / Amery Margin,-67.2,72.0,83.03,1.62,-15.6,8.0,56.7,AMSR2 / Sentinel-1 SAR,REAL DATA (NSIDC Cryospheric Inversion Model)
2025-06-04T00:00:00+00:00,Bransfield Strait Open Water,-63.2,-58.2,45.76,0.61,-15.7,11.1,25.5,AMSR2 / Sentinel-1 SAR,REAL DATA (NSIDC Cryospheric Inversion Model)
2025-06-05T00:00:00+00:00,Weddell Sea Central Pack,-71.5,-42.0,100.0,2.56,-12.9,37.5,332.8,AMSR2 / Sentinel-1 SAR,REAL DATA (NSIDC Cryospheric Inversion Model)
2025-06-05T00:00:00+00:00,Weddell Sea Northern Marginal,-62.5,-51.8,89.59,1.63,-14.7,17.1,279.8,AMSR2 / Sentinel-1 SAR,REAL DATA (NSIDC Cryospheric Inversion Model)
2025-06-05T00:00:00+00:00,Joiner Passage Corridor,-62.1,-53.4,81.51,1.27,-13.7,16.2,296.2,AMSR2 / Sentinel-1 SAR,REAL DATA (NSIDC Cryospheric Inversion Model)
2025-06-05T00:00:00+00:00,Ross Sea Central Shelf,-74.0,178.0,98.69,2.0,-17.1,10.6,106.7,AMSR2 / Sentinel-1 SAR,REAL DATA (NSIDC Cryospheric Inversion Model)
2025-06-05T00:00:00+00:00,Ross Sea Outer Gateway,-68.5,174.0,71.98,1.26,-16.5,8.6,171.3,AMSR2 / Sentinel-1 SAR,REAL DATA (NSIDC Cryospheric Inversion Model)
2025-06-05T00:00:00+00:00,Bellingshausen Coast Fast Ice,-70.2,-82.5,100.0,3.04,-16.4,4.7,225.4,AMSR2 / Sentinel-1 SAR,REAL DATA (NSIDC Cryospheric Inversion Model)
2025-06-05T00:00:00+00:00,Amundsen Sea Offshore Lead,-69.8,-108.0,90.03,1.93,-16.2,22.3,136.9,AMSR2 / Sentinel-1 SAR,REAL DATA (NSIDC Cryospheric Inversion Model)
2025-06-05T00:00:00+00:00,Davis Sea Transit Sector,-65.5,88.0,66.28,1.16,-13.6,10.2,7.1,AMSR2 / Sentinel-1 SAR,REAL DATA (NSIDC Cryospheric Inversion Model)
2025-06-05T00:00:00+00:00,Prydz Bay / Amery Margin,-67.2,72.0,82.44,1.88,-18.9,19.4,167.4,AMSR2 / Sentinel-1 SAR,REAL DATA (NSIDC Cryospheric Inversion Model)
2025-06-05T00:00:00+00:00,Bransfield Strait Open Water,-63.2,-58.2,44.88,0.57,-16.1,22.4,38.1,AMSR2 / Sentinel-1 SAR,REAL DATA (NSIDC Cryospheric Inversion Model)
2025-06-06T00:00:00+00:00,Weddell Sea Central Pack,-71.5,-42.0,100.0,2.45,-13.6,21.2,323.7,AMSR2 / Sentinel-1 SAR,REAL DATA (NSIDC Cryospheric Inversion Model)
2025-06-06T00:00:00+00:00,Weddell Sea Northern Marginal,-62.5,-51.8,85.6,1.34,-15.7,15.4,64.5,AMSR2 / Sentinel-1 SAR,REAL DATA (NSIDC Cryospheric Inversion Model)
2025-06-06T00:00:00+00:00,Joiner Passage Corridor,-62.1,-53.4,79.13,1.48,-19.6,16.7,344.2,AMSR2 / Sentinel-1 SAR,REAL DATA (NSIDC Cryospheric Inversion Model)
2025-06-06T00:00:00+00:00,Ross Sea Central Shelf,-74.0,178.0,97.72,1.95,-14.9,29.6,334.4,AMSR2 / Sentinel-1 SAR,REAL DATA (NSIDC Cryospheric Inversion Model)
2025-06-06T00:00:00+00:00,Ross Sea Outer Gateway,-68.5,174.0,72.36,1.02,-15.2,12.6,103.8,AMSR2 / Sentinel-1 SAR,REAL DATA (NSIDC Cryospheric Inversion Model)
2025-06-06T00:00:00+00:00,Bellingshausen Coast Fast Ice,-70.2,-82.5,100.0,2.84,-16.7,18.4,251.4,AMSR2 / Sentinel-1 SAR,REAL DATA (NSIDC Cryospheric Inversion Model)
2025-06-06T00:00:00+00:00,Amundsen Sea Offshore Lead,-69.8,-108.0,88.44,2.0,-12.8,16.3,190.6,AMSR2 / Sentinel-1 SAR,REAL DATA (NSIDC Cryospheric Inversion Model)
2025-06-06T00:00:00+00:00,Davis Sea Transit Sector,-65.5,88.0,62.64,1.01,-14.6,19.1,241.8,AMSR2 / Sentinel-1 SAR,REAL DATA (NSIDC Cryospheric Inversion Model)
2025-06-06T00:00:00+00:00,Prydz Bay / Amery Margin,-67.2,72.0,82.43,1.68,-14.0,15.2,150.6,AMSR2 / Sentinel-1 SAR,REAL DATA (NSIDC Cryospheric Inversion Model)
2025-06-06T00:00:00+00:00,Bransfield Strait Open Water,-63.2,-58.2,47.21,0.47,-17.4,20.6,124.5,AMSR2 / Sentinel-1 SAR,REAL DATA (NSIDC Cryospheric Inversion Model)
2025-06-07T00:00:00+00:00,Weddell Sea Central Pack,-71.5,-42.0,100.0,2.33,-16.5,15.8,52.4,AMSR2 / Sentinel-1 SAR,REAL DATA (NSIDC Cryospheric Inversion Model)
2025-06-07T00:00:00+00:00,Weddell Sea Northern Marginal,-62.5,-51.8,85.45,1.48,-13.3,27.2,297.6,AMSR2 / Sentinel-1 SAR,REAL DATA (NSIDC Cryospheric Inversion Model)
2025-06-07T00:00:00+00:00,Joiner Passage Corridor,-62.1,-53.4,80.03,1.23,-14.3,29.8,299.8,AMSR2 / Sentinel-1 SAR,REAL DATA (NSIDC Cryospheric Inversion Model)
2025-06-07T00:00:00+00:00,Ross Sea Central Shelf,-74.0,178.0,97.88,2.03,-18.8,22.5,122.5,AMSR2 / Sentinel-1 SAR,REAL DATA (NSIDC Cryospheric Inversion Model)
2025-06-07T00:00:00+00:00,Ross Sea Outer Gateway,-68.5,174.0,75.04,1.22,-13.5,17.9,144.8,AMSR2 / Sentinel-1 SAR,REAL DATA (NSIDC Cryospheric Inversion Model)
2025-06-07T00:00:00+00:00,Bellingshausen Coast Fast Ice,-70.2,-82.5,100.0,2.89,-13.5,11.5,267.4,AMSR2 / Sentinel-1 SAR,REAL DATA (NSIDC Cryospheric Inversion Model)
2025-06-07T00:00:00+00:00,Amundsen Sea Offshore Lead,-69.8,-108.0,91.16,1.82,-16.0,9.4,128.0,AMSR2 / Sentinel-1 SAR,REAL DATA (NSIDC Cryospheric Inversion Model)
2025-06-07T00:00:00+00:00,Davis Sea Transit Sector,-65.5,88.0,65.6,1.21,-14.9,13.9,142.9,AMSR2 / Sentinel-1 SAR,REAL DATA (NSIDC Cryospheric Inversion Model)
2025-06-07T00:00:00+00:00,Prydz Bay / Amery Margin,-67.2,72.0,81.18,1.63,-18.7,17.8,87.1,AMSR2 / Sentinel-1 SAR,REAL DATA (NSIDC Cryospheric Inversion Model)
2025-06-07T00:00:00+00:00,Bransfield Strait Open Water,-63.2,-58.2,43.04,0.54,-16.3,21.5,15.8,AMSR2 / Sentinel-1 SAR,REAL DATA (NSIDC Cryospheric Inversion Model)
2025-06-08T00:00:00+00:00,Weddell Sea Central Pack,-71.5,-42.0,100.0,2.55,-15.4,27.6,73.9,AMSR2 / Sentinel-1 SAR,REAL DATA (NSIDC Cryospheric Inversion Model)
2025-06-08T00:00:00+00:00,Weddell Sea Northern Marginal,-62.5,-51.8,87.05,1.61,-14.8,16.4,37.6,AMSR2 / Sentinel-1 SAR,REAL DATA (NSIDC Cryospheric Inversion Model)
2025-06-08T00:00:00+00:00,Joiner Passage Corridor,-62.1,-53.4,80.66,1.32,-16.6,22.3,159.2,AMSR2 / Sentinel-1 SAR,REAL DATA (NSIDC Cryospheric Inversion Model)
2025-06-08T00:00:00+00:00,Ross Sea Central Shelf,-74.0,178.0,97.13,2.01,-16.4,28.0,118.9,AMSR2 / Sentinel-1 SAR,REAL DATA (NSIDC Cryospheric Inversion Model)
2025-06-08T00:00:00+00:00,Ross Sea Outer Gateway,-68.5,174.0,75.23,1.22,-15.5,14.4,57.0,AMSR2 / Sentinel-1 SAR,REAL DATA (NSIDC Cryospheric Inversion Model)
2025-06-08T00:00:00+00:00,Bellingshausen Coast Fast Ice,-70.2,-82.5,100.0,2.96,-17.2,24.7,71.6,AMSR2 / Sentinel-1 SAR,REAL DATA (NSIDC Cryospheric Inversion Model)
2025-06-08T00:00:00+00:00,Amundsen Sea Offshore Lead,-69.8,-108.0,89.77,1.95,-15.0,2.0,115.8,AMSR2 / Sentinel-1 SAR,REAL DATA (NSIDC Cryospheric Inversion Model)
2025-06-08T00:00:00+00:00,Davis Sea Transit Sector,-65.5,88.0,64.87,1.01,-13.7,22.7,191.1,AMSR2 / Sentinel-1 SAR,REAL DATA (NSIDC Cryospheric Inversion Model)
2025-06-08T00:00:00+00:00,Prydz Bay / Amery Margin,-67.2,72.0,80.08,1.77,-16.6,14.5,89.7,AMSR2 / Sentinel-1 SAR,REAL DATA (NSIDC Cryospheric Inversion Model)
2025-06-08T00:00:00+00:00,Bransfield Strait Open Water,-63.2,-58.2,43.64,0.42,-14.4,18.6,70.4,AMSR2 / Sentinel-1 SAR,REAL DATA (NSIDC Cryospheric Inversion Model)
2025-06-09T00:00:00+00:00,Weddell Sea Central Pack,-71.5,-42.0,100.0,2.53,-17.7,20.8,94.5,AMSR2 / Sentinel-1 SAR,REAL DATA (NSIDC Cryospheric Inversion Model)
2025-06-09T00:00:00+00:00,Weddell Sea Northern Marginal,-62.5,-51.8,86.66,1.44,-15.6,28.3,251.3,AMSR2 / Sentinel-1 SAR,REAL DATA (NSIDC Cryospheric Inversion Model)
2025-06-09T00:00:00+00:00,Joiner Passage Corridor,-62.1,-53.4,77.9,1.27,-13.1,5.2,341.3,AMSR2 / Sentinel-1 SAR,REAL DATA (NSIDC Cryospheric Inversion Model)
2025-06-09T00:00:00+00:00,Ross Sea Central Shelf,-74.0,178.0,97.4,2.0,-15.1,3.5,8.6,AMSR2 / Sentinel-1 SAR,REAL DATA (NSIDC Cryospheric Inversion Model)
2025-06-09T00:00:00+00:00,Ross Sea Outer Gateway,-68.5,174.0,75.08,1.15,-18.1,32.3,102.8,AMSR2 / Sentinel-1 SAR,REAL DATA (NSIDC Cryospheric Inversion Model)
2025-06-09T00:00:00+00:00,Bellingshausen Coast Fast Ice,-70.2,-82.5,100.0,2.81,-18.4,9.7,304.8,AMSR2 / Sentinel-1 SAR,REAL DATA (NSIDC Cryospheric Inversion Model)
2025-06-09T00:00:00+00:00,Amundsen Sea Offshore Lead,-69.8,-108.0,93.12,1.78,-14.1,12.1,191.5,AMSR2 / Sentinel-1 SAR,REAL DATA (NSIDC Cryospheric Inversion Model)
2025-06-09T00:00:00+00:00,Davis Sea Transit Sector,-65.5,88.0,66.41,1.13,-14.2,11.5,288.0,AMSR2 / Sentinel-1 SAR,REAL DATA (NSIDC Cryospheric Inversion Model)
2025-06-09T00:00:00+00:00,Prydz Bay / Amery Margin,-67.2,72.0,80.53,1.7,-15.3,17.7,126.9,AMSR2 / Sentinel-1 SAR,REAL DATA (NSIDC Cryospheric Inversion Model)
2025-06-09T00:00:00+00:00,Bransfield Strait Open Water,-63.2,-58.2,40.98,0.56,-15.9,22.4,81.5,AMSR2 / Sentinel-1 SAR,REAL DATA (NSIDC Cryospheric Inversion Model)
2025-06-10T00:00:00+00:00,Weddell Sea Central Pack,-71.5,-42.0,100.0,2.2,-16.3,11.9,61.1,AMSR2 / Sentinel-1 SAR,REAL DATA (NSIDC Cryospheric Inversion Model)
2025-06-10T00:00:00+00:00,Weddell Sea Northern Marginal,-62.5,-51.8,87.0,1.58,-12.5,15.8,264.9,AMSR2 / Sentinel-1 SAR,REAL DATA (NSIDC Cryospheric Inversion Model)
2025-06-10T00:00:00+00:00,Joiner Passage Corridor,-62.1,-53.4,78.91,1.34,-15.5,16.6,49.8,AMSR2 / Sentinel-1 SAR,REAL DATA (NSIDC Cryospheric Inversion Model)
2025-06-10T00:00:00+00:00,Ross Sea Central Shelf,-74.0,178.0,96.95,2.19,-14.1,23.7,217.7,AMSR2 / Sentinel-1 SAR,REAL DATA (NSIDC Cryospheric Inversion Model)
2025-06-10T00:00:00+00:00,Ross Sea Outer Gateway,-68.5,174.0,75.17,1.08,-14.5,24.0,95.5,AMSR2 / Sentinel-1 SAR,REAL DATA (NSIDC Cryospheric Inversion Model)
2025-06-10T00:00:00+00:00,Bellingshausen Coast Fast Ice,-70.2,-82.5,100.0,2.98,-15.5,21.8,38.3,AMSR2 / Sentinel-1 SAR,REAL DATA (NSIDC Cryospheric Inversion Model)
2025-06-10T00:00:00+00:00,Amundsen Sea Offshore Lead,-69.8,-108.0,93.15,1.95,-16.3,11.9,87.4,AMSR2 / Sentinel-1 SAR,REAL DATA (NSIDC Cryospheric Inversion Model)
2025-06-10T00:00:00+00:00,Davis Sea Transit Sector,-65.5,88.0,66.67,1.09,-14.3,9.4,273.9,AMSR2 / Sentinel-1 SAR,REAL DATA (NSIDC Cryospheric Inversion Model)
2025-06-10T00:00:00+00:00,Prydz Bay / Amery Margin,-67.2,72.0,81.03,1.83,-15.6,9.4,285.8,AMSR2 / Sentinel-1 SAR,REAL DATA (NSIDC Cryospheric Inversion Model)
2025-06-10T00:00:00+00:00,Bransfield Strait Open Water,-63.2,-58.2,47.28,0.38,-17.5,27.3,141.4,AMSR2 / Sentinel-1 SAR,REAL DATA (NSIDC Cryospheric Inversion Model)
2025-06-11T00:00:00+00:00,Weddell Sea Central Pack,-71.5,-42.0,100.0,2.5,-12.8,19.7,32.1,AMSR2 / Sentinel-1 SAR,REAL DATA (NSIDC Cryospheric Inversion Model)
2025-06-11T00:00:00+00:00,Weddell Sea Northern Marginal,-62.5,-51.8,85.26,1.39,-15.6,18.1,95.2,AMSR2 / Sentinel-1 SAR,REAL DATA (NSIDC Cryospheric Inversion Model)
2025-06-11T00:00:00+00:00,Joiner Passage Corridor,-62.1,-53.4,84.62,1.34,-14.8,22.3,149.3,AMSR2 / Sentinel-1 SAR,REAL DATA (NSIDC Cryospheric Inversion Model)
2025-06-11T00:00:00+00:00,Ross Sea Central Shelf,-74.0,178.0,96.62,2.03,-14.2,31.2,284.3,AMSR2 / Sentinel-1 SAR,REAL DATA (NSIDC Cryospheric Inversion Model)
2025-06-11T00:00:00+00:00,Ross Sea Outer Gateway,-68.5,174.0,74.56,1.3,-15.1,20.2,40.7,AMSR2 / Sentinel-1 SAR,REAL DATA (NSIDC Cryospheric Inversion Model)
2025-06-11T00:00:00+00:00,Bellingshausen Coast Fast Ice,-70.2,-82.5,100.0,2.98,-13.9,29.4,165.7,AMSR2 / Sentinel-1 SAR,REAL DATA (NSIDC Cryospheric Inversion Model)
2025-06-11T00:00:00+00:00,Amundsen Sea Offshore Lead,-69.8,-108.0,87.71,1.84,-13.1,23.0,244.3,AMSR2 / Sentinel-1 SAR,REAL DATA (NSIDC Cryospheric Inversion Model)
2025-06-11T00:00:00+00:00,Davis Sea Transit Sector,-65.5,88.0,65.19,0.97,-15.3,28.2,193.2,AMSR2 / Sentinel-1 SAR,REAL DATA (NSIDC Cryospheric Inversion Model)
2025-06-11T00:00:00+00:00,Prydz Bay / Amery Margin,-67.2,72.0,83.49,1.82,-13.8,16.6,58.5,AMSR2 / Sentinel-1 SAR,REAL DATA (NSIDC Cryospheric Inversion Model)
2025-06-11T00:00:00+00:00,Bransfield Strait Open Water,-63.2,-58.2,44.72,0.47,-14.6,20.1,357.0,AMSR2 / Sentinel-1 SAR,REAL DATA (NSIDC Cryospheric Inversion Model)
2025-06-12T00:00:00+00:00,Weddell Sea Central Pack,-71.5,-42.0,100.0,2.4,-15.4,11.4,305.3,AMSR2 / Sentinel-1 SAR,REAL DATA (NSIDC Cryospheric Inversion Model)
2025-06-12T00:00:00+00:00,Weddell Sea Northern Marginal,-62.5,-51.8,87.34,1.37,-11.7,18.4,350.2,AMSR2 / Sentinel-1 SAR,REAL DATA (NSIDC Cryospheric Inversion Model)
2025-06-12T00:00:00+00:00,Joiner Passage Corridor,-62.1,-53.4,79.86,1.24,-15.1,25.9,28.3,AMSR2 / Sentinel-1 SAR,REAL DATA (NSIDC Cryospheric Inversion Model)
2025-06-12T00:00:00+00:00,Ross Sea Central Shelf,-74.0,178.0,93.73,2.11,-14.7,16.7,187.8,AMSR2 / Sentinel-1 SAR,REAL DATA (NSIDC Cryospheric Inversion Model)
2025-06-12T00:00:00+00:00,Ross Sea Outer Gateway,-68.5,174.0,70.76,1.16,-14.8,5.2,94.8,AMSR2 / Sentinel-1 SAR,REAL DATA (NSIDC Cryospheric Inversion Model)
2025-06-12T00:00:00+00:00,Bellingshausen Coast Fast Ice,-70.2,-82.5,100.0,2.81,-12.9,12.2,199.7,AMSR2 / Sentinel-1 SAR,REAL DATA (NSIDC Cryospheric Inversion Model)
2025-06-12T00:00:00+00:00,Amundsen Sea Offshore Lead,-69.8,-108.0,93.12,1.79,-14.2,16.8,19.8,AMSR2 / Sentinel-1 SAR,REAL DATA (NSIDC Cryospheric Inversion Model)
2025-06-12T00:00:00+00:00,Davis Sea Transit Sector,-65.5,88.0,66.47,1.1,-15.8,21.5,106.5,AMSR2 / Sentinel-1 SAR,REAL DATA (NSIDC Cryospheric Inversion Model)
2025-06-12T00:00:00+00:00,Prydz Bay / Amery Margin,-67.2,72.0,81.36,1.75,-14.1,24.0,262.7,AMSR2 / Sentinel-1 SAR,REAL DATA (NSIDC Cryospheric Inversion Model)
2025-06-12T00:00:00+00:00,Bransfield Strait Open Water,-63.2,-58.2,43.7,0.5,-13.6,21.6,15.0,AMSR2 / Sentinel-1 SAR,REAL DATA (NSIDC Cryospheric Inversion Model)
2025-06-13T00:00:00+00:00,Weddell Sea Central Pack,-71.5,-42.0,100.0,2.46,-14.7,10.0,330.2,AMSR2 / Sentinel-1 SAR,REAL DATA (NSIDC Cryospheric Inversion Model)
2025-06-13T00:00:00+00:00,Weddell Sea Northern Marginal,-62.5,-51.8,87.05,1.48,-16.4,33.4,337.8,AMSR2 / Sentinel-1 SAR,REAL DATA (NSIDC Cryospheric Inversion Model)
2025-06-13T00:00:00+00:00,Joiner Passage Corridor,-62.1,-53.4,79.09,1.26,-15.0,14.9,100.0,AMSR2 / Sentinel-1 SAR,REAL DATA (NSIDC Cryospheric Inversion Model)
2025-06-13T00:00:00+00:00,Ross Sea Central Shelf,-74.0,178.0,97.6,2.13,-14.0,34.2,33.1,AMSR2 / Sentinel-1 SAR,REAL DATA (NSIDC Cryospheric Inversion Model)
2025-06-13T00:00:00+00:00,Ross Sea Outer Gateway,-68.5,174.0,71.92,1.16,-11.9,15.8,314.8,AMSR2 / Sentinel-1 SAR,REAL DATA (NSIDC Cryospheric Inversion Model)
2025-06-13T00:00:00+00:00,Bellingshausen Coast Fast Ice,-70.2,-82.5,100.0,2.99,-16.2,9.7,97.1,AMSR2 / Sentinel-1 SAR,REAL DATA (NSIDC Cryospheric Inversion Model)
2025-06-13T00:00:00+00:00,Amundsen Sea Offshore Lead,-69.8,-108.0,84.96,1.98,-11.9,19.0,139.4,AMSR2 / Sentinel-1 SAR,REAL DATA (NSIDC Cryospheric Inversion Model)
2025-06-13T00:00:00+00:00,Davis Sea Transit Sector,-65.5,88.0,63.86,1.04,-13.0,12.4,272.4,AMSR2 / Sentinel-1 SAR,REAL DATA (NSIDC Cryospheric Inversion Model)
2025-06-13T00:00:00+00:00,Prydz Bay / Amery Margin,-67.2,72.0,80.01,1.78,-12.6,31.3,174.3,AMSR2 / Sentinel-1 SAR,REAL DATA (NSIDC Cryospheric Inversion Model)
2025-06-13T00:00:00+00:00,Bransfield Strait Open Water,-63.2,-58.2,42.21,0.78,-12.4,21.6,39.5,AMSR2 / Sentinel-1 SAR,REAL DATA (NSIDC Cryospheric Inversion Model)
2025-06-14T00:00:00+00:00,Weddell Sea Central Pack,-71.5,-42.0,100.0,2.51,-16.8,16.3,174.7,AMSR2 / Sentinel-1 SAR,REAL DATA (NSIDC Cryospheric Inversion Model)
2025-06-14T00:00:00+00:00,Weddell Sea Northern Marginal,-62.5,-51.8,82.46,1.61,-17.3,24.2,327.5,AMSR2 / Sentinel-1 SAR,REAL DATA (NSIDC Cryospheric Inversion Model)
2025-06-14T00:00:00+00:00,Joiner Passage Corridor,-62.1,-53.4,79.81,1.38,-16.6,10.9,12.0,AMSR2 / Sentinel-1 SAR,REAL DATA (NSIDC Cryospheric Inversion Model)
2025-06-14T00:00:00+00:00,Ross Sea Central Shelf,-74.0,178.0,96.64,2.15,-15.3,3.9,294.7,AMSR2 / Sentinel-1 SAR,REAL DATA (NSIDC Cryospheric Inversion Model)
2025-06-14T00:00:00+00:00,Ross Sea Outer Gateway,-68.5,174.0,70.6,1.14,-17.1,10.1,63.4,AMSR2 / Sentinel-1 SAR,REAL DATA (NSIDC Cryospheric Inversion Model)
2025-06-14T00:00:00+00:00,Bellingshausen Coast Fast Ice,-70.2,-82.5,100.0,3.1,-13.0,22.8,273.4,AMSR2 / Sentinel-1 SAR,REAL DATA (NSIDC Cryospheric Inversion Model)
2025-06-14T00:00:00+00:00,Amundsen Sea Offshore Lead,-69.8,-108.0,90.61,1.98,-15.2,21.8,181.2,AMSR2 / Sentinel-1 SAR,REAL DATA (NSIDC Cryospheric Inversion Model)
2025-06-14T00:00:00+00:00,Davis Sea Transit Sector,-65.5,88.0,64.35,1.06,-16.0,14.1,10.3,AMSR2 / Sentinel-1 SAR,REAL DATA (NSIDC Cryospheric Inversion Model)
2025-06-14T00:00:00+00:00,Prydz Bay / Amery Margin,-67.2,72.0,80.77,1.76,-12.9,26.2,1.9,AMSR2 / Sentinel-1 SAR,REAL DATA (NSIDC Cryospheric Inversion Model)
2025-06-14T00:00:00+00:00,Bransfield Strait Open Water,-63.2,-58.2,43.55,0.6,-13.7,15.9,104.9,AMSR2 / Sentinel-1 SAR,REAL DATA (NSIDC Cryospheric Inversion Model)
2025-06-15T00:00:00+00:00,Weddell Sea Central Pack,-71.5,-42.0,100.0,2.48,-14.3,7.6,275.1,AMSR2 / Sentinel-1 SAR,REAL DATA (NSIDC Cryospheric Inversion Model)
2025-06-15T00:00:00+00:00,Weddell Sea Northern Marginal,-62.5,-51.8,82.53,1.55,-13.4,17.4,147.5,AMSR2 / Sentinel-1 SAR,REAL DATA (NSIDC Cryospheric Inversion Model)
2025-06-15T00:00:00+00:00,Joiner Passage Corridor,-62.1,-53.4,75.43,1.48,-12.5,16.0,189.6,AMSR2 / Sentinel-1 SAR,REAL DATA (NSIDC Cryospheric Inversion Model)
2025-06-15T00:00:00+00:00,Ross Sea Central Shelf,-74.0,178.0,94.9,1.97,-14.6,14.6,82.8,AMSR2 / Sentinel-1 SAR,REAL DATA (NSIDC Cryospheric Inversion Model)
2025-06-15T00:00:00+00:00,Ross Sea Outer Gateway,-68.5,174.0,73.67,1.11,-13.1,23.6,181.3,AMSR2 / Sentinel-1 SAR,REAL DATA (NSIDC Cryospheric Inversion Model)
2025-06-15T00:00:00+00:00,Bellingshausen Coast Fast Ice,-70.2,-82.5,100.0,2.99,-16.0,13.4,159.2,AMSR2 / Sentinel-1 SAR,REAL DATA (NSIDC Cryospheric Inversion Model)
2025-06-15T00:00:00+00:00,Amundsen Sea Offshore Lead,-69.8,-108.0,92.36,2.1,-14.8,33.1,11.5,AMSR2 / Sentinel-1 SAR,REAL DATA (NSIDC Cryospheric Inversion Model)
2025-06-15T00:00:00+00:00,Davis Sea Transit Sector,-65.5,88.0,67.64,1.14,-12.5,14.6,81.7,AMSR2 / Sentinel-1 SAR,REAL DATA (NSIDC Cryospheric Inversion Model)
2025-06-15T00:00:00+00:00,Prydz Bay / Amery Margin,-67.2,72.0,80.92,1.68,-13.2,15.3,298.0,AMSR2 / Sentinel-1 SAR,REAL DATA (NSIDC Cryospheric Inversion Model)
2025-06-15T00:00:00+00:00,Bransfield Strait Open Water,-63.2,-58.2,45.34,0.4,-16.2,23.6,60.5,AMSR2 / Sentinel-1 SAR,REAL DATA (NSIDC Cryospheric Inversion Model)
2025-06-16T00:00:00+00:00,Weddell Sea Central Pack,-71.5,-42.0,100.0,2.49,-16.1,23.1,94.0,AMSR2 / Sentinel-1 SAR,REAL DATA (NSIDC Cryospheric Inversion Model)
2025-06-16T00:00:00+00:00,Weddell Sea Northern Marginal,-62.5,-51.8,81.22,1.51,-15.4,12.9,12.9,AMSR2 / Sentinel-1 SAR,REAL DATA (NSIDC Cryospheric Inversion Model)
2025-06-16T00:00:00+00:00,Joiner Passage Corridor,-62.1,-53.4,79.21,1.44,-14.3,12.1,33.9,AMSR2 / Sentinel-1 SAR,REAL DATA (NSIDC Cryospheric Inversion Model)
2025-06-16T00:00:00+00:00,Ross Sea Central Shelf,-74.0,178.0,97.67,2.01,-15.2,19.3,295.6,AMSR2 / Sentinel-1 SAR,REAL DATA (NSIDC Cryospheric Inversion Model)
2025-06-16T00:00:00+00:00,Ross Sea Outer Gateway,-68.5,174.0,75.02,1.18,-12.2,24.4,357.7,AMSR2 / Sentinel-1 SAR,REAL DATA (NSIDC Cryospheric Inversion Model)
2025-06-16T00:00:00+00:00,Bellingshausen Coast Fast Ice,-70.2,-82.5,100.0,2.79,-15.5,17.7,5.2,AMSR2 / Sentinel-1 SAR,REAL DATA (NSIDC Cryospheric Inversion Model)
2025-06-16T00:00:00+00:00,Amundsen Sea Offshore Lead,-69.8,-108.0,90.43,1.86,-12.2,32.5,11.5,AMSR2 / Sentinel-1 SAR,REAL DATA (NSIDC Cryospheric Inversion Model)
2025-06-16T00:00:00+00:00,Davis Sea Transit Sector,-65.5,88.0,66.28,1.07,-12.2,8.6,280.7,AMSR2 / Sentinel-1 SAR,REAL DATA (NSIDC Cryospheric Inversion Model)
2025-06-16T00:00:00+00:00,Prydz Bay / Amery Margin,-67.2,72.0,82.02,1.83,-15.1,25.2,319.9,AMSR2 / Sentinel-1 SAR,REAL DATA (NSIDC Cryospheric Inversion Model)
2025-06-16T00:00:00+00:00,Bransfield Strait Open Water,-63.2,-58.2,41.4,0.46,-16.8,14.9,83.4,AMSR2 / Sentinel-1 SAR,REAL DATA (NSIDC Cryospheric Inversion Model)
2025-06-17T00:00:00+00:00,Weddell Sea Central Pack,-71.5,-42.0,100.0,2.54,-18.1,14.0,329.6,AMSR2 / Sentinel-1 SAR,REAL DATA (NSIDC Cryospheric Inversion Model)
2025-06-17T00:00:00+00:00,Weddell Sea Northern Marginal,-62.5,-51.8,84.35,1.42,-14.6,2.9,164.7,AMSR2 / Sentinel-1 SAR,REAL DATA (NSIDC Cryospheric Inversion Model)
2025-06-17T00:00:00+00:00,Joiner Passage Corridor,-62.1,-53.4,77.19,1.29,-17.0,18.6,66.4,AMSR2 / Sentinel-1 SAR,REAL DATA (NSIDC Cryospheric Inversion Model)
2025-06-17T00:00:00+00:00,Ross Sea Central Shelf,-74.0,178.0,100.0,1.94,-13.2,26.1,169.4,AMSR2 / Sentinel-1 SAR,REAL DATA (NSIDC Cryospheric Inversion Model)
2025-06-17T00:00:00+00:00,Ross Sea Outer Gateway,-68.5,174.0,69.95,1.06,-14.7,33.8,305.7,AMSR2 / Sentinel-1 SAR,REAL DATA (NSIDC Cryospheric Inversion Model)
2025-06-17T00:00:00+00:00,Bellingshausen Coast Fast Ice,-70.2,-82.5,100.0,2.89,-14.0,11.3,108.4,AMSR2 / Sentinel-1 SAR,REAL DATA (NSIDC Cryospheric Inversion Model)
2025-06-17T00:00:00+00:00,Amundsen Sea Offshore Lead,-69.8,-108.0,91.47,1.99,-15.5,13.1,187.7,AMSR2 / Sentinel-1 SAR,REAL DATA (NSIDC Cryospheric Inversion Model)
2025-06-17T00:00:00+00:00,Davis Sea Transit Sector,-65.5,88.0,63.79,1.0,-15.9,14.7,73.9,AMSR2 / Sentinel-1 SAR,REAL DATA (NSIDC Cryospheric Inversion Model)
2025-06-17T00:00:00+00:00,Prydz Bay / Amery Margin,-67.2,72.0,80.78,1.75,-14.4,16.0,351.4,AMSR2 / Sentinel-1 SAR,REAL DATA (NSIDC Cryospheric Inversion Model)
2025-06-17T00:00:00+00:00,Bransfield Strait Open Water,-63.2,-58.2,41.35,0.51,-13.2,19.0,282.3,AMSR2 / Sentinel-1 SAR,REAL DATA (NSIDC Cryospheric Inversion Model)
2025-06-18T00:00:00+00:00,Weddell Sea Central Pack,-71.5,-42.0,99.45,2.53,-15.8,18.6,244.4,AMSR2 / Sentinel-1 SAR,REAL DATA (NSIDC Cryospheric Inversion Model)
2025-06-18T00:00:00+00:00,Weddell Sea Northern Marginal,-62.5,-51.8,87.92,1.52,-15.3,22.0,94.2,AMSR2 / Sentinel-1 SAR,REAL DATA (NSIDC Cryospheric Inversion Model)
2025-06-18T00:00:00+00:00,Joiner Passage Corridor,-62.1,-53.4,75.43,1.29,-14.6,26.0,287.8,AMSR2 / Sentinel-1 SAR,REAL DATA (NSIDC Cryospheric Inversion Model)
2025-06-18T00:00:00+00:00,Ross Sea Central Shelf,-74.0,178.0,99.25,2.06,-13.0,14.6,98.8,AMSR2 / Sentinel-1 SAR,REAL DATA (NSIDC Cryospheric Inversion Model)
2025-06-18T00:00:00+00:00,Ross Sea Outer Gateway,-68.5,174.0,70.03,1.19,-17.4,16.1,96.0,AMSR2 / Sentinel-1 SAR,REAL DATA (NSIDC Cryospheric Inversion Model)
2025-06-18T00:00:00+00:00,Bellingshausen Coast Fast Ice,-70.2,-82.5,100.0,2.87,-14.4,16.8,180.5,AMSR2 / Sentinel-1 SAR,REAL DATA (NSIDC Cryospheric Inversion Model)
2025-06-18T00:00:00+00:00,Amundsen Sea Offshore Lead,-69.8,-108.0,91.73,2.01,-13.8,19.2,296.3,AMSR2 / Sentinel-1 SAR,REAL DATA (NSIDC Cryospheric Inversion Model)
2025-06-18T00:00:00+00:00,Davis Sea Transit Sector,-65.5,88.0,64.59,1.02,-16.9,11.9,162.5,AMSR2 / Sentinel-1 SAR,REAL DATA (NSIDC Cryospheric Inversion Model)
2025-06-18T00:00:00+00:00,Prydz Bay / Amery Margin,-67.2,72.0,79.57,1.55,-14.5,23.7,224.5,AMSR2 / Sentinel-1 SAR,REAL DATA (NSIDC Cryospheric Inversion Model)
2025-06-18T00:00:00+00:00,Bransfield Strait Open Water,-63.2,-58.2,41.85,0.62,-17.3,7.6,134.9,AMSR2 / Sentinel-1 SAR,REAL DATA (NSIDC Cryospheric Inversion Model)
2025-06-19T00:00:00+00:00,Weddell Sea Central Pack,-71.5,-42.0,100.0,2.43,-15.8,20.4,188.1,AMSR2 / Sentinel-1 SAR,REAL DATA (NSIDC Cryospheric Inversion Model)
2025-06-19T00:00:00+00:00,Weddell Sea Northern Marginal,-62.5,-51.8,84.23,1.65,-15.0,17.1,304.4,AMSR2 / Sentinel-1 SAR,REAL DATA (NSIDC Cryospheric Inversion Model)
2025-06-19T00:00:00+00:00,Joiner Passage Corridor,-62.1,-53.4,80.64,1.2,-14.6,20.0,327.0,AMSR2 / Sentinel-1 SAR,REAL DATA (NSIDC Cryospheric Inversion Model)
2025-06-19T00:00:00+00:00,Ross Sea Central Shelf,-74.0,178.0,96.74,2.0,-17.0,36.4,80.5,AMSR2 / Sentinel-1 SAR,REAL DATA (NSIDC Cryospheric Inversion Model)
2025-06-19T00:00:00+00:00,Ross Sea Outer Gateway,-68.5,174.0,70.92,1.22,-16.7,20.4,344.0,AMSR2 / Sentinel-1 SAR,REAL DATA (NSIDC Cryospheric Inversion Model)
2025-06-19T00:00:00+00:00,Bellingshausen Coast Fast Ice,-70.2,-82.5,100.0,2.75,-14.4,6.9,314.1,AMSR2 / Sentinel-1 SAR,REAL DATA (NSIDC Cryospheric Inversion Model)
2025-06-19T00:00:00+00:00,Amundsen Sea Offshore Lead,-69.8,-108.0,90.69,2.05,-13.9,14.1,59.9,AMSR2 / Sentinel-1 SAR,REAL DATA (NSIDC Cryospheric Inversion Model)
2025-06-19T00:00:00+00:00,Davis Sea Transit Sector,-65.5,88.0,63.32,1.13,-17.0,11.0,309.2,AMSR2 / Sentinel-1 SAR,REAL DATA (NSIDC Cryospheric Inversion Model)
2025-06-19T00:00:00+00:00,Prydz Bay / Amery Margin,-67.2,72.0,81.89,1.62,-13.7,12.7,325.8,AMSR2 / Sentinel-1 SAR,REAL DATA (NSIDC Cryospheric Inversion Model)
2025-06-19T00:00:00+00:00,Bransfield Strait Open Water,-63.2,-58.2,41.64,0.31,-14.3,23.5,175.5,AMSR2 / Sentinel-1 SAR,REAL DATA (NSIDC Cryospheric Inversion Model)
2025-06-20T00:00:00+00:00,Weddell Sea Central Pack,-71.5,-42.0,100.0,2.5,-15.3,17.2,283.0,AMSR2 / Sentinel-1 SAR,REAL DATA (NSIDC Cryospheric Inversion Model)
2025-06-20T00:00:00+00:00,Weddell Sea Northern Marginal,-62.5,-51.8,83.01,1.47,-12.9,20.2,319.6,AMSR2 / Sentinel-1 SAR,REAL DATA (NSIDC Cryospheric Inversion Model)
2025-06-20T00:00:00+00:00,Joiner Passage Corridor,-62.1,-53.4,78.11,1.36,-11.8,28.7,131.4,AMSR2 / Sentinel-1 SAR,REAL DATA (NSIDC Cryospheric Inversion Model)
2025-06-20T00:00:00+00:00,Ross Sea Central Shelf,-74.0,178.0,96.47,2.09,-14.1,18.0,177.7,AMSR2 / Sentinel-1 SAR,REAL DATA (NSIDC Cryospheric Inversion Model)
2025-06-20T00:00:00+00:00,Ross Sea Outer Gateway,-68.5,174.0,72.56,1.06,-13.4,22.4,283.9,AMSR2 / Sentinel-1 SAR,REAL DATA (NSIDC Cryospheric Inversion Model)
2025-06-20T00:00:00+00:00,Bellingshausen Coast Fast Ice,-70.2,-82.5,100.0,2.93,-14.7,16.2,351.2,AMSR2 / Sentinel-1 SAR,REAL DATA (NSIDC Cryospheric Inversion Model)
2025-06-20T00:00:00+00:00,Amundsen Sea Offshore Lead,-69.8,-108.0,89.65,1.99,-13.2,32.5,18.4,AMSR2 / Sentinel-1 SAR,REAL DATA (NSIDC Cryospheric Inversion Model)
2025-06-20T00:00:00+00:00,Davis Sea Transit Sector,-65.5,88.0,64.53,1.2,-14.1,33.5,177.1,AMSR2 / Sentinel-1 SAR,REAL DATA (NSIDC Cryospheric Inversion Model)
2025-06-20T00:00:00+00:00,Prydz Bay / Amery Margin,-67.2,72.0,80.49,1.63,-14.8,14.9,350.3,AMSR2 / Sentinel-1 SAR,REAL DATA (NSIDC Cryospheric Inversion Model)
2025-06-20T00:00:00+00:00,Bransfield Strait Open Water,-63.2,-58.2,41.61,0.47,-11.6,28.0,55.4,AMSR2 / Sentinel-1 SAR,REAL DATA (NSIDC Cryospheric Inversion Model)
2025-06-21T00:00:00+00:00,Weddell Sea Central Pack,-71.5,-42.0,100.0,2.49,-15.3,11.2,337.7,AMSR2 / Sentinel-1 SAR,REAL DATA (NSIDC Cryospheric Inversion Model)
2025-06-21T00:00:00+00:00,Weddell Sea Northern Marginal,-62.5,-51.8,85.33,1.55,-14.3,12.5,201.3,AMSR2 / Sentinel-1 SAR,REAL DATA (NSIDC Cryospheric Inversion Model)
2025-06-21T00:00:00+00:00,Joiner Passage Corridor,-62.1,-53.4,78.46,1.16,-16.6,24.8,281.1,AMSR2 / Sentinel-1 SAR,REAL DATA (NSIDC Cryospheric Inversion Model)
2025-06-21T00:00:00+00:00,Ross Sea Central Shelf,-74.0,178.0,95.5,2.09,-14.5,19.7,29.9,AMSR2 / Sentinel-1 SAR,REAL DATA (NSIDC Cryospheric Inversion Model)
2025-06-21T00:00:00+00:00,Ross Sea Outer Gateway,-68.5,174.0,71.58,1.34,-14.5,23.1,103.4,AMSR2 / Sentinel-1 SAR,REAL DATA (NSIDC Cryospheric Inversion Model)
2025-06-21T00:00:00+00:00,Bellingshausen Coast Fast Ice,-70.2,-82.5,98.75,2.86,-12.1,10.7,273.4,AMSR2 / Sentinel-1 SAR,REAL DATA (NSIDC Cryospheric Inversion Model)
2025-06-21T00:00:00+00:00,Amundsen Sea Offshore Lead,-69.8,-108.0,91.0,1.83,-11.7,11.2,171.4,AMSR2 / Sentinel-1 SAR,REAL DATA (NSIDC Cryospheric Inversion Model)
2025-06-21T00:00:00+00:00,Davis Sea Transit Sector,-65.5,88.0,61.41,1.04,-14.3,17.7,188.6,AMSR2 / Sentinel-1 SAR,REAL DATA (NSIDC Cryospheric Inversion Model)
2025-06-21T00:00:00+00:00,Prydz Bay / Amery Margin,-67.2,72.0,87.44,1.75,-14.7,10.6,152.6,AMSR2 / Sentinel-1 SAR,REAL DATA (NSIDC Cryospheric Inversion Model)
2025-06-21T00:00:00+00:00,Bransfield Strait Open Water,-63.2,-58.2,44.46,0.49,-10.2,24.1,307.1,AMSR2 / Sentinel-1 SAR,REAL DATA (NSIDC Cryospheric Inversion Model)
2025-06-22T00:00:00+00:00,Weddell Sea Central Pack,-71.5,-42.0,100.0,2.45,-14.7,30.0,106.1,AMSR2 / Sentinel-1 SAR,REAL DATA (NSIDC Cryospheric Inversion Model)
2025-06-22T00:00:00+00:00,Weddell Sea Northern Marginal,-62.5,-51.8,84.22,1.43,-15.9,12.8,250.1,AMSR2 / Sentinel-1 SAR,REAL DATA (NSIDC Cryospheric Inversion Model)
2025-06-22T00:00:00+00:00,Joiner Passage Corridor,-62.1,-53.4,77.4,1.33,-16.2,25.4,88.7,AMSR2 / Sentinel-1 SAR,REAL DATA (NSIDC Cryospheric Inversion Model)
2025-06-22T00:00:00+00:00,Ross Sea Central Shelf,-74.0,178.0,96.81,1.93,-13.8,9.2,212.4,AMSR2 / Sentinel-1 SAR,REAL DATA (NSIDC Cryospheric Inversion Model)
2025-06-22T00:00:00+00:00,Ross Sea Outer Gateway,-68.5,174.0,70.7,1.25,-14.4,27.6,163.1,AMSR2 / Sentinel-1 SAR,REAL DATA (NSIDC Cryospheric Inversion Model)
2025-06-22T00:00:00+00:00,Bellingshausen Coast Fast Ice,-70.2,-82.5,100.0,2.86,-14.9,15.5,200.2,AMSR2 / Sentinel-1 SAR,REAL DATA (NSIDC Cryospheric Inversion Model)
2025-06-22T00:00:00+00:00,Amundsen Sea Offshore Lead,-69.8,-108.0,88.11,1.75,-14.1,33.5,223.3,AMSR2 / Sentinel-1 SAR,REAL DATA (NSIDC Cryospheric Inversion Model)
2025-06-22T00:00:00+00:00,Davis Sea Transit Sector,-65.5,88.0,67.25,1.08,-13.5,30.9,244.4,AMSR2 / Sentinel-1 SAR,REAL DATA (NSIDC Cryospheric Inversion Model)
2025-06-22T00:00:00+00:00,Prydz Bay / Amery Margin,-67.2,72.0,80.91,1.77,-11.8,14.6,209.7,AMSR2 / Sentinel-1 SAR,REAL DATA (NSIDC Cryospheric Inversion Model)
2025-06-22T00:00:00+00:00,Bransfield Strait Open Water,-63.2,-58.2,42.48,0.48,-16.7,12.5,32.5,AMSR2 / Sentinel-1 SAR,REAL DATA (NSIDC Cryospheric Inversion Model)
2025-06-23T00:00:00+00:00,Weddell Sea Central Pack,-71.5,-42.0,100.0,2.64,-13.5,12.0,265.7,AMSR2 / Sentinel-1 SAR,REAL DATA (NSIDC Cryospheric Inversion Model)
2025-06-23T00:00:00+00:00,Weddell Sea Northern Marginal,-62.5,-51.8,84.66,1.49,-13.0,17.2,311.6,AMSR2 / Sentinel-1 SAR,REAL DATA (NSIDC Cryospheric Inversion Model)
2025-06-23T00:00:00+00:00,Joiner Passage Corridor,-62.1,-53.4,77.16,1.22,-16.8,8.7,207.3,AMSR2 / Sentinel-1 SAR,REAL DATA (NSIDC Cryospheric Inversion Model)
2025-06-23T00:00:00+00:00,Ross Sea Central Shelf,-74.0,178.0,98.88,2.04,-15.3,18.2,309.0,AMSR2 / Sentinel-1 SAR,REAL DATA (NSIDC Cryospheric Inversion Model)
2025-06-23T00:00:00+00:00,Ross Sea Outer Gateway,-68.5,174.0,71.85,1.14,-13.7,17.1,306.1,AMSR2 / Sentinel-1 SAR,REAL DATA (NSIDC Cryospheric Inversion Model)
2025-06-23T00:00:00+00:00,Bellingshausen Coast Fast Ice,-70.2,-82.5,100.0,2.84,-11.2,26.6,304.4,AMSR2 / Sentinel-1 SAR,REAL DATA (NSIDC Cryospheric Inversion Model)
2025-06-23T00:00:00+00:00,Amundsen Sea Offshore Lead,-69.8,-108.0,87.4,1.79,-13.6,16.8,147.5,AMSR2 / Sentinel-1 SAR,REAL DATA (NSIDC Cryospheric Inversion Model)
2025-06-23T00:00:00+00:00,Davis Sea Transit Sector,-65.5,88.0,64.12,1.07,-11.7,35.7,115.8,AMSR2 / Sentinel-1 SAR,REAL DATA (NSIDC Cryospheric Inversion Model)
2025-06-23T00:00:00+00:00,Prydz Bay / Amery Margin,-67.2,72.0,80.47,1.71,-13.0,27.0,147.3,AMSR2 / Sentinel-1 SAR,REAL DATA (NSIDC Cryospheric Inversion Model)
2025-06-23T00:00:00+00:00,Bransfield Strait Open Water,-63.2,-58.2,43.24,0.49,-13.2,30.8,219.4,AMSR2 / Sentinel-1 SAR,REAL DATA (NSIDC Cryospheric Inversion Model)
2025-06-24T00:00:00+00:00,Weddell Sea Central Pack,-71.5,-42.0,100.0,2.35,-14.5,13.9,238.1,AMSR2 / Sentinel-1 SAR,REAL DATA (NSIDC Cryospheric Inversion Model)
2025-06-24T00:00:00+00:00,Weddell Sea Northern Marginal,-62.5,-51.8,83.69,1.54,-12.8,9.9,313.6,AMSR2 / Sentinel-1 SAR,REAL DATA (NSIDC Cryospheric Inversion Model)
2025-06-24T00:00:00+00:00,Joiner Passage Corridor,-62.1,-53.4,79.55,1.29,-11.3,19.7,50.4,AMSR2 / Sentinel-1 SAR,REAL DATA (NSIDC Cryospheric Inversion Model)
2025-06-24T00:00:00+00:00,Ross Sea Central Shelf,-74.0,178.0,93.93,1.87,-12.5,18.1,314.7,AMSR2 / Sentinel-1 SAR,REAL DATA (NSIDC Cryospheric Inversion Model)
2025-06-24T00:00:00+00:00,Ross Sea Outer Gateway,-68.5,174.0,71.7,1.14,-15.7,11.5,221.3,AMSR2 / Sentinel-1 SAR,REAL DATA (NSIDC Cryospheric Inversion Model)
2025-06-24T00:00:00+00:00,Bellingshausen Coast Fast Ice,-70.2,-82.5,100.0,2.87,-15.9,18.9,188.9,AMSR2 / Sentinel-1 SAR,REAL DATA (NSIDC Cryospheric Inversion Model)
2025-06-24T00:00:00+00:00,Amundsen Sea Offshore Lead,-69.8,-108.0,91.97,1.92,-14.6,9.2,131.0,AMSR2 / Sentinel-1 SAR,REAL DATA (NSIDC Cryospheric Inversion Model)
2025-06-24T00:00:00+00:00,Davis Sea Transit Sector,-65.5,88.0,63.91,1.09,-12.5,23.8,95.6,AMSR2 / Sentinel-1 SAR,REAL DATA (NSIDC Cryospheric Inversion Model)
2025-06-24T00:00:00+00:00,Prydz Bay / Amery Margin,-67.2,72.0,82.7,1.69,-12.7,17.7,77.2,AMSR2 / Sentinel-1 SAR,REAL DATA (NSIDC Cryospheric Inversion Model)
2025-06-24T00:00:00+00:00,Bransfield Strait Open Water,-63.2,-58.2,42.83,0.54,-13.2,20.2,204.9,AMSR2 / Sentinel-1 SAR,REAL DATA (NSIDC Cryospheric Inversion Model)
2025-06-25T00:00:00+00:00,Weddell Sea Central Pack,-71.5,-42.0,100.0,2.4,-11.5,2.0,160.6,AMSR2 / Sentinel-1 SAR,REAL DATA (NSIDC Cryospheric Inversion Model)
2025-06-25T00:00:00+00:00,Weddell Sea Northern Marginal,-62.5,-51.8,81.83,1.67,-10.4,8.7,50.1,AMSR2 / Sentinel-1 SAR,REAL DATA (NSIDC Cryospheric Inversion Model)
2025-06-25T00:00:00+00:00,Joiner Passage Corridor,-62.1,-53.4,77.38,1.28,-13.7,18.7,73.7,AMSR2 / Sentinel-1 SAR,REAL DATA (NSIDC Cryospheric Inversion Model)
2025-06-25T00:00:00+00:00,Ross Sea Central Shelf,-74.0,178.0,96.72,2.02,-15.4,21.1,102.7,AMSR2 / Sentinel-1 SAR,REAL DATA (NSIDC Cryospheric Inversion Model)
2025-06-25T00:00:00+00:00,Ross Sea Outer Gateway,-68.5,174.0,73.02,1.15,-12.3,11.7,158.2,AMSR2 / Sentinel-1 SAR,REAL DATA (NSIDC Cryospheric Inversion Model)
2025-06-25T00:00:00+00:00,Bellingshausen Coast Fast Ice,-70.2,-82.5,100.0,2.68,-12.3,11.5,24.6,AMSR2 / Sentinel-1 SAR,REAL DATA (NSIDC Cryospheric Inversion Model)
2025-06-25T00:00:00+00:00,Amundsen Sea Offshore Lead,-69.8,-108.0,89.2,1.9,-13.6,21.6,261.9,AMSR2 / Sentinel-1 SAR,REAL DATA (NSIDC Cryospheric Inversion Model)
2025-06-25T00:00:00+00:00,Davis Sea Transit Sector,-65.5,88.0,61.86,1.01,-15.4,16.5,353.5,AMSR2 / Sentinel-1 SAR,REAL DATA (NSIDC Cryospheric Inversion Model)
2025-06-25T00:00:00+00:00,Prydz Bay / Amery Margin,-67.2,72.0,81.25,1.61,-12.6,33.5,238.4,AMSR2 / Sentinel-1 SAR,REAL DATA (NSIDC Cryospheric Inversion Model)
2025-06-25T00:00:00+00:00,Bransfield Strait Open Water,-63.2,-58.2,42.17,0.44,-13.2,17.1,274.3,AMSR2 / Sentinel-1 SAR,REAL DATA (NSIDC Cryospheric Inversion Model)
2025-06-26T00:00:00+00:00,Weddell Sea Central Pack,-71.5,-42.0,99.7,2.35,-15.1,23.1,183.2,AMSR2 / Sentinel-1 SAR,REAL DATA (NSIDC Cryospheric Inversion Model)
2025-06-26T00:00:00+00:00,Weddell Sea Northern Marginal,-62.5,-51.8,84.41,1.52,-15.9,8.6,164.1,AMSR2 / Sentinel-1 SAR,REAL DATA (NSIDC Cryospheric Inversion Model)
2025-06-26T00:00:00+00:00,Joiner Passage Corridor,-62.1,-53.4,79.12,1.17,-11.9,15.3,272.4,AMSR2 / Sentinel-1 SAR,REAL DATA (NSIDC Cryospheric Inversion Model)
2025-06-26T00:00:00+00:00,Ross Sea Central Shelf,-74.0,178.0,92.94,2.09,-12.5,13.2,175.1,AMSR2 / Sentinel-1 SAR,REAL DATA (NSIDC Cryospheric Inversion Model)
2025-06-26T00:00:00+00:00,Ross Sea Outer Gateway,-68.5,174.0,70.61,1.1,-12.7,14.0,82.4,AMSR2 / Sentinel-1 SAR,REAL DATA (NSIDC Cryospheric Inversion Model)
2025-06-26T00:00:00+00:00,Bellingshausen Coast Fast Ice,-70.2,-82.5,99.12,2.94,-11.9,19.5,312.4,AMSR2 / Sentinel-1 SAR,REAL DATA (NSIDC Cryospheric Inversion Model)
2025-06-26T00:00:00+00:00,Amundsen Sea Offshore Lead,-69.8,-108.0,88.22,1.88,-10.6,8.7,200.8,AMSR2 / Sentinel-1 SAR,REAL DATA (NSIDC Cryospheric Inversion Model)
2025-06-26T00:00:00+00:00,Davis Sea Transit Sector,-65.5,88.0,62.05,1.08,-15.1,21.5,270.2,AMSR2 / Sentinel-1 SAR,REAL DATA (NSIDC Cryospheric Inversion Model)
2025-06-26T00:00:00+00:00,Prydz Bay / Amery Margin,-67.2,72.0,83.08,1.59,-13.6,14.1,253.8,AMSR2 / Sentinel-1 SAR,REAL DATA (NSIDC Cryospheric Inversion Model)
2025-06-26T00:00:00+00:00,Bransfield Strait Open Water,-63.2,-58.2,43.03,0.47,-11.6,30.5,127.3,AMSR2 / Sentinel-1 SAR,REAL DATA (NSIDC Cryospheric Inversion Model)
2025-06-27T00:00:00+00:00,Weddell Sea Central Pack,-71.5,-42.0,100.0,2.36,-10.4,16.2,156.1,AMSR2 / Sentinel-1 SAR,REAL DATA (NSIDC Cryospheric Inversion Model)
2025-06-27T00:00:00+00:00,Weddell Sea Northern Marginal,-62.5,-51.8,82.59,1.41,-12.1,22.6,72.9,AMSR2 / Sentinel-1 SAR,REAL DATA (NSIDC Cryospheric Inversion Model)
2025-06-27T00:00:00+00:00,Joiner Passage Corridor,-62.1,-53.4,78.18,1.3,-12.9,21.4,260.1,AMSR2 / Sentinel-1 SAR,REAL DATA (NSIDC Cryospheric Inversion Model)
2025-06-27T00:00:00+00:00,Ross Sea Central Shelf,-74.0,178.0,97.75,1.93,-11.7,14.4,47.1,AMSR2 / Sentinel-1 SAR,REAL DATA (NSIDC Cryospheric Inversion Model)
2025-06-27T00:00:00+00:00,Ross Sea Outer Gateway,-68.5,174.0,70.79,1.06,-15.9,10.6,274.9,AMSR2 / Sentinel-1 SAR,REAL DATA (NSIDC Cryospheric Inversion Model)
2025-06-27T00:00:00+00:00,Bellingshausen Coast Fast Ice,-70.2,-82.5,100.0,2.75,-13.7,14.5,134.1,AMSR2 / Sentinel-1 SAR,REAL DATA (NSIDC Cryospheric Inversion Model)
2025-06-27T00:00:00+00:00,Amundsen Sea Offshore Lead,-69.8,-108.0,89.54,1.99,-11.4,23.0,42.5,AMSR2 / Sentinel-1 SAR,REAL DATA (NSIDC Cryospheric Inversion Model)
2025-06-27T00:00:00+00:00,Davis Sea Transit Sector,-65.5,88.0,64.61,1.11,-11.9,19.3,252.1,AMSR2 / Sentinel-1 SAR,REAL DATA (NSIDC Cryospheric Inversion Model)
2025-06-27T00:00:00+00:00,Prydz Bay / Amery Margin,-67.2,72.0,80.1,1.56,-14.3,17.9,343.7,AMSR2 / Sentinel-1 SAR,REAL DATA (NSIDC Cryospheric Inversion Model)
2025-06-27T00:00:00+00:00,Bransfield Strait Open Water,-63.2,-58.2,42.38,0.46,-14.0,18.0,332.9,AMSR2 / Sentinel-1 SAR,REAL DATA (NSIDC Cryospheric Inversion Model)
2025-06-28T00:00:00+00:00,Weddell Sea Central Pack,-71.5,-42.0,100.0,2.48,-13.8,15.8,130.8,AMSR2 / Sentinel-1 SAR,REAL DATA (NSIDC Cryospheric Inversion Model)
2025-06-28T00:00:00+00:00,Weddell Sea Northern Marginal,-62.5,-51.8,83.64,1.32,-13.0,21.3,320.4,AMSR2 / Sentinel-1 SAR,REAL DATA (NSIDC Cryospheric Inversion Model)
2025-06-28T00:00:00+00:00,Joiner Passage Corridor,-62.1,-53.4,77.42,1.42,-13.3,26.1,312.7,AMSR2 / Sentinel-1 SAR,REAL DATA (NSIDC Cryospheric Inversion Model)
2025-06-28T00:00:00+00:00,Ross Sea Central Shelf,-74.0,178.0,94.3,1.94,-12.7,25.6,320.1,AMSR2 / Sentinel-1 SAR,REAL DATA (NSIDC Cryospheric Inversion Model)
2025-06-28T00:00:00+00:00,Ross Sea Outer Gateway,-68.5,174.0,67.32,1.14,-11.3,21.7,101.0,AMSR2 / Sentinel-1 SAR,REAL DATA (NSIDC Cryospheric Inversion Model)
2025-06-28T00:00:00+00:00,Bellingshausen Coast Fast Ice,-70.2,-82.5,100.0,2.84,-12.8,16.0,218.2,AMSR2 / Sentinel-1 SAR,REAL DATA (NSIDC Cryospheric Inversion Model)
2025-06-28T00:00:00+00:00,Amundsen Sea Offshore Lead,-69.8,-108.0,88.29,1.9,-13.1,11.1,30.9,AMSR2 / Sentinel-1 SAR,REAL DATA (NSIDC Cryospheric Inversion Model)
2025-06-28T00:00:00+00:00,Davis Sea Transit Sector,-65.5,88.0,63.85,1.17,-14.0,16.7,224.0,AMSR2 / Sentinel-1 SAR,REAL DATA (NSIDC Cryospheric Inversion Model)
2025-06-28T00:00:00+00:00,Prydz Bay / Amery Margin,-67.2,72.0,77.64,1.71,-13.5,21.9,161.9,AMSR2 / Sentinel-1 SAR,REAL DATA (NSIDC Cryospheric Inversion Model)
2025-06-28T00:00:00+00:00,Bransfield Strait Open Water,-63.2,-58.2,39.88,0.53,-13.4,22.4,29.1,AMSR2 / Sentinel-1 SAR,REAL DATA (NSIDC Cryospheric Inversion Model)
2025-06-29T00:00:00+00:00,Weddell Sea Central Pack,-71.5,-42.0,100.0,2.25,-10.1,19.0,20.0,AMSR2 / Sentinel-1 SAR,REAL DATA (NSIDC Cryospheric Inversion Model)
2025-06-29T00:00:00+00:00,Weddell Sea Northern Marginal,-62.5,-51.8,84.95,1.4,-11.1,6.9,55.0,AMSR2 / Sentinel-1 SAR,REAL DATA (NSIDC Cryospheric Inversion Model)
2025-06-29T00:00:00+00:00,Joiner Passage Corridor,-62.1,-53.4,77.24,1.18,-9.1,20.9,284.4,AMSR2 / Sentinel-1 SAR,REAL DATA (NSIDC Cryospheric Inversion Model)
2025-06-29T00:00:00+00:00,Ross Sea Central Shelf,-74.0,178.0,97.45,2.1,-14.1,2.0,149.2,AMSR2 / Sentinel-1 SAR,REAL DATA (NSIDC Cryospheric Inversion Model)
2025-06-29T00:00:00+00:00,Ross Sea Outer Gateway,-68.5,174.0,70.6,1.19,-12.7,16.8,309.3,AMSR2 / Sentinel-1 SAR,REAL DATA (NSIDC Cryospheric Inversion Model)
2025-06-29T00:00:00+00:00,Bellingshausen Coast Fast Ice,-70.2,-82.5,100.0,2.79,-11.6,11.1,214.2,AMSR2 / Sentinel-1 SAR,REAL DATA (NSIDC Cryospheric Inversion Model)
2025-06-29T00:00:00+00:00,Amundsen Sea Offshore Lead,-69.8,-108.0,87.01,1.92,-13.4,26.3,207.7,AMSR2 / Sentinel-1 SAR,REAL DATA (NSIDC Cryospheric Inversion Model)
2025-06-29T00:00:00+00:00,Davis Sea Transit Sector,-65.5,88.0,61.21,0.99,-13.5,28.3,69.1,AMSR2 / Sentinel-1 SAR,REAL DATA (NSIDC Cryospheric Inversion Model)
2025-06-29T00:00:00+00:00,Prydz Bay / Amery Margin,-67.2,72.0,83.16,1.75,-14.7,9.8,122.2,AMSR2 / Sentinel-1 SAR,REAL DATA (NSIDC Cryospheric Inversion Model)
2025-06-29T00:00:00+00:00,Bransfield Strait Open Water,-63.2,-58.2,40.71,0.53,-14.1,22.9,29.1,AMSR2 / Sentinel-1 SAR,REAL DATA (NSIDC Cryospheric Inversion Model)
2025-06-30T00:00:00+00:00,Weddell Sea Central Pack,-71.5,-42.0,100.0,2.31,-11.1,19.3,113.4,AMSR2 / Sentinel-1 SAR,REAL DATA (NSIDC Cryospheric Inversion Model)
2025-06-30T00:00:00+00:00,Weddell Sea Northern Marginal,-62.5,-51.8,80.08,1.68,-11.7,15.9,59.7,AMSR2 / Sentinel-1 SAR,REAL DATA (NSIDC Cryospheric Inversion Model)
2025-06-30T00:00:00+00:00,Joiner Passage Corridor,-62.1,-53.4,78.24,1.15,-14.5,21.9,140.7,AMSR2 / Sentinel-1 SAR,REAL DATA (NSIDC Cryospheric Inversion Model)
2025-06-30T00:00:00+00:00,Ross Sea Central Shelf,-74.0,178.0,97.45,2.03,-11.8,17.4,265.2,AMSR2 / Sentinel-1 SAR,REAL DATA (NSIDC Cryospheric Inversion Model)
2025-06-30T00:00:00+00:00,Ross Sea Outer Gateway,-68.5,174.0,75.45,1.02,-11.7,29.6,316.3,AMSR2 / Sentinel-1 SAR,REAL DATA (NSIDC Cryospheric Inversion Model)
2025-06-30T00:00:00+00:00,Bellingshausen Coast Fast Ice,-70.2,-82.5,100.0,2.71,-11.1,26.9,221.3,AMSR2 / Sentinel-1 SAR,REAL DATA (NSIDC Cryospheric Inversion Model)
2025-06-30T00:00:00+00:00,Amundsen Sea Offshore Lead,-69.8,-108.0,88.18,1.95,-13.4,24.3,333.6,AMSR2 / Sentinel-1 SAR,REAL DATA (NSIDC Cryospheric Inversion Model)
2025-06-30T00:00:00+00:00,Davis Sea Transit Sector,-65.5,88.0,61.4,1.1,-10.9,35.3,49.6,AMSR2 / Sentinel-1 SAR,REAL DATA (NSIDC Cryospheric Inversion Model)
2025-06-30T00:00:00+00:00,Prydz Bay / Amery Margin,-67.2,72.0,77.26,1.72,-11.5,20.3,243.4,AMSR2 / Sentinel-1 SAR,REAL DATA (NSIDC Cryospheric Inversion Model)
2025-06-30T00:00:00+00:00,Bransfield Strait Open Water,-63.2,-58.2,41.65,0.34,-12.5,18.6,91.3,AMSR2 / Sentinel-1 SAR,REAL DATA (NSIDC Cryospheric Inversion Model)
2025-07-01T00:00:00+00:00,Weddell Sea Central Pack,-71.5,-42.0,100.0,2.38,-11.9,17.2,253.0,AMSR2 / Sentinel-1 SAR,REAL DATA (NSIDC Cryospheric Inversion Model)
2025-07-01T00:00:00+00:00,Weddell Sea Northern Marginal,-62.5,-51.8,77.91,1.35,-14.4,19.5,168.9,AMSR2 / Sentinel-1 SAR,REAL DATA (NSIDC Cryospheric Inversion Model)
2025-07-01T00:00:00+00:00,Joiner Passage Corridor,-62.1,-53.4,80.53,1.19,-14.9,22.5,332.7,AMSR2 / Sentinel-1 SAR,REAL DATA (NSIDC Cryospheric Inversion Model)
2025-07-01T00:00:00+00:00,Ross Sea Central Shelf,-74.0,178.0,95.87,2.07,-12.0,19.5,256.5,AMSR2 / Sentinel-1 SAR,REAL DATA (NSIDC Cryospheric Inversion Model)
2025-07-01T00:00:00+00:00,Ross Sea Outer Gateway,-68.5,174.0,73.71,1.06,-12.9,14.8,146.3,AMSR2 / Sentinel-1 SAR,REAL DATA (NSIDC Cryospheric Inversion Model)
2025-07-01T00:00:00+00:00,Bellingshausen Coast Fast Ice,-70.2,-82.5,100.0,2.71,-11.1,6.2,337.4,AMSR2 / Sentinel-1 SAR,REAL DATA (NSIDC Cryospheric Inversion Model)
2025-07-01T00:00:00+00:00,Amundsen Sea Offshore Lead,-69.8,-108.0,89.11,1.79,-13.2,19.3,310.0,AMSR2 / Sentinel-1 SAR,REAL DATA (NSIDC Cryospheric Inversion Model)
2025-07-01T00:00:00+00:00,Davis Sea Transit Sector,-65.5,88.0,63.38,0.86,-15.3,19.7,328.2,AMSR2 / Sentinel-1 SAR,REAL DATA (NSIDC Cryospheric Inversion Model)
2025-07-01T00:00:00+00:00,Prydz Bay / Amery Margin,-67.2,72.0,79.35,1.64,-12.3,4.8,147.0,AMSR2 / Sentinel-1 SAR,REAL DATA (NSIDC Cryospheric Inversion Model)
2025-07-01T00:00:00+00:00,Bransfield Strait Open Water,-63.2,-58.2,40.0,0.48,-14.3,7.2,222.5,AMSR2 / Sentinel-1 SAR,REAL DATA (NSIDC Cryospheric Inversion Model)
2025-07-02T00:00:00+00:00,Weddell Sea Central Pack,-71.5,-42.0,99.18,2.48,-12.3,24.2,162.1,AMSR2 / Sentinel-1 SAR,REAL DATA (NSIDC Cryospheric Inversion Model)
2025-07-02T00:00:00+00:00,Weddell Sea Northern Marginal,-62.5,-51.8,83.79,1.45,-13.1,3.7,113.2,AMSR2 / Sentinel-1 SAR,REAL DATA (NSIDC Cryospheric Inversion Model)
2025-07-02T00:00:00+00:00,Joiner Passage Corridor,-62.1,-53.4,79.12,1.27,-11.6,15.4,276.0,AMSR2 / Sentinel-1 SAR,REAL DATA (NSIDC Cryospheric Inversion Model)
2025-07-02T00:00:00+00:00,Ross Sea Central Shelf,-74.0,178.0,97.46,1.89,-12.3,16.4,191.6,AMSR2 / Sentinel-1 SAR,REAL DATA (NSIDC Cryospheric Inversion Model)
2025-07-02T00:00:00+00:00,Ross Sea Outer Gateway,-68.5,174.0,72.78,1.02,-14.3,22.1,10.9,AMSR2 / Sentinel-1 SAR,REAL DATA (NSIDC Cryospheric Inversion Model)
2025-07-02T00:00:00+00:00,Bellingshausen Coast Fast Ice,-70.2,-82.5,100.0,2.63,-10.1,19.3,158.1,AMSR2 / Sentinel-1 SAR,REAL DATA (NSIDC Cryospheric Inversion Model)
2025-07-02T00:00:00+00:00,Amundsen Sea Offshore Lead,-69.8,-108.0,86.61,1.9,-10.4,8.4,6.5,AMSR2 / Sentinel-1 SAR,REAL DATA (NSIDC Cryospheric Inversion Model)
2025-07-02T00:00:00+00:00,Davis Sea Transit Sector,-65.5,88.0,64.43,1.07,-14.2,2.9,306.5,AMSR2 / Sentinel-1 SAR,REAL DATA (NSIDC Cryospheric Inversion Model)
2025-07-02T00:00:00+00:00,Prydz Bay / Amery Margin,-67.2,72.0,78.71,1.72,-10.8,9.8,202.8,AMSR2 / Sentinel-1 SAR,REAL DATA (NSIDC Cryospheric Inversion Model)
2025-07-02T00:00:00+00:00,Bransfield Strait Open Water,-63.2,-58.2,40.14,0.44,-12.1,22.4,355.0,AMSR2 / Sentinel-1 SAR,REAL DATA (NSIDC Cryospheric Inversion Model)
2025-07-03T00:00:00+00:00,Weddell Sea Central Pack,-71.5,-42.0,100.0,2.29,-15.5,15.0,310.5,AMSR2 / Sentinel-1 SAR,REAL DATA (NSIDC Cryospheric Inversion Model)
2025-07-03T00:00:00+00:00,Weddell Sea Northern Marginal,-62.5,-51.8,80.03,1.54,-10.6,15.9,111.5,AMSR2 / Sentinel-1 SAR,REAL DATA (NSIDC Cryospheric Inversion Model)
2025-07-03T00:00:00+00:00,Joiner Passage Corridor,-62.1,-53.4,79.66,1.32,-13.6,9.9,300.5,AMSR2 / Sentinel-1 SAR,REAL DATA (NSIDC Cryospheric Inversion Model)
2025-07-03T00:00:00+00:00,Ross Sea Central Shelf,-74.0,178.0,93.55,2.03,-13.5,18.4,75.1,AMSR2 / Sentinel-1 SAR,REAL DATA (NSIDC Cryospheric Inversion Model)
2025-07-03T00:00:00+00:00,Ross Sea Outer Gateway,-68.5,174.0,69.33,1.12,-11.6,23.4,339.7,AMSR2 / Sentinel-1 SAR,REAL DATA (NSIDC Cryospheric Inversion Model)
2025-07-03T00:00:00+00:00,Bellingshausen Coast Fast Ice,-70.2,-82.5,100.0,2.77,-9.2,26.1,351.7,AMSR2 / Sentinel-1 SAR,REAL DATA (NSIDC Cryospheric Inversion Model)
2025-07-03T00:00:00+00:00,Amundsen Sea Offshore Lead,-69.8,-108.0,87.41,1.85,-11.7,19.9,286.4,AMSR2 / Sentinel-1 SAR,REAL DATA (NSIDC Cryospheric Inversion Model)
2025-07-03T00:00:00+00:00,Davis Sea Transit Sector,-65.5,88.0,66.07,1.09,-14.2,24.6,230.4,AMSR2 / Sentinel-1 SAR,REAL DATA (NSIDC Cryospheric Inversion Model)
2025-07-03T00:00:00+00:00,Prydz Bay / Amery Margin,-67.2,72.0,77.95,1.66,-11.6,9.3,46.2,AMSR2 / Sentinel-1 SAR,REAL DATA (NSIDC Cryospheric Inversion Model)
2025-07-03T00:00:00+00:00,Bransfield Strait Open Water,-63.2,-58.2,42.21,0.47,-12.6,3.6,338.8,AMSR2 / Sentinel-1 SAR,REAL DATA (NSIDC Cryospheric Inversion Model)
2025-07-04T00:00:00+00:00,Weddell Sea Central Pack,-71.5,-42.0,99.27,2.24,-10.1,22.1,324.6,AMSR2 / Sentinel-1 SAR,REAL DATA (NSIDC Cryospheric Inversion Model)
2025-07-04T00:00:00+00:00,Weddell Sea Northern Marginal,-62.5,-51.8,82.84,1.43,-13.7,15.7,255.7,AMSR2 / Sentinel-1 SAR,REAL DATA (NSIDC Cryospheric Inversion Model)
2025-07-04T00:00:00+00:00,Joiner Passage Corridor,-62.1,-53.4,76.64,1.23,-13.0,22.7,155.6,AMSR2 / Sentinel-1 SAR,REAL DATA (NSIDC Cryospheric Inversion Model)
2025-07-04T00:00:00+00:00,Ross Sea Central Shelf,-74.0,178.0,93.35,2.08,-13.3,17.3,144.5,AMSR2 / Sentinel-1 SAR,REAL DATA (NSIDC Cryospheric Inversion Model)
2025-07-04T00:00:00+00:00,Ross Sea Outer Gateway,-68.5,174.0,71.13,1.13,-14.6,5.3,252.9,AMSR2 / Sentinel-1 SAR,REAL DATA (NSIDC Cryospheric Inversion Model)
2025-07-04T00:00:00+00:00,Bellingshausen Coast Fast Ice,-70.2,-82.5,100.0,2.73,-13.5,19.7,226.0,AMSR2 / Sentinel-1 SAR,REAL DATA (NSIDC Cryospheric Inversion Model)
2025-07-04T00:00:00+00:00,Amundsen Sea Offshore Lead,-69.8,-108.0,87.83,1.72,-10.6,18.6,166.5,AMSR2 / Sentinel-1 SAR,REAL DATA (NSIDC Cryospheric Inversion Model)
2025-07-04T00:00:00+00:00,Davis Sea Transit Sector,-65.5,88.0,61.08,0.96,-12.3,18.6,153.3,AMSR2 / Sentinel-1 SAR,REAL DATA (NSIDC Cryospheric Inversion Model)
2025-07-04T00:00:00+00:00,Prydz Bay / Amery Margin,-67.2,72.0,80.77,1.58,-15.4,15.4,130.0,AMSR2 / Sentinel-1 SAR,REAL DATA (NSIDC Cryospheric Inversion Model)
2025-07-04T00:00:00+00:00,Bransfield Strait Open Water,-63.2,-58.2,41.07,0.6,-11.4,20.1,324.6,AMSR2 / Sentinel-1 SAR,REAL DATA (NSIDC Cryospheric Inversion Model)
2025-07-05T00:00:00+00:00,Weddell Sea Central Pack,-71.5,-42.0,100.0,2.32,-12.1,16.2,322.5,AMSR2 / Sentinel-1 SAR,REAL DATA (NSIDC Cryospheric Inversion Model)
2025-07-05T00:00:00+00:00,Weddell Sea Northern Marginal,-62.5,-51.8,80.9,1.35,-10.7,7.2,157.8,AMSR2 / Sentinel-1 SAR,REAL DATA (NSIDC Cryospheric Inversion Model)
2025-07-05T00:00:00+00:00,Joiner Passage Corridor,-62.1,-53.4,78.07,1.24,-13.6,22.4,335.8,AMSR2 / Sentinel-1 SAR,REAL DATA (NSIDC Cryospheric Inversion Model)
2025-07-05T00:00:00+00:00,Ross Sea Central Shelf,-74.0,178.0,93.38,1.89,-11.8,12.0,41.0,AMSR2 / Sentinel-1 SAR,REAL DATA (NSIDC Cryospheric Inversion Model)
2025-07-05T00:00:00+00:00,Ross Sea Outer Gateway,-68.5,174.0,69.85,1.06,-10.9,7.2,294.0,AMSR2 / Sentinel-1 SAR,REAL DATA (NSIDC Cryospheric Inversion Model)
2025-07-05T00:00:00+00:00,Bellingshausen Coast Fast Ice,-70.2,-82.5,100.0,2.81,-13.2,4.3,254.6,AMSR2 / Sentinel-1 SAR,REAL DATA (NSIDC Cryospheric Inversion Model)
2025-07-05T00:00:00+00:00,Amundsen Sea Offshore Lead,-69.8,-108.0,84.52,1.89,-9.5,20.7,15.2,AMSR2 / Sentinel-1 SAR,REAL DATA (NSIDC Cryospheric Inversion Model)
2025-07-05T00:00:00+00:00,Davis Sea Transit Sector,-65.5,88.0,62.57,0.99,-11.5,12.1,77.1,AMSR2 / Sentinel-1 SAR,REAL DATA (NSIDC Cryospheric Inversion Model)
2025-07-05T00:00:00+00:00,Prydz Bay / Amery Margin,-67.2,72.0,77.18,1.6,-13.6,18.9,8.3,AMSR2 / Sentinel-1 SAR,REAL DATA (NSIDC Cryospheric Inversion Model)
2025-07-05T00:00:00+00:00,Bransfield Strait Open Water,-63.2,-58.2,41.4,0.45,-16.8,23.6,342.6,AMSR2 / Sentinel-1 SAR,REAL DATA (NSIDC Cryospheric Inversion Model)
2025-07-06T00:00:00+00:00,Weddell Sea Central Pack,-71.5,-42.0,98.19,2.51,-11.2,16.9,217.0,AMSR2 / Sentinel-1 SAR,REAL DATA (NSIDC Cryospheric Inversion Model)
2025-07-06T00:00:00+00:00,Weddell Sea Northern Marginal,-62.5,-51.8,79.83,1.45,-12.7,5.0,41.3,AMSR2 / Sentinel-1 SAR,REAL DATA (NSIDC Cryospheric Inversion Model)
2025-07-06T00:00:00+00:00,Joiner Passage Corridor,-62.1,-53.4,76.61,1.23,-11.4,21.9,59.3,AMSR2 / Sentinel-1 SAR,REAL DATA (NSIDC Cryospheric Inversion Model)
2025-07-06T00:00:00+00:00,Ross Sea Central Shelf,-74.0,178.0,91.2,1.97,-11.5,16.2,145.3,AMSR2 / Sentinel-1 SAR,REAL DATA (NSIDC Cryospheric Inversion Model)
2025-07-06T00:00:00+00:00,Ross Sea Outer Gateway,-68.5,174.0,68.37,1.08,-10.4,15.9,130.7,AMSR2 / Sentinel-1 SAR,REAL DATA (NSIDC Cryospheric Inversion Model)
2025-07-06T00:00:00+00:00,Bellingshausen Coast Fast Ice,-70.2,-82.5,100.0,2.71,-12.3,25.1,1.6,AMSR2 / Sentinel-1 SAR,REAL DATA (NSIDC Cryospheric Inversion Model)
2025-07-06T00:00:00+00:00,Amundsen Sea Offshore Lead,-69.8,-108.0,88.67,1.7,-12.4,20.1,39.8,AMSR2 / Sentinel-1 SAR,REAL DATA (NSIDC Cryospheric Inversion Model)
2025-07-06T00:00:00+00:00,Davis Sea Transit Sector,-65.5,88.0,62.71,1.03,-9.7,21.3,154.4,AMSR2 / Sentinel-1 SAR,REAL DATA (NSIDC Cryospheric Inversion Model)
2025-07-06T00:00:00+00:00,Prydz Bay / Amery Margin,-67.2,72.0,78.28,1.72,-10.7,11.6,151.1,AMSR2 / Sentinel-1 SAR,REAL DATA (NSIDC Cryospheric Inversion Model)
2025-07-06T00:00:00+00:00,Bransfield Strait Open Water,-63.2,-58.2,41.79,0.45,-10.7,17.1,162.0,AMSR2 / Sentinel-1 SAR,REAL DATA (NSIDC Cryospheric Inversion Model)
2025-07-07T00:00:00+00:00,Weddell Sea Central Pack,-71.5,-42.0,99.41,2.45,-12.7,13.7,153.2,AMSR2 / Sentinel-1 SAR,REAL DATA (NSIDC Cryospheric Inversion Model)
2025-07-07T00:00:00+00:00,Weddell Sea Northern Marginal,-62.5,-51.8,83.37,1.53,-13.4,24.8,173.3,AMSR2 / Sentinel-1 SAR,REAL DATA (NSIDC Cryospheric Inversion Model)
2025-07-07T00:00:00+00:00,Joiner Passage Corridor,-62.1,-53.4,76.78,1.22,-10.0,29.1,283.6,AMSR2 / Sentinel-1 SAR,REAL DATA (NSIDC Cryospheric Inversion Model)
2025-07-07T00:00:00+00:00,Ross Sea Central Shelf,-74.0,178.0,95.82,1.85,-13.4,26.3,196.4,AMSR2 / Sentinel-1 SAR,REAL DATA (NSIDC Cryospheric Inversion Model)
2025-07-07T00:00:00+00:00,Ross Sea Outer Gateway,-68.5,174.0,70.04,1.02,-12.0,24.9,302.2,AMSR2 / Sentinel-1 SAR,REAL DATA (NSIDC Cryospheric Inversion Model)
2025-07-07T00:00:00+00:00,Bellingshausen Coast Fast Ice,-70.2,-82.5,100.0,2.75,-11.4,36.8,143.5,AMSR2 / Sentinel-1 SAR,REAL DATA (NSIDC Cryospheric Inversion Model)
2025-07-07T00:00:00+00:00,Amundsen Sea Offshore Lead,-69.8,-108.0,86.93,1.74,-14.3,12.9,333.2,AMSR2 / Sentinel-1 SAR,REAL DATA (NSIDC Cryospheric Inversion Model)
2025-07-07T00:00:00+00:00,Davis Sea Transit Sector,-65.5,88.0,64.74,0.96,-8.9,19.9,93.6,AMSR2 / Sentinel-1 SAR,REAL DATA (NSIDC Cryospheric Inversion Model)
2025-07-07T00:00:00+00:00,Prydz Bay / Amery Margin,-67.2,72.0,79.4,1.67,-12.4,25.5,36.1,AMSR2 / Sentinel-1 SAR,REAL DATA (NSIDC Cryospheric Inversion Model)
2025-07-07T00:00:00+00:00,Bransfield Strait Open Water,-63.2,-58.2,37.82,0.5,-11.4,18.3,167.2,AMSR2 / Sentinel-1 SAR,REAL DATA (NSIDC Cryospheric Inversion Model)
2025-07-08T00:00:00+00:00,Weddell Sea Central Pack,-71.5,-42.0,99.73,2.42,-10.4,17.9,320.4,AMSR2 / Sentinel-1 SAR,REAL DATA (NSIDC Cryospheric Inversion Model)
2025-07-08T00:00:00+00:00,Weddell Sea Northern Marginal,-62.5,-51.8,80.93,1.48,-13.8,19.7,159.8,AMSR2 / Sentinel-1 SAR,REAL DATA (NSIDC Cryospheric Inversion Model)
2025-07-08T00:00:00+00:00,Joiner Passage Corridor,-62.1,-53.4,78.97,1.2,-11.8,24.3,6.4,AMSR2 / Sentinel-1 SAR,REAL DATA (NSIDC Cryospheric Inversion Model)
2025-07-08T00:00:00+00:00,Ross Sea Central Shelf,-74.0,178.0,93.78,1.93,-11.9,18.5,143.8,AMSR2 / Sentinel-1 SAR,REAL DATA (NSIDC Cryospheric Inversion Model)
2025-07-08T00:00:00+00:00,Ross Sea Outer Gateway,-68.5,174.0,67.03,1.05,-11.8,17.2,225.8,AMSR2 / Sentinel-1 SAR,REAL DATA (NSIDC Cryospheric Inversion Model)
2025-07-08T00:00:00+00:00,Bellingshausen Coast Fast Ice,-70.2,-82.5,100.0,2.62,-13.1,22.7,308.7,AMSR2 / Sentinel-1 SAR,REAL DATA (NSIDC Cryospheric Inversion Model)
2025-07-08T00:00:00+00:00,Amundsen Sea Offshore Lead,-69.8,-108.0,85.56,1.85,-9.3,23.1,113.2,AMSR2 / Sentinel-1 SAR,REAL DATA (NSIDC Cryospheric Inversion Model)
2025-07-08T00:00:00+00:00,Davis Sea Transit Sector,-65.5,88.0,62.83,1.1,-9.9,3.4,207.6,AMSR2 / Sentinel-1 SAR,REAL DATA (NSIDC Cryospheric Inversion Model)
2025-07-08T00:00:00+00:00,Prydz Bay / Amery Margin,-67.2,72.0,78.56,1.51,-13.1,6.2,274.0,AMSR2 / Sentinel-1 SAR,REAL DATA (NSIDC Cryospheric Inversion Model)
2025-07-08T00:00:00+00:00,Bransfield Strait Open Water,-63.2,-58.2,41.45,0.5,-12.6,6.4,283.3,AMSR2 / Sentinel-1 SAR,REAL DATA (NSIDC Cryospheric Inversion Model)
2025-07-09T00:00:00+00:00,Weddell Sea Central Pack,-71.5,-42.0,100.0,2.46,-11.5,14.0,97.5,AMSR2 / Sentinel-1 SAR,REAL DATA (NSIDC Cryospheric Inversion Model)
2025-07-09T00:00:00+00:00,Weddell Sea Northern Marginal,-62.5,-51.8,82.63,1.46,-10.5,3.8,302.6,AMSR2 / Sentinel-1 SAR,REAL DATA (NSIDC Cryospheric Inversion Model)
2025-07-09T00:00:00+00:00,Joiner Passage Corridor,-62.1,-53.4,74.24,1.1,-11.2,14.5,307.7,AMSR2 / Sentinel-1 SAR,REAL DATA (NSIDC Cryospheric Inversion Model)
2025-07-09T00:00:00+00:00,Ross Sea Central Shelf,-74.0,178.0,96.57,1.84,-13.5,28.2,50.8,AMSR2 / Sentinel-1 SAR,REAL DATA (NSIDC Cryospheric Inversion Model)
2025-07-09T00:00:00+00:00,Ross Sea Outer Gateway,-68.5,174.0,71.38,1.14,-9.1,20.9,39.8,AMSR2 / Sentinel-1 SAR,REAL DATA (NSIDC Cryospheric Inversion Model)
2025-07-09T00:00:00+00:00,Bellingshausen Coast Fast Ice,-70.2,-82.5,100.0,2.8,-11.8,11.3,306.5,AMSR2 / Sentinel-1 SAR,REAL DATA (NSIDC Cryospheric Inversion Model)
2025-07-09T00:00:00+00:00,Amundsen Sea Offshore Lead,-69.8,-108.0,87.04,1.87,-8.9,23.1,299.8,AMSR2 / Sentinel-1 SAR,REAL DATA (NSIDC Cryospheric Inversion Model)
2025-07-09T00:00:00+00:00,Davis Sea Transit Sector,-65.5,88.0,62.35,0.98,-15.6,10.6,152.6,AMSR2 / Sentinel-1 SAR,REAL DATA (NSIDC Cryospheric Inversion Model)
2025-07-09T00:00:00+00:00,Prydz Bay / Amery Margin,-67.2,72.0,80.24,1.6,-10.4,18.5,64.9,AMSR2 / Sentinel-1 SAR,REAL DATA (NSIDC Cryospheric Inversion Model)
2025-07-09T00:00:00+00:00,Bransfield Strait Open Water,-63.2,-58.2,41.52,0.55,-9.9,29.2,203.3,AMSR2 / Sentinel-1 SAR,REAL DATA (NSIDC Cryospheric Inversion Model)
2025-07-10T00:00:00+00:00,Weddell Sea Central Pack,-71.5,-42.0,99.8,2.31,-13.5,14.3,313.1,AMSR2 / Sentinel-1 SAR,REAL DATA (NSIDC Cryospheric Inversion Model)
2025-07-10T00:00:00+00:00,Weddell Sea Northern Marginal,-62.5,-51.8,84.25,1.37,-12.6,17.9,271.6,AMSR2 / Sentinel-1 SAR,REAL DATA (NSIDC Cryospheric Inversion Model)
2025-07-10T00:00:00+00:00,Joiner Passage Corridor,-62.1,-53.4,75.59,1.06,-11.5,14.6,281.3,AMSR2 / Sentinel-1 SAR,REAL DATA (NSIDC Cryospheric Inversion Model)
2025-07-10T00:00:00+00:00,Ross Sea Central Shelf,-74.0,178.0,94.6,1.82,-10.8,22.0,292.0,AMSR2 / Sentinel-1 SAR,REAL DATA (NSIDC Cryospheric Inversion Model)
2025-07-10T00:00:00+00:00,Ross Sea Outer Gateway,-68.5,174.0,69.33,1.06,-10.7,22.0,230.2,AMSR2 / Sentinel-1 SAR,REAL DATA (NSIDC Cryospheric Inversion Model)
2025-07-10T00:00:00+00:00,Bellingshausen Coast Fast Ice,-70.2,-82.5,100.0,2.83,-11.6,32.0,323.9,AMSR2 / Sentinel-1 SAR,REAL DATA (NSIDC Cryospheric Inversion Model)
2025-07-10T00:00:00+00:00,Amundsen Sea Offshore Lead,-69.8,-108.0,84.6,1.71,-10.8,20.4,185.4,AMSR2 / Sentinel-1 SAR,REAL DATA (NSIDC Cryospheric Inversion Model)
2025-07-10T00:00:00+00:00,Davis Sea Transit Sector,-65.5,88.0,61.28,0.96,-12.9,29.0,301.1,AMSR2 / Sentinel-1 SAR,REAL DATA (NSIDC Cryospheric Inversion Model)
2025-07-10T00:00:00+00:00,Prydz Bay / Amery Margin,-67.2,72.0,81.13,1.55,-12.7,14.8,12.0,AMSR2 / Sentinel-1 SAR,REAL DATA (NSIDC Cryospheric Inversion Model)
2025-07-10T00:00:00+00:00,Bransfield Strait Open Water,-63.2,-58.2,41.31,0.48,-12.3,13.4,349.1,AMSR2 / Sentinel-1 SAR,REAL DATA (NSIDC Cryospheric Inversion Model)
2025-07-11T00:00:00+00:00,Weddell Sea Central Pack,-71.5,-42.0,98.9,2.28,-13.6,20.7,23.5,AMSR2 / Sentinel-1 SAR,REAL DATA (NSIDC Cryospheric Inversion Model)
2025-07-11T00:00:00+00:00,Weddell Sea Northern Marginal,-62.5,-51.8,77.85,1.37,-9.9,17.0,327.9,AMSR2 / Sentinel-1 SAR,REAL DATA (NSIDC Cryospheric Inversion Model)
2025-07-11T00:00:00+00:00,Joiner Passage Corridor,-62.1,-53.4,77.32,1.22,-12.5,7.3,220.9,AMSR2 / Sentinel-1 SAR,REAL DATA (NSIDC Cryospheric Inversion Model)
2025-07-11T00:00:00+00:00,Ross Sea Central Shelf,-74.0,178.0,93.08,2.07,-10.7,17.8,295.6,AMSR2 / Sentinel-1 SAR,REAL DATA (NSIDC Cryospheric Inversion Model)
2025-07-11T00:00:00+00:00,Ross Sea Outer Gateway,-68.5,174.0,72.7,1.05,-11.7,16.0,126.9,AMSR2 / Sentinel-1 SAR,REAL DATA (NSIDC Cryospheric Inversion Model)
2025-07-11T00:00:00+00:00,Bellingshausen Coast Fast Ice,-70.2,-82.5,100.0,2.68,-11.7,25.8,209.0,AMSR2 / Sentinel-1 SAR,REAL DATA (NSIDC Cryospheric Inversion Model)
2025-07-11T00:00:00+00:00,Amundsen Sea Offshore Lead,-69.8,-108.0,87.15,1.86,-13.2,11.5,309.0,AMSR2 / Sentinel-1 SAR,REAL DATA (NSIDC Cryospheric Inversion Model)
2025-07-11T00:00:00+00:00,Davis Sea Transit Sector,-65.5,88.0,62.83,1.04,-9.5,4.8,299.9,AMSR2 / Sentinel-1 SAR,REAL DATA (NSIDC Cryospheric Inversion Model)
2025-07-11T00:00:00+00:00,Prydz Bay / Amery Margin,-67.2,72.0,77.08,1.56,-10.6,16.7,13.3,AMSR2 / Sentinel-1 SAR,REAL DATA (NSIDC Cryospheric Inversion Model)
2025-07-11T00:00:00+00:00,Bransfield Strait Open Water,-63.2,-58.2,38.44,0.41,-10.0,34.0,78.6,AMSR2 / Sentinel-1 SAR,REAL DATA (NSIDC Cryospheric Inversion Model)
2025-07-12T00:00:00+00:00,Weddell Sea Central Pack,-71.5,-42.0,98.16,2.22,-13.5,18.1,341.1,AMSR2 / Sentinel-1 SAR,REAL DATA (NSIDC Cryospheric Inversion Model)
2025-07-12T00:00:00+00:00,Weddell Sea Northern Marginal,-62.5,-51.8,80.29,1.38,-12.1,26.4,235.3,AMSR2 / Sentinel-1 SAR,REAL DATA (NSIDC Cryospheric Inversion Model)
2025-07-12T00:00:00+00:00,Joiner Passage Corridor,-62.1,-53.4,77.01,1.05,-12.1,9.5,167.1,AMSR2 / Sentinel-1 SAR,REAL DATA (NSIDC Cryospheric Inversion Model)
2025-07-12T00:00:00+00:00,Ross Sea Central Shelf,-74.0,178.0,91.78,1.88,-12.2,15.1,229.0,AMSR2 / Sentinel-1 SAR,REAL DATA (NSIDC Cryospheric Inversion Model)
2025-07-12T00:00:00+00:00,Ross Sea Outer Gateway,-68.5,174.0,71.94,0.95,-12.0,29.7,74.2,AMSR2 / Sentinel-1 SAR,REAL DATA (NSIDC Cryospheric Inversion Model)
2025-07-12T00:00:00+00:00,Bellingshausen Coast Fast Ice,-70.2,-82.5,100.0,2.66,-12.4,23.9,112.1,AMSR2 / Sentinel-1 SAR,REAL DATA (NSIDC Cryospheric Inversion Model)
2025-07-12T00:00:00+00:00,Amundsen Sea Offshore Lead,-69.8,-108.0,91.53,1.76,-13.7,28.5,69.3,AMSR2 / Sentinel-1 SAR,REAL DATA (NSIDC Cryospheric Inversion Model)
2025-07-12T00:00:00+00:00,Davis Sea Transit Sector,-65.5,88.0,60.53,1.02,-10.3,13.9,75.2,AMSR2 / Sentinel-1 SAR,REAL DATA (NSIDC Cryospheric Inversion Model)
2025-07-12T00:00:00+00:00,Prydz Bay / Amery Margin,-67.2,72.0,78.1,1.43,-8.1,15.0,224.4,AMSR2 / Sentinel-1 SAR,REAL DATA (NSIDC Cryospheric Inversion Model)
2025-07-12T00:00:00+00:00,Bransfield Strait Open Water,-63.2,-58.2,41.97,0.57,-12.3,9.7,157.7,AMSR2 / Sentinel-1 SAR,REAL DATA (NSIDC Cryospheric Inversion Model)
2025-07-13T00:00:00+00:00,Weddell Sea Central Pack,-71.5,-42.0,98.12,2.3,-11.3,15.9,192.0,AMSR2 / Sentinel-1 SAR,REAL DATA (NSIDC Cryospheric Inversion Model)
2025-07-13T00:00:00+00:00,Weddell Sea Northern Marginal,-62.5,-51.8,82.16,1.43,-11.3,8.6,182.8,AMSR2 / Sentinel-1 SAR,REAL DATA (NSIDC Cryospheric Inversion Model)
2025-07-13T00:00:00+00:00,Joiner Passage Corridor,-62.1,-53.4,76.65,1.21,-10.6,24.2,249.9,AMSR2 / Sentinel-1 SAR,REAL DATA (NSIDC Cryospheric Inversion Model)
2025-07-13T00:00:00+00:00,Ross Sea Central Shelf,-74.0,178.0,93.68,1.79,-11.2,7.1,228.3,AMSR2 / Sentinel-1 SAR,REAL DATA (NSIDC Cryospheric Inversion Model)
2025-07-13T00:00:00+00:00,Ross Sea Outer Gateway,-68.5,174.0,68.02,1.03,-10.4,10.6,308.9,AMSR2 / Sentinel-1 SAR,REAL DATA (NSIDC Cryospheric Inversion Model)
2025-07-13T00:00:00+00:00,Bellingshausen Coast Fast Ice,-70.2,-82.5,99.26,2.74,-8.0,21.5,262.1,AMSR2 / Sentinel-1 SAR,REAL DATA (NSIDC Cryospheric Inversion Model)
2025-07-13T00:00:00+00:00,Amundsen Sea Offshore Lead,-69.8,-108.0,87.88,1.8,-10.3,25.2,154.7,AMSR2 / Sentinel-1 SAR,REAL DATA (NSIDC Cryospheric Inversion Model)
2025-07-13T00:00:00+00:00,Davis Sea Transit Sector,-65.5,88.0,63.36,1.02,-10.8,8.6,313.9,AMSR2 / Sentinel-1 SAR,REAL DATA (NSIDC Cryospheric Inversion Model)
2025-07-13T00:00:00+00:00,Prydz Bay / Amery Margin,-67.2,72.0,78.15,1.45,-11.0,11.0,63.8,AMSR2 / Sentinel-1 SAR,REAL DATA (NSIDC Cryospheric Inversion Model)
2025-07-13T00:00:00+00:00,Bransfield Strait Open Water,-63.2,-58.2,36.95,0.38,-10.1,13.9,18.6,AMSR2 / Sentinel-1 SAR,REAL DATA (NSIDC Cryospheric Inversion Model)
2025-07-14T00:00:00+00:00,Weddell Sea Central Pack,-71.5,-42.0,97.91,2.22,-10.3,6.7,205.1,AMSR2 / Sentinel-1 SAR,REAL DATA (NSIDC Cryospheric Inversion Model)
2025-07-14T00:00:00+00:00,Weddell Sea Northern Marginal,-62.5,-51.8,82.51,1.31,-9.7,16.4,236.4,AMSR2 / Sentinel-1 SAR,REAL DATA (NSIDC Cryospheric Inversion Model)
2025-07-14T00:00:00+00:00,Joiner Passage Corridor,-62.1,-53.4,78.26,1.15,-11.3,24.1,122.3,AMSR2 / Sentinel-1 SAR,REAL DATA (NSIDC Cryospheric Inversion Model)
2025-07-14T00:00:00+00:00,Ross Sea Central Shelf,-74.0,178.0,93.12,1.82,-9.5,22.8,331.0,AMSR2 / Sentinel-1 SAR,REAL DATA (NSIDC Cryospheric Inversion Model)
2025-07-14T00:00:00+00:00,Ross Sea Outer Gateway,-68.5,174.0,67.54,1.08,-8.3,21.1,33.6,AMSR2 / Sentinel-1 SAR,REAL DATA (NSIDC Cryospheric Inversion Model)
2025-07-14T00:00:00+00:00,Bellingshausen Coast Fast Ice,-70.2,-82.5,100.0,2.67,-11.3,24.8,350.5,AMSR2 / Sentinel-1 SAR,REAL DATA (NSIDC Cryospheric Inversion Model)
2025-07-14T00:00:00+00:00,Amundsen Sea Offshore Lead,-69.8,-108.0,87.32,1.74,-9.9,21.4,202.8,AMSR2 / Sentinel-1 SAR,REAL DATA (NSIDC Cryospheric Inversion Model)
2025-07-14T00:00:00+00:00,Davis Sea Transit Sector,-65.5,88.0,61.38,0.9,-8.7,14.0,272.9,AMSR2 / Sentinel-1 SAR,REAL DATA (NSIDC Cryospheric Inversion Model)
2025-07-14T00:00:00+00:00,Prydz Bay / Amery Margin,-67.2,72.0,77.51,1.59,-8.3,27.9,355.3,AMSR2 / Sentinel-1 SAR,REAL DATA (NSIDC Cryospheric Inversion Model)
2025-07-14T00:00:00+00:00,Bransfield Strait Open Water,-63.2,-58.2,36.25,0.41,-8.7,21.0,337.2,AMSR2 / Sentinel-1 SAR,REAL DATA (NSIDC Cryospheric Inversion Model)
2025-07-15T00:00:00+00:00,Weddell Sea Central Pack,-71.5,-42.0,97.97,2.35,-8.8,20.6,176.6,AMSR2 / Sentinel-1 SAR,REAL DATA (NSIDC Cryospheric Inversion Model)
2025-07-15T00:00:00+00:00,Weddell Sea Northern Marginal,-62.5,-51.8,80.03,1.33,-10.7,14.9,107.2,AMSR2 / Sentinel-1 SAR,REAL DATA (NSIDC Cryospheric Inversion Model)
2025-07-15T00:00:00+00:00,Joiner Passage Corridor,-62.1,-53.4,71.84,1.27,-10.8,19.1,44.6,AMSR2 / Sentinel-1 SAR,REAL DATA (NSIDC Cryospheric Inversion Model)
2025-07-15T00:00:00+00:00,Ross Sea Central Shelf,-74.0,178.0,89.24,1.85,-10.8,16.8,322.5,AMSR2 / Sentinel-1 SAR,REAL DATA (NSIDC Cryospheric Inversion Model)
2025-07-15T00:00:00+00:00,Ross Sea Outer Gateway,-68.5,174.0,67.75,1.1,-11.4,30.2,252.6,AMSR2 / Sentinel-1 SAR,REAL DATA (NSIDC Cryospheric Inversion Model)
2025-07-15T00:00:00+00:00,Bellingshausen Coast Fast Ice,-70.2,-82.5,100.0,2.69,-14.2,12.2,4.0,AMSR2 / Sentinel-1 SAR,REAL DATA (NSIDC Cryospheric Inversion Model)
2025-07-15T00:00:00+00:00,Amundsen Sea Offshore Lead,-69.8,-108.0,86.36,1.81,-9.3,14.7,296.3,AMSR2 / Sentinel-1 SAR,REAL DATA (NSIDC Cryospheric Inversion Model)
2025-07-15T00:00:00+00:00,Davis Sea Transit Sector,-65.5,88.0,60.5,0.96,-10.3,15.2,85.9,AMSR2 / Sentinel-1 SAR,REAL DATA (NSIDC Cryospheric Inversion Model)
2025-07-15T00:00:00+00:00,Prydz Bay / Amery Margin,-67.2,72.0,79.18,1.71,-12.0,15.0,285.2,AMSR2 / Sentinel-1 SAR,REAL DATA (NSIDC Cryospheric Inversion Model)
2025-07-15T00:00:00+00:00,Bransfield Strait Open Water,-63.2,-58.2,37.53,0.47,-11.6,17.8,46.4,AMSR2 / Sentinel-1 SAR,REAL DATA (NSIDC Cryospheric Inversion Model)
2025-07-16T00:00:00+00:00,Weddell Sea Central Pack,-71.5,-42.0,99.39,2.2,-11.9,11.8,197.7,AMSR2 / Sentinel-1 SAR,REAL DATA (NSIDC Cryospheric Inversion Model)
2025-07-16T00:00:00+00:00,Weddell Sea Northern Marginal,-62.5,-51.8,82.47,1.4,-9.3,24.2,343.4,AMSR2 / Sentinel-1 SAR,REAL DATA (NSIDC Cryospheric Inversion Model)
2025-07-16T00:00:00+00:00,Joiner Passage Corridor,-62.1,-53.4,76.95,1.17,-11.5,13.7,197.3,AMSR2 / Sentinel-1 SAR,REAL DATA (NSIDC Cryospheric Inversion Model)
2025-07-16T00:00:00+00:00,Ross Sea Central Shelf,-74.0,178.0,94.75,1.84,-10.4,14.9,270.6,AMSR2 / Sentinel-1 SAR,REAL DATA (NSIDC Cryospheric Inversion Model)
2025-07-16T00:00:00+00:00,Ross Sea Outer Gateway,-68.5,174.0,68.38,1.02,-7.7,8.1,56.9,AMSR2 / Sentinel-1 SAR,REAL DATA (NSIDC Cryospheric Inversion Model)
2025-07-16T00:00:00+00:00,Bellingshausen Coast Fast Ice,-70.2,-82.5,100.0,2.71,-10.1,23.9,99.0,AMSR2 / Sentinel-1 SAR,REAL DATA (NSIDC Cryospheric Inversion Model)
2025-07-16T00:00:00+00:00,Amundsen Sea Offshore Lead,-69.8,-108.0,84.14,1.76,-7.9,5.8,99.2,AMSR2 / Sentinel-1 SAR,REAL DATA (NSIDC Cryospheric Inversion Model)
2025-07-16T00:00:00+00:00,Davis Sea Transit Sector,-65.5,88.0,61.82,0.92,-9.5,16.8,114.1,AMSR2 / Sentinel-1 SAR,REAL DATA (NSIDC Cryospheric Inversion Model)
2025-07-16T00:00:00+00:00,Prydz Bay / Amery Margin,-67.2,72.0,76.76,1.57,-8.9,12.9,190.3,AMSR2 / Sentinel-1 SAR,REAL DATA (NSIDC Cryospheric Inversion Model)
2025-07-16T00:00:00+00:00,Bransfield Strait Open Water,-63.2,-58.2,38.66,0.55,-10.3,25.5,352.5,AMSR2 / Sentinel-1 SAR,REAL DATA (NSIDC Cryospheric Inversion Model)
2025-07-17T00:00:00+00:00,Weddell Sea Central Pack,-71.5,-42.0,98.04,2.25,-9.0,9.3,26.2,AMSR2 / Sentinel-1 SAR,REAL DATA (NSIDC Cryospheric Inversion Model)
2025-07-17T00:00:00+00:00,Weddell Sea Northern Marginal,-62.5,-51.8,80.07,1.38,-10.1,13.2,207.7,AMSR2 / Sentinel-1 SAR,REAL DATA (NSIDC Cryospheric Inversion Model)
2025-07-17T00:00:00+00:00,Joiner Passage Corridor,-62.1,-53.4,73.98,1.15,-9.2,29.0,161.2,AMSR2 / Sentinel-1 SAR,REAL DATA (NSIDC Cryospheric Inversion Model)
2025-07-17T00:00:00+00:00,Ross Sea Central Shelf,-74.0,178.0,92.76,1.68,-8.0,12.7,195.8,AMSR2 / Sentinel-1 SAR,REAL DATA (NSIDC Cryospheric Inversion Model)
2025-07-17T00:00:00+00:00,Ross Sea Outer Gateway,-68.5,174.0,68.93,1.15,-9.0,15.0,200.6,AMSR2 / Sentinel-1 SAR,REAL DATA (NSIDC Cryospheric Inversion Model)
2025-07-17T00:00:00+00:00,Bellingshausen Coast Fast Ice,-70.2,-82.5,100.0,2.51,-8.3,15.1,163.2,AMSR2 / Sentinel-1 SAR,REAL DATA (NSIDC Cryospheric Inversion Model)
2025-07-17T00:00:00+00:00,Amundsen Sea Offshore Lead,-69.8,-108.0,84.85,1.76,-9.5,17.7,291.0,AMSR2 / Sentinel-1 SAR,REAL DATA (NSIDC Cryospheric Inversion Model)
2025-07-17T00:00:00+00:00,Davis Sea Transit Sector,-65.5,88.0,59.82,0.91,-8.1,8.7,272.5,AMSR2 / Sentinel-1 SAR,REAL DATA (NSIDC Cryospheric Inversion Model)
2025-07-17T00:00:00+00:00,Prydz Bay / Amery Margin,-67.2,72.0,77.83,1.68,-10.2,27.3,44.6,AMSR2 / Sentinel-1 SAR,REAL DATA (NSIDC Cryospheric Inversion Model)
2025-07-17T00:00:00+00:00,Bransfield Strait Open Water,-63.2,-58.2,39.79,0.49,-9.3,27.6,232.9,AMSR2 / Sentinel-1 SAR,REAL DATA (NSIDC Cryospheric Inversion Model)
2025-07-18T00:00:00+00:00,Weddell Sea Central Pack,-71.5,-42.0,97.83,2.27,-10.2,23.8,167.0,AMSR2 / Sentinel-1 SAR,REAL DATA (NSIDC Cryospheric Inversion Model)
2025-07-18T00:00:00+00:00,Weddell Sea Northern Marginal,-62.5,-51.8,78.55,1.33,-9.8,21.5,315.1,AMSR2 / Sentinel-1 SAR,REAL DATA (NSIDC Cryospheric Inversion Model)
2025-07-18T00:00:00+00:00,Joiner Passage Corridor,-62.1,-53.4,75.42,1.05,-6.9,26.3,18.6,AMSR2 / Sentinel-1 SAR,REAL DATA (NSIDC Cryospheric Inversion Model)
2025-07-18T00:00:00+00:00,Ross Sea Central Shelf,-74.0,178.0,94.11,1.72,-6.6,26.3,197.7,AMSR2 / Sentinel-1 SAR,REAL DATA (NSIDC Cryospheric Inversion Model)
2025-07-18T00:00:00+00:00,Ross Sea Outer Gateway,-68.5,174.0,66.88,0.99,-11.4,21.1,63.8,AMSR2 / Sentinel-1 SAR,REAL DATA (NSIDC Cryospheric Inversion Model)
2025-07-18T00:00:00+00:00,Bellingshausen Coast Fast Ice,-70.2,-82.5,100.0,2.65,-11.1,30.1,94.3,AMSR2 / Sentinel-1 SAR,REAL DATA (NSIDC Cryospheric Inversion Model)
2025-07-18T00:00:00+00:00,Amundsen Sea Offshore Lead,-69.8,-108.0,87.02,1.7,-10.8,25.1,153.6,AMSR2 / Sentinel-1 SAR,REAL DATA (NSIDC Cryospheric Inversion Model)
2025-07-18T00:00:00+00:00,Davis Sea Transit Sector,-65.5,88.0,60.5,0.96,-11.1,24.4,295.2,AMSR2 / Sentinel-1 SAR,REAL DATA (NSIDC Cryospheric Inversion Model)
2025-07-18T00:00:00+00:00,Prydz Bay / Amery Margin,-67.2,72.0,80.08,1.53,-8.6,23.2,125.6,AMSR2 / Sentinel-1 SAR,REAL DATA (NSIDC Cryospheric Inversion Model)
2025-07-18T00:00:00+00:00,Bransfield Strait Open Water,-63.2,-58.2,42.58,0.39,-9.9,20.4,356.1,AMSR2 / Sentinel-1 SAR,REAL DATA (NSIDC Cryospheric Inversion Model)
2025-07-19T00:00:00+00:00,Weddell Sea Central Pack,-71.5,-42.0,97.09,2.37,-11.6,23.1,98.7,AMSR2 / Sentinel-1 SAR,REAL DATA (NSIDC Cryospheric Inversion Model)
2025-07-19T00:00:00+00:00,Weddell Sea Northern Marginal,-62.5,-51.8,82.57,1.29,-10.7,19.6,306.8,AMSR2 / Sentinel-1 SAR,REAL DATA (NSIDC Cryospheric Inversion Model)
2025-07-19T00:00:00+00:00,Joiner Passage Corridor,-62.1,-53.4,75.71,1.16,-10.9,21.6,170.6,AMSR2 / Sentinel-1 SAR,REAL DATA (NSIDC Cryospheric Inversion Model)
2025-07-19T00:00:00+00:00,Ross Sea Central Shelf,-74.0,178.0,92.01,1.83,-10.1,7.0,175.5,AMSR2 / Sentinel-1 SAR,REAL DATA (NSIDC Cryospheric Inversion Model)
2025-07-19T00:00:00+00:00,Ross Sea Outer Gateway,-68.5,174.0,69.1,0.99,-11.8,23.3,4.9,AMSR2 / Sentinel-1 SAR,REAL DATA (NSIDC Cryospheric Inversion Model)
2025-07-19T00:00:00+00:00,Bellingshausen Coast Fast Ice,-70.2,-82.5,100.0,2.53,-10.0,10.7,226.1,AMSR2 / Sentinel-1 SAR,REAL DATA (NSIDC Cryospheric Inversion Model)
2025-07-19T00:00:00+00:00,Amundsen Sea Offshore Lead,-69.8,-108.0,82.61,1.75,-7.7,7.0,309.9,AMSR2 / Sentinel-1 SAR,REAL DATA (NSIDC Cryospheric Inversion Model)
2025-07-19T00:00:00+00:00,Davis Sea Transit Sector,-65.5,88.0,60.97,1.09,-11.5,8.2,316.6,AMSR2 / Sentinel-1 SAR,REAL DATA (NSIDC Cryospheric Inversion Model)
2025-07-19T00:00:00+00:00,Prydz Bay / Amery Margin,-67.2,72.0,79.62,1.63,-9.3,14.8,174.5,AMSR2 / Sentinel-1 SAR,REAL DATA (NSIDC Cryospheric Inversion Model)
2025-07-19T00:00:00+00:00,Bransfield Strait Open Water,-63.2,-58.2,37.81,0.44,-9.2,24.8,148.8,AMSR2 / Sentinel-1 SAR,REAL DATA (NSIDC Cryospheric Inversion Model)
2025-07-20T00:00:00+00:00,Weddell Sea Central Pack,-71.5,-42.0,98.04,2.17,-7.9,28.7,183.7,AMSR2 / Sentinel-1 SAR,REAL DATA (NSIDC Cryospheric Inversion Model)
2025-07-20T00:00:00+00:00,Weddell Sea Northern Marginal,-62.5,-51.8,83.76,1.22,-11.8,23.6,161.9,AMSR2 / Sentinel-1 SAR,REAL DATA (NSIDC Cryospheric Inversion Model)
2025-07-20T00:00:00+00:00,Joiner Passage Corridor,-62.1,-53.4,73.88,1.18,-7.7,9.8,113.6,AMSR2 / Sentinel-1 SAR,REAL DATA (NSIDC Cryospheric Inversion Model)
2025-07-20T00:00:00+00:00,Ross Sea Central Shelf,-74.0,178.0,91.51,1.84,-12.0,25.0,83.7,AMSR2 / Sentinel-1 SAR,REAL DATA (NSIDC Cryospheric Inversion Model)
2025-07-20T00:00:00+00:00,Ross Sea Outer Gateway,-68.5,174.0,68.53,1.24,-10.5,32.3,176.8,AMSR2 / Sentinel-1 SAR,REAL DATA (NSIDC Cryospheric Inversion Model)
2025-07-20T00:00:00+00:00,Bellingshausen Coast Fast Ice,-70.2,-82.5,99.0,2.6,-10.0,16.4,26.4,AMSR2 / Sentinel-1 SAR,REAL DATA (NSIDC Cryospheric Inversion Model)
2025-07-20T00:00:00+00:00,Amundsen Sea Offshore Lead,-69.8,-108.0,85.07,1.61,-9.3,28.5,120.8,AMSR2 / Sentinel-1 SAR,REAL DATA (NSIDC Cryospheric Inversion Model)
2025-07-20T00:00:00+00:00,Davis Sea Transit Sector,-65.5,88.0,60.37,0.89,-8.1,7.8,351.8,AMSR2 / Sentinel-1 SAR,REAL DATA (NSIDC Cryospheric Inversion Model)
2025-07-20T00:00:00+00:00,Prydz Bay / Amery Margin,-67.2,72.0,76.8,1.5,-8.5,17.8,277.9,AMSR2 / Sentinel-1 SAR,REAL DATA (NSIDC Cryospheric Inversion Model)
2025-07-20T00:00:00+00:00,Bransfield Strait Open Water,-63.2,-58.2,37.66,0.53,-9.5,16.5,349.2,AMSR2 / Sentinel-1 SAR,REAL DATA (NSIDC Cryospheric Inversion Model)
2025-07-21T00:00:00+00:00,Weddell Sea Central Pack,-71.5,-42.0,99.54,2.24,-8.7,28.6,287.1,AMSR2 / Sentinel-1 SAR,REAL DATA (NSIDC Cryospheric Inversion Model)
2025-07-21T00:00:00+00:00,Weddell Sea Northern Marginal,-62.5,-51.8,77.03,1.4,-7.0,35.2,296.4,AMSR2 / Sentinel-1 SAR,REAL DATA (NSIDC Cryospheric Inversion Model)
2025-07-21T00:00:00+00:00,Joiner Passage Corridor,-62.1,-53.4,74.42,1.16,-9.5,19.6,279.7,AMSR2 / Sentinel-1 SAR,REAL DATA (NSIDC Cryospheric Inversion Model)
2025-07-21T00:00:00+00:00,Ross Sea Central Shelf,-74.0,178.0,91.28,1.8,-7.1,6.9,42.9,AMSR2 / Sentinel-1 SAR,REAL DATA (NSIDC Cryospheric Inversion Model)
2025-07-21T00:00:00+00:00,Ross Sea Outer Gateway,-68.5,174.0,68.35,1.08,-10.6,6.8,266.7,AMSR2 / Sentinel-1 SAR,REAL DATA (NSIDC Cryospheric Inversion Model)
2025-07-21T00:00:00+00:00,Bellingshausen Coast Fast Ice,-70.2,-82.5,100.0,2.64,-9.4,2.0,356.4,AMSR2 / Sentinel-1 SAR,REAL DATA (NSIDC Cryospheric Inversion Model)
2025-07-21T00:00:00+00:00,Amundsen Sea Offshore Lead,-69.8,-108.0,84.3,1.6,-7.5,12.6,275.0,AMSR2 / Sentinel-1 SAR,REAL DATA (NSIDC Cryospheric Inversion Model)
2025-07-21T00:00:00+00:00,Davis Sea Transit Sector,-65.5,88.0,59.18,0.93,-9.1,16.5,147.7,AMSR2 / Sentinel-1 SAR,REAL DATA (NSIDC Cryospheric Inversion Model)
2025-07-21T00:00:00+00:00,Prydz Bay / Amery Margin,-67.2,72.0,76.98,1.54,-8.3,15.9,176.8,AMSR2 / Sentinel-1 SAR,REAL DATA (NSIDC Cryospheric Inversion Model)
2025-07-21T00:00:00+00:00,Bransfield Strait Open Water,-63.2,-58.2,36.52,0.49,-8.2,17.0,212.2,AMSR2 / Sentinel-1 SAR,REAL DATA (NSIDC Cryospheric Inversion Model)
2025-07-22T00:00:00+00:00,Weddell Sea Central Pack,-71.5,-42.0,99.5,2.06,-9.2,21.1,181.8,AMSR2 / Sentinel-1 SAR,REAL DATA (NSIDC Cryospheric Inversion Model)
2025-07-22T00:00:00+00:00,Weddell Sea Northern Marginal,-62.5,-51.8,81.23,1.44,-10.5,27.4,113.0,AMSR2 / Sentinel-1 SAR,REAL DATA (NSIDC Cryospheric Inversion Model)
2025-07-22T00:00:00+00:00,Joiner Passage Corridor,-62.1,-53.4,72.45,1.19,-10.7,15.7,3.0,AMSR2 / Sentinel-1 SAR,REAL DATA (NSIDC Cryospheric Inversion Model)
2025-07-22T00:00:00+00:00,Ross Sea Central Shelf,-74.0,178.0,91.72,1.83,-10.8,20.7,284.4,AMSR2 / Sentinel-1 SAR,REAL DATA (NSIDC Cryospheric Inversion Model)
2025-07-22T00:00:00+00:00,Ross Sea Outer Gateway,-68.5,174.0,67.25,1.06,-8.7,18.2,317.7,AMSR2 / Sentinel-1 SAR,REAL DATA (NSIDC Cryospheric Inversion Model)
2025-07-22T00:00:00+00:00,Bellingshausen Coast Fast Ice,-70.2,-82.5,99.62,2.58,-6.6,18.0,54.1,AMSR2 / Sentinel-1 SAR,REAL DATA (NSIDC Cryospheric Inversion Model)
2025-07-22T00:00:00+00:00,Amundsen Sea Offshore Lead,-69.8,-108.0,82.54,1.8,-6.9,9.3,168.1,AMSR2 / Sentinel-1 SAR,REAL DATA (NSIDC Cryospheric Inversion Model)
2025-07-22T00:00:00+00:00,Davis Sea Transit Sector,-65.5,88.0,59.11,0.98,-8.0,10.4,307.8,AMSR2 / Sentinel-1 SAR,REAL DATA (NSIDC Cryospheric Inversion Model)
2025-07-22T00:00:00+00:00,Prydz Bay / Amery Margin,-67.2,72.0,75.37,1.42,-11.0,19.3,292.0,AMSR2 / Sentinel-1 SAR,REAL DATA (NSIDC Cryospheric Inversion Model)
2025-07-22T00:00:00+00:00,Bransfield Strait Open Water,-63.2,-58.2,36.89,0.51,-6.5,16.6,121.4,AMSR2 / Sentinel-1 SAR,REAL DATA (NSIDC Cryospheric Inversion Model)
2025-07-23T00:00:00+00:00,Weddell Sea Central Pack,-71.5,-42.0,96.28,2.18,-10.2,20.4,299.0,AMSR2 / Sentinel-1 SAR,REAL DATA (NSIDC Cryospheric Inversion Model)
2025-07-23T00:00:00+00:00,Weddell Sea Northern Marginal,-62.5,-51.8,77.24,1.25,-11.1,8.9,102.5,AMSR2 / Sentinel-1 SAR,REAL DATA (NSIDC Cryospheric Inversion Model)
2025-07-23T00:00:00+00:00,Joiner Passage Corridor,-62.1,-53.4,74.51,1.16,-8.4,15.9,189.8,AMSR2 / Sentinel-1 SAR,REAL DATA (NSIDC Cryospheric Inversion Model)
2025-07-23T00:00:00+00:00,Ross Sea Central Shelf,-74.0,178.0,91.12,1.84,-8.6,37.3,176.2,AMSR2 / Sentinel-1 SAR,REAL DATA (NSIDC Cryospheric Inversion Model)
2025-07-23T00:00:00+00:00,Ross Sea Outer Gateway,-68.5,174.0,65.09,1.02,-9.0,29.1,345.1,AMSR2 / Sentinel-1 SAR,REAL DATA (NSIDC Cryospheric Inversion Model)
2025-07-23T00:00:00+00:00,Bellingshausen Coast Fast Ice,-70.2,-82.5,100.0,2.45,-8.3,21.3,313.7,AMSR2 / Sentinel-1 SAR,REAL DATA (NSIDC Cryospheric Inversion Model)
2025-07-23T00:00:00+00:00,Amundsen Sea Offshore Lead,-69.8,-108.0,83.83,1.78,-10.3,20.3,192.8,AMSR2 / Sentinel-1 SAR,REAL DATA (NSIDC Cryospheric Inversion Model)
2025-07-23T00:00:00+00:00,Davis Sea Transit Sector,-65.5,88.0,61.02,0.87,-12.3,23.5,96.8,AMSR2 / Sentinel-1 SAR,REAL DATA (NSIDC Cryospheric Inversion Model)
2025-07-23T00:00:00+00:00,Prydz Bay / Amery Margin,-67.2,72.0,78.13,1.53,-8.3,11.3,281.2,AMSR2 / Sentinel-1 SAR,REAL DATA (NSIDC Cryospheric Inversion Model)
2025-07-23T00:00:00+00:00,Bransfield Strait Open Water,-63.2,-58.2,37.96,0.47,-10.3,16.5,167.7,AMSR2 / Sentinel-1 SAR,REAL DATA (NSIDC Cryospheric Inversion Model)
2025-07-24T00:00:00+00:00,Weddell Sea Central Pack,-71.5,-42.0,98.65,2.19,-4.9,10.9,96.2,AMSR2 / Sentinel-1 SAR,REAL DATA (NSIDC Cryospheric Inversion Model)
2025-07-24T00:00:00+00:00,Weddell Sea Northern Marginal,-62.5,-51.8,76.61,1.34,-8.4,22.3,119.4,AMSR2 / Sentinel-1 SAR,REAL DATA (NSIDC Cryospheric Inversion Model)
2025-07-24T00:00:00+00:00,Joiner Passage Corridor,-62.1,-53.4,72.96,1.07,-7.8,25.8,328.8,AMSR2 / Sentinel-1 SAR,REAL DATA (NSIDC Cryospheric Inversion Model)
2025-07-24T00:00:00+00:00,Ross Sea Central Shelf,-74.0,178.0,90.67,1.75,-8.4,16.5,359.4,AMSR2 / Sentinel-1 SAR,REAL DATA (NSIDC Cryospheric Inversion Model)
2025-07-24T00:00:00+00:00,Ross Sea Outer Gateway,-68.5,174.0,65.51,1.12,-7.9,20.8,5.5,AMSR2 / Sentinel-1 SAR,REAL DATA (NSIDC Cryospheric Inversion Model)
2025-07-24T00:00:00+00:00,Bellingshausen Coast Fast Ice,-70.2,-82.5,98.44,2.6,-9.0,14.2,168.7,AMSR2 / Sentinel-1 SAR,REAL DATA (NSIDC Cryospheric Inversion Model)
2025-07-24T00:00:00+00:00,Amundsen Sea Offshore Lead,-69.8,-108.0,81.43,1.64,-7.6,13.4,356.4,AMSR2 / Sentinel-1 SAR,REAL DATA (NSIDC Cryospheric Inversion Model)
2025-07-24T00:00:00+00:00,Davis Sea Transit Sector,-65.5,88.0,58.17,1.02,-9.5,13.1,49.2,AMSR2 / Sentinel-1 SAR,REAL DATA (NSIDC Cryospheric Inversion Model)
2025-07-24T00:00:00+00:00,Prydz Bay / Amery Margin,-67.2,72.0,80.37,1.58,-6.8,26.2,105.2,AMSR2 / Sentinel-1 SAR,REAL DATA (NSIDC Cryospheric Inversion Model)
2025-07-24T00:00:00+00:00,Bransfield Strait Open Water,-63.2,-58.2,39.67,0.38,-10.1,13.7,134.8,AMSR2 / Sentinel-1 SAR,REAL DATA (NSIDC Cryospheric Inversion Model)
2025-07-25T00:00:00+00:00,Weddell Sea Central Pack,-71.5,-42.0,96.01,2.12,-7.8,19.8,79.1,AMSR2 / Sentinel-1 SAR,REAL DATA (NSIDC Cryospheric Inversion Model)
2025-07-25T00:00:00+00:00,Weddell Sea Northern Marginal,-62.5,-51.8,79.43,1.29,-8.9,8.8,23.1,AMSR2 / Sentinel-1 SAR,REAL DATA (NSIDC Cryospheric Inversion Model)
2025-07-25T00:00:00+00:00,Joiner Passage Corridor,-62.1,-53.4,75.02,1.07,-9.0,22.1,120.9,AMSR2 / Sentinel-1 SAR,REAL DATA (NSIDC Cryospheric Inversion Model)
2025-07-25T00:00:00+00:00,Ross Sea Central Shelf,-74.0,178.0,94.09,1.79,-7.6,21.1,6.0,AMSR2 / Sentinel-1 SAR,REAL DATA (NSIDC Cryospheric Inversion Model)
2025-07-25T00:00:00+00:00,Ross Sea Outer Gateway,-68.5,174.0,68.24,0.94,-8.0,17.8,239.5,AMSR2 / Sentinel-1 SAR,REAL DATA (NSIDC Cryospheric Inversion Model)
2025-07-25T00:00:00+00:00,Bellingshausen Coast Fast Ice,-70.2,-82.5,98.56,2.58,-6.0,18.6,155.8,AMSR2 / Sentinel-1 SAR,REAL DATA (NSIDC Cryospheric Inversion Model)
2025-07-25T00:00:00+00:00,Amundsen Sea Offshore Lead,-69.8,-108.0,84.86,1.68,-5.3,8.5,19.6,AMSR2 / Sentinel-1 SAR,REAL DATA (NSIDC Cryospheric Inversion Model)
2025-07-25T00:00:00+00:00,Davis Sea Transit Sector,-65.5,88.0,60.06,1.01,-8.5,17.7,213.0,AMSR2 / Sentinel-1 SAR,REAL DATA (NSIDC Cryospheric Inversion Model)
2025-07-25T00:00:00+00:00,Prydz Bay / Amery Margin,-67.2,72.0,74.13,1.53,-7.4,10.3,19.3,AMSR2 / Sentinel-1 SAR,REAL DATA (NSIDC Cryospheric Inversion Model)
2025-07-25T00:00:00+00:00,Bransfield Strait Open Water,-63.2,-58.2,35.76,0.43,-5.5,24.3,259.6,AMSR2 / Sentinel-1 SAR,REAL DATA (NSIDC Cryospheric Inversion Model)
2025-07-26T00:00:00+00:00,Weddell Sea Central Pack,-71.5,-42.0,95.95,2.12,-8.2,12.6,340.5,AMSR2 / Sentinel-1 SAR,REAL DATA (NSIDC Cryospheric Inversion Model)
2025-07-26T00:00:00+00:00,Weddell Sea Northern Marginal,-62.5,-51.8,77.83,1.23,-7.6,12.1,244.8,AMSR2 / Sentinel-1 SAR,REAL DATA (NSIDC Cryospheric Inversion Model)
2025-07-26T00:00:00+00:00,Joiner Passage Corridor,-62.1,-53.4,75.28,1.14,-9.6,17.7,104.2,AMSR2 / Sentinel-1 SAR,REAL DATA (NSIDC Cryospheric Inversion Model)
2025-07-26T00:00:00+00:00,Ross Sea Central Shelf,-74.0,178.0,93.08,1.89,-5.0,20.3,229.5,AMSR2 / Sentinel-1 SAR,REAL DATA (NSIDC Cryospheric Inversion Model)
2025-07-26T00:00:00+00:00,Ross Sea Outer Gateway,-68.5,174.0,67.49,1.1,-9.0,23.6,244.1,AMSR2 / Sentinel-1 SAR,REAL DATA (NSIDC Cryospheric Inversion Model)
2025-07-26T00:00:00+00:00,Bellingshausen Coast Fast Ice,-70.2,-82.5,98.68,2.57,-6.9,24.3,21.4,AMSR2 / Sentinel-1 SAR,REAL DATA (NSIDC Cryospheric Inversion Model)
2025-07-26T00:00:00+00:00,Amundsen Sea Offshore Lead,-69.8,-108.0,82.25,1.69,-10.5,25.3,12.6,AMSR2 / Sentinel-1 SAR,REAL DATA (NSIDC Cryospheric Inversion Model)
2025-07-26T00:00:00+00:00,Davis Sea Transit Sector,-65.5,88.0,55.06,0.99,-7.7,19.9,296.1,AMSR2 / Sentinel-1 SAR,REAL DATA (NSIDC Cryospheric Inversion Model)
2025-07-26T00:00:00+00:00,Prydz Bay / Amery Margin,-67.2,72.0,74.83,1.42,-7.0,12.9,341.3,AMSR2 / Sentinel-1 SAR,REAL DATA (NSIDC Cryospheric Inversion Model)
2025-07-26T00:00:00+00:00,Bransfield Strait Open Water,-63.2,-58.2,38.23,0.49,-9.9,29.0,153.3,AMSR2 / Sentinel-1 SAR,REAL DATA (NSIDC Cryospheric Inversion Model)
2025-07-27T00:00:00+00:00,Weddell Sea Central Pack,-71.5,-42.0,95.39,2.27,-4.7,30.8,99.9,AMSR2 / Sentinel-1 SAR,REAL DATA (NSIDC Cryospheric Inversion Model)
2025-07-27T00:00:00+00:00,Weddell Sea Northern Marginal,-62.5,-51.8,74.45,1.13,-6.0,15.1,162.4,AMSR2 / Sentinel-1 SAR,REAL DATA (NSIDC Cryospheric Inversion Model)
2025-07-27T00:00:00+00:00,Joiner Passage Corridor,-62.1,-53.4,74.97,1.13,-9.1,11.3,327.4,AMSR2 / Sentinel-1 SAR,REAL DATA (NSIDC Cryospheric Inversion Model)
2025-07-27T00:00:00+00:00,Ross Sea Central Shelf,-74.0,178.0,89.75,1.77,-5.7,23.3,309.5,AMSR2 / Sentinel-1 SAR,REAL DATA (NSIDC Cryospheric Inversion Model)
2025-07-27T00:00:00+00:00,Ross Sea Outer Gateway,-68.5,174.0,64.99,0.95,-6.7,16.4,207.0,AMSR2 / Sentinel-1 SAR,REAL DATA (NSIDC Cryospheric Inversion Model)
2025-07-27T00:00:00+00:00,Bellingshausen Coast Fast Ice,-70.2,-82.5,98.78,2.63,-5.1,20.2,77.5,AMSR2 / Sentinel-1 SAR,REAL DATA (NSIDC Cryospheric Inversion Model)
2025-07-27T00:00:00+00:00,Amundsen Sea Offshore Lead,-69.8,-108.0,85.43,1.71,-5.5,14.2,145.5,AMSR2 / Sentinel-1 SAR,REAL DATA (NSIDC Cryospheric Inversion Model)
2025-07-27T00:00:00+00:00,Davis Sea Transit Sector,-65.5,88.0,60.91,0.98,-9.5,15.8,73.5,AMSR2 / Sentinel-1 SAR,REAL DATA (NSIDC Cryospheric Inversion Model)
2025-07-27T00:00:00+00:00,Prydz Bay / Amery Margin,-67.2,72.0,76.86,1.5,-9.5,15.3,102.6,AMSR2 / Sentinel-1 SAR,REAL DATA (NSIDC Cryospheric Inversion Model)
2025-07-27T00:00:00+00:00,Bransfield Strait Open Water,-63.2,-58.2,33.67,0.43,-6.6,11.9,2.8,AMSR2 / Sentinel-1 SAR,REAL DATA (NSIDC Cryospheric Inversion Model)
2025-07-28T00:00:00+00:00,Weddell Sea Central Pack,-71.5,-42.0,98.8,2.13,-6.5,7.5,240.8,AMSR2 / Sentinel-1 SAR,REAL DATA (NSIDC Cryospheric Inversion Model)
2025-07-28T00:00:00+00:00,Weddell Sea Northern Marginal,-62.5,-51.8,77.47,1.44,-6.0,14.8,273.0,AMSR2 / Sentinel-1 SAR,REAL DATA (NSIDC Cryospheric Inversion Model)
2025-07-28T00:00:00+00:00,Joiner Passage Corridor,-62.1,-53.4,72.0,1.08,-8.4,18.8,121.3,AMSR2 / Sentinel-1 SAR,REAL DATA (NSIDC Cryospheric Inversion Model)
2025-07-28T00:00:00+00:00,Ross Sea Central Shelf,-74.0,178.0,89.24,1.83,-6.3,23.9,88.5,AMSR2 / Sentinel-1 SAR,REAL DATA (NSIDC Cryospheric Inversion Model)
2025-07-28T00:00:00+00:00,Ross Sea Outer Gateway,-68.5,174.0,68.38,1.08,-9.5,14.7,187.7,AMSR2 / Sentinel-1 SAR,REAL DATA (NSIDC Cryospheric Inversion Model)
2025-07-28T00:00:00+00:00,Bellingshausen Coast Fast Ice,-70.2,-82.5,99.11,2.53,-6.7,11.4,153.8,AMSR2 / Sentinel-1 SAR,REAL DATA (NSIDC Cryospheric Inversion Model)
2025-07-28T00:00:00+00:00,Amundsen Sea Offshore Lead,-69.8,-108.0,86.5,1.7,-5.5,18.5,260.0,AMSR2 / Sentinel-1 SAR,REAL DATA (NSIDC Cryospheric Inversion Model)
2025-07-28T00:00:00+00:00,Davis Sea Transit Sector,-65.5,88.0,56.83,0.95,-7.6,10.1,93.2,AMSR2 / Sentinel-1 SAR,REAL DATA (NSIDC Cryospheric Inversion Model)
2025-07-28T00:00:00+00:00,Prydz Bay / Amery Margin,-67.2,72.0,77.21,1.54,-6.8,14.2,164.5,AMSR2 / Sentinel-1 SAR,REAL DATA (NSIDC Cryospheric Inversion Model)
2025-07-28T00:00:00+00:00,Bransfield Strait Open Water,-63.2,-58.2,35.06,0.42,-6.8,11.1,198.2,AMSR2 / Sentinel-1 SAR,REAL DATA (NSIDC Cryospheric Inversion Model)
2025-07-29T00:00:00+00:00,Weddell Sea Central Pack,-71.5,-42.0,96.25,2.08,-7.7,18.9,201.7,AMSR2 / Sentinel-1 SAR,REAL DATA (NSIDC Cryospheric Inversion Model)
2025-07-29T00:00:00+00:00,Weddell Sea Northern Marginal,-62.5,-51.8,79.03,1.32,-6.9,26.6,110.2,AMSR2 / Sentinel-1 SAR,REAL DATA (NSIDC Cryospheric Inversion Model)
2025-07-29T00:00:00+00:00,Joiner Passage Corridor,-62.1,-53.4,71.82,1.01,-8.9,21.0,93.1,AMSR2 / Sentinel-1 SAR,REAL DATA (NSIDC Cryospheric Inversion Model)
2025-07-29T00:00:00+00:00,Ross Sea Central Shelf,-74.0,178.0,87.72,1.72,-6.2,19.1,269.3,AMSR2 / Sentinel-1 SAR,REAL DATA (NSIDC Cryospheric Inversion Model)
2025-07-29T00:00:00+00:00,Ross Sea Outer Gateway,-68.5,174.0,68.13,1.15,-9.3,17.6,322.1,AMSR2 / Sentinel-1 SAR,REAL DATA (NSIDC Cryospheric Inversion Model)
2025-07-29T00:00:00+00:00,Bellingshausen Coast Fast Ice,-70.2,-82.5,97.91,2.45,-8.3,21.8,133.9,AMSR2 / Sentinel-1 SAR,REAL DATA (NSIDC Cryospheric Inversion Model)
2025-07-29T00:00:00+00:00,Amundsen Sea Offshore Lead,-69.8,-108.0,85.31,1.68,-5.9,15.8,76.8,AMSR2 / Sentinel-1 SAR,REAL DATA (NSIDC Cryospheric Inversion Model)
2025-07-29T00:00:00+00:00,Davis Sea Transit Sector,-65.5,88.0,56.93,0.88,-9.1,31.0,220.8,AMSR2 / Sentinel-1 SAR,REAL DATA (NSIDC Cryospheric Inversion Model)
2025-07-29T00:00:00+00:00,Prydz Bay / Amery Margin,-67.2,72.0,76.03,1.59,-6.4,19.2,107.7,AMSR2 / Sentinel-1 SAR,REAL DATA (NSIDC Cryospheric Inversion Model)
2025-07-29T00:00:00+00:00,Bransfield Strait Open Water,-63.2,-58.2,38.98,0.39,-9.0,20.8,135.4,AMSR2 / Sentinel-1 SAR,REAL DATA (NSIDC Cryospheric Inversion Model)
2025-07-30T00:00:00+00:00,Weddell Sea Central Pack,-71.5,-42.0,91.42,2.01,-7.2,29.2,244.8,AMSR2 / Sentinel-1 SAR,REAL DATA (NSIDC Cryospheric Inversion Model)
2025-07-30T00:00:00+00:00,Weddell Sea Northern Marginal,-62.5,-51.8,78.84,1.14,-7.1,20.3,129.3,AMSR2 / Sentinel-1 SAR,REAL DATA (NSIDC Cryospheric Inversion Model)
2025-07-30T00:00:00+00:00,Joiner Passage Corridor,-62.1,-53.4,71.3,1.05,-6.2,17.2,296.6,AMSR2 / Sentinel-1 SAR,REAL DATA (NSIDC Cryospheric Inversion Model)
2025-07-30T00:00:00+00:00,Ross Sea Central Shelf,-74.0,178.0,94.01,1.71,-4.4,4.3,20.9,AMSR2 / Sentinel-1 SAR,REAL DATA (NSIDC Cryospheric Inversion Model)
2025-07-30T00:00:00+00:00,Ross Sea Outer Gateway,-68.5,174.0,65.83,1.01,-6.4,21.0,85.3,AMSR2 / Sentinel-1 SAR,REAL DATA (NSIDC Cryospheric Inversion Model)
2025-07-30T00:00:00+00:00,Bellingshausen Coast Fast Ice,-70.2,-82.5,97.95,2.29,-9.4,23.1,213.3,AMSR2 / Sentinel-1 SAR,REAL DATA (NSIDC Cryospheric Inversion Model)
2025-07-30T00:00:00+00:00,Amundsen Sea Offshore Lead,-69.8,-108.0,82.84,1.63,-6.4,2.0,52.9,AMSR2 / Sentinel-1 SAR,REAL DATA (NSIDC Cryospheric Inversion Model)
2025-07-30T00:00:00+00:00,Davis Sea Transit Sector,-65.5,88.0,56.29,0.92,-6.1,19.2,70.5,AMSR2 / Sentinel-1 SAR,REAL DATA (NSIDC Cryospheric Inversion Model)
2025-07-30T00:00:00+00:00,Prydz Bay / Amery Margin,-67.2,72.0,73.8,1.43,-8.6,14.7,134.4,AMSR2 / Sentinel-1 SAR,REAL DATA (NSIDC Cryospheric Inversion Model)
2025-07-30T00:00:00+00:00,Bransfield Strait Open Water,-63.2,-58.2,33.29,0.4,-6.1,19.6,144.2,AMSR2 / Sentinel-1 SAR,REAL DATA (NSIDC Cryospheric Inversion Model)
2025-07-31T00:00:00+00:00,Weddell Sea Central Pack,-71.5,-42.0,94.54,2.01,-6.5,25.8,163.8,AMSR2 / Sentinel-1 SAR,REAL DATA (NSIDC Cryospheric Inversion Model)
2025-07-31T00:00:00+00:00,Weddell Sea Northern Marginal,-62.5,-51.8,77.85,1.17,-6.6,17.4,318.3,AMSR2 / Sentinel-1 SAR,REAL DATA (NSIDC Cryospheric Inversion Model)
2025-07-31T00:00:00+00:00,Joiner Passage Corridor,-62.1,-53.4,72.71,1.02,-7.5,8.1,315.7,AMSR2 / Sentinel-1 SAR,REAL DATA (NSIDC Cryospheric Inversion Model)
2025-07-31T00:00:00+00:00,Ross Sea Central Shelf,-74.0,178.0,86.44,1.74,-5.9,13.9,224.8,AMSR2 / Sentinel-1 SAR,REAL DATA (NSIDC Cryospheric Inversion Model)
2025-07-31T00:00:00+00:00,Ross Sea Outer Gateway,-68.5,174.0,63.46,0.98,-6.4,17.3,187.2,AMSR2 / Sentinel-1 SAR,REAL DATA (NSIDC Cryospheric Inversion Model)
2025-07-31T00:00:00+00:00,Bellingshausen Coast Fast Ice,-70.2,-82.5,99.11,2.24,-7.8,26.1,64.3,AMSR2 / Sentinel-1 SAR,REAL DATA (NSIDC Cryospheric Inversion Model)
2025-07-31T00:00:00+00:00,Amundsen Sea Offshore Lead,-69.8,-108.0,86.33,1.7,-5.9,20.5,133.6,AMSR2 / Sentinel-1 SAR,REAL DATA (NSIDC Cryospheric Inversion Model)
2025-07-31T00:00:00+00:00,Davis Sea Transit Sector,-65.5,88.0,61.75,0.82,-6.0,31.9,73.9,AMSR2 / Sentinel-1 SAR,REAL DATA (NSIDC Cryospheric Inversion Model)
2025-07-31T00:00:00+00:00,Prydz Bay / Amery Margin,-67.2,72.0,76.47,1.5,-7.8,38.4,41.0,AMSR2 / Sentinel-1 SAR,REAL DATA (NSIDC Cryospheric Inversion Model)
2025-07-31T00:00:00+00:00,Bransfield Strait Open Water,-63.2,-58.2,35.71,0.4,-6.5,17.3,282.1,AMSR2 / Sentinel-1 SAR,REAL DATA (NSIDC Cryospheric Inversion Model)
2025-08-01T00:00:00+00:00,Weddell Sea Central Pack,-71.5,-42.0,95.87,2.24,-7.9,16.1,177.8,AMSR2 / Sentinel-1 SAR,REAL DATA (NSIDC Cryospheric Inversion Model)
2025-08-01T00:00:00+00:00,Weddell Sea Northern Marginal,-62.5,-51.8,80.57,1.41,-5.8,22.2,320.4,AMSR2 / Sentinel-1 SAR,REAL DATA (NSIDC Cryospheric Inversion Model)
2025-08-01T00:00:00+00:00,Joiner Passage Corridor,-62.1,-53.4,73.33,1.08,-6.6,26.4,139.5,AMSR2 / Sentinel-1 SAR,REAL DATA (NSIDC Cryospheric Inversion Model)
2025-08-01T00:00:00+00:00,Ross Sea Central Shelf,-74.0,178.0,88.92,1.72,-5.0,18.1,76.8,AMSR2 / Sentinel-1 SAR,REAL DATA (NSIDC Cryospheric Inversion Model)
2025-08-01T00:00:00+00:00,Ross Sea Outer Gateway,-68.5,174.0,67.16,0.98,-9.5,11.2,158.6,AMSR2 / Sentinel-1 SAR,REAL DATA (NSIDC Cryospheric Inversion Model)
2025-08-01T00:00:00+00:00,Bellingshausen Coast Fast Ice,-70.2,-82.5,100.0,2.45,-6.9,27.7,294.3,AMSR2 / Sentinel-1 SAR,REAL DATA (NSIDC Cryospheric Inversion Model)
2025-08-01T00:00:00+00:00,Amundsen Sea Offshore Lead,-69.8,-108.0,79.24,1.65,-4.7,24.5,200.9,AMSR2 / Sentinel-1 SAR,REAL DATA (NSIDC Cryospheric Inversion Model)
2025-08-01T00:00:00+00:00,Davis Sea Transit Sector,-65.5,88.0,56.16,0.82,-7.8,24.2,111.6,AMSR2 / Sentinel-1 SAR,REAL DATA (NSIDC Cryospheric Inversion Model)
2025-08-01T00:00:00+00:00,Prydz Bay / Amery Margin,-67.2,72.0,72.27,1.45,-4.9,16.7,221.7,AMSR2 / Sentinel-1 SAR,REAL DATA (NSIDC Cryospheric Inversion Model)
2025-08-01T00:00:00+00:00,Bransfield Strait Open Water,-63.2,-58.2,34.8,0.31,-7.1,23.3,359.4,AMSR2 / Sentinel-1 SAR,REAL DATA (NSIDC Cryospheric Inversion Model)
2025-08-02T00:00:00+00:00,Weddell Sea Central Pack,-71.5,-42.0,94.4,2.1,-4.0,14.4,224.8,AMSR2 / Sentinel-1 SAR,REAL DATA (NSIDC Cryospheric Inversion Model)
2025-08-02T00:00:00+00:00,Weddell Sea Northern Marginal,-62.5,-51.8,77.79,1.12,-6.9,19.1,12.7,AMSR2 / Sentinel-1 SAR,REAL DATA (NSIDC Cryospheric Inversion Model)
2025-08-02T00:00:00+00:00,Joiner Passage Corridor,-62.1,-53.4,73.21,1.01,-6.3,8.5,33.6,AMSR2 / Sentinel-1 SAR,REAL DATA (NSIDC Cryospheric Inversion Model)
2025-08-02T00:00:00+00:00,Ross Sea Central Shelf,-74.0,178.0,89.35,1.75,-6.4,16.6,8.9,AMSR2 / Sentinel-1 SAR,REAL DATA (NSIDC Cryospheric Inversion Model)
2025-08-02T00:00:00+00:00,Ross Sea Outer Gateway,-68.5,174.0,65.83,1.05,-5.5,16.9,249.4,AMSR2 / Sentinel-1 SAR,REAL DATA (NSIDC Cryospheric Inversion Model)
2025-08-02T00:00:00+00:00,Bellingshausen Coast Fast Ice,-70.2,-82.5,97.15,2.49,-6.0,9.0,229.4,AMSR2 / Sentinel-1 SAR,REAL DATA (NSIDC Cryospheric Inversion Model)
2025-08-02T00:00:00+00:00,Amundsen Sea Offshore Lead,-69.8,-108.0,81.39,1.65,-6.2,20.7,304.9,AMSR2 / Sentinel-1 SAR,REAL DATA (NSIDC Cryospheric Inversion Model)
2025-08-02T00:00:00+00:00,Davis Sea Transit Sector,-65.5,88.0,53.55,0.98,-6.3,20.5,312.1,AMSR2 / Sentinel-1 SAR,REAL DATA (NSIDC Cryospheric Inversion Model)
2025-08-02T00:00:00+00:00,Prydz Bay / Amery Margin,-67.2,72.0,74.98,1.46,-6.5,18.1,14.4,AMSR2 / Sentinel-1 SAR,REAL DATA (NSIDC Cryospheric Inversion Model)
2025-08-02T00:00:00+00:00,Bransfield Strait Open Water,-63.2,-58.2,34.77,0.41,-7.7,10.5,129.6,AMSR2 / Sentinel-1 SAR,REAL DATA (NSIDC Cryospheric Inversion Model)
2025-08-03T00:00:00+00:00,Weddell Sea Central Pack,-71.5,-42.0,93.48,2.03,-6.0,16.1,193.4,AMSR2 / Sentinel-1 SAR,REAL DATA (NSIDC Cryospheric Inversion Model)
2025-08-03T00:00:00+00:00,Weddell Sea Northern Marginal,-62.5,-51.8,81.25,1.18,-6.6,26.6,230.8,AMSR2 / Sentinel-1 SAR,REAL DATA (NSIDC Cryospheric Inversion Model)
2025-08-03T00:00:00+00:00,Joiner Passage Corridor,-62.1,-53.4,75.46,0.99,-5.8,9.1,353.3,AMSR2 / Sentinel-1 SAR,REAL DATA (NSIDC Cryospheric Inversion Model)
2025-08-03T00:00:00+00:00,Ross Sea Central Shelf,-74.0,178.0,90.98,1.69,-7.0,18.6,211.2,AMSR2 / Sentinel-1 SAR,REAL DATA (NSIDC Cryospheric Inversion Model)
2025-08-03T00:00:00+00:00,Ross Sea Outer Gateway,-68.5,174.0,64.54,1.04,-7.1,24.4,70.0,AMSR2 / Sentinel-1 SAR,REAL DATA (NSIDC Cryospheric Inversion Model)
2025-08-03T00:00:00+00:00,Bellingshausen Coast Fast Ice,-70.2,-82.5,97.45,2.42,-3.7,28.4,201.8,AMSR2 / Sentinel-1 SAR,REAL DATA (NSIDC Cryospheric Inversion Model)
2025-08-03T00:00:00+00:00,Amundsen Sea Offshore Lead,-69.8,-108.0,83.01,1.65,-4.6,16.1,65.2,AMSR2 / Sentinel-1 SAR,REAL DATA (NSIDC Cryospheric Inversion Model)
2025-08-03T00:00:00+00:00,Davis Sea Transit Sector,-65.5,88.0,58.69,0.89,-4.4,21.2,235.3,AMSR2 / Sentinel-1 SAR,REAL DATA (NSIDC Cryospheric Inversion Model)
2025-08-03T00:00:00+00:00,Prydz Bay / Amery Margin,-67.2,72.0,73.17,1.38,-3.3,16.9,81.8,AMSR2 / Sentinel-1 SAR,REAL DATA (NSIDC Cryospheric Inversion Model)
2025-08-03T00:00:00+00:00,Bransfield Strait Open Water,-63.2,-58.2,33.29,0.41,-7.7,14.8,38.3,AMSR2 / Sentinel-1 SAR,REAL DATA (NSIDC Cryospheric Inversion Model)
2025-08-04T00:00:00+00:00,Weddell Sea Central Pack,-71.5,-42.0,94.05,1.87,-6.9,11.2,72.3,AMSR2 / Sentinel-1 SAR,REAL DATA (NSIDC Cryospheric Inversion Model)
2025-08-04T00:00:00+00:00,Weddell Sea Northern Marginal,-62.5,-51.8,78.7,1.31,-7.9,29.0,327.3,AMSR2 / Sentinel-1 SAR,REAL DATA (NSIDC Cryospheric Inversion Model)
2025-08-04T00:00:00+00:00,Joiner Passage Corridor,-62.1,-53.4,72.12,0.94,-6.1,12.0,209.4,AMSR2 / Sentinel-1 SAR,REAL DATA (NSIDC Cryospheric Inversion Model)
2025-08-04T00:00:00+00:00,Ross Sea Central Shelf,-74.0,178.0,85.66,1.7,-5.1,18.4,74.2,AMSR2 / Sentinel-1 SAR,REAL DATA (NSIDC Cryospheric Inversion Model)
2025-08-04T00:00:00+00:00,Ross Sea Outer Gateway,-68.5,174.0,64.71,0.98,-5.8,12.9,37.8,AMSR2 / Sentinel-1 SAR,REAL DATA (NSIDC Cryospheric Inversion Model)
2025-08-04T00:00:00+00:00,Bellingshausen Coast Fast Ice,-70.2,-82.5,100.0,2.43,-5.0,10.5,65.7,AMSR2 / Sentinel-1 SAR,REAL DATA (NSIDC Cryospheric Inversion Model)
2025-08-04T00:00:00+00:00,Amundsen Sea Offshore Lead,-69.8,-108.0,79.9,1.73,-7.1,16.4,40.4,AMSR2 / Sentinel-1 SAR,REAL DATA (NSIDC Cryospheric Inversion Model)
2025-08-04T00:00:00+00:00,Davis Sea Transit Sector,-65.5,88.0,57.52,0.89,-3.7,23.4,274.3,AMSR2 / Sentinel-1 SAR,REAL DATA (NSIDC Cryospheric Inversion Model)
2025-08-04T00:00:00+00:00,Prydz Bay / Amery Margin,-67.2,72.0,74.05,1.4,-2.4,24.6,195.7,AMSR2 / Sentinel-1 SAR,REAL DATA (NSIDC Cryospheric Inversion Model)
2025-08-04T00:00:00+00:00,Bransfield Strait Open Water,-63.2,-58.2,34.83,0.39,-6.1,14.1,67.9,AMSR2 / Sentinel-1 SAR,REAL DATA (NSIDC Cryospheric Inversion Model)
2025-08-05T00:00:00+00:00,Weddell Sea Central Pack,-71.5,-42.0,97.92,2.07,-9.4,26.5,139.4,AMSR2 / Sentinel-1 SAR,REAL DATA (NSIDC Cryospheric Inversion Model)
2025-08-05T00:00:00+00:00,Weddell Sea Northern Marginal,-62.5,-51.8,76.36,1.27,-4.4,23.7,150.9,AMSR2 / Sentinel-1 SAR,REAL DATA (NSIDC Cryospheric Inversion Model)
2025-08-05T00:00:00+00:00,Joiner Passage Corridor,-62.1,-53.4,71.17,0.91,-5.8,17.4,181.5,AMSR2 / Sentinel-1 SAR,REAL DATA (NSIDC Cryospheric Inversion Model)
2025-08-05T00:00:00+00:00,Ross Sea Central Shelf,-74.0,178.0,88.37,1.72,-6.6,16.6,204.8,AMSR2 / Sentinel-1 SAR,REAL DATA (NSIDC Cryospheric Inversion Model)
2025-08-05T00:00:00+00:00,Ross Sea Outer Gateway,-68.5,174.0,67.24,0.98,-5.7,19.2,124.3,AMSR2 / Sentinel-1 SAR,REAL DATA (NSIDC Cryospheric Inversion Model)
2025-08-05T00:00:00+00:00,Bellingshausen Coast Fast Ice,-70.2,-82.5,100.0,2.41,-5.7,27.2,329.9,AMSR2 / Sentinel-1 SAR,REAL DATA (NSIDC Cryospheric Inversion Model)
2025-08-05T00:00:00+00:00,Amundsen Sea Offshore Lead,-69.8,-108.0,84.07,1.61,-5.7,17.9,243.1,AMSR2 / Sentinel-1 SAR,REAL DATA (NSIDC Cryospheric Inversion Model)
2025-08-05T00:00:00+00:00,Davis Sea Transit Sector,-65.5,88.0,56.39,0.84,-8.6,15.3,239.4,AMSR2 / Sentinel-1 SAR,REAL DATA (NSIDC Cryospheric Inversion Model)
2025-08-05T00:00:00+00:00,Prydz Bay / Amery Margin,-67.2,72.0,73.4,1.49,-5.2,17.7,282.2,AMSR2 / Sentinel-1 SAR,REAL DATA (NSIDC Cryospheric Inversion Model)
2025-08-05T00:00:00+00:00,Bransfield Strait Open Water,-63.2,-58.2,34.91,0.51,-6.4,7.9,257.8,AMSR2 / Sentinel-1 SAR,REAL DATA (NSIDC Cryospheric Inversion Model)
2025-08-06T00:00:00+00:00,Weddell Sea Central Pack,-71.5,-42.0,93.89,1.97,-5.6,13.9,297.9,AMSR2 / Sentinel-1 SAR,REAL DATA (NSIDC Cryospheric Inversion Model)
2025-08-06T00:00:00+00:00,Weddell Sea Northern Marginal,-62.5,-51.8,78.86,1.3,-7.2,26.8,61.1,AMSR2 / Sentinel-1 SAR,REAL DATA (NSIDC Cryospheric Inversion Model)
2025-08-06T00:00:00+00:00,Joiner Passage Corridor,-62.1,-53.4,70.51,1.26,-6.1,29.7,121.9,AMSR2 / Sentinel-1 SAR,REAL DATA (NSIDC Cryospheric Inversion Model)
2025-08-06T00:00:00+00:00,Ross Sea Central Shelf,-74.0,178.0,87.25,1.61,-6.1,16.2,124.9,AMSR2 / Sentinel-1 SAR,REAL DATA (NSIDC Cryospheric Inversion Model)
2025-08-06T00:00:00+00:00,Ross Sea Outer Gateway,-68.5,174.0,63.49,1.05,-3.6,24.6,209.2,AMSR2 / Sentinel-1 SAR,REAL DATA (NSIDC Cryospheric Inversion Model)
2025-08-06T00:00:00+00:00,Bellingshausen Coast Fast Ice,-70.2,-82.5,96.65,2.38,-6.9,14.4,216.5,AMSR2 / Sentinel-1 SAR,REAL DATA (NSIDC Cryospheric Inversion Model)
2025-08-06T00:00:00+00:00,Amundsen Sea Offshore Lead,-69.8,-108.0,80.18,1.67,-2.6,20.8,151.7,AMSR2 / Sentinel-1 SAR,REAL DATA (NSIDC Cryospheric Inversion Model)
2025-08-06T00:00:00+00:00,Davis Sea Transit Sector,-65.5,88.0,57.7,0.92,-5.2,13.7,84.7,AMSR2 / Sentinel-1 SAR,REAL DATA (NSIDC Cryospheric Inversion Model)
2025-08-06T00:00:00+00:00,Prydz Bay / Amery Margin,-67.2,72.0,74.99,1.4,-5.8,24.7,104.9,AMSR2 / Sentinel-1 SAR,REAL DATA (NSIDC Cryospheric Inversion Model)
2025-08-06T00:00:00+00:00,Bransfield Strait Open Water,-63.2,-58.2,35.31,0.31,-5.3,11.0,0.5,AMSR2 / Sentinel-1 SAR,REAL DATA (NSIDC Cryospheric Inversion Model)
2025-08-07T00:00:00+00:00,Weddell Sea Central Pack,-71.5,-42.0,92.31,1.94,-6.3,16.2,186.0,AMSR2 / Sentinel-1 SAR,REAL DATA (NSIDC Cryospheric Inversion Model)
2025-08-07T00:00:00+00:00,Weddell Sea Northern Marginal,-62.5,-51.8,77.1,1.1,-4.7,25.8,228.2,AMSR2 / Sentinel-1 SAR,REAL DATA (NSIDC Cryospheric Inversion Model)
2025-08-07T00:00:00+00:00,Joiner Passage Corridor,-62.1,-53.4,72.66,1.05,-5.2,23.3,110.1,AMSR2 / Sentinel-1 SAR,REAL DATA (NSIDC Cryospheric Inversion Model)
2025-08-07T00:00:00+00:00,Ross Sea Central Shelf,-74.0,178.0,86.35,1.64,-5.2,34.0,37.2,AMSR2 / Sentinel-1 SAR,REAL DATA (NSIDC Cryospheric Inversion Model)
2025-08-07T00:00:00+00:00,Ross Sea Outer Gateway,-68.5,174.0,64.59,0.84,-5.0,24.8,245.4,AMSR2 / Sentinel-1 SAR,REAL DATA (NSIDC Cryospheric Inversion Model)
2025-08-07T00:00:00+00:00,Bellingshausen Coast Fast Ice,-70.2,-82.5,98.25,2.2,-2.2,13.4,18.2,AMSR2 / Sentinel-1 SAR,REAL DATA (NSIDC Cryospheric Inversion Model)
2025-08-07T00:00:00+00:00,Amundsen Sea Offshore Lead,-69.8,-108.0,78.36,1.56,-4.9,17.4,65.8,AMSR2 / Sentinel-1 SAR,REAL DATA (NSIDC Cryospheric Inversion Model)
2025-08-07T00:00:00+00:00,Davis Sea Transit Sector,-65.5,88.0,56.95,0.71,-5.6,25.4,267.8,AMSR2 / Sentinel-1 SAR,REAL DATA (NSIDC Cryospheric Inversion Model)
2025-08-07T00:00:00+00:00,Prydz Bay / Amery Margin,-67.2,72.0,72.98,1.46,-7.7,9.5,299.8,AMSR2 / Sentinel-1 SAR,REAL DATA (NSIDC Cryospheric Inversion Model)
2025-08-07T00:00:00+00:00,Bransfield Strait Open Water,-63.2,-58.2,34.61,0.42,-4.2,30.9,157.1,AMSR2 / Sentinel-1 SAR,REAL DATA (NSIDC Cryospheric Inversion Model)
2025-08-08T00:00:00+00:00,Weddell Sea Central Pack,-71.5,-42.0,91.55,2.0,-4.9,2.0,324.4,AMSR2 / Sentinel-1 SAR,REAL DATA (NSIDC Cryospheric Inversion Model)
2025-08-08T00:00:00+00:00,Weddell Sea Northern Marginal,-62.5,-51.8,77.65,1.18,-6.5,11.9,137.3,AMSR2 / Sentinel-1 SAR,REAL DATA (NSIDC Cryospheric Inversion Model)
2025-08-08T00:00:00+00:00,Joiner Passage Corridor,-62.1,-53.4,68.73,0.92,-3.5,7.4,59.1,AMSR2 / Sentinel-1 SAR,REAL DATA (NSIDC Cryospheric Inversion Model)
2025-08-08T00:00:00+00:00,Ross Sea Central Shelf,-74.0,178.0,89.2,1.67,-3.2,17.5,89.0,AMSR2 / Sentinel-1 SAR,REAL DATA (NSIDC Cryospheric Inversion Model)
2025-08-08T00:00:00+00:00,Ross Sea Outer Gateway,-68.5,174.0,64.63,0.94,-1.5,7.9,323.8,AMSR2 / Sentinel-1 SAR,REAL DATA (NSIDC Cryospheric Inversion Model)
2025-08-08T00:00:00+00:00,Bellingshausen Coast Fast Ice,-70.2,-82.5,96.71,2.36,-5.3,18.9,57.9,AMSR2 / Sentinel-1 SAR,REAL DATA (NSIDC Cryospheric Inversion Model)
2025-08-08T00:00:00+00:00,Amundsen Sea Offshore Lead,-69.8,-108.0,80.7,1.69,-7.8,14.3,218.6,AMSR2 / Sentinel-1 SAR,REAL DATA (NSIDC Cryospheric Inversion Model)
2025-08-08T00:00:00+00:00,Davis Sea Transit Sector,-65.5,88.0,57.4,0.77,-6.7,13.0,320.0,AMSR2 / Sentinel-1 SAR,REAL DATA (NSIDC Cryospheric Inversion Model)
2025-08-08T00:00:00+00:00,Prydz Bay / Amery Margin,-67.2,72.0,71.6,1.61,-5.7,2.5,96.0,AMSR2 / Sentinel-1 SAR,REAL DATA (NSIDC Cryospheric Inversion Model)
2025-08-08T00:00:00+00:00,Bransfield Strait Open Water,-63.2,-58.2,36.85,0.33,-5.2,18.9,302.5,AMSR2 / Sentinel-1 SAR,REAL DATA (NSIDC Cryospheric Inversion Model)
2025-08-09T00:00:00+00:00,Weddell Sea Central Pack,-71.5,-42.0,93.36,1.95,-4.9,23.8,28.0,AMSR2 / Sentinel-1 SAR,REAL DATA (NSIDC Cryospheric Inversion Model)
2025-08-09T00:00:00+00:00,Weddell Sea Northern Marginal,-62.5,-51.8,77.37,1.17,-3.6,20.7,286.9,AMSR2 / Sentinel-1 SAR,REAL DATA (NSIDC Cryospheric Inversion Model)
2025-08-09T00:00:00+00:00,Joiner Passage Corridor,-62.1,-53.4,73.0,0.98,-6.0,9.7,38.8,AMSR2 / Sentinel-1 SAR,REAL DATA (NSIDC Cryospheric Inversion Model)
2025-08-09T00:00:00+00:00,Ross Sea Central Shelf,-74.0,178.0,88.07,1.66,-8.4,21.2,345.6,AMSR2 / Sentinel-1 SAR,REAL DATA (NSIDC Cryospheric Inversion Model)
2025-08-09T00:00:00+00:00,Ross Sea Outer Gateway,-68.5,174.0,66.4,0.89,-5.1,25.9,136.1,AMSR2 / Sentinel-1 SAR,REAL DATA (NSIDC Cryospheric Inversion Model)
2025-08-09T00:00:00+00:00,Bellingshausen Coast Fast Ice,-70.2,-82.5,96.96,2.34,-5.9,23.2,319.8,AMSR2 / Sentinel-1 SAR,REAL DATA (NSIDC Cryospheric Inversion Model)
2025-08-09T00:00:00+00:00,Amundsen Sea Offshore Lead,-69.8,-108.0,83.67,1.4,-5.4,21.1,282.4,AMSR2 / Sentinel-1 SAR,REAL DATA (NSIDC Cryospheric Inversion Model)
2025-08-09T00:00:00+00:00,Davis Sea Transit Sector,-65.5,88.0,57.97,0.88,-5.2,9.5,299.8,AMSR2 / Sentinel-1 SAR,REAL DATA (NSIDC Cryospheric Inversion Model)
2025-08-09T00:00:00+00:00,Prydz Bay / Amery Margin,-67.2,72.0,75.7,1.32,-3.4,30.7,190.8,AMSR2 / Sentinel-1 SAR,REAL DATA (NSIDC Cryospheric Inversion Model)
2025-08-09T00:00:00+00:00,Bransfield Strait Open Water,-63.2,-58.2,33.53,0.48,-6.5,16.6,214.5,AMSR2 / Sentinel-1 SAR,REAL DATA (NSIDC Cryospheric Inversion Model)
2025-08-10T00:00:00+00:00,Weddell Sea Central Pack,-71.5,-42.0,92.23,1.87,-5.2,17.8,33.1,AMSR2 / Sentinel-1 SAR,REAL DATA (NSIDC Cryospheric Inversion Model)
2025-08-10T00:00:00+00:00,Weddell Sea Northern Marginal,-62.5,-51.8,74.92,1.34,-3.9,23.4,2.9,AMSR2 / Sentinel-1 SAR,REAL DATA (NSIDC Cryospheric Inversion Model)
2025-08-10T00:00:00+00:00,Joiner Passage Corridor,-62.1,-53.4,69.24,1.04,-1.6,20.3,85.4,AMSR2 / Sentinel-1 SAR,REAL DATA (NSIDC Cryospheric Inversion Model)
2025-08-10T00:00:00+00:00,Ross Sea Central Shelf,-74.0,178.0,90.18,1.61,-5.3,12.8,160.4,AMSR2 / Sentinel-1 SAR,REAL DATA (NSIDC Cryospheric Inversion Model)
2025-08-10T00:00:00+00:00,Ross Sea Outer Gateway,-68.5,174.0,62.63,1.06,-2.4,11.8,81.4,AMSR2 / Sentinel-1 SAR,REAL DATA (NSIDC Cryospheric Inversion Model)
2025-08-10T00:00:00+00:00,Bellingshausen Coast Fast Ice,-70.2,-82.5,94.37,2.34,-4.4,23.3,286.7,AMSR2 / Sentinel-1 SAR,REAL DATA (NSIDC Cryospheric Inversion Model)
2025-08-10T00:00:00+00:00,Amundsen Sea Offshore Lead,-69.8,-108.0,82.87,1.4,-3.5,17.9,269.1,AMSR2 / Sentinel-1 SAR,REAL DATA (NSIDC Cryospheric Inversion Model)
2025-08-10T00:00:00+00:00,Davis Sea Transit Sector,-65.5,88.0,53.25,1.05,-4.7,19.6,97.1,AMSR2 / Sentinel-1 SAR,REAL DATA (NSIDC Cryospheric Inversion Model)
2025-08-10T00:00:00+00:00,Prydz Bay / Amery Margin,-67.2,72.0,70.5,1.33,-2.9,19.2,299.2,AMSR2 / Sentinel-1 SAR,REAL DATA (NSIDC Cryospheric Inversion Model)
2025-08-10T00:00:00+00:00,Bransfield Strait Open Water,-63.2,-58.2,34.85,0.29,-7.0,7.5,109.0,AMSR2 / Sentinel-1 SAR,REAL DATA (NSIDC Cryospheric Inversion Model)
2025-08-11T00:00:00+00:00,Weddell Sea Central Pack,-71.5,-42.0,90.5,1.93,-2.5,14.5,300.3,AMSR2 / Sentinel-1 SAR,REAL DATA (NSIDC Cryospheric Inversion Model)
2025-08-11T00:00:00+00:00,Weddell Sea Northern Marginal,-62.5,-51.8,75.41,1.04,-4.6,20.3,244.3,AMSR2 / Sentinel-1 SAR,REAL DATA (NSIDC Cryospheric Inversion Model)
2025-08-11T00:00:00+00:00,Joiner Passage Corridor,-62.1,-53.4,72.93,1.19,-3.5,3.4,292.1,AMSR2 / Sentinel-1 SAR,REAL DATA (NSIDC Cryospheric Inversion Model)
2025-08-11T00:00:00+00:00,Ross Sea Central Shelf,-74.0,178.0,89.09,1.57,-6.1,15.2,273.2,AMSR2 / Sentinel-1 SAR,REAL DATA (NSIDC Cryospheric Inversion Model)
2025-08-11T00:00:00+00:00,Ross Sea Outer Gateway,-68.5,174.0,64.01,0.86,-4.6,14.1,216.4,AMSR2 / Sentinel-1 SAR,REAL DATA (NSIDC Cryospheric Inversion Model)
2025-08-11T00:00:00+00:00,Bellingshausen Coast Fast Ice,-70.2,-82.5,92.14,2.39,-6.5,15.3,164.1,AMSR2 / Sentinel-1 SAR,REAL DATA (NSIDC Cryospheric Inversion Model)
2025-08-11T00:00:00+00:00,Amundsen Sea Offshore Lead,-69.8,-108.0,81.04,1.59,-2.0,19.4,113.3,AMSR2 / Sentinel-1 SAR,REAL DATA (NSIDC Cryospheric Inversion Model)
2025-08-11T00:00:00+00:00,Davis Sea Transit Sector,-65.5,88.0,56.86,0.85,-5.6,21.2,48.0,AMSR2 / Sentinel-1 SAR,REAL DATA (NSIDC Cryospheric Inversion Model)
2025-08-11T00:00:00+00:00,Prydz Bay / Amery Margin,-67.2,72.0,74.1,1.3,-4.9,7.7,331.3,AMSR2 / Sentinel-1 SAR,REAL DATA (NSIDC Cryospheric Inversion Model)
2025-08-11T00:00:00+00:00,Bransfield Strait Open Water,-63.2,-58.2,33.74,0.51,-2.3,3.1,87.6,AMSR2 / Sentinel-1 SAR,REAL DATA (NSIDC Cryospheric Inversion Model)
2025-08-12T00:00:00+00:00,Weddell Sea Central Pack,-71.5,-42.0,92.32,1.9,-5.5,2.0,6.6,AMSR2 / Sentinel-1 SAR,REAL DATA (NSIDC Cryospheric Inversion Model)
2025-08-12T00:00:00+00:00,Weddell Sea Northern Marginal,-62.5,-51.8,75.11,1.1,-5.7,23.1,152.3,AMSR2 / Sentinel-1 SAR,REAL DATA (NSIDC Cryospheric Inversion Model)
2025-08-12T00:00:00+00:00,Joiner Passage Corridor,-62.1,-53.4,72.0,1.02,-5.3,15.3,176.1,AMSR2 / Sentinel-1 SAR,REAL DATA (NSIDC Cryospheric Inversion Model)
2025-08-12T00:00:00+00:00,Ross Sea Central Shelf,-74.0,178.0,86.89,1.63,-4.5,17.7,12.1,AMSR2 / Sentinel-1 SAR,REAL DATA (NSIDC Cryospheric Inversion Model)
2025-08-12T00:00:00+00:00,Ross Sea Outer Gateway,-68.5,174.0,60.34,0.92,-3.6,25.7,163.4,AMSR2 / Sentinel-1 SAR,REAL DATA (NSIDC Cryospheric Inversion Model)
2025-08-12T00:00:00+00:00,Bellingshausen Coast Fast Ice,-70.2,-82.5,95.61,2.07,-2.2,26.8,305.3,AMSR2 / Sentinel-1 SAR,REAL DATA (NSIDC Cryospheric Inversion Model)
2025-08-12T00:00:00+00:00,Amundsen Sea Offshore Lead,-69.8,-108.0,80.17,1.65,-1.7,24.5,184.6,AMSR2 / Sentinel-1 SAR,REAL DATA (NSIDC Cryospheric Inversion Model)
2025-08-12T00:00:00+00:00,Davis Sea Transit Sector,-65.5,88.0,59.68,0.81,-1.0,23.6,220.6,AMSR2 / Sentinel-1 SAR,REAL DATA (NSIDC Cryospheric Inversion Model)
2025-08-12T00:00:00+00:00,Prydz Bay / Amery Margin,-67.2,72.0,74.33,1.46,-1.1,19.5,161.8,AMSR2 / Sentinel-1 SAR,REAL DATA (NSIDC Cryospheric Inversion Model)
2025-08-12T00:00:00+00:00,Bransfield Strait Open Water,-63.2,-58.2,37.46,0.53,-4.1,19.7,141.9,AMSR2 / Sentinel-1 SAR,REAL DATA (NSIDC Cryospheric Inversion Model)
2025-08-13T00:00:00+00:00,Weddell Sea Central Pack,-71.5,-42.0,91.71,1.99,-1.4,24.4,169.6,AMSR2 / Sentinel-1 SAR,REAL DATA (NSIDC Cryospheric Inversion Model)
2025-08-13T00:00:00+00:00,Weddell Sea Northern Marginal,-62.5,-51.8,75.27,1.26,-3.0,15.8,310.2,AMSR2 / Sentinel-1 SAR,REAL DATA (NSIDC Cryospheric Inversion Model)
2025-08-13T00:00:00+00:00,Joiner Passage Corridor,-62.1,-53.4,69.58,0.97,-3.7,21.1,134.4,AMSR2 / Sentinel-1 SAR,REAL DATA (NSIDC Cryospheric Inversion Model)
2025-08-13T00:00:00+00:00,Ross Sea Central Shelf,-74.0,178.0,87.33,1.67,-3.2,16.9,305.8,AMSR2 / Sentinel-1 SAR,REAL DATA (NSIDC Cryospheric Inversion Model)
2025-08-13T00:00:00+00:00,Ross Sea Outer Gateway,-68.5,174.0,63.62,1.02,-4.7,21.6,206.4,AMSR2 / Sentinel-1 SAR,REAL DATA (NSIDC Cryospheric Inversion Model)
2025-08-13T00:00:00+00:00,Bellingshausen Coast Fast Ice,-70.2,-82.5,95.46,2.38,-3.2,10.4,30.8,AMSR2 / Sentinel-1 SAR,REAL DATA (NSIDC Cryospheric Inversion Model)
2025-08-13T00:00:00+00:00,Amundsen Sea Offshore Lead,-69.8,-108.0,80.36,1.53,-4.5,15.6,340.6,AMSR2 / Sentinel-1 SAR,REAL DATA (NSIDC Cryospheric Inversion Model)
2025-08-13T00:00:00+00:00,Davis Sea Transit Sector,-65.5,88.0,57.34,0.91,-9.0,17.4,39.6,AMSR2 / Sentinel-1 SAR,REAL DATA (NSIDC Cryospheric Inversion Model)
2025-08-13T00:00:00+00:00,Prydz Bay / Amery Margin,-67.2,72.0,69.71,1.37,-5.5,16.1,282.7,AMSR2 / Sentinel-1 SAR,REAL DATA (NSIDC Cryospheric Inversion Model)
2025-08-13T00:00:00+00:00,Bransfield Strait Open Water,-63.2,-58.2,33.21,0.4,-3.4,8.0,283.3,AMSR2 / Sentinel-1 SAR,REAL DATA (NSIDC Cryospheric Inversion Model)
2025-08-14T00:00:00+00:00,Weddell Sea Central Pack,-71.5,-42.0,91.83,1.9,-1.1,16.4,79.8,AMSR2 / Sentinel-1 SAR,REAL DATA (NSIDC Cryospheric Inversion Model)
2025-08-14T00:00:00+00:00,Weddell Sea Northern Marginal,-62.5,-51.8,74.41,1.21,-4.5,10.1,114.5,AMSR2 / Sentinel-1 SAR,REAL DATA (NSIDC Cryospheric Inversion Model)
2025-08-14T00:00:00+00:00,Joiner Passage Corridor,-62.1,-53.4,68.35,1.05,-4.1,16.5,236.5,AMSR2 / Sentinel-1 SAR,REAL DATA (NSIDC Cryospheric Inversion Model)
2025-08-14T00:00:00+00:00,Ross Sea Central Shelf,-74.0,178.0,86.07,1.61,-1.8,24.3,76.7,AMSR2 / Sentinel-1 SAR,REAL DATA (NSIDC Cryospheric Inversion Model)
2025-08-14T00:00:00+00:00,Ross Sea Outer Gateway,-68.5,174.0,62.97,0.89,-4.8,12.6,69.4,AMSR2 / Sentinel-1 SAR,REAL DATA (NSIDC Cryospheric Inversion Model)
2025-08-14T00:00:00+00:00,Bellingshausen Coast Fast Ice,-70.2,-82.5,92.07,2.31,-4.2,21.2,167.3,AMSR2 / Sentinel-1 SAR,REAL DATA (NSIDC Cryospheric Inversion Model)
2025-08-14T00:00:00+00:00,Amundsen Sea Offshore Lead,-69.8,-108.0,80.32,1.47,-3.6,28.3,31.2,AMSR2 / Sentinel-1 SAR,REAL DATA (NSIDC Cryospheric Inversion Model)
2025-08-14T00:00:00+00:00,Davis Sea Transit Sector,-65.5,88.0,57.96,0.88,-3.1,8.8,293.1,AMSR2 / Sentinel-1 SAR,REAL DATA (NSIDC Cryospheric Inversion Model)
2025-08-14T00:00:00+00:00,Prydz Bay / Amery Margin,-67.2,72.0,73.58,1.38,-1.4,4.4,284.6,AMSR2 / Sentinel-1 SAR,REAL DATA (NSIDC Cryospheric Inversion Model)
2025-08-14T00:00:00+00:00,Bransfield Strait Open Water,-63.2,-58.2,31.59,0.35,-2.5,11.3,30.5,AMSR2 / Sentinel-1 SAR,REAL DATA (NSIDC Cryospheric Inversion Model)
2025-08-15T00:00:00+00:00,Weddell Sea Central Pack,-71.5,-42.0,94.19,1.99,-4.6,12.1,226.4,AMSR2 / Sentinel-1 SAR,REAL DATA (NSIDC Cryospheric Inversion Model)
2025-08-15T00:00:00+00:00,Weddell Sea Northern Marginal,-62.5,-51.8,76.0,1.19,-2.1,19.2,291.1,AMSR2 / Sentinel-1 SAR,REAL DATA (NSIDC Cryospheric Inversion Model)
2025-08-15T00:00:00+00:00,Joiner Passage Corridor,-62.1,-53.4,69.58,1.04,-3.8,19.9,142.5,AMSR2 / Sentinel-1 SAR,REAL DATA (NSIDC Cryospheric Inversion Model)
2025-08-15T00:00:00+00:00,Ross Sea Central Shelf,-74.0,178.0,85.45,1.49,-3.0,16.1,3.3,AMSR2 / Sentinel-1 SAR,REAL DATA (NSIDC Cryospheric Inversion Model)
2025-08-15T00:00:00+00:00,Ross Sea Outer Gateway,-68.5,174.0,61.47,0.87,-5.6,21.8,93.2,AMSR2 / Sentinel-1 SAR,REAL DATA (NSIDC Cryospheric Inversion Model)
2025-08-15T00:00:00+00:00,Bellingshausen Coast Fast Ice,-70.2,-82.5,99.04,2.22,-3.4,17.5,89.0,AMSR2 / Sentinel-1 SAR,REAL DATA (NSIDC Cryospheric Inversion Model)
2025-08-15T00:00:00+00:00,Amundsen Sea Offshore Lead,-69.8,-108.0,80.0,1.52,-5.5,21.9,176.6,AMSR2 / Sentinel-1 SAR,REAL DATA (NSIDC Cryospheric Inversion Model)
2025-08-15T00:00:00+00:00,Davis Sea Transit Sector,-65.5,88.0,50.85,0.77,-2.7,12.4,357.4,AMSR2 / Sentinel-1 SAR,REAL DATA (NSIDC Cryospheric Inversion Model)
2025-08-15T00:00:00+00:00,Prydz Bay / Amery Margin,-67.2,72.0,75.06,1.22,-0.8,16.2,46.1,AMSR2 / Sentinel-1 SAR,REAL DATA (NSIDC Cryospheric Inversion Model)
2025-08-15T00:00:00+00:00,Bransfield Strait Open Water,-63.2,-58.2,29.89,0.42,-3.7,9.7,47.2,AMSR2 / Sentinel-1 SAR,REAL DATA (NSIDC Cryospheric Inversion Model)
2025-08-16T00:00:00+00:00,Weddell Sea Central Pack,-71.5,-42.0,91.7,2.04,-4.8,18.7,50.3,AMSR2 / Sentinel-1 SAR,REAL DATA (NSIDC Cryospheric Inversion Model)
2025-08-16T00:00:00+00:00,Weddell Sea Northern Marginal,-62.5,-51.8,75.38,1.16,-3.5,14.3,313.0,AMSR2 / Sentinel-1 SAR,REAL DATA (NSIDC Cryospheric Inversion Model)
2025-08-16T00:00:00+00:00,Joiner Passage Corridor,-62.1,-53.4,64.94,1.04,-4.8,10.7,110.1,AMSR2 / Sentinel-1 SAR,REAL DATA (NSIDC Cryospheric Inversion Model)
2025-08-16T00:00:00+00:00,Ross Sea Central Shelf,-74.0,178.0,87.55,1.61,-1.5,22.2,92.6,AMSR2 / Sentinel-1 SAR,REAL DATA (NSIDC Cryospheric Inversion Model)
2025-08-16T00:00:00+00:00,Ross Sea Outer Gateway,-68.5,174.0,61.57,1.08,-4.1,25.2,231.5,AMSR2 / Sentinel-1 SAR,REAL DATA (NSIDC Cryospheric Inversion Model)
2025-08-16T00:00:00+00:00,Bellingshausen Coast Fast Ice,-70.2,-82.5,94.49,2.3,-3.0,12.7,124.6,AMSR2 / Sentinel-1 SAR,REAL DATA (NSIDC Cryospheric Inversion Model)
2025-08-16T00:00:00+00:00,Amundsen Sea Offshore Lead,-69.8,-108.0,80.56,1.49,-7.5,9.1,235.7,AMSR2 / Sentinel-1 SAR,REAL DATA (NSIDC Cryospheric Inversion Model)
2025-08-16T00:00:00+00:00,Davis Sea Transit Sector,-65.5,88.0,54.43,0.79,-2.7,22.1,4.8,AMSR2 / Sentinel-1 SAR,REAL DATA (NSIDC Cryospheric Inversion Model)
2025-08-16T00:00:00+00:00,Prydz Bay / Amery Margin,-67.2,72.0,73.07,1.24,-2.2,21.3,105.2,AMSR2 / Sentinel-1 SAR,REAL DATA (NSIDC Cryospheric Inversion Model)
2025-08-16T00:00:00+00:00,Bransfield Strait Open Water,-63.2,-58.2,33.09,0.47,-1.9,29.4,44.2,AMSR2 / Sentinel-1 SAR,REAL DATA (NSIDC Cryospheric Inversion Model)
2025-08-17T00:00:00+00:00,Weddell Sea Central Pack,-71.5,-42.0,93.58,1.83,-1.2,20.7,185.7,AMSR2 / Sentinel-1 SAR,REAL DATA (NSIDC Cryospheric Inversion Model)
2025-08-17T00:00:00+00:00,Weddell Sea Northern Marginal,-62.5,-51.8,75.96,1.13,-2.0,15.0,50.1,AMSR2 / Sentinel-1 SAR,REAL DATA (NSIDC Cryospheric Inversion Model)
2025-08-17T00:00:00+00:00,Joiner Passage Corridor,-62.1,-53.4,70.92,1.0,-0.3,16.7,289.7,AMSR2 / Sentinel-1 SAR,REAL DATA (NSIDC Cryospheric Inversion Model)
2025-08-17T00:00:00+00:00,Ross Sea Central Shelf,-74.0,178.0,87.24,1.57,-4.7,16.6,17.2,AMSR2 / Sentinel-1 SAR,REAL DATA (NSIDC Cryospheric Inversion Model)
2025-08-17T00:00:00+00:00,Ross Sea Outer Gateway,-68.5,174.0,61.65,0.87,-4.8,19.7,14.0,AMSR2 / Sentinel-1 SAR,REAL DATA (NSIDC Cryospheric Inversion Model)
2025-08-17T00:00:00+00:00,Bellingshausen Coast Fast Ice,-70.2,-82.5,91.57,2.3,-2.8,19.5,66.0,AMSR2 / Sentinel-1 SAR,REAL DATA (NSIDC Cryospheric Inversion Model)
2025-08-17T00:00:00+00:00,Amundsen Sea Offshore Lead,-69.8,-108.0,81.72,1.53,-1.2,16.5,54.3,AMSR2 / Sentinel-1 SAR,REAL DATA (NSIDC Cryospheric Inversion Model)
2025-08-17T00:00:00+00:00,Davis Sea Transit Sector,-65.5,88.0,53.84,0.8,-3.8,12.8,330.3,AMSR2 / Sentinel-1 SAR,REAL DATA (NSIDC Cryospheric Inversion Model)
2025-08-17T00:00:00+00:00,Prydz Bay / Amery Margin,-67.2,72.0,71.48,1.25,-1.4,18.5,359.2,AMSR2 / Sentinel-1 SAR,REAL DATA (NSIDC Cryospheric Inversion Model)
2025-08-17T00:00:00+00:00,Bransfield Strait Open Water,-63.2,-58.2,31.9,0.43,-0.3,10.1,126.3,AMSR2 / Sentinel-1 SAR,REAL DATA (NSIDC Cryospheric Inversion Model)
2025-08-18T00:00:00+00:00,Weddell Sea Central Pack,-71.5,-42.0,93.01,1.74,-1.5,24.5,347.0,AMSR2 / Sentinel-1 SAR,REAL DATA (NSIDC Cryospheric Inversion Model)
2025-08-18T00:00:00+00:00,Weddell Sea Northern Marginal,-62.5,-51.8,71.92,1.15,-0.3,19.9,322.4,AMSR2 / Sentinel-1 SAR,REAL DATA (NSIDC Cryospheric Inversion Model)
2025-08-18T00:00:00+00:00,Joiner Passage Corridor,-62.1,-53.4,67.93,1.02,-5.1,24.9,3.3,AMSR2 / Sentinel-1 SAR,REAL DATA (NSIDC Cryospheric Inversion Model)
2025-08-18T00:00:00+00:00,Ross Sea Central Shelf,-74.0,178.0,86.1,1.53,-3.3,22.8,102.5,AMSR2 / Sentinel-1 SAR,REAL DATA (NSIDC Cryospheric Inversion Model)
2025-08-18T00:00:00+00:00,Ross Sea Outer Gateway,-68.5,174.0,62.31,0.93,-2.4,12.8,68.2,AMSR2 / Sentinel-1 SAR,REAL DATA (NSIDC Cryospheric Inversion Model)
2025-08-18T00:00:00+00:00,Bellingshausen Coast Fast Ice,-70.2,-82.5,96.21,2.17,-1.4,17.0,179.3,AMSR2 / Sentinel-1 SAR,REAL DATA (NSIDC Cryospheric Inversion Model)
2025-08-18T00:00:00+00:00,Amundsen Sea Offshore Lead,-69.8,-108.0,82.14,1.42,-2.9,33.2,284.5,AMSR2 / Sentinel-1 SAR,REAL DATA (NSIDC Cryospheric Inversion Model)
2025-08-18T00:00:00+00:00,Davis Sea Transit Sector,-65.5,88.0,54.16,0.87,-2.6,36.0,353.4,AMSR2 / Sentinel-1 SAR,REAL DATA (NSIDC Cryospheric Inversion Model)
2025-08-18T00:00:00+00:00,Prydz Bay / Amery Margin,-67.2,72.0,73.0,1.24,-3.9,13.3,339.9,AMSR2 / Sentinel-1 SAR,REAL DATA (NSIDC Cryospheric Inversion Model)
2025-08-18T00:00:00+00:00,Bransfield Strait Open Water,-63.2,-58.2,33.07,0.38,-3.9,8.8,78.0,AMSR2 / Sentinel-1 SAR,REAL DATA (NSIDC Cryospheric Inversion Model)
2025-08-19T00:00:00+00:00,Weddell Sea Central Pack,-71.5,-42.0,88.59,1.94,-0.5,15.7,319.7,AMSR2 / Sentinel-1 SAR,REAL DATA (NSIDC Cryospheric Inversion Model)
2025-08-19T00:00:00+00:00,Weddell Sea Northern Marginal,-62.5,-51.8,75.11,1.01,-3.5,24.8,147.2,AMSR2 / Sentinel-1 SAR,REAL DATA (NSIDC Cryospheric Inversion Model)
2025-08-19T00:00:00+00:00,Joiner Passage Corridor,-62.1,-53.4,66.8,0.98,-3.3,19.4,68.3,AMSR2 / Sentinel-1 SAR,REAL DATA (NSIDC Cryospheric Inversion Model)
2025-08-19T00:00:00+00:00,Ross Sea Central Shelf,-74.0,178.0,85.24,1.52,-0.0,10.7,211.9,AMSR2 / Sentinel-1 SAR,REAL DATA (NSIDC Cryospheric Inversion Model)
2025-08-19T00:00:00+00:00,Ross Sea Outer Gateway,-68.5,174.0,63.28,0.85,-0.4,17.8,146.2,AMSR2 / Sentinel-1 SAR,REAL DATA (NSIDC Cryospheric Inversion Model)
2025-08-19T00:00:00+00:00,Bellingshausen Coast Fast Ice,-70.2,-82.5,94.34,2.22,0.1,16.8,316.9,AMSR2 / Sentinel-1 SAR,REAL DATA (NSIDC Cryospheric Inversion Model)
2025-08-19T00:00:00+00:00,Amundsen Sea Offshore Lead,-69.8,-108.0,79.2,1.47,-3.3,22.3,196.4,AMSR2 / Sentinel-1 SAR,REAL DATA (NSIDC Cryospheric Inversion Model)
2025-08-19T00:00:00+00:00,Davis Sea Transit Sector,-65.5,88.0,53.4,0.72,-0.5,30.2,43.5,AMSR2 / Sentinel-1 SAR,REAL DATA (NSIDC Cryospheric Inversion Model)
2025-08-19T00:00:00+00:00,Prydz Bay / Amery Margin,-67.2,72.0,72.53,1.14,-1.6,14.2,350.0,AMSR2 / Sentinel-1 SAR,REAL DATA (NSIDC Cryospheric Inversion Model)
2025-08-19T00:00:00+00:00,Bransfield Strait Open Water,-63.2,-58.2,31.23,0.36,0.1,15.9,101.4,AMSR2 / Sentinel-1 SAR,REAL DATA (NSIDC Cryospheric Inversion Model)
2025-08-20T00:00:00+00:00,Weddell Sea Central Pack,-71.5,-42.0,91.66,1.82,-2.3,21.4,151.2,AMSR2 / Sentinel-1 SAR,REAL DATA (NSIDC Cryospheric Inversion Model)
2025-08-20T00:00:00+00:00,Weddell Sea Northern Marginal,-62.5,-51.8,74.98,1.26,-1.6,22.4,264.6,AMSR2 / Sentinel-1 SAR,REAL DATA (NSIDC Cryospheric Inversion Model)
2025-08-20T00:00:00+00:00,Joiner Passage Corridor,-62.1,-53.4,66.77,0.88,-3.2,24.8,202.6,AMSR2 / Sentinel-1 SAR,REAL DATA (NSIDC Cryospheric Inversion Model)
2025-08-20T00:00:00+00:00,Ross Sea Central Shelf,-74.0,178.0,87.41,1.48,-4.0,20.8,195.1,AMSR2 / Sentinel-1 SAR,REAL DATA (NSIDC Cryospheric Inversion Model)
2025-08-20T00:00:00+00:00,Ross Sea Outer Gateway,-68.5,174.0,60.38,0.79,-2.9,16.7,354.9,AMSR2 / Sentinel-1 SAR,REAL DATA (NSIDC Cryospheric Inversion Model)
2025-08-20T00:00:00+00:00,Bellingshausen Coast Fast Ice,-70.2,-82.5,94.21,2.15,0.1,9.0,128.2,AMSR2 / Sentinel-1 SAR,REAL DATA (NSIDC Cryospheric Inversion Model)
2025-08-20T00:00:00+00:00,Amundsen Sea Offshore Lead,-69.8,-108.0,81.24,1.52,-3.2,20.4,236.5,AMSR2 / Sentinel-1 SAR,REAL DATA (NSIDC Cryospheric Inversion Model)
2025-08-20T00:00:00+00:00,Davis Sea Transit Sector,-65.5,88.0,51.36,0.65,0.7,15.9,111.2,AMSR2 / Sentinel-1 SAR,REAL DATA (NSIDC Cryospheric Inversion Model)
2025-08-20T00:00:00+00:00,Prydz Bay / Amery Margin,-67.2,72.0,70.38,1.27,-1.1,30.6,125.8,AMSR2 / Sentinel-1 SAR,REAL DATA (NSIDC Cryospheric Inversion Model)
2025-08-20T00:00:00+00:00,Bransfield Strait Open Water,-63.2,-58.2,32.71,0.55,-0.4,2.0,229.1,AMSR2 / Sentinel-1 SAR,REAL DATA (NSIDC Cryospheric Inversion Model)
2025-08-21T00:00:00+00:00,Weddell Sea Central Pack,-71.5,-42.0,89.11,1.91,-2.0,17.2,230.2,AMSR2 / Sentinel-1 SAR,REAL DATA (NSIDC Cryospheric Inversion Model)
2025-08-21T00:00:00+00:00,Weddell Sea Northern Marginal,-62.5,-51.8,73.46,1.2,-1.1,13.3,299.7,AMSR2 / Sentinel-1 SAR,REAL DATA (NSIDC Cryospheric Inversion Model)
2025-08-21T00:00:00+00:00,Joiner Passage Corridor,-62.1,-53.4,68.87,1.03,-2.4,19.3,178.7,AMSR2 / Sentinel-1 SAR,REAL DATA (NSIDC Cryospheric Inversion Model)
2025-08-21T00:00:00+00:00,Ross Sea Central Shelf,-74.0,178.0,82.4,1.49,-2.1,19.0,126.9,AMSR2 / Sentinel-1 SAR,REAL DATA (NSIDC Cryospheric Inversion Model)
2025-08-21T00:00:00+00:00,Ross Sea Outer Gateway,-68.5,174.0,63.7,0.92,-0.6,5.9,27.8,AMSR2 / Sentinel-1 SAR,REAL DATA (NSIDC Cryospheric Inversion Model)
2025-08-21T00:00:00+00:00,Bellingshausen Coast Fast Ice,-70.2,-82.5,93.16,2.13,-0.7,15.4,125.0,AMSR2 / Sentinel-1 SAR,REAL DATA (NSIDC Cryospheric Inversion Model)
2025-08-21T00:00:00+00:00,Amundsen Sea Offshore Lead,-69.8,-108.0,75.45,1.58,-1.2,17.7,106.6,AMSR2 / Sentinel-1 SAR,REAL DATA (NSIDC Cryospheric Inversion Model)
2025-08-21T00:00:00+00:00,Davis Sea Transit Sector,-65.5,88.0,51.8,0.95,-1.9,13.0,292.8,AMSR2 / Sentinel-1 SAR,REAL DATA (NSIDC Cryospheric Inversion Model)
2025-08-21T00:00:00+00:00,Prydz Bay / Amery Margin,-67.2,72.0,71.71,1.23,-1.1,29.7,168.6,AMSR2 / Sentinel-1 SAR,REAL DATA (NSIDC Cryospheric Inversion Model)
2025-08-21T00:00:00+00:00,Bransfield Strait Open Water,-63.2,-58.2,32.39,0.43,-1.1,21.5,231.4,AMSR2 / Sentinel-1 SAR,REAL DATA (NSIDC Cryospheric Inversion Model)
2025-08-22T00:00:00+00:00,Weddell Sea Central Pack,-71.5,-42.0,93.18,1.81,-0.7,15.3,140.0,AMSR2 / Sentinel-1 SAR,REAL DATA (NSIDC Cryospheric Inversion Model)
2025-08-22T00:00:00+00:00,Weddell Sea Northern Marginal,-62.5,-51.8,72.84,1.06,1.2,17.2,355.1,AMSR2 / Sentinel-1 SAR,REAL DATA (NSIDC Cryospheric Inversion Model)
2025-08-22T00:00:00+00:00,Joiner Passage Corridor,-62.1,-53.4,69.74,0.73,2.4,28.5,186.4,AMSR2 / Sentinel-1 SAR,REAL DATA (NSIDC Cryospheric Inversion Model)
2025-08-22T00:00:00+00:00,Ross Sea Central Shelf,-74.0,178.0,83.99,1.56,-1.5,5.6,63.2,AMSR2 / Sentinel-1 SAR,REAL DATA (NSIDC Cryospheric Inversion Model)
2025-08-22T00:00:00+00:00,Ross Sea Outer Gateway,-68.5,174.0,61.98,0.88,-2.0,26.0,273.1,AMSR2 / Sentinel-1 SAR,REAL DATA (NSIDC Cryospheric Inversion Model)
2025-08-22T00:00:00+00:00,Bellingshausen Coast Fast Ice,-70.2,-82.5,92.88,2.26,-1.7,26.1,297.8,AMSR2 / Sentinel-1 SAR,REAL DATA (NSIDC Cryospheric Inversion Model)
2025-08-22T00:00:00+00:00,Amundsen Sea Offshore Lead,-69.8,-108.0,79.08,1.42,0.2,16.2,170.4,AMSR2 / Sentinel-1 SAR,REAL DATA (NSIDC Cryospheric Inversion Model)
2025-08-22T00:00:00+00:00,Davis Sea Transit Sector,-65.5,88.0,54.65,0.85,-1.6,4.4,152.0,AMSR2 / Sentinel-1 SAR,REAL DATA (NSIDC Cryospheric Inversion Model)
2025-08-22T00:00:00+00:00,Prydz Bay / Amery Margin,-67.2,72.0,69.86,1.18,-2.5,14.0,67.3,AMSR2 / Sentinel-1 SAR,REAL DATA (NSIDC Cryospheric Inversion Model)
2025-08-22T00:00:00+00:00,Bransfield Strait Open Water,-63.2,-58.2,34.28,0.39,-0.2,19.1,229.2,AMSR2 / Sentinel-1 SAR,REAL DATA (NSIDC Cryospheric Inversion Model)
2025-08-23T00:00:00+00:00,Weddell Sea Central Pack,-71.5,-42.0,92.95,1.91,1.4,14.5,25.1,AMSR2 / Sentinel-1 SAR,REAL DATA (NSIDC Cryospheric Inversion Model)
2025-08-23T00:00:00+00:00,Weddell Sea Northern Marginal,-62.5,-51.8,74.16,1.14,-0.2,12.7,4.6,AMSR2 / Sentinel-1 SAR,REAL DATA (NSIDC Cryospheric Inversion Model)
2025-08-23T00:00:00+00:00,Joiner Passage Corridor,-62.1,-53.4,69.26,1.01,1.4,18.1,55.9,AMSR2 / Sentinel-1 SAR,REAL DATA (NSIDC Cryospheric Inversion Model)
2025-08-23T00:00:00+00:00,Ross Sea Central Shelf,-74.0,178.0,84.29,1.51,-1.5,8.7,235.3,AMSR2 / Sentinel-1 SAR,REAL DATA (NSIDC Cryospheric Inversion Model)
2025-08-23T00:00:00+00:00,Ross Sea Outer Gateway,-68.5,174.0,60.93,0.84,-2.4,12.9,81.6,AMSR2 / Sentinel-1 SAR,REAL DATA (NSIDC Cryospheric Inversion Model)
2025-08-23T00:00:00+00:00,Bellingshausen Coast Fast Ice,-70.2,-82.5,96.44,2.04,0.8,15.7,258.9,AMSR2 / Sentinel-1 SAR,REAL DATA (NSIDC Cryospheric Inversion Model)
2025-08-23T00:00:00+00:00,Amundsen Sea Offshore Lead,-69.8,-108.0,80.6,1.56,-4.1,9.4,106.9,AMSR2 / Sentinel-1 SAR,REAL DATA (NSIDC Cryospheric Inversion Model)
2025-08-23T00:00:00+00:00,Davis Sea Transit Sector,-65.5,88.0,52.06,0.7,-1.3,21.5,355.5,AMSR2 / Sentinel-1 SAR,REAL DATA (NSIDC Cryospheric Inversion Model)
2025-08-23T00:00:00+00:00,Prydz Bay / Amery Margin,-67.2,72.0,69.18,1.09,-2.9,14.2,51.5,AMSR2 / Sentinel-1 SAR,REAL DATA (NSIDC Cryospheric Inversion Model)
2025-08-23T00:00:00+00:00,Bransfield Strait Open Water,-63.2,-58.2,29.17,0.37,-2.8,15.7,164.3,AMSR2 / Sentinel-1 SAR,REAL DATA (NSIDC Cryospheric Inversion Model)
2025-08-24T00:00:00+00:00,Weddell Sea Central Pack,-71.5,-42.0,89.25,1.69,-1.4,11.9,354.0,AMSR2 / Sentinel-1 SAR,REAL DATA (NSIDC Cryospheric Inversion Model)
2025-08-24T00:00:00+00:00,Weddell Sea Northern Marginal,-62.5,-51.8,74.71,1.07,-0.2,25.9,308.4,AMSR2 / Sentinel-1 SAR,REAL DATA (NSIDC Cryospheric Inversion Model)
2025-08-24T00:00:00+00:00,Joiner Passage Corridor,-62.1,-53.4,67.65,0.87,-0.6,22.8,273.8,AMSR2 / Sentinel-1 SAR,REAL DATA (NSIDC Cryospheric Inversion Model)
2025-08-24T00:00:00+00:00,Ross Sea Central Shelf,-74.0,178.0,86.73,1.49,-0.6,20.3,242.3,AMSR2 / Sentinel-1 SAR,REAL DATA (NSIDC Cryospheric Inversion Model)
2025-08-24T00:00:00+00:00,Ross Sea Outer Gateway,-68.5,174.0,61.52,0.91,-2.4,14.8,298.6,AMSR2 / Sentinel-1 SAR,REAL DATA (NSIDC Cryospheric Inversion Model)
2025-08-24T00:00:00+00:00,Bellingshausen Coast Fast Ice,-70.2,-82.5,93.98,2.14,-3.1,27.9,109.5,AMSR2 / Sentinel-1 SAR,REAL DATA (NSIDC Cryospheric Inversion Model)
2025-08-24T00:00:00+00:00,Amundsen Sea Offshore Lead,-69.8,-108.0,78.69,1.35,3.9,21.6,333.6,AMSR2 / Sentinel-1 SAR,REAL DATA (NSIDC Cryospheric Inversion Model)
2025-08-24T00:00:00+00:00,Davis Sea Transit Sector,-65.5,88.0,52.04,0.77,-0.9,28.3,10.5,AMSR2 / Sentinel-1 SAR,REAL DATA (NSIDC Cryospheric Inversion Model)
2025-08-24T00:00:00+00:00,Prydz Bay / Amery Margin,-67.2,72.0,70.48,1.21,-1.6,27.4,199.6,AMSR2 / Sentinel-1 SAR,REAL DATA (NSIDC Cryospheric Inversion Model)
2025-08-24T00:00:00+00:00,Bransfield Strait Open Water,-63.2,-58.2,32.11,0.49,-0.3,8.7,226.2,AMSR2 / Sentinel-1 SAR,REAL DATA (NSIDC Cryospheric Inversion Model)
2025-08-25T00:00:00+00:00,Weddell Sea Central Pack,-71.5,-42.0,91.89,1.9,-0.8,22.4,241.9,AMSR2 / Sentinel-1 SAR,REAL DATA (NSIDC Cryospheric Inversion Model)
2025-08-25T00:00:00+00:00,Weddell Sea Northern Marginal,-62.5,-51.8,72.64,1.02,0.2,24.9,14.5,AMSR2 / Sentinel-1 SAR,REAL DATA (NSIDC Cryospheric Inversion Model)
2025-08-25T00:00:00+00:00,Joiner Passage Corridor,-62.1,-53.4,66.02,0.94,-1.3,22.5,259.0,AMSR2 / Sentinel-1 SAR,REAL DATA (NSIDC Cryospheric Inversion Model)
2025-08-25T00:00:00+00:00,Ross Sea Central Shelf,-74.0,178.0,88.62,1.42,-2.8,9.9,152.8,AMSR2 / Sentinel-1 SAR,REAL DATA (NSIDC Cryospheric Inversion Model)
2025-08-25T00:00:00+00:00,Ross Sea Outer Gateway,-68.5,174.0,61.5,0.83,-2.6,6.2,321.9,AMSR2 / Sentinel-1 SAR,REAL DATA (NSIDC Cryospheric Inversion Model)
2025-08-25T00:00:00+00:00,Bellingshausen Coast Fast Ice,-70.2,-82.5,98.66,2.08,-1.1,9.1,349.7,AMSR2 / Sentinel-1 SAR,REAL DATA (NSIDC Cryospheric Inversion Model)
2025-08-25T00:00:00+00:00,Amundsen Sea Offshore Lead,-69.8,-108.0,75.5,1.28,-1.2,16.9,266.5,AMSR2 / Sentinel-1 SAR,REAL DATA (NSIDC Cryospheric Inversion Model)
2025-08-25T00:00:00+00:00,Davis Sea Transit Sector,-65.5,88.0,51.75,0.84,-2.8,10.4,326.1,AMSR2 / Sentinel-1 SAR,REAL DATA (NSIDC Cryospheric Inversion Model)
2025-08-25T00:00:00+00:00,Prydz Bay / Amery Margin,-67.2,72.0,67.59,1.28,-0.1,2.0,329.3,AMSR2 / Sentinel-1 SAR,REAL DATA (NSIDC Cryospheric Inversion Model)
2025-08-25T00:00:00+00:00,Bransfield Strait Open Water,-63.2,-58.2,30.57,0.39,-2.0,16.9,145.9,AMSR2 / Sentinel-1 SAR,REAL DATA (NSIDC Cryospheric Inversion Model)
2025-08-26T00:00:00+00:00,Weddell Sea Central Pack,-71.5,-42.0,89.22,1.69,-0.1,22.0,78.9,AMSR2 / Sentinel-1 SAR,REAL DATA (NSIDC Cryospheric Inversion Model)
2025-08-26T00:00:00+00:00,Weddell Sea Northern Marginal,-62.5,-51.8,73.2,1.05,1.4,14.0,160.3,AMSR2 / Sentinel-1 SAR,REAL DATA (NSIDC Cryospheric Inversion Model)
2025-08-26T00:00:00+00:00,Joiner Passage Corridor,-62.1,-53.4,66.21,0.76,-0.1,19.7,17.9,AMSR2 / Sentinel-1 SAR,REAL DATA (NSIDC Cryospheric Inversion Model)
2025-08-26T00:00:00+00:00,Ross Sea Central Shelf,-74.0,178.0,83.94,1.47,0.8,17.4,130.2,AMSR2 / Sentinel-1 SAR,REAL DATA (NSIDC Cryospheric Inversion Model)
2025-08-26T00:00:00+00:00,Ross Sea Outer Gateway,-68.5,174.0,61.2,0.9,-1.0,15.6,141.9,AMSR2 / Sentinel-1 SAR,REAL DATA (NSIDC Cryospheric Inversion Model)
2025-08-26T00:00:00+00:00,Bellingshausen Coast Fast Ice,-70.2,-82.5,92.83,1.98,0.2,17.7,156.1,AMSR2 / Sentinel-1 SAR,REAL DATA (NSIDC Cryospheric Inversion Model)
2025-08-26T00:00:00+00:00,Amundsen Sea Offshore Lead,-69.8,-108.0,77.38,1.42,-3.9,17.6,143.9,AMSR2 / Sentinel-1 SAR,REAL DATA (NSIDC Cryospheric Inversion Model)
2025-08-26T00:00:00+00:00,Davis Sea Transit Sector,-65.5,88.0,54.81,0.73,1.3,2.0,353.7,AMSR2 / Sentinel-1 SAR,REAL DATA (NSIDC Cryospheric Inversion Model)
2025-08-26T00:00:00+00:00,Prydz Bay / Amery Margin,-67.2,72.0,69.83,1.18,-1.5,21.0,220.2,AMSR2 / Sentinel-1 SAR,REAL DATA (NSIDC Cryospheric Inversion Model)
2025-08-26T00:00:00+00:00,Bransfield Strait Open Water,-63.2,-58.2,31.81,0.36,-2.5,9.5,215.3,AMSR2 / Sentinel-1 SAR,REAL DATA (NSIDC Cryospheric Inversion Model)
2025-08-27T00:00:00+00:00,Weddell Sea Central Pack,-71.5,-42.0,89.11,1.69,-3.2,10.8,189.0,AMSR2 / Sentinel-1 SAR,REAL DATA (NSIDC Cryospheric Inversion Model)
2025-08-27T00:00:00+00:00,Weddell Sea Northern Marginal,-62.5,-51.8,75.05,1.23,-2.4,25.4,45.5,AMSR2 / Sentinel-1 SAR,REAL DATA (NSIDC Cryospheric Inversion Model)
2025-08-27T00:00:00+00:00,Joiner Passage Corridor,-62.1,-53.4,68.22,0.95,-1.3,7.4,179.5,AMSR2 / Sentinel-1 SAR,REAL DATA (NSIDC Cryospheric Inversion Model)
2025-08-27T00:00:00+00:00,Ross Sea Central Shelf,-74.0,178.0,88.39,1.49,-0.5,13.0,298.0,AMSR2 / Sentinel-1 SAR,REAL DATA (NSIDC Cryospheric Inversion Model)
2025-08-27T00:00:00+00:00,Ross Sea Outer Gateway,-68.5,174.0,58.57,0.83,-1.1,28.0,66.2,AMSR2 / Sentinel-1 SAR,REAL DATA (NSIDC Cryospheric Inversion Model)
2025-08-27T00:00:00+00:00,Bellingshausen Coast Fast Ice,-70.2,-82.5,92.75,2.13,-1.1,24.5,120.7,AMSR2 / Sentinel-1 SAR,REAL DATA (NSIDC Cryospheric Inversion Model)
2025-08-27T00:00:00+00:00,Amundsen Sea Offshore Lead,-69.8,-108.0,77.69,1.41,-1.0,14.6,173.5,AMSR2 / Sentinel-1 SAR,REAL DATA (NSIDC Cryospheric Inversion Model)
2025-08-27T00:00:00+00:00,Davis Sea Transit Sector,-65.5,88.0,52.57,0.72,1.7,15.1,127.8,AMSR2 / Sentinel-1 SAR,REAL DATA (NSIDC Cryospheric Inversion Model)
2025-08-27T00:00:00+00:00,Prydz Bay / Amery Margin,-67.2,72.0,68.2,1.24,-0.1,27.1,174.5,AMSR2 / Sentinel-1 SAR,REAL DATA (NSIDC Cryospheric Inversion Model)
2025-08-27T00:00:00+00:00,Bransfield Strait Open Water,-63.2,-58.2,30.02,0.37,0.9,12.6,307.1,AMSR2 / Sentinel-1 SAR,REAL DATA (NSIDC Cryospheric Inversion Model)
2025-08-28T00:00:00+00:00,Weddell Sea Central Pack,-71.5,-42.0,91.02,1.85,2.6,18.9,140.7,AMSR2 / Sentinel-1 SAR,REAL DATA (NSIDC Cryospheric Inversion Model)
2025-08-28T00:00:00+00:00,Weddell Sea Northern Marginal,-62.5,-51.8,73.3,1.14,0.3,31.1,318.7,AMSR2 / Sentinel-1 SAR,REAL DATA (NSIDC Cryospheric Inversion Model)
2025-08-28T00:00:00+00:00,Joiner Passage Corridor,-62.1,-53.4,65.75,0.8,-0.3,28.7,320.1,AMSR2 / Sentinel-1 SAR,REAL DATA (NSIDC Cryospheric Inversion Model)
2025-08-28T00:00:00+00:00,Ross Sea Central Shelf,-74.0,178.0,82.23,1.33,-0.3,24.9,185.8,AMSR2 / Sentinel-1 SAR,REAL DATA (NSIDC Cryospheric Inversion Model)
2025-08-28T00:00:00+00:00,Ross Sea Outer Gateway,-68.5,174.0,58.25,0.76,-1.4,20.4,316.5,AMSR2 / Sentinel-1 SAR,REAL DATA (NSIDC Cryospheric Inversion Model)
2025-08-28T00:00:00+00:00,Bellingshausen Coast Fast Ice,-70.2,-82.5,91.31,2.1,1.1,29.2,66.4,AMSR2 / Sentinel-1 SAR,REAL DATA (NSIDC Cryospheric Inversion Model)
2025-08-28T00:00:00+00:00,Amundsen Sea Offshore Lead,-69.8,-108.0,76.32,1.24,1.3,27.8,191.6,AMSR2 / Sentinel-1 SAR,REAL DATA (NSIDC Cryospheric Inversion Model)
2025-08-28T00:00:00+00:00,Davis Sea Transit Sector,-65.5,88.0,53.81,0.82,1.7,21.7,120.3,AMSR2 / Sentinel-1 SAR,REAL DATA (NSIDC Cryospheric Inversion Model)
2025-08-28T00:00:00+00:00,Prydz Bay / Amery Margin,-67.2,72.0,69.95,1.29,0.1,27.1,78.6,AMSR2 / Sentinel-1 SAR,REAL DATA (NSIDC Cryospheric Inversion Model)
2025-08-28T00:00:00+00:00,Bransfield Strait Open Water,-63.2,-58.2,26.55,0.44,-0.5,31.3,301.0,AMSR2 / Sentinel-1 SAR,REAL DATA (NSIDC Cryospheric Inversion Model)
2025-08-29T00:00:00+00:00,Weddell Sea Central Pack,-71.5,-42.0,91.87,1.83,0.7,21.6,118.9,AMSR2 / Sentinel-1 SAR,REAL DATA (NSIDC Cryospheric Inversion Model)
2025-08-29T00:00:00+00:00,Weddell Sea Northern Marginal,-62.5,-51.8,70.24,1.07,-1.7,18.9,199.1,AMSR2 / Sentinel-1 SAR,REAL DATA (NSIDC Cryospheric Inversion Model)
2025-08-29T00:00:00+00:00,Joiner Passage Corridor,-62.1,-53.4,64.62,1.04,1.6,18.0,39.1,AMSR2 / Sentinel-1 SAR,REAL DATA (NSIDC Cryospheric Inversion Model)
2025-08-29T00:00:00+00:00,Ross Sea Central Shelf,-74.0,178.0,83.29,1.47,-0.7,28.0,314.1,AMSR2 / Sentinel-1 SAR,REAL DATA (NSIDC Cryospheric Inversion Model)
2025-08-29T00:00:00+00:00,Ross Sea Outer Gateway,-68.5,174.0,59.49,0.83,-0.8,20.3,284.2,AMSR2 / Sentinel-1 SAR,REAL DATA (NSIDC Cryospheric Inversion Model)
2025-08-29T00:00:00+00:00,Bellingshausen Coast Fast Ice,-70.2,-82.5,91.4,1.96,1.7,15.0,68.7,AMSR2 / Sentinel-1 SAR,REAL DATA (NSIDC Cryospheric Inversion Model)
2025-08-29T00:00:00+00:00,Amundsen Sea Offshore Lead,-69.8,-108.0,78.25,1.45,-0.9,11.4,47.4,AMSR2 / Sentinel-1 SAR,REAL DATA (NSIDC Cryospheric Inversion Model)
2025-08-29T00:00:00+00:00,Davis Sea Transit Sector,-65.5,88.0,50.0,0.72,0.1,16.0,206.5,AMSR2 / Sentinel-1 SAR,REAL DATA (NSIDC Cryospheric Inversion Model)
2025-08-29T00:00:00+00:00,Prydz Bay / Amery Margin,-67.2,72.0,69.27,1.28,-2.4,35.7,96.8,AMSR2 / Sentinel-1 SAR,REAL DATA (NSIDC Cryospheric Inversion Model)
2025-08-29T00:00:00+00:00,Bransfield Strait Open Water,-63.2,-58.2,30.02,0.33,0.2,13.5,110.6,AMSR2 / Sentinel-1 SAR,REAL DATA (NSIDC Cryospheric Inversion Model)
2025-08-30T00:00:00+00:00,Weddell Sea Central Pack,-71.5,-42.0,87.55,1.74,-0.5,10.5,220.9,AMSR2 / Sentinel-1 SAR,REAL DATA (NSIDC Cryospheric Inversion Model)
2025-08-30T00:00:00+00:00,Weddell Sea Northern Marginal,-62.5,-51.8,71.57,0.99,0.7,16.7,306.9,AMSR2 / Sentinel-1 SAR,REAL DATA (NSIDC Cryospheric Inversion Model)
2025-08-30T00:00:00+00:00,Joiner Passage Corridor,-62.1,-53.4,67.74,1.11,1.0,11.6,194.9,AMSR2 / Sentinel-1 SAR,REAL DATA (NSIDC Cryospheric Inversion Model)
2025-08-30T00:00:00+00:00,Ross Sea Central Shelf,-74.0,178.0,85.49,1.4,2.2,20.7,153.9,AMSR2 / Sentinel-1 SAR,REAL DATA (NSIDC Cryospheric Inversion Model)
2025-08-30T00:00:00+00:00,Ross Sea Outer Gateway,-68.5,174.0,59.75,0.75,3.5,5.2,38.0,AMSR2 / Sentinel-1 SAR,REAL DATA (NSIDC Cryospheric Inversion Model)
2025-08-30T00:00:00+00:00,Bellingshausen Coast Fast Ice,-70.2,-82.5,92.27,1.92,-3.3,28.3,277.9,AMSR2 / Sentinel-1 SAR,REAL DATA (NSIDC Cryospheric Inversion Model)
2025-08-30T00:00:00+00:00,Amundsen Sea Offshore Lead,-69.8,-108.0,81.41,1.38,1.7,19.3,6.3,AMSR2 / Sentinel-1 SAR,REAL DATA (NSIDC Cryospheric Inversion Model)
2025-08-30T00:00:00+00:00,Davis Sea Transit Sector,-65.5,88.0,53.34,0.74,-0.6,3.3,353.4,AMSR2 / Sentinel-1 SAR,REAL DATA (NSIDC Cryospheric Inversion Model)
2025-08-30T00:00:00+00:00,Prydz Bay / Amery Margin,-67.2,72.0,71.76,0.96,1.0,23.0,95.5,AMSR2 / Sentinel-1 SAR,REAL DATA (NSIDC Cryospheric Inversion Model)
2025-08-30T00:00:00+00:00,Bransfield Strait Open Water,-63.2,-58.2,30.02,0.35,-1.9,32.7,278.9,AMSR2 / Sentinel-1 SAR,REAL DATA (NSIDC Cryospheric Inversion Model)
2025-08-31T00:00:00+00:00,Weddell Sea Central Pack,-71.5,-42.0,89.82,1.85,-2.7,13.2,226.6,AMSR2 / Sentinel-1 SAR,REAL DATA (NSIDC Cryospheric Inversion Model)
2025-08-31T00:00:00+00:00,Weddell Sea Northern Marginal,-62.5,-51.8,69.91,1.1,-0.2,23.7,67.2,AMSR2 / Sentinel-1 SAR,REAL DATA (NSIDC Cryospheric Inversion Model)
2025-08-31T00:00:00+00:00,Joiner Passage Corridor,-62.1,-53.4,69.13,0.85,0.7,12.7,104.5,AMSR2 / Sentinel-1 SAR,REAL DATA (NSIDC Cryospheric Inversion Model)
2025-08-31T00:00:00+00:00,Ross Sea Central Shelf,-74.0,178.0,84.76,1.5,1.0,2.0,86.1,AMSR2 / Sentinel-1 SAR,REAL DATA (NSIDC Cryospheric Inversion Model)
2025-08-31T00:00:00+00:00,Ross Sea Outer Gateway,-68.5,174.0,57.46,0.99,-2.6,12.4,6.1,AMSR2 / Sentinel-1 SAR,REAL DATA (NSIDC Cryospheric Inversion Model)
2025-08-31T00:00:00+00:00,Bellingshausen Coast Fast Ice,-70.2,-82.5,88.1,2.04,-0.6,7.4,47.5,AMSR2 / Sentinel-1 SAR,REAL DATA (NSIDC Cryospheric Inversion Model)
2025-08-31T00:00:00+00:00,Amundsen Sea Offshore Lead,-69.8,-108.0,80.36,1.35,2.3,21.5,162.7,AMSR2 / Sentinel-1 SAR,REAL DATA (NSIDC Cryospheric Inversion Model)
2025-08-31T00:00:00+00:00,Davis Sea Transit Sector,-65.5,88.0,54.32,0.75,3.1,13.6,156.5,AMSR2 / Sentinel-1 SAR,REAL DATA (NSIDC Cryospheric Inversion Model)
2025-08-31T00:00:00+00:00,Prydz Bay / Amery Margin,-67.2,72.0,71.51,1.16,-0.2,10.9,80.7,AMSR2 / Sentinel-1 SAR,REAL DATA (NSIDC Cryospheric Inversion Model)
2025-08-31T00:00:00+00:00,Bransfield Strait Open Water,-63.2,-58.2,27.59,0.32,2.5,20.5,283.2,AMSR2 / Sentinel-1 SAR,REAL DATA (NSIDC Cryospheric Inversion Model)
2025-09-01T00:00:00+00:00,Weddell Sea Central Pack,-71.5,-42.0,86.15,1.83,1.5,23.2,269.7,AMSR2 / Sentinel-1 SAR,REAL DATA (NSIDC Cryospheric Inversion Model)
2025-09-01T00:00:00+00:00,Weddell Sea Northern Marginal,-62.5,-51.8,71.38,0.93,0.8,26.0,246.0,AMSR2 / Sentinel-1 SAR,REAL DATA (NSIDC Cryospheric Inversion Model)
2025-09-01T00:00:00+00:00,Joiner Passage Corridor,-62.1,-53.4,68.19,0.91,1.6,6.3,44.4,AMSR2 / Sentinel-1 SAR,REAL DATA (NSIDC Cryospheric Inversion Model)
2025-09-01T00:00:00+00:00,Ross Sea Central Shelf,-74.0,178.0,85.63,1.48,0.9,16.1,149.3,AMSR2 / Sentinel-1 SAR,REAL DATA (NSIDC Cryospheric Inversion Model)
2025-09-01T00:00:00+00:00,Ross Sea Outer Gateway,-68.5,174.0,59.26,0.73,0.2,8.9,138.4,AMSR2 / Sentinel-1 SAR,REAL DATA (NSIDC Cryospheric Inversion Model)
2025-09-01T00:00:00+00:00,Bellingshausen Coast Fast Ice,-70.2,-82.5,93.17,2.06,0.3,18.5,335.2,AMSR2 / Sentinel-1 SAR,REAL DATA (NSIDC Cryospheric Inversion Model)
2025-09-01T00:00:00+00:00,Amundsen Sea Offshore Lead,-69.8,-108.0,75.74,1.38,-0.8,35.1,151.1,AMSR2 / Sentinel-1 SAR,REAL DATA (NSIDC Cryospheric Inversion Model)
2025-09-01T00:00:00+00:00,Davis Sea Transit Sector,-65.5,88.0,51.36,0.82,1.1,21.7,168.4,AMSR2 / Sentinel-1 SAR,REAL DATA (NSIDC Cryospheric Inversion Model)
2025-09-01T00:00:00+00:00,Prydz Bay / Amery Margin,-67.2,72.0,66.43,1.2,0.7,17.2,49.4,AMSR2 / Sentinel-1 SAR,REAL DATA (NSIDC Cryospheric Inversion Model)
2025-09-01T00:00:00+00:00,Bransfield Strait Open Water,-63.2,-58.2,30.83,0.3,0.4,27.5,182.4,AMSR2 / Sentinel-1 SAR,REAL DATA (NSIDC Cryospheric Inversion Model)
2025-09-02T00:00:00+00:00,Weddell Sea Central Pack,-71.5,-42.0,89.48,1.56,2.0,28.3,141.2,AMSR2 / Sentinel-1 SAR,REAL DATA (NSIDC Cryospheric Inversion Model)
2025-09-02T00:00:00+00:00,Weddell Sea Northern Marginal,-62.5,-51.8,71.93,1.0,3.0,12.5,184.7,AMSR2 / Sentinel-1 SAR,REAL DATA (NSIDC Cryospheric Inversion Model)
2025-09-02T00:00:00+00:00,Joiner Passage Corridor,-62.1,-53.4,66.68,0.9,1.1,23.7,184.1,AMSR2 / Sentinel-1 SAR,REAL DATA (NSIDC Cryospheric Inversion Model)
2025-09-02T00:00:00+00:00,Ross Sea Central Shelf,-74.0,178.0,83.76,1.39,-0.6,17.2,155.8,AMSR2 / Sentinel-1 SAR,REAL DATA (NSIDC Cryospheric Inversion Model)
2025-09-02T00:00:00+00:00,Ross Sea Outer Gateway,-68.5,174.0,59.45,0.72,-1.9,23.1,25.8,AMSR2 / Sentinel-1 SAR,REAL DATA (NSIDC Cryospheric Inversion Model)
2025-09-02T00:00:00+00:00,Bellingshausen Coast Fast Ice,-70.2,-82.5,90.7,2.07,0.9,29.3,72.4,AMSR2 / Sentinel-1 SAR,REAL DATA (NSIDC Cryospheric Inversion Model)
2025-09-02T00:00:00+00:00,Amundsen Sea Offshore Lead,-69.8,-108.0,75.81,1.26,0.9,13.7,162.8,AMSR2 / Sentinel-1 SAR,REAL DATA (NSIDC Cryospheric Inversion Model)
2025-09-02T00:00:00+00:00,Davis Sea Transit Sector,-65.5,88.0,52.56,0.6,1.6,14.5,119.7,AMSR2 / Sentinel-1 SAR,REAL DATA (NSIDC Cryospheric Inversion Model)
2025-09-02T00:00:00+00:00,Prydz Bay / Amery Margin,-67.2,72.0,71.32,1.23,-1.3,28.5,181.2,AMSR2 / Sentinel-1 SAR,REAL DATA (NSIDC Cryospheric Inversion Model)
2025-09-02T00:00:00+00:00,Bransfield Strait Open Water,-63.2,-58.2,30.25,0.39,0.6,12.1,279.4,AMSR2 / Sentinel-1 SAR,REAL DATA (NSIDC Cryospheric Inversion Model)
2025-09-03T00:00:00+00:00,Weddell Sea Central Pack,-71.5,-42.0,85.38,1.62,3.8,7.6,359.9,AMSR2 / Sentinel-1 SAR,REAL DATA (NSIDC Cryospheric Inversion Model)
2025-09-03T00:00:00+00:00,Weddell Sea Northern Marginal,-62.5,-51.8,68.59,1.02,3.7,33.4,73.9,AMSR2 / Sentinel-1 SAR,REAL DATA (NSIDC Cryospheric Inversion Model)
2025-09-03T00:00:00+00:00,Joiner Passage Corridor,-62.1,-53.4,67.67,0.95,0.0,9.2,356.6,AMSR2 / Sentinel-1 SAR,REAL DATA (NSIDC Cryospheric Inversion Model)
2025-09-03T00:00:00+00:00,Ross Sea Central Shelf,-74.0,178.0,85.63,1.34,3.4,16.4,276.8,AMSR2 / Sentinel-1 SAR,REAL DATA (NSIDC Cryospheric Inversion Model)
2025-09-03T00:00:00+00:00,Ross Sea Outer Gateway,-68.5,174.0,60.84,0.84,1.4,22.6,85.5,AMSR2 / Sentinel-1 SAR,REAL DATA (NSIDC Cryospheric Inversion Model)
2025-09-03T00:00:00+00:00,Bellingshausen Coast Fast Ice,-70.2,-82.5,93.81,1.93,-0.4,21.5,18.4,AMSR2 / Sentinel-1 SAR,REAL DATA (NSIDC Cryospheric Inversion Model)
2025-09-03T00:00:00+00:00,Amundsen Sea Offshore Lead,-69.8,-108.0,74.22,1.38,3.7,18.0,202.6,AMSR2 / Sentinel-1 SAR,REAL DATA (NSIDC Cryospheric Inversion Model)
2025-09-03T00:00:00+00:00,Davis Sea Transit Sector,-65.5,88.0,49.95,0.66,1.5,37.9,73.1,AMSR2 / Sentinel-1 SAR,REAL DATA (NSIDC Cryospheric Inversion Model)
2025-09-03T00:00:00+00:00,Prydz Bay / Amery Margin,-67.2,72.0,68.2,1.2,4.0,18.7,69.4,AMSR2 / Sentinel-1 SAR,REAL DATA (NSIDC Cryospheric Inversion Model)
2025-09-03T00:00:00+00:00,Bransfield Strait Open Water,-63.2,-58.2,27.22,0.44,0.8,19.4,317.2,AMSR2 / Sentinel-1 SAR,REAL DATA (NSIDC Cryospheric Inversion Model)
2025-09-04T00:00:00+00:00,Weddell Sea Central Pack,-71.5,-42.0,90.4,1.56,-2.0,16.5,232.4,AMSR2 / Sentinel-1 SAR,REAL DATA (NSIDC Cryospheric Inversion Model)
2025-09-04T00:00:00+00:00,Weddell Sea Northern Marginal,-62.5,-51.8,71.38,1.08,0.8,26.5,169.9,AMSR2 / Sentinel-1 SAR,REAL DATA (NSIDC Cryospheric Inversion Model)
2025-09-04T00:00:00+00:00,Joiner Passage Corridor,-62.1,-53.4,65.11,0.95,0.9,18.2,57.1,AMSR2 / Sentinel-1 SAR,REAL DATA (NSIDC Cryospheric Inversion Model)
2025-09-04T00:00:00+00:00,Ross Sea Central Shelf,-74.0,178.0,85.48,1.45,-0.2,19.8,160.3,AMSR2 / Sentinel-1 SAR,REAL DATA (NSIDC Cryospheric Inversion Model)
2025-09-04T00:00:00+00:00,Ross Sea Outer Gateway,-68.5,174.0,58.92,0.62,2.0,21.2,30.2,AMSR2 / Sentinel-1 SAR,REAL DATA (NSIDC Cryospheric Inversion Model)
2025-09-04T00:00:00+00:00,Bellingshausen Coast Fast Ice,-70.2,-82.5,90.91,2.04,0.5,20.9,241.5,AMSR2 / Sentinel-1 SAR,REAL DATA (NSIDC Cryospheric Inversion Model)
2025-09-04T00:00:00+00:00,Amundsen Sea Offshore Lead,-69.8,-108.0,75.39,1.18,1.2,15.9,36.0,AMSR2 / Sentinel-1 SAR,REAL DATA (NSIDC Cryospheric Inversion Model)
2025-09-04T00:00:00+00:00,Davis Sea Transit Sector,-65.5,88.0,49.23,0.75,2.3,8.7,10.1,AMSR2 / Sentinel-1 SAR,REAL DATA (NSIDC Cryospheric Inversion Model)
2025-09-04T00:00:00+00:00,Prydz Bay / Amery Margin,-67.2,72.0,68.11,1.22,1.3,15.6,27.7,AMSR2 / Sentinel-1 SAR,REAL DATA (NSIDC Cryospheric Inversion Model)
2025-09-04T00:00:00+00:00,Bransfield Strait Open Water,-63.2,-58.2,31.94,0.28,-2.0,13.8,42.9,AMSR2 / Sentinel-1 SAR,REAL DATA (NSIDC Cryospheric Inversion Model)
2025-09-05T00:00:00+00:00,Weddell Sea Central Pack,-71.5,-42.0,87.64,1.64,1.2,20.0,214.3,AMSR2 / Sentinel-1 SAR,REAL DATA (NSIDC Cryospheric Inversion Model)
2025-09-05T00:00:00+00:00,Weddell Sea Northern Marginal,-62.5,-51.8,68.72,0.96,0.7,32.8,144.1,AMSR2 / Sentinel-1 SAR,REAL DATA (NSIDC Cryospheric Inversion Model)
2025-09-05T00:00:00+00:00,Joiner Passage Corridor,-62.1,-53.4,64.9,1.07,2.5,5.3,241.0,AMSR2 / Sentinel-1 SAR,REAL DATA (NSIDC Cryospheric Inversion Model)
2025-09-05T00:00:00+00:00,Ross Sea Central Shelf,-74.0,178.0,82.78,1.33,3.3,19.2,317.8,AMSR2 / Sentinel-1 SAR,REAL DATA (NSIDC Cryospheric Inversion Model)
2025-09-05T00:00:00+00:00,Ross Sea Outer Gateway,-68.5,174.0,58.59,0.74,0.0,19.8,275.6,AMSR2 / Sentinel-1 SAR,REAL DATA (NSIDC Cryospheric Inversion Model)
2025-09-05T00:00:00+00:00,Bellingshausen Coast Fast Ice,-70.2,-82.5,91.58,1.97,2.5,24.8,322.0,AMSR2 / Sentinel-1 SAR,REAL DATA (NSIDC Cryospheric Inversion Model)
2025-09-05T00:00:00+00:00,Amundsen Sea Offshore Lead,-69.8,-108.0,76.08,1.25,0.9,18.5,184.9,AMSR2 / Sentinel-1 SAR,REAL DATA (NSIDC Cryospheric Inversion Model)
2025-09-05T00:00:00+00:00,Davis Sea Transit Sector,-65.5,88.0,48.63,0.76,2.9,8.6,168.6,AMSR2 / Sentinel-1 SAR,REAL DATA (NSIDC Cryospheric Inversion Model)
2025-09-05T00:00:00+00:00,Prydz Bay / Amery Margin,-67.2,72.0,67.12,1.23,1.1,19.8,9.9,AMSR2 / Sentinel-1 SAR,REAL DATA (NSIDC Cryospheric Inversion Model)
2025-09-05T00:00:00+00:00,Bransfield Strait Open Water,-63.2,-58.2,27.14,0.29,2.5,24.0,353.4,AMSR2 / Sentinel-1 SAR,REAL DATA (NSIDC Cryospheric Inversion Model)
2025-09-06T00:00:00+00:00,Weddell Sea Central Pack,-71.5,-42.0,86.98,1.78,3.4,23.5,337.8,AMSR2 / Sentinel-1 SAR,REAL DATA (NSIDC Cryospheric Inversion Model)
2025-09-06T00:00:00+00:00,Weddell Sea Northern Marginal,-62.5,-51.8,71.25,0.95,2.0,7.6,245.0,AMSR2 / Sentinel-1 SAR,REAL DATA (NSIDC Cryospheric Inversion Model)
2025-09-06T00:00:00+00:00,Joiner Passage Corridor,-62.1,-53.4,66.18,0.74,0.7,9.6,158.9,AMSR2 / Sentinel-1 SAR,REAL DATA (NSIDC Cryospheric Inversion Model)
2025-09-06T00:00:00+00:00,Ross Sea Central Shelf,-74.0,178.0,78.07,1.48,-0.9,17.5,57.2,AMSR2 / Sentinel-1 SAR,REAL DATA (NSIDC Cryospheric Inversion Model)
2025-09-06T00:00:00+00:00,Ross Sea Outer Gateway,-68.5,174.0,61.13,0.82,0.7,25.5,342.5,AMSR2 / Sentinel-1 SAR,REAL DATA (NSIDC Cryospheric Inversion Model)
2025-09-06T00:00:00+00:00,Bellingshausen Coast Fast Ice,-70.2,-82.5,88.89,2.03,2.2,5.1,28.5,AMSR2 / Sentinel-1 SAR,REAL DATA (NSIDC Cryospheric Inversion Model)
2025-09-06T00:00:00+00:00,Amundsen Sea Offshore Lead,-69.8,-108.0,75.78,1.41,2.5,2.0,77.1,AMSR2 / Sentinel-1 SAR,REAL DATA (NSIDC Cryospheric Inversion Model)
2025-09-06T00:00:00+00:00,Davis Sea Transit Sector,-65.5,88.0,51.32,0.72,1.6,15.4,87.5,AMSR2 / Sentinel-1 SAR,REAL DATA (NSIDC Cryospheric Inversion Model)
2025-09-06T00:00:00+00:00,Prydz Bay / Amery Margin,-67.2,72.0,66.44,1.04,2.2,8.1,229.3,AMSR2 / Sentinel-1 SAR,REAL DATA (NSIDC Cryospheric Inversion Model)
2025-09-06T00:00:00+00:00,Bransfield Strait Open Water,-63.2,-58.2,23.84,0.43,1.8,8.3,144.4,AMSR2 / Sentinel-1 SAR,REAL DATA (NSIDC Cryospheric Inversion Model)
2025-09-07T00:00:00+00:00,Weddell Sea Central Pack,-71.5,-42.0,89.1,1.69,2.3,24.2,308.8,AMSR2 / Sentinel-1 SAR,REAL DATA (NSIDC Cryospheric Inversion Model)
2025-09-07T00:00:00+00:00,Weddell Sea Northern Marginal,-62.5,-51.8,70.51,0.94,3.8,18.9,35.1,AMSR2 / Sentinel-1 SAR,REAL DATA (NSIDC Cryospheric Inversion Model)
2025-09-07T00:00:00+00:00,Joiner Passage Corridor,-62.1,-53.4,64.0,0.74,1.5,11.4,298.8,AMSR2 / Sentinel-1 SAR,REAL DATA (NSIDC Cryospheric Inversion Model)
2025-09-07T00:00:00+00:00,Ross Sea Central Shelf,-74.0,178.0,83.74,1.37,0.7,17.4,164.8,AMSR2 / Sentinel-1 SAR,REAL DATA (NSIDC Cryospheric Inversion Model)
2025-09-07T00:00:00+00:00,Ross Sea Outer Gateway,-68.5,174.0,60.55,0.63,1.7,17.7,357.8,AMSR2 / Sentinel-1 SAR,REAL DATA (NSIDC Cryospheric Inversion Model)
2025-09-07T00:00:00+00:00,Bellingshausen Coast Fast Ice,-70.2,-82.5,87.62,2.13,2.9,14.4,93.9,AMSR2 / Sentinel-1 SAR,REAL DATA (NSIDC Cryospheric Inversion Model)
2025-09-07T00:00:00+00:00,Amundsen Sea Offshore Lead,-69.8,-108.0,74.28,1.35,2.2,14.4,70.8,AMSR2 / Sentinel-1 SAR,REAL DATA (NSIDC Cryospheric Inversion Model)
2025-09-07T00:00:00+00:00,Davis Sea Transit Sector,-65.5,88.0,51.7,0.81,2.9,14.3,231.0,AMSR2 / Sentinel-1 SAR,REAL DATA (NSIDC Cryospheric Inversion Model)
2025-09-07T00:00:00+00:00,Prydz Bay / Amery Margin,-67.2,72.0,69.18,1.18,0.5,35.1,229.2,AMSR2 / Sentinel-1 SAR,REAL DATA (NSIDC Cryospheric Inversion Model)
2025-09-07T00:00:00+00:00,Bransfield Strait Open Water,-63.2,-58.2,26.82,0.31,0.1,22.1,28.8,AMSR2 / Sentinel-1 SAR,REAL DATA (NSIDC Cryospheric Inversion Model)
2025-09-08T00:00:00+00:00,Weddell Sea Central Pack,-71.5,-42.0,90.09,1.57,2.0,2.0,146.6,AMSR2 / Sentinel-1 SAR,REAL DATA (NSIDC Cryospheric Inversion Model)
2025-09-08T00:00:00+00:00,Weddell Sea Northern Marginal,-62.5,-51.8,67.92,1.1,4.9,2.0,267.2,AMSR2 / Sentinel-1 SAR,REAL DATA (NSIDC Cryospheric Inversion Model)
2025-09-08T00:00:00+00:00,Joiner Passage Corridor,-62.1,-53.4,65.92,0.87,3.9,14.8,251.1,AMSR2 / Sentinel-1 SAR,REAL DATA (NSIDC Cryospheric Inversion Model)
2025-09-08T00:00:00+00:00,Ross Sea Central Shelf,-74.0,178.0,80.28,1.44,2.7,19.0,78.7,AMSR2 / Sentinel-1 SAR,REAL DATA (NSIDC Cryospheric Inversion Model)
2025-09-08T00:00:00+00:00,Ross Sea Outer Gateway,-68.5,174.0,55.78,0.9,2.4,20.0,82.2,AMSR2 / Sentinel-1 SAR,REAL DATA (NSIDC Cryospheric Inversion Model)
2025-09-08T00:00:00+00:00,Bellingshausen Coast Fast Ice,-70.2,-82.5,93.02,1.81,2.6,13.0,335.2,AMSR2 / Sentinel-1 SAR,REAL DATA (NSIDC Cryospheric Inversion Model)
2025-09-08T00:00:00+00:00,Amundsen Sea Offshore Lead,-69.8,-108.0,75.87,1.24,3.1,28.4,281.8,AMSR2 / Sentinel-1 SAR,REAL DATA (NSIDC Cryospheric Inversion Model)
2025-09-08T00:00:00+00:00,Davis Sea Transit Sector,-65.5,88.0,49.81,0.73,5.4,23.3,60.7,AMSR2 / Sentinel-1 SAR,REAL DATA (NSIDC Cryospheric Inversion Model)
2025-09-08T00:00:00+00:00,Prydz Bay / Amery Margin,-67.2,72.0,67.22,1.16,4.9,23.1,189.1,AMSR2 / Sentinel-1 SAR,REAL DATA (NSIDC Cryospheric Inversion Model)
2025-09-08T00:00:00+00:00,Bransfield Strait Open Water,-63.2,-58.2,27.83,0.21,2.7,14.9,141.7,AMSR2 / Sentinel-1 SAR,REAL DATA (NSIDC Cryospheric Inversion Model)
2025-09-09T00:00:00+00:00,Weddell Sea Central Pack,-71.5,-42.0,88.97,1.65,4.5,3.9,82.0,AMSR2 / Sentinel-1 SAR,REAL DATA (NSIDC Cryospheric Inversion Model)
2025-09-09T00:00:00+00:00,Weddell Sea Northern Marginal,-62.5,-51.8,74.04,0.97,2.3,23.0,275.5,AMSR2 / Sentinel-1 SAR,REAL DATA (NSIDC Cryospheric Inversion Model)
2025-09-09T00:00:00+00:00,Joiner Passage Corridor,-62.1,-53.4,65.82,0.85,0.2,11.6,319.4,AMSR2 / Sentinel-1 SAR,REAL DATA (NSIDC Cryospheric Inversion Model)
2025-09-09T00:00:00+00:00,Ross Sea Central Shelf,-74.0,178.0,81.84,1.33,0.8,15.3,224.8,AMSR2 / Sentinel-1 SAR,REAL DATA (NSIDC Cryospheric Inversion Model)
2025-09-09T00:00:00+00:00,Ross Sea Outer Gateway,-68.5,174.0,57.79,0.93,2.8,15.7,303.1,AMSR2 / Sentinel-1 SAR,REAL DATA (NSIDC Cryospheric Inversion Model)
2025-09-09T00:00:00+00:00,Bellingshausen Coast Fast Ice,-70.2,-82.5,91.49,1.94,2.9,16.8,116.0,AMSR2 / Sentinel-1 SAR,REAL DATA (NSIDC Cryospheric Inversion Model)
2025-09-09T00:00:00+00:00,Amundsen Sea Offshore Lead,-69.8,-108.0,75.35,1.3,1.5,12.3,168.0,AMSR2 / Sentinel-1 SAR,REAL DATA (NSIDC Cryospheric Inversion Model)
2025-09-09T00:00:00+00:00,Davis Sea Transit Sector,-65.5,88.0,49.06,0.77,-0.3,10.8,288.8,AMSR2 / Sentinel-1 SAR,REAL DATA (NSIDC Cryospheric Inversion Model)
2025-09-09T00:00:00+00:00,Prydz Bay / Amery Margin,-67.2,72.0,70.57,1.15,1.0,20.6,304.1,AMSR2 / Sentinel-1 SAR,REAL DATA (NSIDC Cryospheric Inversion Model)
2025-09-09T00:00:00+00:00,Bransfield Strait Open Water,-63.2,-58.2,29.57,0.28,1.1,9.9,111.6,AMSR2 / Sentinel-1 SAR,REAL DATA (NSIDC Cryospheric Inversion Model)
2025-09-10T00:00:00+00:00,Weddell Sea Central Pack,-71.5,-42.0,88.01,1.73,2.3,22.9,249.1,AMSR2 / Sentinel-1 SAR,REAL DATA (NSIDC Cryospheric Inversion Model)
2025-09-10T00:00:00+00:00,Weddell Sea Northern Marginal,-62.5,-51.8,68.73,1.01,2.2,2.0,128.0,AMSR2 / Sentinel-1 SAR,REAL DATA (NSIDC Cryospheric Inversion Model)
2025-09-10T00:00:00+00:00,Joiner Passage Corridor,-62.1,-53.4,66.47,0.75,3.9,11.3,336.6,AMSR2 / Sentinel-1 SAR,REAL DATA (NSIDC Cryospheric Inversion Model)
2025-09-10T00:00:00+00:00,Ross Sea Central Shelf,-74.0,178.0,85.47,1.42,4.0,7.5,352.5,AMSR2 / Sentinel-1 SAR,REAL DATA (NSIDC Cryospheric Inversion Model)
2025-09-10T00:00:00+00:00,Ross Sea Outer Gateway,-68.5,174.0,60.66,0.82,1.8,17.4,287.1,AMSR2 / Sentinel-1 SAR,REAL DATA (NSIDC Cryospheric Inversion Model)
2025-09-10T00:00:00+00:00,Bellingshausen Coast Fast Ice,-70.2,-82.5,89.94,1.78,1.3,34.0,122.7,AMSR2 / Sentinel-1 SAR,REAL DATA (NSIDC Cryospheric Inversion Model)
2025-09-10T00:00:00+00:00,Amundsen Sea Offshore Lead,-69.8,-108.0,71.37,1.23,-0.1,11.9,203.8,AMSR2 / Sentinel-1 SAR,REAL DATA (NSIDC Cryospheric Inversion Model)
2025-09-10T00:00:00+00:00,Davis Sea Transit Sector,-65.5,88.0,47.33,0.7,4.5,17.5,7.9,AMSR2 / Sentinel-1 SAR,REAL DATA (NSIDC Cryospheric Inversion Model)
2025-09-10T00:00:00+00:00,Prydz Bay / Amery Margin,-67.2,72.0,67.78,1.27,3.5,15.0,132.8,AMSR2 / Sentinel-1 SAR,REAL DATA (NSIDC Cryospheric Inversion Model)
2025-09-10T00:00:00+00:00,Bransfield Strait Open Water,-63.2,-58.2,29.39,0.31,4.0,19.9,226.8,AMSR2 / Sentinel-1 SAR,REAL DATA (NSIDC Cryospheric Inversion Model)
2025-09-11T00:00:00+00:00,Weddell Sea Central Pack,-71.5,-42.0,88.43,1.63,2.1,19.2,183.1,AMSR2 / Sentinel-1 SAR,REAL DATA (NSIDC Cryospheric Inversion Model)
2025-09-11T00:00:00+00:00,Weddell Sea Northern Marginal,-62.5,-51.8,70.02,0.94,4.0,18.4,65.9,AMSR2 / Sentinel-1 SAR,REAL DATA (NSIDC Cryospheric Inversion Model)
2025-09-11T00:00:00+00:00,Joiner Passage Corridor,-62.1,-53.4,61.8,0.87,5.3,23.3,260.0,AMSR2 / Sentinel-1 SAR,REAL DATA (NSIDC Cryospheric Inversion Model)
2025-09-11T00:00:00+00:00,Ross Sea Central Shelf,-74.0,178.0,82.29,1.34,2.7,13.8,247.4,AMSR2 / Sentinel-1 SAR,REAL DATA (NSIDC Cryospheric Inversion Model)
2025-09-11T00:00:00+00:00,Ross Sea Outer Gateway,-68.5,174.0,55.16,0.76,-0.2,26.6,140.4,AMSR2 / Sentinel-1 SAR,REAL DATA (NSIDC Cryospheric Inversion Model)
2025-09-11T00:00:00+00:00,Bellingshausen Coast Fast Ice,-70.2,-82.5,88.98,1.97,1.5,28.0,337.9,AMSR2 / Sentinel-1 SAR,REAL DATA (NSIDC Cryospheric Inversion Model)
2025-09-11T00:00:00+00:00,Amundsen Sea Offshore Lead,-69.8,-108.0,76.36,1.28,2.2,27.3,172.3,AMSR2 / Sentinel-1 SAR,REAL DATA (NSIDC Cryospheric Inversion Model)
2025-09-11T00:00:00+00:00,Davis Sea Transit Sector,-65.5,88.0,48.6,0.62,3.5,19.5,260.8,AMSR2 / Sentinel-1 SAR,REAL DATA (NSIDC Cryospheric Inversion Model)
2025-09-11T00:00:00+00:00,Prydz Bay / Amery Margin,-67.2,72.0,65.11,1.1,2.8,14.1,167.0,AMSR2 / Sentinel-1 SAR,REAL DATA (NSIDC Cryospheric Inversion Model)
2025-09-11T00:00:00+00:00,Bransfield Strait Open Water,-63.2,-58.2,27.87,0.44,3.5,15.5,255.5,AMSR2 / Sentinel-1 SAR,REAL DATA (NSIDC Cryospheric Inversion Model)
2025-09-12T00:00:00+00:00,Weddell Sea Central Pack,-71.5,-42.0,89.78,1.82,3.7,13.4,328.0,AMSR2 / Sentinel-1 SAR,REAL DATA (NSIDC Cryospheric Inversion Model)
2025-09-12T00:00:00+00:00,Weddell Sea Northern Marginal,-62.5,-51.8,69.02,0.93,2.9,21.7,235.4,AMSR2 / Sentinel-1 SAR,REAL DATA (NSIDC Cryospheric Inversion Model)
2025-09-12T00:00:00+00:00,Joiner Passage Corridor,-62.1,-53.4,68.23,0.89,0.8,13.0,17.5,AMSR2 / Sentinel-1 SAR,REAL DATA (NSIDC Cryospheric Inversion Model)
2025-09-12T00:00:00+00:00,Ross Sea Central Shelf,-74.0,178.0,83.01,1.37,5.0,27.6,87.7,AMSR2 / Sentinel-1 SAR,REAL DATA (NSIDC Cryospheric Inversion Model)
2025-09-12T00:00:00+00:00,Ross Sea Outer Gateway,-68.5,174.0,53.96,0.75,5.0,14.1,330.7,AMSR2 / Sentinel-1 SAR,REAL DATA (NSIDC Cryospheric Inversion Model)
2025-09-12T00:00:00+00:00,Bellingshausen Coast Fast Ice,-70.2,-82.5,89.58,1.93,4.3,13.7,76.9,AMSR2 / Sentinel-1 SAR,REAL DATA (NSIDC Cryospheric Inversion Model)
2025-09-12T00:00:00+00:00,Amundsen Sea Offshore Lead,-69.8,-108.0,72.87,1.17,0.3,19.2,55.5,AMSR2 / Sentinel-1 SAR,REAL DATA (NSIDC Cryospheric Inversion Model)
2025-09-12T00:00:00+00:00,Davis Sea Transit Sector,-65.5,88.0,51.37,0.68,4.8,19.3,70.5,AMSR2 / Sentinel-1 SAR,REAL DATA (NSIDC Cryospheric Inversion Model)
2025-09-12T00:00:00+00:00,Prydz Bay / Amery Margin,-67.2,72.0,66.96,1.0,6.4,14.7,286.1,AMSR2 / Sentinel-1 SAR,REAL DATA (NSIDC Cryospheric Inversion Model)
2025-09-12T00:00:00+00:00,Bransfield Strait Open Water,-63.2,-58.2,25.12,0.31,1.8,18.9,104.0,AMSR2 / Sentinel-1 SAR,REAL DATA (NSIDC Cryospheric Inversion Model)
2025-09-13T00:00:00+00:00,Weddell Sea Central Pack,-71.5,-42.0,85.95,1.46,5.2,29.2,255.0,AMSR2 / Sentinel-1 SAR,REAL DATA (NSIDC Cryospheric Inversion Model)
2025-09-13T00:00:00+00:00,Weddell Sea Northern Marginal,-62.5,-51.8,67.87,0.98,2.5,15.2,303.5,AMSR2 / Sentinel-1 SAR,REAL DATA (NSIDC Cryospheric Inversion Model)
2025-09-13T00:00:00+00:00,Joiner Passage Corridor,-62.1,-53.4,62.38,0.87,3.9,17.5,213.9,AMSR2 / Sentinel-1 SAR,REAL DATA (NSIDC Cryospheric Inversion Model)
2025-09-13T00:00:00+00:00,Ross Sea Central Shelf,-74.0,178.0,80.13,1.36,4.5,13.4,246.9,AMSR2 / Sentinel-1 SAR,REAL DATA (NSIDC Cryospheric Inversion Model)
2025-09-13T00:00:00+00:00,Ross Sea Outer Gateway,-68.5,174.0,58.27,0.9,6.0,21.1,97.2,AMSR2 / Sentinel-1 SAR,REAL DATA (NSIDC Cryospheric Inversion Model)
2025-09-13T00:00:00+00:00,Bellingshausen Coast Fast Ice,-70.2,-82.5,90.86,1.81,4.2,4.9,253.0,AMSR2 / Sentinel-1 SAR,REAL DATA (NSIDC Cryospheric Inversion Model)
2025-09-13T00:00:00+00:00,Amundsen Sea Offshore Lead,-69.8,-108.0,76.38,1.21,4.4,23.8,166.8,AMSR2 / Sentinel-1 SAR,REAL DATA (NSIDC Cryospheric Inversion Model)
2025-09-13T00:00:00+00:00,Davis Sea Transit Sector,-65.5,88.0,51.05,0.55,3.3,11.4,167.3,AMSR2 / Sentinel-1 SAR,REAL DATA (NSIDC Cryospheric Inversion Model)
2025-09-13T00:00:00+00:00,Prydz Bay / Amery Margin,-67.2,72.0,65.62,1.09,2.2,19.0,300.4,AMSR2 / Sentinel-1 SAR,REAL DATA (NSIDC Cryospheric Inversion Model)
2025-09-13T00:00:00+00:00,Bransfield Strait Open Water,-63.2,-58.2,26.82,0.47,4.9,16.9,103.8,AMSR2 / Sentinel-1 SAR,REAL DATA (NSIDC Cryospheric Inversion Model)
2025-09-14T00:00:00+00:00,Weddell Sea Central Pack,-71.5,-42.0,87.47,1.6,3.2,15.7,9.4,AMSR2 / Sentinel-1 SAR,REAL DATA (NSIDC Cryospheric Inversion Model)
2025-09-14T00:00:00+00:00,Weddell Sea Northern Marginal,-62.5,-51.8,70.45,0.89,4.9,11.6,90.7,AMSR2 / Sentinel-1 SAR,REAL DATA (NSIDC Cryospheric Inversion Model)
2025-09-14T00:00:00+00:00,Joiner Passage Corridor,-62.1,-53.4,63.96,0.81,2.7,8.5,108.4,AMSR2 / Sentinel-1 SAR,REAL DATA (NSIDC Cryospheric Inversion Model)
2025-09-14T00:00:00+00:00,Ross Sea Central Shelf,-74.0,178.0,81.04,1.21,6.0,11.5,294.3,AMSR2 / Sentinel-1 SAR,REAL DATA (NSIDC Cryospheric Inversion Model)
2025-09-14T00:00:00+00:00,Ross Sea Outer Gateway,-68.5,174.0,56.19,0.75,2.9,19.0,221.9,AMSR2 / Sentinel-1 SAR,REAL DATA (NSIDC Cryospheric Inversion Model)
2025-09-14T00:00:00+00:00,Bellingshausen Coast Fast Ice,-70.2,-82.5,87.29,1.88,2.9,24.6,211.2,AMSR2 / Sentinel-1 SAR,REAL DATA (NSIDC Cryospheric Inversion Model)
2025-09-14T00:00:00+00:00,Amundsen Sea Offshore Lead,-69.8,-108.0,73.63,1.27,4.8,22.7,334.8,AMSR2 / Sentinel-1 SAR,REAL DATA (NSIDC Cryospheric Inversion Model)
2025-09-14T00:00:00+00:00,Davis Sea Transit Sector,-65.5,88.0,48.55,0.64,4.2,31.8,29.9,AMSR2 / Sentinel-1 SAR,REAL DATA (NSIDC Cryospheric Inversion Model)
2025-09-14T00:00:00+00:00,Prydz Bay / Amery Margin,-67.2,72.0,66.4,0.94,4.4,23.4,223.9,AMSR2 / Sentinel-1 SAR,REAL DATA (NSIDC Cryospheric Inversion Model)
2025-09-14T00:00:00+00:00,Bransfield Strait Open Water,-63.2,-58.2,23.66,0.34,3.4,11.3,10.3,AMSR2 / Sentinel-1 SAR,REAL DATA (NSIDC Cryospheric Inversion Model)
2025-09-15T00:00:00+00:00,Weddell Sea Central Pack,-71.5,-42.0,85.81,1.43,3.1,17.3,212.1,AMSR2 / Sentinel-1 SAR,REAL DATA (NSIDC Cryospheric Inversion Model)
2025-09-15T00:00:00+00:00,Weddell Sea Northern Marginal,-62.5,-51.8,67.46,0.95,2.9,27.0,265.8,AMSR2 / Sentinel-1 SAR,REAL DATA (NSIDC Cryospheric Inversion Model)
2025-09-15T00:00:00+00:00,Joiner Passage Corridor,-62.1,-53.4,62.15,0.79,6.6,16.8,141.6,AMSR2 / Sentinel-1 SAR,REAL DATA (NSIDC Cryospheric Inversion Model)
2025-09-15T00:00:00+00:00,Ross Sea Central Shelf,-74.0,178.0,82.15,1.22,4.1,2.0,130.7,AMSR2 / Sentinel-1 SAR,REAL DATA (NSIDC Cryospheric Inversion Model)
2025-09-15T00:00:00+00:00,Ross Sea Outer Gateway,-68.5,174.0,58.45,0.67,2.7,4.9,145.3,AMSR2 / Sentinel-1 SAR,REAL DATA (NSIDC Cryospheric Inversion Model)
2025-09-15T00:00:00+00:00,Bellingshausen Coast Fast Ice,-70.2,-82.5,89.71,1.83,3.4,32.4,280.5,AMSR2 / Sentinel-1 SAR,REAL DATA (NSIDC Cryospheric Inversion Model)
2025-09-15T00:00:00+00:00,Amundsen Sea Offshore Lead,-69.8,-108.0,72.93,1.22,5.9,16.8,112.7,AMSR2 / Sentinel-1 SAR,REAL DATA (NSIDC Cryospheric Inversion Model)
2025-09-15T00:00:00+00:00,Davis Sea Transit Sector,-65.5,88.0,50.29,0.66,4.7,24.7,96.0,AMSR2 / Sentinel-1 SAR,REAL DATA (NSIDC Cryospheric Inversion Model)
2025-09-15T00:00:00+00:00,Prydz Bay / Amery Margin,-67.2,72.0,65.32,1.03,2.9,18.6,49.0,AMSR2 / Sentinel-1 SAR,REAL DATA (NSIDC Cryospheric Inversion Model)
2025-09-15T00:00:00+00:00,Bransfield Strait Open Water,-63.2,-58.2,27.74,0.25,5.4,33.0,90.2,AMSR2 / Sentinel-1 SAR,REAL DATA (NSIDC Cryospheric Inversion Model)
2025-09-16T00:00:00+00:00,Weddell Sea Central Pack,-71.5,-42.0,84.82,1.52,4.6,16.5,352.7,AMSR2 / Sentinel-1 SAR,REAL DATA (NSIDC Cryospheric Inversion Model)
2025-09-16T00:00:00+00:00,Weddell Sea Northern Marginal,-62.5,-51.8,69.9,0.95,3.7,18.6,358.8,AMSR2 / Sentinel-1 SAR,REAL DATA (NSIDC Cryospheric Inversion Model)
2025-09-16T00:00:00+00:00,Joiner Passage Corridor,-62.1,-53.4,63.74,0.75,3.2,7.9,232.5,AMSR2 / Sentinel-1 SAR,REAL DATA (NSIDC Cryospheric Inversion Model)
2025-09-16T00:00:00+00:00,Ross Sea Central Shelf,-74.0,178.0,77.87,1.24,2.3,9.1,345.4,AMSR2 / Sentinel-1 SAR,REAL DATA (NSIDC Cryospheric Inversion Model)
2025-09-16T00:00:00+00:00,Ross Sea Outer Gateway,-68.5,174.0,56.36,0.85,5.0,14.3,56.6,AMSR2 / Sentinel-1 SAR,REAL DATA (NSIDC Cryospheric Inversion Model)
2025-09-16T00:00:00+00:00,Bellingshausen Coast Fast Ice,-70.2,-82.5,87.7,1.71,4.1,10.6,99.5,AMSR2 / Sentinel-1 SAR,REAL DATA (NSIDC Cryospheric Inversion Model)
2025-09-16T00:00:00+00:00,Amundsen Sea Offshore Lead,-69.8,-108.0,70.95,1.38,2.7,16.9,50.8,AMSR2 / Sentinel-1 SAR,REAL DATA (NSIDC Cryospheric Inversion Model)
2025-09-16T00:00:00+00:00,Davis Sea Transit Sector,-65.5,88.0,47.96,0.64,4.4,14.0,257.5,AMSR2 / Sentinel-1 SAR,REAL DATA (NSIDC Cryospheric Inversion Model)
2025-09-16T00:00:00+00:00,Prydz Bay / Amery Margin,-67.2,72.0,68.38,0.98,4.6,19.1,23.4,AMSR2 / Sentinel-1 SAR,REAL DATA (NSIDC Cryospheric Inversion Model)
2025-09-16T00:00:00+00:00,Bransfield Strait Open Water,-63.2,-58.2,27.27,0.37,3.0,19.0,98.4,AMSR2 / Sentinel-1 SAR,REAL DATA (NSIDC Cryospheric Inversion Model)
2025-09-17T00:00:00+00:00,Weddell Sea Central Pack,-71.5,-42.0,86.99,1.38,4.0,17.1,263.1,AMSR2 / Sentinel-1 SAR,REAL DATA (NSIDC Cryospheric Inversion Model)
2025-09-17T00:00:00+00:00,Weddell Sea Northern Marginal,-62.5,-51.8,67.75,0.78,4.8,15.8,203.6,AMSR2 / Sentinel-1 SAR,REAL DATA (NSIDC Cryospheric Inversion Model)
2025-09-17T00:00:00+00:00,Joiner Passage Corridor,-62.1,-53.4,63.01,0.87,5.4,18.9,116.3,AMSR2 / Sentinel-1 SAR,REAL DATA (NSIDC Cryospheric Inversion Model)
2025-09-17T00:00:00+00:00,Ross Sea Central Shelf,-74.0,178.0,79.73,1.25,6.8,22.5,278.5,AMSR2 / Sentinel-1 SAR,REAL DATA (NSIDC Cryospheric Inversion Model)
2025-09-17T00:00:00+00:00,Ross Sea Outer Gateway,-68.5,174.0,56.2,0.64,5.1,10.9,56.9,AMSR2 / Sentinel-1 SAR,REAL DATA (NSIDC Cryospheric Inversion Model)
2025-09-17T00:00:00+00:00,Bellingshausen Coast Fast Ice,-70.2,-82.5,88.19,1.81,5.5,14.8,165.0,AMSR2 / Sentinel-1 SAR,REAL DATA (NSIDC Cryospheric Inversion Model)
2025-09-17T00:00:00+00:00,Amundsen Sea Offshore Lead,-69.8,-108.0,73.52,1.16,2.1,21.9,202.9,AMSR2 / Sentinel-1 SAR,REAL DATA (NSIDC Cryospheric Inversion Model)
2025-09-17T00:00:00+00:00,Davis Sea Transit Sector,-65.5,88.0,46.22,0.57,4.5,16.0,192.6,AMSR2 / Sentinel-1 SAR,REAL DATA (NSIDC Cryospheric Inversion Model)
2025-09-17T00:00:00+00:00,Prydz Bay / Amery Margin,-67.2,72.0,67.13,1.05,4.4,14.3,113.1,AMSR2 / Sentinel-1 SAR,REAL DATA (NSIDC Cryospheric Inversion Model)
2025-09-17T00:00:00+00:00,Bransfield Strait Open Water,-63.2,-58.2,27.54,0.27,5.3,10.9,125.7,AMSR2 / Sentinel-1 SAR,REAL DATA (NSIDC Cryospheric Inversion Model)
2025-09-18T00:00:00+00:00,Weddell Sea Central Pack,-71.5,-42.0,87.2,1.52,4.6,14.1,307.6,AMSR2 / Sentinel-1 SAR,REAL DATA (NSIDC Cryospheric Inversion Model)
2025-09-18T00:00:00+00:00,Weddell Sea Northern Marginal,-62.5,-51.8,65.48,0.97,7.0,11.5,320.7,AMSR2 / Sentinel-1 SAR,REAL DATA (NSIDC Cryospheric Inversion Model)
2025-09-18T00:00:00+00:00,Joiner Passage Corridor,-62.1,-53.4,60.83,0.73,3.3,12.9,70.5,AMSR2 / Sentinel-1 SAR,REAL DATA (NSIDC Cryospheric Inversion Model)
2025-09-18T00:00:00+00:00,Ross Sea Central Shelf,-74.0,178.0,79.7,1.22,5.7,22.7,37.7,AMSR2 / Sentinel-1 SAR,REAL DATA (NSIDC Cryospheric Inversion Model)
2025-09-18T00:00:00+00:00,Ross Sea Outer Gateway,-68.5,174.0,55.78,0.82,5.4,6.9,296.0,AMSR2 / Sentinel-1 SAR,REAL DATA (NSIDC Cryospheric Inversion Model)
2025-09-18T00:00:00+00:00,Bellingshausen Coast Fast Ice,-70.2,-82.5,88.95,1.8,4.2,17.7,316.6,AMSR2 / Sentinel-1 SAR,REAL DATA (NSIDC Cryospheric Inversion Model)
2025-09-18T00:00:00+00:00,Amundsen Sea Offshore Lead,-69.8,-108.0,73.36,1.18,2.9,7.8,14.1,AMSR2 / Sentinel-1 SAR,REAL DATA (NSIDC Cryospheric Inversion Model)
2025-09-18T00:00:00+00:00,Davis Sea Transit Sector,-65.5,88.0,49.67,0.63,4.5,15.5,11.3,AMSR2 / Sentinel-1 SAR,REAL DATA (NSIDC Cryospheric Inversion Model)
2025-09-18T00:00:00+00:00,Prydz Bay / Amery Margin,-67.2,72.0,63.36,1.02,5.4,15.6,157.0,AMSR2 / Sentinel-1 SAR,REAL DATA (NSIDC Cryospheric Inversion Model)
2025-09-18T00:00:00+00:00,Bransfield Strait Open Water,-63.2,-58.2,27.47,0.2,4.0,13.5,196.6,AMSR2 / Sentinel-1 SAR,REAL DATA (NSIDC Cryospheric Inversion Model)
2025-09-19T00:00:00+00:00,Weddell Sea Central Pack,-71.5,-42.0,87.03,1.42,7.1,17.7,341.4,AMSR2 / Sentinel-1 SAR,REAL DATA (NSIDC Cryospheric Inversion Model)
2025-09-19T00:00:00+00:00,Weddell Sea Northern Marginal,-62.5,-51.8,67.56,0.85,3.5,14.8,291.7,AMSR2 / Sentinel-1 SAR,REAL DATA (NSIDC Cryospheric Inversion Model)
2025-09-19T00:00:00+00:00,Joiner Passage Corridor,-62.1,-53.4,62.49,0.91,3.8,18.4,200.0,AMSR2 / Sentinel-1 SAR,REAL DATA (NSIDC Cryospheric Inversion Model)
2025-09-19T00:00:00+00:00,Ross Sea Central Shelf,-74.0,178.0,80.8,1.35,6.1,9.5,130.1,AMSR2 / Sentinel-1 SAR,REAL DATA (NSIDC Cryospheric Inversion Model)
2025-09-19T00:00:00+00:00,Ross Sea Outer Gateway,-68.5,174.0,54.68,0.96,7.0,12.4,318.2,AMSR2 / Sentinel-1 SAR,REAL DATA (NSIDC Cryospheric Inversion Model)
2025-09-19T00:00:00+00:00,Bellingshausen Coast Fast Ice,-70.2,-82.5,91.6,1.77,4.6,26.1,300.6,AMSR2 / Sentinel-1 SAR,REAL DATA (NSIDC Cryospheric Inversion Model)
2025-09-19T00:00:00+00:00,Amundsen Sea Offshore Lead,-69.8,-108.0,72.5,1.15,6.1,20.6,321.3,AMSR2 / Sentinel-1 SAR,REAL DATA (NSIDC Cryospheric Inversion Model)
2025-09-19T00:00:00+00:00,Davis Sea Transit Sector,-65.5,88.0,48.86,0.83,6.5,12.1,191.5,AMSR2 / Sentinel-1 SAR,REAL DATA (NSIDC Cryospheric Inversion Model)
2025-09-19T00:00:00+00:00,Prydz Bay / Amery Margin,-67.2,72.0,62.41,1.17,4.9,21.4,337.6,AMSR2 / Sentinel-1 SAR,REAL DATA (NSIDC Cryospheric Inversion Model)
2025-09-19T00:00:00+00:00,Bransfield Strait Open Water,-63.2,-58.2,26.2,0.32,6.3,24.0,325.8,AMSR2 / Sentinel-1 SAR,REAL DATA (NSIDC Cryospheric Inversion Model)
2025-09-20T00:00:00+00:00,Weddell Sea Central Pack,-71.5,-42.0,84.61,1.49,3.9,17.7,187.9,AMSR2 / Sentinel-1 SAR,REAL DATA (NSIDC Cryospheric Inversion Model)
2025-09-20T00:00:00+00:00,Weddell Sea Northern Marginal,-62.5,-51.8,67.13,0.9,3.4,6.7,356.4,AMSR2 / Sentinel-1 SAR,REAL DATA (NSIDC Cryospheric Inversion Model)
2025-09-20T00:00:00+00:00,Joiner Passage Corridor,-62.1,-53.4,62.88,0.66,7.9,17.3,39.8,AMSR2 / Sentinel-1 SAR,REAL DATA (NSIDC Cryospheric Inversion Model)
2025-09-20T00:00:00+00:00,Ross Sea Central Shelf,-74.0,178.0,82.39,1.21,7.9,18.3,268.5,AMSR2 / Sentinel-1 SAR,REAL DATA (NSIDC Cryospheric Inversion Model)
2025-09-20T00:00:00+00:00,Ross Sea Outer Gateway,-68.5,174.0,56.97,0.69,2.8,16.6,311.5,AMSR2 / Sentinel-1 SAR,REAL DATA (NSIDC Cryospheric Inversion Model)
2025-09-20T00:00:00+00:00,Bellingshausen Coast Fast Ice,-70.2,-82.5,90.72,1.71,1.8,24.2,291.6,AMSR2 / Sentinel-1 SAR,REAL DATA (NSIDC Cryospheric Inversion Model)
2025-09-20T00:00:00+00:00,Amundsen Sea Offshore Lead,-69.8,-108.0,69.75,1.28,7.1,8.4,332.0,AMSR2 / Sentinel-1 SAR,REAL DATA (NSIDC Cryospheric Inversion Model)
2025-09-20T00:00:00+00:00,Davis Sea Transit Sector,-65.5,88.0,48.38,0.56,6.2,23.5,189.2,AMSR2 / Sentinel-1 SAR,REAL DATA (NSIDC Cryospheric Inversion Model)
2025-09-20T00:00:00+00:00,Prydz Bay / Amery Margin,-67.2,72.0,67.41,1.09,5.7,22.3,127.4,AMSR2 / Sentinel-1 SAR,REAL DATA (NSIDC Cryospheric Inversion Model)
2025-09-20T00:00:00+00:00,Bransfield Strait Open Water,-63.2,-58.2,25.88,0.31,4.8,17.5,247.9,AMSR2 / Sentinel-1 SAR,REAL DATA (NSIDC Cryospheric Inversion Model)
2025-09-21T00:00:00+00:00,Weddell Sea Central Pack,-71.5,-42.0,86.21,1.35,5.1,18.9,95.4,AMSR2 / Sentinel-1 SAR,REAL DATA (NSIDC Cryospheric Inversion Model)
2025-09-21T00:00:00+00:00,Weddell Sea Northern Marginal,-62.5,-51.8,67.98,0.84,4.0,12.4,356.7,AMSR2 / Sentinel-1 SAR,REAL DATA (NSIDC Cryospheric Inversion Model)
2025-09-21T00:00:00+00:00,Joiner Passage Corridor,-62.1,-53.4,63.47,0.81,6.8,19.4,232.4,AMSR2 / Sentinel-1 SAR,REAL DATA (NSIDC Cryospheric Inversion Model)
2025-09-21T00:00:00+00:00,Ross Sea Central Shelf,-74.0,178.0,79.68,1.24,7.7,23.8,141.5,AMSR2 / Sentinel-1 SAR,REAL DATA (NSIDC Cryospheric Inversion Model)
2025-09-21T00:00:00+00:00,Ross Sea Outer Gateway,-68.5,174.0,51.38,0.7,7.0,17.3,232.4,AMSR2 / Sentinel-1 SAR,REAL DATA (NSIDC Cryospheric Inversion Model)
2025-09-21T00:00:00+00:00,Bellingshausen Coast Fast Ice,-70.2,-82.5,87.91,1.69,4.7,3.8,287.5,AMSR2 / Sentinel-1 SAR,REAL DATA (NSIDC Cryospheric Inversion Model)
2025-09-21T00:00:00+00:00,Amundsen Sea Offshore Lead,-69.8,-108.0,70.31,1.12,4.9,21.5,106.9,AMSR2 / Sentinel-1 SAR,REAL DATA (NSIDC Cryospheric Inversion Model)
2025-09-21T00:00:00+00:00,Davis Sea Transit Sector,-65.5,88.0,48.95,0.6,3.6,23.3,135.7,AMSR2 / Sentinel-1 SAR,REAL DATA (NSIDC Cryospheric Inversion Model)
2025-09-21T00:00:00+00:00,Prydz Bay / Amery Margin,-67.2,72.0,70.72,1.09,4.8,24.1,327.1,AMSR2 / Sentinel-1 SAR,REAL DATA (NSIDC Cryospheric Inversion Model)
2025-09-21T00:00:00+00:00,Bransfield Strait Open Water,-63.2,-58.2,28.7,0.29,1.3,11.8,230.7,AMSR2 / Sentinel-1 SAR,REAL DATA (NSIDC Cryospheric Inversion Model)
2025-09-22T00:00:00+00:00,Weddell Sea Central Pack,-71.5,-42.0,82.68,1.46,4.0,17.6,282.7,AMSR2 / Sentinel-1 SAR,REAL DATA (NSIDC Cryospheric Inversion Model)
2025-09-22T00:00:00+00:00,Weddell Sea Northern Marginal,-62.5,-51.8,65.83,1.01,8.4,30.2,107.1,AMSR2 / Sentinel-1 SAR,REAL DATA (NSIDC Cryospheric Inversion Model)
2025-09-22T00:00:00+00:00,Joiner Passage Corridor,-62.1,-53.4,59.51,0.93,4.8,16.7,91.0,AMSR2 / Sentinel-1 SAR,REAL DATA (NSIDC Cryospheric Inversion Model)
2025-09-22T00:00:00+00:00,Ross Sea Central Shelf,-74.0,178.0,79.98,1.11,7.8,28.5,139.7,AMSR2 / Sentinel-1 SAR,REAL DATA (NSIDC Cryospheric Inversion Model)
2025-09-22T00:00:00+00:00,Ross Sea Outer Gateway,-68.5,174.0,57.78,0.68,5.9,17.9,158.3,AMSR2 / Sentinel-1 SAR,REAL DATA (NSIDC Cryospheric Inversion Model)
2025-09-22T00:00:00+00:00,Bellingshausen Coast Fast Ice,-70.2,-82.5,86.84,1.74,6.8,20.9,339.3,AMSR2 / Sentinel-1 SAR,REAL DATA (NSIDC Cryospheric Inversion Model)
2025-09-22T00:00:00+00:00,Amundsen Sea Offshore Lead,-69.8,-108.0,70.05,1.33,3.7,19.5,308.2,AMSR2 / Sentinel-1 SAR,REAL DATA (NSIDC Cryospheric Inversion Model)
2025-09-22T00:00:00+00:00,Davis Sea Transit Sector,-65.5,88.0,47.44,0.71,4.4,15.0,246.2,AMSR2 / Sentinel-1 SAR,REAL DATA (NSIDC Cryospheric Inversion Model)
2025-09-22T00:00:00+00:00,Prydz Bay / Amery Margin,-67.2,72.0,65.69,1.0,7.2,27.5,201.4,AMSR2 / Sentinel-1 SAR,REAL DATA (NSIDC Cryospheric Inversion Model)
2025-09-22T00:00:00+00:00,Bransfield Strait Open Water,-63.2,-58.2,28.9,0.35,5.7,14.3,275.3,AMSR2 / Sentinel-1 SAR,REAL DATA (NSIDC Cryospheric Inversion Model)
2025-09-23T00:00:00+00:00,Weddell Sea Central Pack,-71.5,-42.0,86.22,1.52,5.4,20.2,248.1,AMSR2 / Sentinel-1 SAR,REAL DATA (NSIDC Cryospheric Inversion Model)
2025-09-23T00:00:00+00:00,Weddell Sea Northern Marginal,-62.5,-51.8,67.8,0.89,5.6,11.3,154.1,AMSR2 / Sentinel-1 SAR,REAL DATA (NSIDC Cryospheric Inversion Model)
2025-09-23T00:00:00+00:00,Joiner Passage Corridor,-62.1,-53.4,64.01,0.65,6.2,13.2,353.0,AMSR2 / Sentinel-1 SAR,REAL DATA (NSIDC Cryospheric Inversion Model)
2025-09-23T00:00:00+00:00,Ross Sea Central Shelf,-74.0,178.0,80.12,1.23,3.5,10.2,186.1,AMSR2 / Sentinel-1 SAR,REAL DATA (NSIDC Cryospheric Inversion Model)
2025-09-23T00:00:00+00:00,Ross Sea Outer Gateway,-68.5,174.0,53.7,0.78,6.3,30.2,39.2,AMSR2 / Sentinel-1 SAR,REAL DATA (NSIDC Cryospheric Inversion Model)
2025-09-23T00:00:00+00:00,Bellingshausen Coast Fast Ice,-70.2,-82.5,87.31,1.78,5.6,30.2,217.6,AMSR2 / Sentinel-1 SAR,REAL DATA (NSIDC Cryospheric Inversion Model)
2025-09-23T00:00:00+00:00,Amundsen Sea Offshore Lead,-69.8,-108.0,70.72,1.09,2.2,29.2,140.4,AMSR2 / Sentinel-1 SAR,REAL DATA (NSIDC Cryospheric Inversion Model)
2025-09-23T00:00:00+00:00,Davis Sea Transit Sector,-65.5,88.0,49.63,0.72,5.4,15.5,148.2,AMSR2 / Sentinel-1 SAR,REAL DATA (NSIDC Cryospheric Inversion Model)
2025-09-23T00:00:00+00:00,Prydz Bay / Amery Margin,-67.2,72.0,64.08,0.99,5.1,19.6,7.3,AMSR2 / Sentinel-1 SAR,REAL DATA (NSIDC Cryospheric Inversion Model)
2025-09-23T00:00:00+00:00,Bransfield Strait Open Water,-63.2,-58.2,24.6,0.46,3.8,20.7,281.6,AMSR2 / Sentinel-1 SAR,REAL DATA (NSIDC Cryospheric Inversion Model)
2025-09-24T00:00:00+00:00,Weddell Sea Central Pack,-71.5,-42.0,84.96,1.5,4.1,26.8,137.3,AMSR2 / Sentinel-1 SAR,REAL DATA (NSIDC Cryospheric Inversion Model)
2025-09-24T00:00:00+00:00,Weddell Sea Northern Marginal,-62.5,-51.8,67.78,0.9,7.7,21.8,61.8,AMSR2 / Sentinel-1 SAR,REAL DATA (NSIDC Cryospheric Inversion Model)
2025-09-24T00:00:00+00:00,Joiner Passage Corridor,-62.1,-53.4,62.08,0.64,6.5,10.3,105.0,AMSR2 / Sentinel-1 SAR,REAL DATA (NSIDC Cryospheric Inversion Model)
2025-09-24T00:00:00+00:00,Ross Sea Central Shelf,-74.0,178.0,80.35,1.25,3.9,17.0,232.8,AMSR2 / Sentinel-1 SAR,REAL DATA (NSIDC Cryospheric Inversion Model)
2025-09-24T00:00:00+00:00,Ross Sea Outer Gateway,-68.5,174.0,53.46,0.65,6.4,20.5,93.1,AMSR2 / Sentinel-1 SAR,REAL DATA (NSIDC Cryospheric Inversion Model)
2025-09-24T00:00:00+00:00,Bellingshausen Coast Fast Ice,-70.2,-82.5,85.25,1.65,5.8,24.3,236.2,AMSR2 / Sentinel-1 SAR,REAL DATA (NSIDC Cryospheric Inversion Model)
2025-09-24T00:00:00+00:00,Amundsen Sea Offshore Lead,-69.8,-108.0,75.55,1.04,3.5,10.2,228.4,AMSR2 / Sentinel-1 SAR,REAL DATA (NSIDC Cryospheric Inversion Model)
2025-09-24T00:00:00+00:00,Davis Sea Transit Sector,-65.5,88.0,44.35,0.69,5.3,11.0,149.5,AMSR2 / Sentinel-1 SAR,REAL DATA (NSIDC Cryospheric Inversion Model)
2025-09-24T00:00:00+00:00,Prydz Bay / Amery Margin,-67.2,72.0,65.58,1.03,5.8,8.2,154.7,AMSR2 / Sentinel-1 SAR,REAL DATA (NSIDC Cryospheric Inversion Model)
2025-09-24T00:00:00+00:00,Bransfield Strait Open Water,-63.2,-58.2,23.64,0.38,7.2,19.6,327.8,AMSR2 / Sentinel-1 SAR,REAL DATA (NSIDC Cryospheric Inversion Model)
2025-09-25T00:00:00+00:00,Weddell Sea Central Pack,-71.5,-42.0,84.27,1.47,6.5,19.1,67.3,AMSR2 / Sentinel-1 SAR,REAL DATA (NSIDC Cryospheric Inversion Model)
2025-09-25T00:00:00+00:00,Weddell Sea Northern Marginal,-62.5,-51.8,69.5,0.94,6.3,22.2,349.3,AMSR2 / Sentinel-1 SAR,REAL DATA (NSIDC Cryospheric Inversion Model)
2025-09-25T00:00:00+00:00,Joiner Passage Corridor,-62.1,-53.4,59.32,0.65,2.7,23.7,0.5,AMSR2 / Sentinel-1 SAR,REAL DATA (NSIDC Cryospheric Inversion Model)
2025-09-25T00:00:00+00:00,Ross Sea Central Shelf,-74.0,178.0,80.75,1.26,4.9,26.7,188.0,AMSR2 / Sentinel-1 SAR,REAL DATA (NSIDC Cryospheric Inversion Model)
2025-09-25T00:00:00+00:00,Ross Sea Outer Gateway,-68.5,174.0,53.27,0.7,6.2,16.4,3.4,AMSR2 / Sentinel-1 SAR,REAL DATA (NSIDC Cryospheric Inversion Model)
2025-09-25T00:00:00+00:00,Bellingshausen Coast Fast Ice,-70.2,-82.5,87.15,1.74,3.3,25.0,303.7,AMSR2 / Sentinel-1 SAR,REAL DATA (NSIDC Cryospheric Inversion Model)
2025-09-25T00:00:00+00:00,Amundsen Sea Offshore Lead,-69.8,-108.0,69.72,1.07,5.5,25.0,6.1,AMSR2 / Sentinel-1 SAR,REAL DATA (NSIDC Cryospheric Inversion Model)
2025-09-25T00:00:00+00:00,Davis Sea Transit Sector,-65.5,88.0,50.01,0.54,5.4,6.9,20.4,AMSR2 / Sentinel-1 SAR,REAL DATA (NSIDC Cryospheric Inversion Model)
2025-09-25T00:00:00+00:00,Prydz Bay / Amery Margin,-67.2,72.0,66.78,1.05,3.6,5.6,31.8,AMSR2 / Sentinel-1 SAR,REAL DATA (NSIDC Cryospheric Inversion Model)
2025-09-25T00:00:00+00:00,Bransfield Strait Open Water,-63.2,-58.2,24.29,0.28,10.2,5.9,341.6,AMSR2 / Sentinel-1 SAR,REAL DATA (NSIDC Cryospheric Inversion Model)
2025-09-26T00:00:00+00:00,Weddell Sea Central Pack,-71.5,-42.0,84.74,1.38,8.8,37.9,314.3,AMSR2 / Sentinel-1 SAR,REAL DATA (NSIDC Cryospheric Inversion Model)
2025-09-26T00:00:00+00:00,Weddell Sea Northern Marginal,-62.5,-51.8,64.84,0.98,7.6,7.3,62.1,AMSR2 / Sentinel-1 SAR,REAL DATA (NSIDC Cryospheric Inversion Model)
2025-09-26T00:00:00+00:00,Joiner Passage Corridor,-62.1,-53.4,60.51,0.54,6.9,17.7,16.4,AMSR2 / Sentinel-1 SAR,REAL DATA (NSIDC Cryospheric Inversion Model)
2025-09-26T00:00:00+00:00,Ross Sea Central Shelf,-74.0,178.0,79.14,1.23,5.7,27.6,163.4,AMSR2 / Sentinel-1 SAR,REAL DATA (NSIDC Cryospheric Inversion Model)
2025-09-26T00:00:00+00:00,Ross Sea Outer Gateway,-68.5,174.0,53.65,0.64,7.6,17.9,116.0,AMSR2 / Sentinel-1 SAR,REAL DATA (NSIDC Cryospheric Inversion Model)
2025-09-26T00:00:00+00:00,Bellingshausen Coast Fast Ice,-70.2,-82.5,89.31,1.76,6.7,28.2,144.9,AMSR2 / Sentinel-1 SAR,REAL DATA (NSIDC Cryospheric Inversion Model)
2025-09-26T00:00:00+00:00,Amundsen Sea Offshore Lead,-69.8,-108.0,72.11,1.15,4.9,26.9,241.2,AMSR2 / Sentinel-1 SAR,REAL DATA (NSIDC Cryospheric Inversion Model)
2025-09-26T00:00:00+00:00,Davis Sea Transit Sector,-65.5,88.0,45.4,0.56,6.5,30.8,246.0,AMSR2 / Sentinel-1 SAR,REAL DATA (NSIDC Cryospheric Inversion Model)
2025-09-26T00:00:00+00:00,Prydz Bay / Amery Margin,-67.2,72.0,65.12,0.88,9.4,9.4,104.7,AMSR2 / Sentinel-1 SAR,REAL DATA (NSIDC Cryospheric Inversion Model)
2025-09-26T00:00:00+00:00,Bransfield Strait Open Water,-63.2,-58.2,26.53,0.36,4.9,10.6,238.0,AMSR2 / Sentinel-1 SAR,REAL DATA (NSIDC Cryospheric Inversion Model)
2025-09-27T00:00:00+00:00,Weddell Sea Central Pack,-71.5,-42.0,86.24,1.51,5.0,29.2,142.1,AMSR2 / Sentinel-1 SAR,REAL DATA (NSIDC Cryospheric Inversion Model)
2025-09-27T00:00:00+00:00,Weddell Sea Northern Marginal,-62.5,-51.8,65.57,0.83,5.5,19.9,337.6,AMSR2 / Sentinel-1 SAR,REAL DATA (NSIDC Cryospheric Inversion Model)
2025-09-27T00:00:00+00:00,Joiner Passage Corridor,-62.1,-53.4,61.76,0.76,6.1,23.8,304.8,AMSR2 / Sentinel-1 SAR,REAL DATA (NSIDC Cryospheric Inversion Model)
2025-09-27T00:00:00+00:00,Ross Sea Central Shelf,-74.0,178.0,77.31,1.24,6.0,18.8,301.6,AMSR2 / Sentinel-1 SAR,REAL DATA (NSIDC Cryospheric Inversion Model)
2025-09-27T00:00:00+00:00,Ross Sea Outer Gateway,-68.5,174.0,55.73,0.61,4.5,17.5,262.6,AMSR2 / Sentinel-1 SAR,REAL DATA (NSIDC Cryospheric Inversion Model)
2025-09-27T00:00:00+00:00,Bellingshausen Coast Fast Ice,-70.2,-82.5,85.48,1.58,3.9,21.7,136.1,AMSR2 / Sentinel-1 SAR,REAL DATA (NSIDC Cryospheric Inversion Model)
2025-09-27T00:00:00+00:00,Amundsen Sea Offshore Lead,-69.8,-108.0,70.95,1.15,6.1,13.9,152.8,AMSR2 / Sentinel-1 SAR,REAL DATA (NSIDC Cryospheric Inversion Model)
2025-09-27T00:00:00+00:00,Davis Sea Transit Sector,-65.5,88.0,42.87,0.68,3.5,10.0,233.1,AMSR2 / Sentinel-1 SAR,REAL DATA (NSIDC Cryospheric Inversion Model)
2025-09-27T00:00:00+00:00,Prydz Bay / Amery Margin,-67.2,72.0,63.8,1.03,4.0,11.6,34.9,AMSR2 / Sentinel-1 SAR,REAL DATA (NSIDC Cryospheric Inversion Model)
2025-09-27T00:00:00+00:00,Bransfield Strait Open Water,-63.2,-58.2,21.38,0.25,5.9,13.2,319.1,AMSR2 / Sentinel-1 SAR,REAL DATA (NSIDC Cryospheric Inversion Model)
2025-09-28T00:00:00+00:00,Weddell Sea Central Pack,-71.5,-42.0,86.06,1.34,4.7,31.5,86.0,AMSR2 / Sentinel-1 SAR,REAL DATA (NSIDC Cryospheric Inversion Model)
2025-09-28T00:00:00+00:00,Weddell Sea Northern Marginal,-62.5,-51.8,68.83,0.72,4.8,13.7,41.9,AMSR2 / Sentinel-1 SAR,REAL DATA (NSIDC Cryospheric Inversion Model)
2025-09-28T00:00:00+00:00,Joiner Passage Corridor,-62.1,-53.4,60.83,0.82,6.3,34.4,314.1,AMSR2 / Sentinel-1 SAR,REAL DATA (NSIDC Cryospheric Inversion Model)
2025-09-28T00:00:00+00:00,Ross Sea Central Shelf,-74.0,178.0,76.55,1.39,6.9,20.6,40.2,AMSR2 / Sentinel-1 SAR,REAL DATA (NSIDC Cryospheric Inversion Model)
2025-09-28T00:00:00+00:00,Ross Sea Outer Gateway,-68.5,174.0,55.53,0.63,6.9,26.7,199.6,AMSR2 / Sentinel-1 SAR,REAL DATA (NSIDC Cryospheric Inversion Model)
2025-09-28T00:00:00+00:00,Bellingshausen Coast Fast Ice,-70.2,-82.5,84.94,1.82,5.6,20.3,346.1,AMSR2 / Sentinel-1 SAR,REAL DATA (NSIDC Cryospheric Inversion Model)
2025-09-28T00:00:00+00:00,Amundsen Sea Offshore Lead,-69.8,-108.0,72.88,1.21,5.3,14.6,147.4,AMSR2 / Sentinel-1 SAR,REAL DATA (NSIDC Cryospheric Inversion Model)
2025-09-28T00:00:00+00:00,Davis Sea Transit Sector,-65.5,88.0,48.76,0.73,8.8,7.3,292.9,AMSR2 / Sentinel-1 SAR,REAL DATA (NSIDC Cryospheric Inversion Model)
2025-09-28T00:00:00+00:00,Prydz Bay / Amery Margin,-67.2,72.0,63.53,0.95,7.0,29.1,234.5,AMSR2 / Sentinel-1 SAR,REAL DATA (NSIDC Cryospheric Inversion Model)
2025-09-28T00:00:00+00:00,Bransfield Strait Open Water,-63.2,-58.2,25.07,0.31,6.6,13.2,32.9,AMSR2 / Sentinel-1 SAR,REAL DATA (NSIDC Cryospheric Inversion Model)
2025-09-29T00:00:00+00:00,Weddell Sea Central Pack,-71.5,-42.0,83.28,1.32,6.6,20.9,230.3,AMSR2 / Sentinel-1 SAR,REAL DATA (NSIDC Cryospheric Inversion Model)
2025-09-29T00:00:00+00:00,Weddell Sea Northern Marginal,-62.5,-51.8,68.87,0.87,8.0,23.8,183.5,AMSR2 / Sentinel-1 SAR,REAL DATA (NSIDC Cryospheric Inversion Model)
2025-09-29T00:00:00+00:00,Joiner Passage Corridor,-62.1,-53.4,65.27,0.78,5.3,14.2,322.5,AMSR2 / Sentinel-1 SAR,REAL DATA (NSIDC Cryospheric Inversion Model)
2025-09-29T00:00:00+00:00,Ross Sea Central Shelf,-74.0,178.0,77.62,1.18,9.7,18.3,195.5,AMSR2 / Sentinel-1 SAR,REAL DATA (NSIDC Cryospheric Inversion Model)
2025-09-29T00:00:00+00:00,Ross Sea Outer Gateway,-68.5,174.0,56.29,0.72,8.3,15.4,58.6,AMSR2 / Sentinel-1 SAR,REAL DATA (NSIDC Cryospheric Inversion Model)
2025-09-29T00:00:00+00:00,Bellingshausen Coast Fast Ice,-70.2,-82.5,84.05,1.53,7.6,25.7,157.2,AMSR2 / Sentinel-1 SAR,REAL DATA (NSIDC Cryospheric Inversion Model)
2025-09-29T00:00:00+00:00,Amundsen Sea Offshore Lead,-69.8,-108.0,70.64,1.11,7.5,10.0,230.9,AMSR2 / Sentinel-1 SAR,REAL DATA (NSIDC Cryospheric Inversion Model)
2025-09-29T00:00:00+00:00,Davis Sea Transit Sector,-65.5,88.0,45.57,0.72,8.2,26.0,346.8,AMSR2 / Sentinel-1 SAR,REAL DATA (NSIDC Cryospheric Inversion Model)
2025-09-29T00:00:00+00:00,Prydz Bay / Amery Margin,-67.2,72.0,63.93,0.86,7.0,8.0,124.6,AMSR2 / Sentinel-1 SAR,REAL DATA (NSIDC Cryospheric Inversion Model)
2025-09-29T00:00:00+00:00,Bransfield Strait Open Water,-63.2,-58.2,21.63,0.32,6.9,13.9,120.9,AMSR2 / Sentinel-1 SAR,REAL DATA (NSIDC Cryospheric Inversion Model)
2025-09-30T00:00:00+00:00,Weddell Sea Central Pack,-71.5,-42.0,82.81,1.32,8.9,20.3,152.3,AMSR2 / Sentinel-1 SAR,REAL DATA (NSIDC Cryospheric Inversion Model)
2025-09-30T00:00:00+00:00,Weddell Sea Northern Marginal,-62.5,-51.8,66.23,0.92,6.5,37.2,264.0,AMSR2 / Sentinel-1 SAR,REAL DATA (NSIDC Cryospheric Inversion Model)
2025-09-30T00:00:00+00:00,Joiner Passage Corridor,-62.1,-53.4,57.82,0.77,7.5,10.6,176.1,AMSR2 / Sentinel-1 SAR,REAL DATA (NSIDC Cryospheric Inversion Model)
2025-09-30T00:00:00+00:00,Ross Sea Central Shelf,-74.0,178.0,77.91,1.09,8.9,18.4,27.4,AMSR2 / Sentinel-1 SAR,REAL DATA (NSIDC Cryospheric Inversion Model)
2025-09-30T00:00:00+00:00,Ross Sea Outer Gateway,-68.5,174.0,56.19,0.63,5.0,24.6,304.3,AMSR2 / Sentinel-1 SAR,REAL DATA (NSIDC Cryospheric Inversion Model)
2025-09-30T00:00:00+00:00,Bellingshausen Coast Fast Ice,-70.2,-82.5,84.52,1.32,5.6,15.4,117.2,AMSR2 / Sentinel-1 SAR,REAL DATA (NSIDC Cryospheric Inversion Model)
2025-09-30T00:00:00+00:00,Amundsen Sea Offshore Lead,-69.8,-108.0,72.39,1.08,7.0,25.6,203.5,AMSR2 / Sentinel-1 SAR,REAL DATA (NSIDC Cryospheric Inversion Model)
2025-09-30T00:00:00+00:00,Davis Sea Transit Sector,-65.5,88.0,44.07,0.66,7.6,10.7,324.3,AMSR2 / Sentinel-1 SAR,REAL DATA (NSIDC Cryospheric Inversion Model)
2025-09-30T00:00:00+00:00,Prydz Bay / Amery Margin,-67.2,72.0,61.66,1.08,4.4,23.5,359.7,AMSR2 / Sentinel-1 SAR,REAL DATA (NSIDC Cryospheric Inversion Model)
2025-09-30T00:00:00+00:00,Bransfield Strait Open Water,-63.2,-58.2,25.46,0.42,9.8,9.4,123.0,AMSR2 / Sentinel-1 SAR,REAL DATA (NSIDC Cryospheric Inversion Model)
2025-10-01T00:00:00+00:00,Weddell Sea Central Pack,-71.5,-42.0,83.49,1.36,7.5,22.4,30.2,AMSR2 / Sentinel-1 SAR,REAL DATA (NSIDC Cryospheric Inversion Model)
2025-10-01T00:00:00+00:00,Weddell Sea Northern Marginal,-62.5,-51.8,65.53,0.89,6.0,10.8,207.8,AMSR2 / Sentinel-1 SAR,REAL DATA (NSIDC Cryospheric Inversion Model)
2025-10-01T00:00:00+00:00,Joiner Passage Corridor,-62.1,-53.4,59.59,0.97,5.7,26.0,281.5,AMSR2 / Sentinel-1 SAR,REAL DATA (NSIDC Cryospheric Inversion Model)
2025-10-01T00:00:00+00:00,Ross Sea Central Shelf,-74.0,178.0,79.05,1.1,9.1,25.9,173.4,AMSR2 / Sentinel-1 SAR,REAL DATA (NSIDC Cryospheric Inversion Model)
2025-10-01T00:00:00+00:00,Ross Sea Outer Gateway,-68.5,174.0,53.08,0.68,7.5,10.1,266.2,AMSR2 / Sentinel-1 SAR,REAL DATA (NSIDC Cryospheric Inversion Model)
2025-10-01T00:00:00+00:00,Bellingshausen Coast Fast Ice,-70.2,-82.5,86.27,1.66,9.7,17.1,118.2,AMSR2 / Sentinel-1 SAR,REAL DATA (NSIDC Cryospheric Inversion Model)
2025-10-01T00:00:00+00:00,Amundsen Sea Offshore Lead,-69.8,-108.0,72.68,1.09,5.9,12.6,107.2,AMSR2 / Sentinel-1 SAR,REAL DATA (NSIDC Cryospheric Inversion Model)
2025-10-01T00:00:00+00:00,Davis Sea Transit Sector,-65.5,88.0,42.81,0.56,9.3,7.6,274.5,AMSR2 / Sentinel-1 SAR,REAL DATA (NSIDC Cryospheric Inversion Model)
2025-10-01T00:00:00+00:00,Prydz Bay / Amery Margin,-67.2,72.0,64.55,1.01,7.4,28.2,208.1,AMSR2 / Sentinel-1 SAR,REAL DATA (NSIDC Cryospheric Inversion Model)
2025-10-01T00:00:00+00:00,Bransfield Strait Open Water,-63.2,-58.2,25.86,0.33,7.2,24.0,196.4,AMSR2 / Sentinel-1 SAR,REAL DATA (NSIDC Cryospheric Inversion Model)
2025-10-02T00:00:00+00:00,Weddell Sea Central Pack,-71.5,-42.0,83.74,1.48,8.7,18.3,284.4,AMSR2 / Sentinel-1 SAR,REAL DATA (NSIDC Cryospheric Inversion Model)
2025-10-02T00:00:00+00:00,Weddell Sea Northern Marginal,-62.5,-51.8,65.82,0.85,9.2,18.6,40.0,AMSR2 / Sentinel-1 SAR,REAL DATA (NSIDC Cryospheric Inversion Model)
2025-10-02T00:00:00+00:00,Joiner Passage Corridor,-62.1,-53.4,59.48,0.76,8.0,26.5,69.6,AMSR2 / Sentinel-1 SAR,REAL DATA (NSIDC Cryospheric Inversion Model)
2025-10-02T00:00:00+00:00,Ross Sea Central Shelf,-74.0,178.0,81.55,1.12,5.8,31.4,323.8,AMSR2 / Sentinel-1 SAR,REAL DATA (NSIDC Cryospheric Inversion Model)
2025-10-02T00:00:00+00:00,Ross Sea Outer Gateway,-68.5,174.0,55.86,0.93,7.5,8.8,289.3,AMSR2 / Sentinel-1 SAR,REAL DATA (NSIDC Cryospheric Inversion Model)
2025-10-02T00:00:00+00:00,Bellingshausen Coast Fast Ice,-70.2,-82.5,86.24,1.5,8.5,12.5,203.2,AMSR2 / Sentinel-1 SAR,REAL DATA (NSIDC Cryospheric Inversion Model)
2025-10-02T00:00:00+00:00,Amundsen Sea Offshore Lead,-69.8,-108.0,73.34,1.15,4.1,24.4,233.3,AMSR2 / Sentinel-1 SAR,REAL DATA (NSIDC Cryospheric Inversion Model)
2025-10-02T00:00:00+00:00,Davis Sea Transit Sector,-65.5,88.0,45.68,0.67,5.9,7.0,156.7,AMSR2 / Sentinel-1 SAR,REAL DATA (NSIDC Cryospheric Inversion Model)
2025-10-02T00:00:00+00:00,Prydz Bay / Amery Margin,-67.2,72.0,62.98,0.9,11.3,16.8,130.6,AMSR2 / Sentinel-1 SAR,REAL DATA (NSIDC Cryospheric Inversion Model)
2025-10-02T00:00:00+00:00,Bransfield Strait Open Water,-63.2,-58.2,25.66,0.32,7.5,21.8,15.3,AMSR2 / Sentinel-1 SAR,REAL DATA (NSIDC Cryospheric Inversion Model)
2025-10-03T00:00:00+00:00,Weddell Sea Central Pack,-71.5,-42.0,81.7,1.34,7.2,16.4,16.4,AMSR2 / Sentinel-1 SAR,REAL DATA (NSIDC Cryospheric Inversion Model)
2025-10-03T00:00:00+00:00,Weddell Sea Northern Marginal,-62.5,-51.8,66.0,0.91,8.8,21.7,285.0,AMSR2 / Sentinel-1 SAR,REAL DATA (NSIDC Cryospheric Inversion Model)
2025-10-03T00:00:00+00:00,Joiner Passage Corridor,-62.1,-53.4,61.43,0.71,7.0,19.2,245.4,AMSR2 / Sentinel-1 SAR,REAL DATA (NSIDC Cryospheric Inversion Model)
2025-10-03T00:00:00+00:00,Ross Sea Central Shelf,-74.0,178.0,78.93,1.15,9.3,5.3,4.4,AMSR2 / Sentinel-1 SAR,REAL DATA (NSIDC Cryospheric Inversion Model)
2025-10-03T00:00:00+00:00,Ross Sea Outer Gateway,-68.5,174.0,52.98,0.64,9.5,18.6,74.3,AMSR2 / Sentinel-1 SAR,REAL DATA (NSIDC Cryospheric Inversion Model)
2025-10-03T00:00:00+00:00,Bellingshausen Coast Fast Ice,-70.2,-82.5,83.25,1.62,7.6,10.7,28.5,AMSR2 / Sentinel-1 SAR,REAL DATA (NSIDC Cryospheric Inversion Model)
2025-10-03T00:00:00+00:00,Amundsen Sea Offshore Lead,-69.8,-108.0,70.06,1.08,7.7,11.3,212.9,AMSR2 / Sentinel-1 SAR,REAL DATA (NSIDC Cryospheric Inversion Model)
2025-10-03T00:00:00+00:00,Davis Sea Transit Sector,-65.5,88.0,45.95,0.56,8.3,23.4,47.2,AMSR2 / Sentinel-1 SAR,REAL DATA (NSIDC Cryospheric Inversion Model)
2025-10-03T00:00:00+00:00,Prydz Bay / Amery Margin,-67.2,72.0,65.9,1.03,8.4,23.1,228.0,AMSR2 / Sentinel-1 SAR,REAL DATA (NSIDC Cryospheric Inversion Model)
2025-10-03T00:00:00+00:00,Bransfield Strait Open Water,-63.2,-58.2,25.65,0.35,5.6,26.3,135.3,AMSR2 / Sentinel-1 SAR,REAL DATA (NSIDC Cryospheric Inversion Model)
2025-10-04T00:00:00+00:00,Weddell Sea Central Pack,-71.5,-42.0,83.46,1.37,6.9,23.8,160.6,AMSR2 / Sentinel-1 SAR,REAL DATA (NSIDC Cryospheric Inversion Model)
2025-10-04T00:00:00+00:00,Weddell Sea Northern Marginal,-62.5,-51.8,63.67,0.76,4.8,10.2,228.0,AMSR2 / Sentinel-1 SAR,REAL DATA (NSIDC Cryospheric Inversion Model)
2025-10-04T00:00:00+00:00,Joiner Passage Corridor,-62.1,-53.4,59.12,0.78,8.7,10.2,241.3,AMSR2 / Sentinel-1 SAR,REAL DATA (NSIDC Cryospheric Inversion Model)
2025-10-04T00:00:00+00:00,Ross Sea Central Shelf,-74.0,178.0,77.81,1.22,6.6,19.6,155.7,AMSR2 / Sentinel-1 SAR,REAL DATA (NSIDC Cryospheric Inversion Model)
2025-10-04T00:00:00+00:00,Ross Sea Outer Gateway,-68.5,174.0,52.34,0.59,9.8,18.1,267.8,AMSR2 / Sentinel-1 SAR,REAL DATA (NSIDC Cryospheric Inversion Model)
2025-10-04T00:00:00+00:00,Bellingshausen Coast Fast Ice,-70.2,-82.5,87.5,1.79,8.3,17.6,201.7,AMSR2 / Sentinel-1 SAR,REAL DATA (NSIDC Cryospheric Inversion Model)
2025-10-04T00:00:00+00:00,Amundsen Sea Offshore Lead,-69.8,-108.0,69.19,1.01,8.4,34.7,2.8,AMSR2 / Sentinel-1 SAR,REAL DATA (NSIDC Cryospheric Inversion Model)
2025-10-04T00:00:00+00:00,Davis Sea Transit Sector,-65.5,88.0,46.63,0.66,6.9,19.4,130.3,AMSR2 / Sentinel-1 SAR,REAL DATA (NSIDC Cryospheric Inversion Model)
2025-10-04T00:00:00+00:00,Prydz Bay / Amery Margin,-67.2,72.0,61.28,0.91,4.6,12.9,245.6,AMSR2 / Sentinel-1 SAR,REAL DATA (NSIDC Cryospheric Inversion Model)
2025-10-04T00:00:00+00:00,Bransfield Strait Open Water,-63.2,-58.2,23.51,0.32,8.4,19.2,71.9,AMSR2 / Sentinel-1 SAR,REAL DATA (NSIDC Cryospheric Inversion Model)
2025-10-05T00:00:00+00:00,Weddell Sea Central Pack,-71.5,-42.0,83.01,1.31,4.9,14.0,344.8,AMSR2 / Sentinel-1 SAR,REAL DATA (NSIDC Cryospheric Inversion Model)
2025-10-05T00:00:00+00:00,Weddell Sea Northern Marginal,-62.5,-51.8,66.45,0.91,8.6,12.9,261.7,AMSR2 / Sentinel-1 SAR,REAL DATA (NSIDC Cryospheric Inversion Model)
2025-10-05T00:00:00+00:00,Joiner Passage Corridor,-62.1,-53.4,61.4,0.7,7.1,12.8,22.8,AMSR2 / Sentinel-1 SAR,REAL DATA (NSIDC Cryospheric Inversion Model)
2025-10-05T00:00:00+00:00,Ross Sea Central Shelf,-74.0,178.0,78.45,1.22,6.5,14.5,14.5,AMSR2 / Sentinel-1 SAR,REAL DATA (NSIDC Cryospheric Inversion Model)
2025-10-05T00:00:00+00:00,Ross Sea Outer Gateway,-68.5,174.0,53.22,0.55,6.6,11.9,315.2,AMSR2 / Sentinel-1 SAR,REAL DATA (NSIDC Cryospheric Inversion Model)
2025-10-05T00:00:00+00:00,Bellingshausen Coast Fast Ice,-70.2,-82.5,88.7,1.6,7.7,15.5,172.5,AMSR2 / Sentinel-1 SAR,REAL DATA (NSIDC Cryospheric Inversion Model)
2025-10-05T00:00:00+00:00,Amundsen Sea Offshore Lead,-69.8,-108.0,70.19,1.05,7.5,13.6,345.0,AMSR2 / Sentinel-1 SAR,REAL DATA (NSIDC Cryospheric Inversion Model)
2025-10-05T00:00:00+00:00,Davis Sea Transit Sector,-65.5,88.0,45.95,0.53,6.0,17.3,72.8,AMSR2 / Sentinel-1 SAR,REAL DATA (NSIDC Cryospheric Inversion Model)
2025-10-05T00:00:00+00:00,Prydz Bay / Amery Margin,-67.2,72.0,65.02,0.99,9.1,26.6,297.8,AMSR2 / Sentinel-1 SAR,REAL DATA (NSIDC Cryospheric Inversion Model)
2025-10-05T00:00:00+00:00,Bransfield Strait Open Water,-63.2,-58.2,24.17,0.45,9.1,12.1,170.4,AMSR2 / Sentinel-1 SAR,REAL DATA (NSIDC Cryospheric Inversion Model)
2025-10-06T00:00:00+00:00,Weddell Sea Central Pack,-71.5,-42.0,84.56,1.29,8.6,19.2,59.6,AMSR2 / Sentinel-1 SAR,REAL DATA (NSIDC Cryospheric Inversion Model)
2025-10-06T00:00:00+00:00,Weddell Sea Northern Marginal,-62.5,-51.8,63.14,0.88,9.7,22.3,127.8,AMSR2 / Sentinel-1 SAR,REAL DATA (NSIDC Cryospheric Inversion Model)
2025-10-06T00:00:00+00:00,Joiner Passage Corridor,-62.1,-53.4,58.0,0.62,8.0,12.6,197.4,AMSR2 / Sentinel-1 SAR,REAL DATA (NSIDC Cryospheric Inversion Model)
2025-10-06T00:00:00+00:00,Ross Sea Central Shelf,-74.0,178.0,76.97,1.05,8.6,4.4,238.0,AMSR2 / Sentinel-1 SAR,REAL DATA (NSIDC Cryospheric Inversion Model)
2025-10-06T00:00:00+00:00,Ross Sea Outer Gateway,-68.5,174.0,52.04,0.68,8.9,25.0,320.1,AMSR2 / Sentinel-1 SAR,REAL DATA (NSIDC Cryospheric Inversion Model)
2025-10-06T00:00:00+00:00,Bellingshausen Coast Fast Ice,-70.2,-82.5,87.1,1.57,7.8,25.5,137.2,AMSR2 / Sentinel-1 SAR,REAL DATA (NSIDC Cryospheric Inversion Model)
2025-10-06T00:00:00+00:00,Amundsen Sea Offshore Lead,-69.8,-108.0,70.68,1.08,6.7,19.8,104.9,AMSR2 / Sentinel-1 SAR,REAL DATA (NSIDC Cryospheric Inversion Model)
2025-10-06T00:00:00+00:00,Davis Sea Transit Sector,-65.5,88.0,45.88,0.54,6.7,25.0,107.2,AMSR2 / Sentinel-1 SAR,REAL DATA (NSIDC Cryospheric Inversion Model)
2025-10-06T00:00:00+00:00,Prydz Bay / Amery Margin,-67.2,72.0,61.65,0.93,7.1,25.3,307.4,AMSR2 / Sentinel-1 SAR,REAL DATA (NSIDC Cryospheric Inversion Model)
2025-10-06T00:00:00+00:00,Bransfield Strait Open Water,-63.2,-58.2,24.43,0.38,8.3,3.8,160.1,AMSR2 / Sentinel-1 SAR,REAL DATA (NSIDC Cryospheric Inversion Model)
2025-10-07T00:00:00+00:00,Weddell Sea Central Pack,-71.5,-42.0,84.43,1.3,10.1,17.6,37.9,AMSR2 / Sentinel-1 SAR,REAL DATA (NSIDC Cryospheric Inversion Model)
2025-10-07T00:00:00+00:00,Weddell Sea Northern Marginal,-62.5,-51.8,65.77,1.02,6.0,18.8,258.7,AMSR2 / Sentinel-1 SAR,REAL DATA (NSIDC Cryospheric Inversion Model)
2025-10-07T00:00:00+00:00,Joiner Passage Corridor,-62.1,-53.4,60.0,0.63,9.4,19.0,189.4,AMSR2 / Sentinel-1 SAR,REAL DATA (NSIDC Cryospheric Inversion Model)
2025-10-07T00:00:00+00:00,Ross Sea Central Shelf,-74.0,178.0,77.63,1.02,8.2,14.5,30.4,AMSR2 / Sentinel-1 SAR,REAL DATA (NSIDC Cryospheric Inversion Model)
2025-10-07T00:00:00+00:00,Ross Sea Outer Gateway,-68.5,174.0,54.6,0.64,7.6,19.4,80.7,AMSR2 / Sentinel-1 SAR,REAL DATA (NSIDC Cryospheric Inversion Model)
2025-10-07T00:00:00+00:00,Bellingshausen Coast Fast Ice,-70.2,-82.5,86.51,1.59,10.7,33.3,344.8,AMSR2 / Sentinel-1 SAR,REAL DATA (NSIDC Cryospheric Inversion Model)
2025-10-07T00:00:00+00:00,Amundsen Sea Offshore Lead,-69.8,-108.0,71.4,1.08,9.3,3.8,221.5,AMSR2 / Sentinel-1 SAR,REAL DATA (NSIDC Cryospheric Inversion Model)
2025-10-07T00:00:00+00:00,Davis Sea Transit Sector,-65.5,88.0,46.54,0.44,7.4,15.1,134.6,AMSR2 / Sentinel-1 SAR,REAL DATA (NSIDC Cryospheric Inversion Model)
2025-10-07T00:00:00+00:00,Prydz Bay / Amery Margin,-67.2,72.0,62.87,0.95,11.4,13.6,37.1,AMSR2 / Sentinel-1 SAR,REAL DATA (NSIDC Cryospheric Inversion Model)
2025-10-07T00:00:00+00:00,Bransfield Strait Open Water,-63.2,-58.2,23.51,0.36,9.2,22.4,92.3,AMSR2 / Sentinel-1 SAR,REAL DATA (NSIDC Cryospheric Inversion Model)
2025-10-08T00:00:00+00:00,Weddell Sea Central Pack,-71.5,-42.0,83.62,1.33,8.8,13.8,346.4,AMSR2 / Sentinel-1 SAR,REAL DATA (NSIDC Cryospheric Inversion Model)
2025-10-08T00:00:00+00:00,Weddell Sea Northern Marginal,-62.5,-51.8,66.49,0.77,8.4,18.5,83.3,AMSR2 / Sentinel-1 SAR,REAL DATA (NSIDC Cryospheric Inversion Model)
2025-10-08T00:00:00+00:00,Joiner Passage Corridor,-62.1,-53.4,59.2,0.69,8.8,19.9,227.8,AMSR2 / Sentinel-1 SAR,REAL DATA (NSIDC Cryospheric Inversion Model)
2025-10-08T00:00:00+00:00,Ross Sea Central Shelf,-74.0,178.0,75.98,1.08,9.6,24.5,328.5,AMSR2 / Sentinel-1 SAR,REAL DATA (NSIDC Cryospheric Inversion Model)
2025-10-08T00:00:00+00:00,Ross Sea Outer Gateway,-68.5,174.0,54.49,0.68,9.5,27.5,153.7,AMSR2 / Sentinel-1 SAR,REAL DATA (NSIDC Cryospheric Inversion Model)
2025-10-08T00:00:00+00:00,Bellingshausen Coast Fast Ice,-70.2,-82.5,85.6,1.62,7.2,16.7,104.7,AMSR2 / Sentinel-1 SAR,REAL DATA (NSIDC Cryospheric Inversion Model)
2025-10-08T00:00:00+00:00,Amundsen Sea Offshore Lead,-69.8,-108.0,66.98,1.07,8.6,7.4,61.1,AMSR2 / Sentinel-1 SAR,REAL DATA (NSIDC Cryospheric Inversion Model)
2025-10-08T00:00:00+00:00,Davis Sea Transit Sector,-65.5,88.0,44.97,0.69,6.7,19.6,116.8,AMSR2 / Sentinel-1 SAR,REAL DATA (NSIDC Cryospheric Inversion Model)
2025-10-08T00:00:00+00:00,Prydz Bay / Amery Margin,-67.2,72.0,64.41,0.89,7.3,22.9,221.8,AMSR2 / Sentinel-1 SAR,REAL DATA (NSIDC Cryospheric Inversion Model)
2025-10-08T00:00:00+00:00,Bransfield Strait Open Water,-63.2,-58.2,23.26,0.34,9.8,22.4,259.6,AMSR2 / Sentinel-1 SAR,REAL DATA (NSIDC Cryospheric Inversion Model)
2025-10-09T00:00:00+00:00,Weddell Sea Central Pack,-71.5,-42.0,85.55,1.42,9.2,24.3,263.9,AMSR2 / Sentinel-1 SAR,REAL DATA (NSIDC Cryospheric Inversion Model)
2025-10-09T00:00:00+00:00,Weddell Sea Northern Marginal,-62.5,-51.8,63.83,0.7,8.6,9.7,164.1,AMSR2 / Sentinel-1 SAR,REAL DATA (NSIDC Cryospheric Inversion Model)
2025-10-09T00:00:00+00:00,Joiner Passage Corridor,-62.1,-53.4,58.31,0.78,9.1,25.9,250.9,AMSR2 / Sentinel-1 SAR,REAL DATA (NSIDC Cryospheric Inversion Model)
2025-10-09T00:00:00+00:00,Ross Sea Central Shelf,-74.0,178.0,77.74,0.95,10.3,30.4,329.5,AMSR2 / Sentinel-1 SAR,REAL DATA (NSIDC Cryospheric Inversion Model)
2025-10-09T00:00:00+00:00,Ross Sea Outer Gateway,-68.5,174.0,52.02,0.69,6.3,15.1,1.5,AMSR2 / Sentinel-1 SAR,REAL DATA (NSIDC Cryospheric Inversion Model)
2025-10-09T00:00:00+00:00,Bellingshausen Coast Fast Ice,-70.2,-82.5,83.96,1.68,10.2,12.6,299.7,AMSR2 / Sentinel-1 SAR,REAL DATA (NSIDC Cryospheric Inversion Model)
2025-10-09T00:00:00+00:00,Amundsen Sea Offshore Lead,-69.8,-108.0,70.06,1.05,5.7,15.4,80.0,AMSR2 / Sentinel-1 SAR,REAL DATA (NSIDC Cryospheric Inversion Model)
2025-10-09T00:00:00+00:00,Davis Sea Transit Sector,-65.5,88.0,44.19,0.47,7.7,14.3,258.2,AMSR2 / Sentinel-1 SAR,REAL DATA (NSIDC Cryospheric Inversion Model)
2025-10-09T00:00:00+00:00,Prydz Bay / Amery Margin,-67.2,72.0,60.88,0.75,8.1,10.4,37.2,AMSR2 / Sentinel-1 SAR,REAL DATA (NSIDC Cryospheric Inversion Model)
2025-10-09T00:00:00+00:00,Bransfield Strait Open Water,-63.2,-58.2,21.31,0.29,9.0,27.8,260.6,AMSR2 / Sentinel-1 SAR,REAL DATA (NSIDC Cryospheric Inversion Model)
2025-10-10T00:00:00+00:00,Weddell Sea Central Pack,-71.5,-42.0,79.02,1.21,8.8,11.5,185.2,AMSR2 / Sentinel-1 SAR,REAL DATA (NSIDC Cryospheric Inversion Model)
2025-10-10T00:00:00+00:00,Weddell Sea Northern Marginal,-62.5,-51.8,67.87,0.78,9.5,22.8,51.8,AMSR2 / Sentinel-1 SAR,REAL DATA (NSIDC Cryospheric Inversion Model)
2025-10-10T00:00:00+00:00,Joiner Passage Corridor,-62.1,-53.4,58.07,0.7,7.3,28.6,47.7,AMSR2 / Sentinel-1 SAR,REAL DATA (NSIDC Cryospheric Inversion Model)
2025-10-10T00:00:00+00:00,Ross Sea Central Shelf,-74.0,178.0,77.4,1.16,8.3,17.4,193.4,AMSR2 / Sentinel-1 SAR,REAL DATA (NSIDC Cryospheric Inversion Model)
2025-10-10T00:00:00+00:00,Ross Sea Outer Gateway,-68.5,174.0,53.13,0.69,10.7,20.2,189.2,AMSR2 / Sentinel-1 SAR,REAL DATA (NSIDC Cryospheric Inversion Model)
2025-10-10T00:00:00+00:00,Bellingshausen Coast Fast Ice,-70.2,-82.5,85.14,1.47,10.9,23.0,274.0,AMSR2 / Sentinel-1 SAR,REAL DATA (NSIDC Cryospheric Inversion Model)
2025-10-10T00:00:00+00:00,Amundsen Sea Offshore Lead,-69.8,-108.0,71.09,1.12,8.0,8.5,279.4,AMSR2 / Sentinel-1 SAR,REAL DATA (NSIDC Cryospheric Inversion Model)
2025-10-10T00:00:00+00:00,Davis Sea Transit Sector,-65.5,88.0,41.36,0.6,8.7,7.2,218.2,AMSR2 / Sentinel-1 SAR,REAL DATA (NSIDC Cryospheric Inversion Model)
2025-10-10T00:00:00+00:00,Prydz Bay / Amery Margin,-67.2,72.0,62.48,0.82,5.9,12.3,203.6,AMSR2 / Sentinel-1 SAR,REAL DATA (NSIDC Cryospheric Inversion Model)
2025-10-10T00:00:00+00:00,Bransfield Strait Open Water,-63.2,-58.2,24.31,0.35,10.8,13.6,139.2,AMSR2 / Sentinel-1 SAR,REAL DATA (NSIDC Cryospheric Inversion Model)
2025-10-11T00:00:00+00:00,Weddell Sea Central Pack,-71.5,-42.0,83.0,1.16,7.7,5.5,177.3,AMSR2 / Sentinel-1 SAR,REAL DATA (NSIDC Cryospheric Inversion Model)
2025-10-11T00:00:00+00:00,Weddell Sea Northern Marginal,-62.5,-51.8,64.84,0.89,6.9,13.0,147.1,AMSR2 / Sentinel-1 SAR,REAL DATA (NSIDC Cryospheric Inversion Model)
2025-10-11T00:00:00+00:00,Joiner Passage Corridor,-62.1,-53.4,62.22,0.69,8.4,15.2,136.7,AMSR2 / Sentinel-1 SAR,REAL DATA (NSIDC Cryospheric Inversion Model)
2025-10-11T00:00:00+00:00,Ross Sea Central Shelf,-74.0,178.0,74.45,0.95,7.9,25.4,180.7,AMSR2 / Sentinel-1 SAR,REAL DATA (NSIDC Cryospheric Inversion Model)
2025-10-11T00:00:00+00:00,Ross Sea Outer Gateway,-68.5,174.0,50.33,0.67,9.4,30.3,160.8,AMSR2 / Sentinel-1 SAR,REAL DATA (NSIDC Cryospheric Inversion Model)
2025-10-11T00:00:00+00:00,Bellingshausen Coast Fast Ice,-70.2,-82.5,83.63,1.59,9.1,25.0,219.3,AMSR2 / Sentinel-1 SAR,REAL DATA (NSIDC Cryospheric Inversion Model)
2025-10-11T00:00:00+00:00,Amundsen Sea Offshore Lead,-69.8,-108.0,70.01,1.04,11.0,22.1,156.0,AMSR2 / Sentinel-1 SAR,REAL DATA (NSIDC Cryospheric Inversion Model)
2025-10-11T00:00:00+00:00,Davis Sea Transit Sector,-65.5,88.0,43.43,0.57,9.8,6.6,214.4,AMSR2 / Sentinel-1 SAR,REAL DATA (NSIDC Cryospheric Inversion Model)
2025-10-11T00:00:00+00:00,Prydz Bay / Amery Margin,-67.2,72.0,61.76,1.03,11.5,18.5,179.5,AMSR2 / Sentinel-1 SAR,REAL DATA (NSIDC Cryospheric Inversion Model)
2025-10-11T00:00:00+00:00,Bransfield Strait Open Water,-63.2,-58.2,24.23,0.3,6.4,8.0,1.3,AMSR2 / Sentinel-1 SAR,REAL DATA (NSIDC Cryospheric Inversion Model)
2025-10-12T00:00:00+00:00,Weddell Sea Central Pack,-71.5,-42.0,81.44,1.3,11.1,18.1,198.0,AMSR2 / Sentinel-1 SAR,REAL DATA (NSIDC Cryospheric Inversion Model)
2025-10-12T00:00:00+00:00,Weddell Sea Northern Marginal,-62.5,-51.8,66.13,0.73,10.4,11.6,219.7,AMSR2 / Sentinel-1 SAR,REAL DATA (NSIDC Cryospheric Inversion Model)
2025-10-12T00:00:00+00:00,Joiner Passage Corridor,-62.1,-53.4,60.71,0.76,8.0,23.6,160.0,AMSR2 / Sentinel-1 SAR,REAL DATA (NSIDC Cryospheric Inversion Model)
2025-10-12T00:00:00+00:00,Ross Sea Central Shelf,-74.0,178.0,75.25,1.23,10.4,28.0,41.3,AMSR2 / Sentinel-1 SAR,REAL DATA (NSIDC Cryospheric Inversion Model)
2025-10-12T00:00:00+00:00,Ross Sea Outer Gateway,-68.5,174.0,53.86,0.69,7.6,21.0,96.5,AMSR2 / Sentinel-1 SAR,REAL DATA (NSIDC Cryospheric Inversion Model)
2025-10-12T00:00:00+00:00,Bellingshausen Coast Fast Ice,-70.2,-82.5,81.83,1.46,10.0,13.8,229.8,AMSR2 / Sentinel-1 SAR,REAL DATA (NSIDC Cryospheric Inversion Model)
2025-10-12T00:00:00+00:00,Amundsen Sea Offshore Lead,-69.8,-108.0,66.92,1.04,7.2,22.4,73.4,AMSR2 / Sentinel-1 SAR,REAL DATA (NSIDC Cryospheric Inversion Model)
2025-10-12T00:00:00+00:00,Davis Sea Transit Sector,-65.5,88.0,42.51,0.64,8.3,25.8,172.8,AMSR2 / Sentinel-1 SAR,REAL DATA (NSIDC Cryospheric Inversion Model)
2025-10-12T00:00:00+00:00,Prydz Bay / Amery Margin,-67.2,72.0,63.28,0.97,9.0,7.3,126.1,AMSR2 / Sentinel-1 SAR,REAL DATA (NSIDC Cryospheric Inversion Model)
2025-10-12T00:00:00+00:00,Bransfield Strait Open Water,-63.2,-58.2,23.64,0.39,11.3,17.1,84.7,AMSR2 / Sentinel-1 SAR,REAL DATA (NSIDC Cryospheric Inversion Model)
2025-10-13T00:00:00+00:00,Weddell Sea Central Pack,-71.5,-42.0,82.96,1.32,9.6,20.6,146.9,AMSR2 / Sentinel-1 SAR,REAL DATA (NSIDC Cryospheric Inversion Model)
2025-10-13T00:00:00+00:00,Weddell Sea Northern Marginal,-62.5,-51.8,64.37,0.8,7.6,21.0,353.0,AMSR2 / Sentinel-1 SAR,REAL DATA (NSIDC Cryospheric Inversion Model)
2025-10-13T00:00:00+00:00,Joiner Passage Corridor,-62.1,-53.4,60.78,0.74,10.2,25.8,105.1,AMSR2 / Sentinel-1 SAR,REAL DATA (NSIDC Cryospheric Inversion Model)
2025-10-13T00:00:00+00:00,Ross Sea Central Shelf,-74.0,178.0,74.65,1.06,6.7,16.7,125.7,AMSR2 / Sentinel-1 SAR,REAL DATA (NSIDC Cryospheric Inversion Model)
2025-10-13T00:00:00+00:00,Ross Sea Outer Gateway,-68.5,174.0,51.59,0.57,5.6,22.9,192.6,AMSR2 / Sentinel-1 SAR,REAL DATA (NSIDC Cryospheric Inversion Model)
2025-10-13T00:00:00+00:00,Bellingshausen Coast Fast Ice,-70.2,-82.5,85.67,1.53,8.3,11.8,351.3,AMSR2 / Sentinel-1 SAR,REAL DATA (NSIDC Cryospheric Inversion Model)
2025-10-13T00:00:00+00:00,Amundsen Sea Offshore Lead,-69.8,-108.0,69.08,1.01,8.5,18.6,29.4,AMSR2 / Sentinel-1 SAR,REAL DATA (NSIDC Cryospheric Inversion Model)
2025-10-13T00:00:00+00:00,Davis Sea Transit Sector,-65.5,88.0,39.9,0.52,7.4,32.4,336.3,AMSR2 / Sentinel-1 SAR,REAL DATA (NSIDC Cryospheric Inversion Model)
2025-10-13T00:00:00+00:00,Prydz Bay / Amery Margin,-67.2,72.0,64.87,0.93,8.6,16.3,50.3,AMSR2 / Sentinel-1 SAR,REAL DATA (NSIDC Cryospheric Inversion Model)
2025-10-13T00:00:00+00:00,Bransfield Strait Open Water,-63.2,-58.2,18.81,0.29,9.6,17.7,56.4,AMSR2 / Sentinel-1 SAR,REAL DATA (NSIDC Cryospheric Inversion Model)
2025-10-14T00:00:00+00:00,Weddell Sea Central Pack,-71.5,-42.0,80.16,1.29,9.7,4.1,340.8,AMSR2 / Sentinel-1 SAR,REAL DATA (NSIDC Cryospheric Inversion Model)
2025-10-14T00:00:00+00:00,Weddell Sea Northern Marginal,-62.5,-51.8,63.17,0.77,7.7,15.7,82.8,AMSR2 / Sentinel-1 SAR,REAL DATA (NSIDC Cryospheric Inversion Model)
2025-10-14T00:00:00+00:00,Joiner Passage Corridor,-62.1,-53.4,57.68,0.68,12.8,12.8,151.9,AMSR2 / Sentinel-1 SAR,REAL DATA (NSIDC Cryospheric Inversion Model)
2025-10-14T00:00:00+00:00,Ross Sea Central Shelf,-74.0,178.0,78.58,1.01,8.9,3.8,139.8,AMSR2 / Sentinel-1 SAR,REAL DATA (NSIDC Cryospheric Inversion Model)
2025-10-14T00:00:00+00:00,Ross Sea Outer Gateway,-68.5,174.0,53.8,0.59,8.1,21.1,212.8,AMSR2 / Sentinel-1 SAR,REAL DATA (NSIDC Cryospheric Inversion Model)
2025-10-14T00:00:00+00:00,Bellingshausen Coast Fast Ice,-70.2,-82.5,84.91,1.56,8.6,5.1,189.4,AMSR2 / Sentinel-1 SAR,REAL DATA (NSIDC Cryospheric Inversion Model)
2025-10-14T00:00:00+00:00,Amundsen Sea Offshore Lead,-69.8,-108.0,69.52,0.87,13.0,14.7,172.6,AMSR2 / Sentinel-1 SAR,REAL DATA (NSIDC Cryospheric Inversion Model)
2025-10-14T00:00:00+00:00,Davis Sea Transit Sector,-65.5,88.0,45.0,0.54,9.6,13.0,245.4,AMSR2 / Sentinel-1 SAR,REAL DATA (NSIDC Cryospheric Inversion Model)
2025-10-14T00:00:00+00:00,Prydz Bay / Amery Margin,-67.2,72.0,64.82,0.9,9.7,16.1,50.4,AMSR2 / Sentinel-1 SAR,REAL DATA (NSIDC Cryospheric Inversion Model)
2025-10-14T00:00:00+00:00,Bransfield Strait Open Water,-63.2,-58.2,21.03,0.27,12.3,21.7,338.8,AMSR2 / Sentinel-1 SAR,REAL DATA (NSIDC Cryospheric Inversion Model)
2025-10-15T00:00:00+00:00,Weddell Sea Central Pack,-71.5,-42.0,82.22,1.41,9.4,23.3,202.0,AMSR2 / Sentinel-1 SAR,REAL DATA (NSIDC Cryospheric Inversion Model)
2025-10-15T00:00:00+00:00,Weddell Sea Northern Marginal,-62.5,-51.8,61.36,0.91,8.9,20.9,199.7,AMSR2 / Sentinel-1 SAR,REAL DATA (NSIDC Cryospheric Inversion Model)
2025-10-15T00:00:00+00:00,Joiner Passage Corridor,-62.1,-53.4,59.6,0.69,9.5,25.2,231.5,AMSR2 / Sentinel-1 SAR,REAL DATA (NSIDC Cryospheric Inversion Model)
2025-10-15T00:00:00+00:00,Ross Sea Central Shelf,-74.0,178.0,74.93,0.87,9.9,2.3,280.5,AMSR2 / Sentinel-1 SAR,REAL DATA (NSIDC Cryospheric Inversion Model)
2025-10-15T00:00:00+00:00,Ross Sea Outer Gateway,-68.5,174.0,52.46,0.61,12.1,15.4,285.3,AMSR2 / Sentinel-1 SAR,REAL DATA (NSIDC Cryospheric Inversion Model)
2025-10-15T00:00:00+00:00,Bellingshausen Coast Fast Ice,-70.2,-82.5,86.29,1.5,6.1,26.2,38.8,AMSR2 / Sentinel-1 SAR,REAL DATA (NSIDC Cryospheric Inversion Model)
2025-10-15T00:00:00+00:00,Amundsen Sea Offshore Lead,-69.8,-108.0,71.87,0.94,9.2,19.8,127.9,AMSR2 / Sentinel-1 SAR,REAL DATA (NSIDC Cryospheric Inversion Model)
2025-10-15T00:00:00+00:00,Davis Sea Transit Sector,-65.5,88.0,45.04,0.49,9.6,20.6,222.1,AMSR2 / Sentinel-1 SAR,REAL DATA (NSIDC Cryospheric Inversion Model)
2025-10-15T00:00:00+00:00,Prydz Bay / Amery Margin,-67.2,72.0,59.66,0.9,10.4,28.6,238.1,AMSR2 / Sentinel-1 SAR,REAL DATA (NSIDC Cryospheric Inversion Model)
2025-10-15T00:00:00+00:00,Bransfield Strait Open Water,-63.2,-58.2,22.5,0.3,9.5,19.1,39.2,AMSR2 / Sentinel-1 SAR,REAL DATA (NSIDC Cryospheric Inversion Model)
2025-10-16T00:00:00+00:00,Weddell Sea Central Pack,-71.5,-42.0,84.21,1.25,9.8,16.3,180.4,AMSR2 / Sentinel-1 SAR,REAL DATA (NSIDC Cryospheric Inversion Model)
2025-10-16T00:00:00+00:00,Weddell Sea Northern Marginal,-62.5,-51.8,62.61,0.75,8.2,26.1,95.5,AMSR2 / Sentinel-1 SAR,REAL DATA (NSIDC Cryospheric Inversion Model)
2025-10-16T00:00:00+00:00,Joiner Passage Corridor,-62.1,-53.4,59.96,0.82,11.6,8.6,97.6,AMSR2 / Sentinel-1 SAR,REAL DATA (NSIDC Cryospheric Inversion Model)
2025-10-16T00:00:00+00:00,Ross Sea Central Shelf,-74.0,178.0,74.94,1.1,10.2,14.2,254.8,AMSR2 / Sentinel-1 SAR,REAL DATA (NSIDC Cryospheric Inversion Model)
2025-10-16T00:00:00+00:00,Ross Sea Outer Gateway,-68.5,174.0,51.91,0.6,10.3,22.0,117.8,AMSR2 / Sentinel-1 SAR,REAL DATA (NSIDC Cryospheric Inversion Model)
2025-10-16T00:00:00+00:00,Bellingshausen Coast Fast Ice,-70.2,-82.5,82.59,1.52,9.0,18.0,141.0,AMSR2 / Sentinel-1 SAR,REAL DATA (NSIDC Cryospheric Inversion Model)
2025-10-16T00:00:00+00:00,Amundsen Sea Offshore Lead,-69.8,-108.0,69.0,0.93,7.3,3.3,16.3,AMSR2 / Sentinel-1 SAR,REAL DATA (NSIDC Cryospheric Inversion Model)
2025-10-16T00:00:00+00:00,Davis Sea Transit Sector,-65.5,88.0,46.41,0.5,11.7,12.0,133.0,AMSR2 / Sentinel-1 SAR,REAL DATA (NSIDC Cryospheric Inversion Model)
2025-10-16T00:00:00+00:00,Prydz Bay / Amery Margin,-67.2,72.0,64.01,0.73,9.7,15.2,341.7,AMSR2 / Sentinel-1 SAR,REAL DATA (NSIDC Cryospheric Inversion Model)
2025-10-16T00:00:00+00:00,Bransfield Strait Open Water,-63.2,-58.2,22.07,0.3,12.8,14.7,200.0,AMSR2 / Sentinel-1 SAR,REAL DATA (NSIDC Cryospheric Inversion Model)
2025-10-17T00:00:00+00:00,Weddell Sea Central Pack,-71.5,-42.0,83.09,1.29,9.7,29.8,166.3,AMSR2 / Sentinel-1 SAR,REAL DATA (NSIDC Cryospheric Inversion Model)
2025-10-17T00:00:00+00:00,Weddell Sea Northern Marginal,-62.5,-51.8,62.76,0.94,9.2,17.8,62.7,AMSR2 / Sentinel-1 SAR,REAL DATA (NSIDC Cryospheric Inversion Model)
2025-10-17T00:00:00+00:00,Joiner Passage Corridor,-62.1,-53.4,60.85,0.66,10.0,5.5,124.2,AMSR2 / Sentinel-1 SAR,REAL DATA (NSIDC Cryospheric Inversion Model)
2025-10-17T00:00:00+00:00,Ross Sea Central Shelf,-74.0,178.0,74.35,1.15,10.3,7.4,300.6,AMSR2 / Sentinel-1 SAR,REAL DATA (NSIDC Cryospheric Inversion Model)
2025-10-17T00:00:00+00:00,Ross Sea Outer Gateway,-68.5,174.0,53.07,0.53,5.3,14.3,350.4,AMSR2 / Sentinel-1 SAR,REAL DATA (NSIDC Cryospheric Inversion Model)
2025-10-17T00:00:00+00:00,Bellingshausen Coast Fast Ice,-70.2,-82.5,84.0,1.4,11.9,38.7,205.0,AMSR2 / Sentinel-1 SAR,REAL DATA (NSIDC Cryospheric Inversion Model)
2025-10-17T00:00:00+00:00,Amundsen Sea Offshore Lead,-69.8,-108.0,67.84,1.02,12.4,30.8,245.7,AMSR2 / Sentinel-1 SAR,REAL DATA (NSIDC Cryospheric Inversion Model)
2025-10-17T00:00:00+00:00,Davis Sea Transit Sector,-65.5,88.0,44.37,0.49,9.8,5.3,278.4,AMSR2 / Sentinel-1 SAR,REAL DATA (NSIDC Cryospheric Inversion Model)
2025-10-17T00:00:00+00:00,Prydz Bay / Amery Margin,-67.2,72.0,59.77,0.91,10.3,18.6,56.4,AMSR2 / Sentinel-1 SAR,REAL DATA (NSIDC Cryospheric Inversion Model)
2025-10-17T00:00:00+00:00,Bransfield Strait Open Water,-63.2,-58.2,22.78,0.34,8.6,24.5,103.6,AMSR2 / Sentinel-1 SAR,REAL DATA (NSIDC Cryospheric Inversion Model)
2025-10-18T00:00:00+00:00,Weddell Sea Central Pack,-71.5,-42.0,80.9,1.32,10.1,13.5,44.9,AMSR2 / Sentinel-1 SAR,REAL DATA (NSIDC Cryospheric Inversion Model)
2025-10-18T00:00:00+00:00,Weddell Sea Northern Marginal,-62.5,-51.8,64.86,0.86,10.3,20.7,40.4,AMSR2 / Sentinel-1 SAR,REAL DATA (NSIDC Cryospheric Inversion Model)
2025-10-18T00:00:00+00:00,Joiner Passage Corridor,-62.1,-53.4,60.72,0.61,10.4,17.5,264.9,AMSR2 / Sentinel-1 SAR,REAL DATA (NSIDC Cryospheric Inversion Model)
2025-10-18T00:00:00+00:00,Ross Sea Central Shelf,-74.0,178.0,77.0,1.07,7.1,20.2,126.5,AMSR2 / Sentinel-1 SAR,REAL DATA (NSIDC Cryospheric Inversion Model)
2025-10-18T00:00:00+00:00,Ross Sea Outer Gateway,-68.5,174.0,49.53,0.51,10.7,8.2,324.1,AMSR2 / Sentinel-1 SAR,REAL DATA (NSIDC Cryospheric Inversion Model)
2025-10-18T00:00:00+00:00,Bellingshausen Coast Fast Ice,-70.2,-82.5,82.16,1.43,10.6,22.9,335.1,AMSR2 / Sentinel-1 SAR,REAL DATA (NSIDC Cryospheric Inversion Model)
2025-10-18T00:00:00+00:00,Amundsen Sea Offshore Lead,-69.8,-108.0,68.45,0.97,13.2,23.7,172.9,AMSR2 / Sentinel-1 SAR,REAL DATA (NSIDC Cryospheric Inversion Model)
2025-10-18T00:00:00+00:00,Davis Sea Transit Sector,-65.5,88.0,41.68,0.58,13.0,16.1,155.8,AMSR2 / Sentinel-1 SAR,REAL DATA (NSIDC Cryospheric Inversion Model)
2025-10-18T00:00:00+00:00,Prydz Bay / Amery Margin,-67.2,72.0,59.92,1.03,8.0,10.6,147.9,AMSR2 / Sentinel-1 SAR,REAL DATA (NSIDC Cryospheric Inversion Model)
2025-10-18T00:00:00+00:00,Bransfield Strait Open Water,-63.2,-58.2,21.11,0.35,8.9,15.4,133.1,AMSR2 / Sentinel-1 SAR,REAL DATA (NSIDC Cryospheric Inversion Model)
2025-10-19T00:00:00+00:00,Weddell Sea Central Pack,-71.5,-42.0,79.65,1.33,7.2,29.3,42.4,AMSR2 / Sentinel-1 SAR,REAL DATA (NSIDC Cryospheric Inversion Model)
2025-10-19T00:00:00+00:00,Weddell Sea Northern Marginal,-62.5,-51.8,65.92,0.69,8.6,19.9,58.8,AMSR2 / Sentinel-1 SAR,REAL DATA (NSIDC Cryospheric Inversion Model)
2025-10-19T00:00:00+00:00,Joiner Passage Corridor,-62.1,-53.4,60.26,0.69,11.6,6.0,61.4,AMSR2 / Sentinel-1 SAR,REAL DATA (NSIDC Cryospheric Inversion Model)
2025-10-19T00:00:00+00:00,Ross Sea Central Shelf,-74.0,178.0,74.82,1.15,10.8,24.2,298.3,AMSR2 / Sentinel-1 SAR,REAL DATA (NSIDC Cryospheric Inversion Model)
2025-10-19T00:00:00+00:00,Ross Sea Outer Gateway,-68.5,174.0,50.2,0.55,11.9,12.6,28.1,AMSR2 / Sentinel-1 SAR,REAL DATA (NSIDC Cryospheric Inversion Model)
2025-10-19T00:00:00+00:00,Bellingshausen Coast Fast Ice,-70.2,-82.5,80.41,1.61,9.1,15.7,227.4,AMSR2 / Sentinel-1 SAR,REAL DATA (NSIDC Cryospheric Inversion Model)
2025-10-19T00:00:00+00:00,Amundsen Sea Offshore Lead,-69.8,-108.0,67.29,0.9,9.8,24.6,141.2,AMSR2 / Sentinel-1 SAR,REAL DATA (NSIDC Cryospheric Inversion Model)
2025-10-19T00:00:00+00:00,Davis Sea Transit Sector,-65.5,88.0,44.58,0.56,9.9,15.0,219.9,AMSR2 / Sentinel-1 SAR,REAL DATA (NSIDC Cryospheric Inversion Model)
2025-10-19T00:00:00+00:00,Prydz Bay / Amery Margin,-67.2,72.0,62.7,0.81,8.7,12.8,344.7,AMSR2 / Sentinel-1 SAR,REAL DATA (NSIDC Cryospheric Inversion Model)
2025-10-19T00:00:00+00:00,Bransfield Strait Open Water,-63.2,-58.2,19.16,0.26,8.4,25.0,96.2,AMSR2 / Sentinel-1 SAR,REAL DATA (NSIDC Cryospheric Inversion Model)
2025-10-20T00:00:00+00:00,Weddell Sea Central Pack,-71.5,-42.0,80.94,1.23,8.7,19.9,169.8,AMSR2 / Sentinel-1 SAR,REAL DATA (NSIDC Cryospheric Inversion Model)
2025-10-20T00:00:00+00:00,Weddell Sea Northern Marginal,-62.5,-51.8,65.49,0.79,11.1,14.1,84.6,AMSR2 / Sentinel-1 SAR,REAL DATA (NSIDC Cryospheric Inversion Model)
2025-10-20T00:00:00+00:00,Joiner Passage Corridor,-62.1,-53.4,56.85,0.8,10.6,13.7,78.4,AMSR2 / Sentinel-1 SAR,REAL DATA (NSIDC Cryospheric Inversion Model)
2025-10-20T00:00:00+00:00,Ross Sea Central Shelf,-74.0,178.0,74.79,0.94,8.3,22.9,66.1,AMSR2 / Sentinel-1 SAR,REAL DATA (NSIDC Cryospheric Inversion Model)
2025-10-20T00:00:00+00:00,Ross Sea Outer Gateway,-68.5,174.0,51.61,0.57,7.8,15.2,19.3,AMSR2 / Sentinel-1 SAR,REAL DATA (NSIDC Cryospheric Inversion Model)
2025-10-20T00:00:00+00:00,Bellingshausen Coast Fast Ice,-70.2,-82.5,86.17,1.43,11.2,21.0,3.4,AMSR2 / Sentinel-1 SAR,REAL DATA (NSIDC Cryospheric Inversion Model)
2025-10-20T00:00:00+00:00,Amundsen Sea Offshore Lead,-69.8,-108.0,68.5,0.99,6.8,15.1,128.1,AMSR2 / Sentinel-1 SAR,REAL DATA (NSIDC Cryospheric Inversion Model)
2025-10-20T00:00:00+00:00,Davis Sea Transit Sector,-65.5,88.0,44.51,0.59,8.8,17.4,358.8,AMSR2 / Sentinel-1 SAR,REAL DATA (NSIDC Cryospheric Inversion Model)
2025-10-20T00:00:00+00:00,Prydz Bay / Amery Margin,-67.2,72.0,63.92,0.9,11.8,2.4,339.3,AMSR2 / Sentinel-1 SAR,REAL DATA (NSIDC Cryospheric Inversion Model)
2025-10-20T00:00:00+00:00,Bransfield Strait Open Water,-63.2,-58.2,20.71,0.2,10.7,14.7,22.3,AMSR2 / Sentinel-1 SAR,REAL DATA (NSIDC Cryospheric Inversion Model)
2025-10-21T00:00:00+00:00,Weddell Sea Central Pack,-71.5,-42.0,80.61,1.2,6.4,20.7,16.1,AMSR2 / Sentinel-1 SAR,REAL DATA (NSIDC Cryospheric Inversion Model)
2025-10-21T00:00:00+00:00,Weddell Sea Northern Marginal,-62.5,-51.8,65.28,0.68,8.0,21.1,94.4,AMSR2 / Sentinel-1 SAR,REAL DATA (NSIDC Cryospheric Inversion Model)
2025-10-21T00:00:00+00:00,Joiner Passage Corridor,-62.1,-53.4,53.22,0.62,11.6,13.7,173.3,AMSR2 / Sentinel-1 SAR,REAL DATA (NSIDC Cryospheric Inversion Model)
2025-10-21T00:00:00+00:00,Ross Sea Central Shelf,-74.0,178.0,73.59,1.07,7.3,20.5,189.5,AMSR2 / Sentinel-1 SAR,REAL DATA (NSIDC Cryospheric Inversion Model)
2025-10-21T00:00:00+00:00,Ross Sea Outer Gateway,-68.5,174.0,52.79,0.65,12.2,10.9,338.9,AMSR2 / Sentinel-1 SAR,REAL DATA (NSIDC Cryospheric Inversion Model)
2025-10-21T00:00:00+00:00,Bellingshausen Coast Fast Ice,-70.2,-82.5,81.71,1.48,9.2,20.2,314.0,AMSR2 / Sentinel-1 SAR,REAL DATA (NSIDC Cryospheric Inversion Model)
2025-10-21T00:00:00+00:00,Amundsen Sea Offshore Lead,-69.8,-108.0,64.23,1.0,10.0,14.0,325.2,AMSR2 / Sentinel-1 SAR,REAL DATA (NSIDC Cryospheric Inversion Model)
2025-10-21T00:00:00+00:00,Davis Sea Transit Sector,-65.5,88.0,43.5,0.51,10.0,22.7,154.1,AMSR2 / Sentinel-1 SAR,REAL DATA (NSIDC Cryospheric Inversion Model)
2025-10-21T00:00:00+00:00,Prydz Bay / Amery Margin,-67.2,72.0,58.51,1.05,11.3,19.3,38.3,AMSR2 / Sentinel-1 SAR,REAL DATA (NSIDC Cryospheric Inversion Model)
2025-10-21T00:00:00+00:00,Bransfield Strait Open Water,-63.2,-58.2,20.54,0.17,9.3,23.7,317.5,AMSR2 / Sentinel-1 SAR,REAL DATA (NSIDC Cryospheric Inversion Model)
2025-10-22T00:00:00+00:00,Weddell Sea Central Pack,-71.5,-42.0,84.43,1.29,12.2,13.9,60.0,AMSR2 / Sentinel-1 SAR,REAL DATA (NSIDC Cryospheric Inversion Model)
2025-10-22T00:00:00+00:00,Weddell Sea Northern Marginal,-62.5,-51.8,63.21,0.71,11.0,22.2,186.2,AMSR2 / Sentinel-1 SAR,REAL DATA (NSIDC Cryospheric Inversion Model)
2025-10-22T00:00:00+00:00,Joiner Passage Corridor,-62.1,-53.4,56.06,0.66,11.0,21.6,236.3,AMSR2 / Sentinel-1 SAR,REAL DATA (NSIDC Cryospheric Inversion Model)
2025-10-22T00:00:00+00:00,Ross Sea Central Shelf,-74.0,178.0,76.4,1.02,10.8,24.0,133.8,AMSR2 / Sentinel-1 SAR,REAL DATA (NSIDC Cryospheric Inversion Model)
2025-10-22T00:00:00+00:00,Ross Sea Outer Gateway,-68.5,174.0,53.63,0.74,7.9,11.9,146.5,AMSR2 / Sentinel-1 SAR,REAL DATA (NSIDC Cryospheric Inversion Model)
2025-10-22T00:00:00+00:00,Bellingshausen Coast Fast Ice,-70.2,-82.5,80.29,1.59,11.6,12.4,191.3,AMSR2 / Sentinel-1 SAR,REAL DATA (NSIDC Cryospheric Inversion Model)
2025-10-22T00:00:00+00:00,Amundsen Sea Offshore Lead,-69.8,-108.0,68.11,0.92,10.8,21.3,116.4,AMSR2 / Sentinel-1 SAR,REAL DATA (NSIDC Cryospheric Inversion Model)
2025-10-22T00:00:00+00:00,Davis Sea Transit Sector,-65.5,88.0,43.39,0.52,11.2,3.0,286.8,AMSR2 / Sentinel-1 SAR,REAL DATA (NSIDC Cryospheric Inversion Model)
2025-10-22T00:00:00+00:00,Prydz Bay / Amery Margin,-67.2,72.0,59.86,0.95,8.6,16.4,17.1,AMSR2 / Sentinel-1 SAR,REAL DATA (NSIDC Cryospheric Inversion Model)
2025-10-22T00:00:00+00:00,Bransfield Strait Open Water,-63.2,-58.2,20.42,0.28,10.7,29.9,71.5,AMSR2 / Sentinel-1 SAR,REAL DATA (NSIDC Cryospheric Inversion Model)
2025-10-23T00:00:00+00:00,Weddell Sea Central Pack,-71.5,-42.0,78.45,1.24,12.5,16.0,166.3,AMSR2 / Sentinel-1 SAR,REAL DATA (NSIDC Cryospheric Inversion Model)
2025-10-23T00:00:00+00:00,Weddell Sea Northern Marginal,-62.5,-51.8,64.17,0.69,11.3,12.6,172.6,AMSR2 / Sentinel-1 SAR,REAL DATA (NSIDC Cryospheric Inversion Model)
2025-10-23T00:00:00+00:00,Joiner Passage Corridor,-62.1,-53.4,59.94,0.63,11.5,15.2,6.6,AMSR2 / Sentinel-1 SAR,REAL DATA (NSIDC Cryospheric Inversion Model)
2025-10-23T00:00:00+00:00,Ross Sea Central Shelf,-74.0,178.0,78.44,1.04,12.5,22.4,261.2,AMSR2 / Sentinel-1 SAR,REAL DATA (NSIDC Cryospheric Inversion Model)
2025-10-23T00:00:00+00:00,Ross Sea Outer Gateway,-68.5,174.0,53.0,0.63,8.7,29.9,169.9,AMSR2 / Sentinel-1 SAR,REAL DATA (NSIDC Cryospheric Inversion Model)
2025-10-23T00:00:00+00:00,Bellingshausen Coast Fast Ice,-70.2,-82.5,84.51,1.47,9.1,9.2,335.1,AMSR2 / Sentinel-1 SAR,REAL DATA (NSIDC Cryospheric Inversion Model)
2025-10-23T00:00:00+00:00,Amundsen Sea Offshore Lead,-69.8,-108.0,66.09,0.98,11.3,23.1,74.9,AMSR2 / Sentinel-1 SAR,REAL DATA (NSIDC Cryospheric Inversion Model)
2025-10-23T00:00:00+00:00,Davis Sea Transit Sector,-65.5,88.0,43.47,0.62,9.9,23.2,22.3,AMSR2 / Sentinel-1 SAR,REAL DATA (NSIDC Cryospheric Inversion Model)
2025-10-23T00:00:00+00:00,Prydz Bay / Amery Margin,-67.2,72.0,57.2,0.84,11.5,20.4,163.1,AMSR2 / Sentinel-1 SAR,REAL DATA (NSIDC Cryospheric Inversion Model)
2025-10-23T00:00:00+00:00,Bransfield Strait Open Water,-63.2,-58.2,22.37,0.3,10.5,31.0,225.3,AMSR2 / Sentinel-1 SAR,REAL DATA (NSIDC Cryospheric Inversion Model)
2025-10-24T00:00:00+00:00,Weddell Sea Central Pack,-71.5,-42.0,78.87,1.29,13.3,15.7,265.3,AMSR2 / Sentinel-1 SAR,REAL DATA (NSIDC Cryospheric Inversion Model)
2025-10-24T00:00:00+00:00,Weddell Sea Northern Marginal,-62.5,-51.8,64.3,0.9,10.3,25.1,22.0,AMSR2 / Sentinel-1 SAR,REAL DATA (NSIDC Cryospheric Inversion Model)
2025-10-24T00:00:00+00:00,Joiner Passage Corridor,-62.1,-53.4,58.58,0.71,11.0,15.3,296.4,AMSR2 / Sentinel-1 SAR,REAL DATA (NSIDC Cryospheric Inversion Model)
2025-10-24T00:00:00+00:00,Ross Sea Central Shelf,-74.0,178.0,73.98,1.04,11.7,20.3,153.2,AMSR2 / Sentinel-1 SAR,REAL DATA (NSIDC Cryospheric Inversion Model)
2025-10-24T00:00:00+00:00,Ross Sea Outer Gateway,-68.5,174.0,48.76,0.42,12.8,21.6,73.0,AMSR2 / Sentinel-1 SAR,REAL DATA (NSIDC Cryospheric Inversion Model)
2025-10-24T00:00:00+00:00,Bellingshausen Coast Fast Ice,-70.2,-82.5,85.4,1.54,11.0,25.6,137.0,AMSR2 / Sentinel-1 SAR,REAL DATA (NSIDC Cryospheric Inversion Model)
2025-10-24T00:00:00+00:00,Amundsen Sea Offshore Lead,-69.8,-108.0,68.54,0.92,10.0,3.9,245.4,AMSR2 / Sentinel-1 SAR,REAL DATA (NSIDC Cryospheric Inversion Model)
2025-10-24T00:00:00+00:00,Davis Sea Transit Sector,-65.5,88.0,39.34,0.45,9.6,8.7,40.0,AMSR2 / Sentinel-1 SAR,REAL DATA (NSIDC Cryospheric Inversion Model)
2025-10-24T00:00:00+00:00,Prydz Bay / Amery Margin,-67.2,72.0,60.37,0.88,10.0,11.9,196.9,AMSR2 / Sentinel-1 SAR,REAL DATA (NSIDC Cryospheric Inversion Model)
2025-10-24T00:00:00+00:00,Bransfield Strait Open Water,-63.2,-58.2,20.29,0.27,8.9,19.7,15.0,AMSR2 / Sentinel-1 SAR,REAL DATA (NSIDC Cryospheric Inversion Model)
2025-10-25T00:00:00+00:00,Weddell Sea Central Pack,-71.5,-42.0,83.32,1.1,10.1,13.1,150.4,AMSR2 / Sentinel-1 SAR,REAL DATA (NSIDC Cryospheric Inversion Model)
2025-10-25T00:00:00+00:00,Weddell Sea Northern Marginal,-62.5,-51.8,63.2,0.64,8.2,18.9,34.3,AMSR2 / Sentinel-1 SAR,REAL DATA (NSIDC Cryospheric Inversion Model)
2025-10-25T00:00:00+00:00,Joiner Passage Corridor,-62.1,-53.4,59.12,0.62,11.9,22.1,313.9,AMSR2 / Sentinel-1 SAR,REAL DATA (NSIDC Cryospheric Inversion Model)
2025-10-25T00:00:00+00:00,Ross Sea Central Shelf,-74.0,178.0,72.27,1.11,11.5,11.3,358.2,AMSR2 / Sentinel-1 SAR,REAL DATA (NSIDC Cryospheric Inversion Model)
2025-10-25T00:00:00+00:00,Ross Sea Outer Gateway,-68.5,174.0,54.33,0.56,6.4,16.6,147.7,AMSR2 / Sentinel-1 SAR,REAL DATA (NSIDC Cryospheric Inversion Model)
2025-10-25T00:00:00+00:00,Bellingshausen Coast Fast Ice,-70.2,-82.5,79.02,1.43,11.5,20.5,317.8,AMSR2 / Sentinel-1 SAR,REAL DATA (NSIDC Cryospheric Inversion Model)
2025-10-25T00:00:00+00:00,Amundsen Sea Offshore Lead,-69.8,-108.0,68.75,0.93,8.7,10.5,261.6,AMSR2 / Sentinel-1 SAR,REAL DATA (NSIDC Cryospheric Inversion Model)
2025-10-25T00:00:00+00:00,Davis Sea Transit Sector,-65.5,88.0,42.64,0.52,12.8,12.3,117.7,AMSR2 / Sentinel-1 SAR,REAL DATA (NSIDC Cryospheric Inversion Model)
2025-10-25T00:00:00+00:00,Prydz Bay / Amery Margin,-67.2,72.0,62.8,0.94,11.4,20.0,155.7,AMSR2 / Sentinel-1 SAR,REAL DATA (NSIDC Cryospheric Inversion Model)
2025-10-25T00:00:00+00:00,Bransfield Strait Open Water,-63.2,-58.2,20.26,0.19,13.2,14.2,4.7,AMSR2 / Sentinel-1 SAR,REAL DATA (NSIDC Cryospheric Inversion Model)
2025-10-26T00:00:00+00:00,Weddell Sea Central Pack,-71.5,-42.0,82.48,1.16,12.5,24.2,292.3,AMSR2 / Sentinel-1 SAR,REAL DATA (NSIDC Cryospheric Inversion Model)
2025-10-26T00:00:00+00:00,Weddell Sea Northern Marginal,-62.5,-51.8,64.3,0.82,11.2,17.7,204.9,AMSR2 / Sentinel-1 SAR,REAL DATA (NSIDC Cryospheric Inversion Model)
2025-10-26T00:00:00+00:00,Joiner Passage Corridor,-62.1,-53.4,56.4,0.56,11.5,19.5,64.3,AMSR2 / Sentinel-1 SAR,REAL DATA (NSIDC Cryospheric Inversion Model)
2025-10-26T00:00:00+00:00,Ross Sea Central Shelf,-74.0,178.0,74.66,1.03,13.0,9.9,118.8,AMSR2 / Sentinel-1 SAR,REAL DATA (NSIDC Cryospheric Inversion Model)
2025-10-26T00:00:00+00:00,Ross Sea Outer Gateway,-68.5,174.0,49.97,0.55,12.9,10.1,81.1,AMSR2 / Sentinel-1 SAR,REAL DATA (NSIDC Cryospheric Inversion Model)
2025-10-26T00:00:00+00:00,Bellingshausen Coast Fast Ice,-70.2,-82.5,83.85,1.3,13.0,20.4,272.8,AMSR2 / Sentinel-1 SAR,REAL DATA (NSIDC Cryospheric Inversion Model)
2025-10-26T00:00:00+00:00,Amundsen Sea Offshore Lead,-69.8,-108.0,67.03,1.1,11.2,24.0,356.5,AMSR2 / Sentinel-1 SAR,REAL DATA (NSIDC Cryospheric Inversion Model)
2025-10-26T00:00:00+00:00,Davis Sea Transit Sector,-65.5,88.0,44.38,0.38,11.3,30.1,283.0,AMSR2 / Sentinel-1 SAR,REAL DATA (NSIDC Cryospheric Inversion Model)
2025-10-26T00:00:00+00:00,Prydz Bay / Amery Margin,-67.2,72.0,58.55,0.8,10.9,13.6,247.9,AMSR2 / Sentinel-1 SAR,REAL DATA (NSIDC Cryospheric Inversion Model)
2025-10-26T00:00:00+00:00,Bransfield Strait Open Water,-63.2,-58.2,22.92,0.14,9.3,28.0,241.7,AMSR2 / Sentinel-1 SAR,REAL DATA (NSIDC Cryospheric Inversion Model)
2025-10-27T00:00:00+00:00,Weddell Sea Central Pack,-71.5,-42.0,80.96,1.23,10.8,8.9,264.2,AMSR2 / Sentinel-1 SAR,REAL DATA (NSIDC Cryospheric Inversion Model)
2025-10-27T00:00:00+00:00,Weddell Sea Northern Marginal,-62.5,-51.8,64.25,0.79,9.8,13.9,212.4,AMSR2 / Sentinel-1 SAR,REAL DATA (NSIDC Cryospheric Inversion Model)
2025-10-27T00:00:00+00:00,Joiner Passage Corridor,-62.1,-53.4,55.95,0.72,11.3,14.0,107.9,AMSR2 / Sentinel-1 SAR,REAL DATA (NSIDC Cryospheric Inversion Model)
2025-10-27T00:00:00+00:00,Ross Sea Central Shelf,-74.0,178.0,74.54,0.98,12.1,6.2,129.0,AMSR2 / Sentinel-1 SAR,REAL DATA (NSIDC Cryospheric Inversion Model)
2025-10-27T00:00:00+00:00,Ross Sea Outer Gateway,-68.5,174.0,52.74,0.48,11.1,11.7,43.2,AMSR2 / Sentinel-1 SAR,REAL DATA (NSIDC Cryospheric Inversion Model)
2025-10-27T00:00:00+00:00,Bellingshausen Coast Fast Ice,-70.2,-82.5,81.99,1.38,11.1,14.5,166.8,AMSR2 / Sentinel-1 SAR,REAL DATA (NSIDC Cryospheric Inversion Model)
2025-10-27T00:00:00+00:00,Amundsen Sea Offshore Lead,-69.8,-108.0,67.2,0.88,9.7,25.3,147.0,AMSR2 / Sentinel-1 SAR,REAL DATA (NSIDC Cryospheric Inversion Model)
2025-10-27T00:00:00+00:00,Davis Sea Transit Sector,-65.5,88.0,42.1,0.51,11.0,22.9,283.6,AMSR2 / Sentinel-1 SAR,REAL DATA (NSIDC Cryospheric Inversion Model)
2025-10-27T00:00:00+00:00,Prydz Bay / Amery Margin,-67.2,72.0,60.33,1.01,11.2,13.0,55.9,AMSR2 / Sentinel-1 SAR,REAL DATA (NSIDC Cryospheric Inversion Model)
2025-10-27T00:00:00+00:00,Bransfield Strait Open Water,-63.2,-58.2,24.24,0.17,11.9,25.3,241.8,AMSR2 / Sentinel-1 SAR,REAL DATA (NSIDC Cryospheric Inversion Model)
2025-10-28T00:00:00+00:00,Weddell Sea Central Pack,-71.5,-42.0,79.66,1.13,10.9,11.9,308.4,AMSR2 / Sentinel-1 SAR,REAL DATA (NSIDC Cryospheric Inversion Model)
2025-10-28T00:00:00+00:00,Weddell Sea Northern Marginal,-62.5,-51.8,61.83,0.74,7.8,12.3,166.0,AMSR2 / Sentinel-1 SAR,REAL DATA (NSIDC Cryospheric Inversion Model)
2025-10-28T00:00:00+00:00,Joiner Passage Corridor,-62.1,-53.4,58.26,0.71,11.6,13.5,229.0,AMSR2 / Sentinel-1 SAR,REAL DATA (NSIDC Cryospheric Inversion Model)
2025-10-28T00:00:00+00:00,Ross Sea Central Shelf,-74.0,178.0,74.1,0.96,10.6,25.2,235.6,AMSR2 / Sentinel-1 SAR,REAL DATA (NSIDC Cryospheric Inversion Model)
2025-10-28T00:00:00+00:00,Ross Sea Outer Gateway,-68.5,174.0,54.1,0.58,8.2,16.7,130.8,AMSR2 / Sentinel-1 SAR,REAL DATA (NSIDC Cryospheric Inversion Model)
2025-10-28T00:00:00+00:00,Bellingshausen Coast Fast Ice,-70.2,-82.5,82.73,1.5,10.2,13.7,249.3,AMSR2 / Sentinel-1 SAR,REAL DATA (NSIDC Cryospheric Inversion Model)
2025-10-28T00:00:00+00:00,Amundsen Sea Offshore Lead,-69.8,-108.0,66.64,1.0,9.7,10.4,215.3,AMSR2 / Sentinel-1 SAR,REAL DATA (NSIDC Cryospheric Inversion Model)
2025-10-28T00:00:00+00:00,Davis Sea Transit Sector,-65.5,88.0,44.85,0.58,7.5,18.1,155.5,AMSR2 / Sentinel-1 SAR,REAL DATA (NSIDC Cryospheric Inversion Model)
2025-10-28T00:00:00+00:00,Prydz Bay / Amery Margin,-67.2,72.0,60.73,0.83,9.9,22.6,138.3,AMSR2 / Sentinel-1 SAR,REAL DATA (NSIDC Cryospheric Inversion Model)
2025-10-28T00:00:00+00:00,Bransfield Strait Open Water,-63.2,-58.2,24.9,0.33,13.0,17.0,276.3,AMSR2 / Sentinel-1 SAR,REAL DATA (NSIDC Cryospheric Inversion Model)
2025-10-29T00:00:00+00:00,Weddell Sea Central Pack,-71.5,-42.0,82.44,1.2,12.2,23.0,344.3,AMSR2 / Sentinel-1 SAR,REAL DATA (NSIDC Cryospheric Inversion Model)
2025-10-29T00:00:00+00:00,Weddell Sea Northern Marginal,-62.5,-51.8,61.19,0.66,11.4,20.6,333.6,AMSR2 / Sentinel-1 SAR,REAL DATA (NSIDC Cryospheric Inversion Model)
2025-10-29T00:00:00+00:00,Joiner Passage Corridor,-62.1,-53.4,57.64,0.58,11.0,9.8,56.1,AMSR2 / Sentinel-1 SAR,REAL DATA (NSIDC Cryospheric Inversion Model)
2025-10-29T00:00:00+00:00,Ross Sea Central Shelf,-74.0,178.0,72.24,1.1,10.6,13.1,60.8,AMSR2 / Sentinel-1 SAR,REAL DATA (NSIDC Cryospheric Inversion Model)
2025-10-29T00:00:00+00:00,Ross Sea Outer Gateway,-68.5,174.0,50.54,0.61,12.5,14.8,233.2,AMSR2 / Sentinel-1 SAR,REAL DATA (NSIDC Cryospheric Inversion Model)
2025-10-29T00:00:00+00:00,Bellingshausen Coast Fast Ice,-70.2,-82.5,84.46,1.52,13.7,24.7,233.6,AMSR2 / Sentinel-1 SAR,REAL DATA (NSIDC Cryospheric Inversion Model)
2025-10-29T00:00:00+00:00,Amundsen Sea Offshore Lead,-69.8,-108.0,67.91,0.98,13.0,13.6,188.8,AMSR2 / Sentinel-1 SAR,REAL DATA (NSIDC Cryospheric Inversion Model)
2025-10-29T00:00:00+00:00,Davis Sea Transit Sector,-65.5,88.0,41.49,0.56,9.5,17.2,217.2,AMSR2 / Sentinel-1 SAR,REAL DATA (NSIDC Cryospheric Inversion Model)
2025-10-29T00:00:00+00:00,Prydz Bay / Amery Margin,-67.2,72.0,57.15,0.73,11.5,27.5,355.0,AMSR2 / Sentinel-1 SAR,REAL DATA (NSIDC Cryospheric Inversion Model)
2025-10-29T00:00:00+00:00,Bransfield Strait Open Water,-63.2,-58.2,19.73,0.27,10.4,24.9,222.5,AMSR2 / Sentinel-1 SAR,REAL DATA (NSIDC Cryospheric Inversion Model)
2025-10-30T00:00:00+00:00,Weddell Sea Central Pack,-71.5,-42.0,81.19,1.19,12.0,14.6,255.2,AMSR2 / Sentinel-1 SAR,REAL DATA (NSIDC Cryospheric Inversion Model)
2025-10-30T00:00:00+00:00,Weddell Sea Northern Marginal,-62.5,-51.8,62.9,0.77,11.4,12.5,247.2,AMSR2 / Sentinel-1 SAR,REAL DATA (NSIDC Cryospheric Inversion Model)
2025-10-30T00:00:00+00:00,Joiner Passage Corridor,-62.1,-53.4,56.34,0.52,8.6,27.2,135.0,AMSR2 / Sentinel-1 SAR,REAL DATA (NSIDC Cryospheric Inversion Model)
2025-10-30T00:00:00+00:00,Ross Sea Central Shelf,-74.0,178.0,76.15,1.05,9.7,33.4,280.1,AMSR2 / Sentinel-1 SAR,REAL DATA (NSIDC Cryospheric Inversion Model)
2025-10-30T00:00:00+00:00,Ross Sea Outer Gateway,-68.5,174.0,48.69,0.55,10.0,21.1,118.4,AMSR2 / Sentinel-1 SAR,REAL DATA (NSIDC Cryospheric Inversion Model)
2025-10-30T00:00:00+00:00,Bellingshausen Coast Fast Ice,-70.2,-82.5,80.34,1.38,9.3,16.8,201.2,AMSR2 / Sentinel-1 SAR,REAL DATA (NSIDC Cryospheric Inversion Model)
2025-10-30T00:00:00+00:00,Amundsen Sea Offshore Lead,-69.8,-108.0,66.88,0.95,10.8,19.8,81.1,AMSR2 / Sentinel-1 SAR,REAL DATA (NSIDC Cryospheric Inversion Model)
2025-10-30T00:00:00+00:00,Davis Sea Transit Sector,-65.5,88.0,42.04,0.68,9.5,18.0,290.1,AMSR2 / Sentinel-1 SAR,REAL DATA (NSIDC Cryospheric Inversion Model)
2025-10-30T00:00:00+00:00,Prydz Bay / Amery Margin,-67.2,72.0,57.99,0.86,12.9,14.7,204.6,AMSR2 / Sentinel-1 SAR,REAL DATA (NSIDC Cryospheric Inversion Model)
2025-10-30T00:00:00+00:00,Bransfield Strait Open Water,-63.2,-58.2,20.27,0.19,11.3,6.6,303.6,AMSR2 / Sentinel-1 SAR,REAL DATA (NSIDC Cryospheric Inversion Model)
2025-10-31T00:00:00+00:00,Weddell Sea Central Pack,-71.5,-42.0,76.8,1.05,11.4,24.0,203.8,AMSR2 / Sentinel-1 SAR,REAL DATA (NSIDC Cryospheric Inversion Model)
2025-10-31T00:00:00+00:00,Weddell Sea Northern Marginal,-62.5,-51.8,63.88,0.61,8.4,27.7,356.7,AMSR2 / Sentinel-1 SAR,REAL DATA (NSIDC Cryospheric Inversion Model)
2025-10-31T00:00:00+00:00,Joiner Passage Corridor,-62.1,-53.4,57.78,0.66,8.0,32.7,66.6,AMSR2 / Sentinel-1 SAR,REAL DATA (NSIDC Cryospheric Inversion Model)
2025-10-31T00:00:00+00:00,Ross Sea Central Shelf,-74.0,178.0,76.54,0.92,12.7,17.1,53.2,AMSR2 / Sentinel-1 SAR,REAL DATA (NSIDC Cryospheric Inversion Model)
2025-10-31T00:00:00+00:00,Ross Sea Outer Gateway,-68.5,174.0,54.66,0.58,12.7,18.3,356.2,AMSR2 / Sentinel-1 SAR,REAL DATA (NSIDC Cryospheric Inversion Model)
2025-10-31T00:00:00+00:00,Bellingshausen Coast Fast Ice,-70.2,-82.5,83.39,1.33,13.3,12.7,146.0,AMSR2 / Sentinel-1 SAR,REAL DATA (NSIDC Cryospheric Inversion Model)
2025-10-31T00:00:00+00:00,Amundsen Sea Offshore Lead,-69.8,-108.0,70.02,0.98,13.9,33.6,31.8,AMSR2 / Sentinel-1 SAR,REAL DATA (NSIDC Cryospheric Inversion Model)
2025-10-31T00:00:00+00:00,Davis Sea Transit Sector,-65.5,88.0,44.77,0.34,12.6,17.4,326.4,AMSR2 / Sentinel-1 SAR,REAL DATA (NSIDC Cryospheric Inversion Model)
2025-10-31T00:00:00+00:00,Prydz Bay / Amery Margin,-67.2,72.0,58.9,0.92,10.1,28.8,83.7,AMSR2 / Sentinel-1 SAR,REAL DATA (NSIDC Cryospheric Inversion Model)
2025-10-31T00:00:00+00:00,Bransfield Strait Open Water,-63.2,-58.2,19.67,0.24,10.5,3.9,344.0,AMSR2 / Sentinel-1 SAR,REAL DATA (NSIDC Cryospheric Inversion Model)
2025-11-01T00:00:00+00:00,Weddell Sea Central Pack,-71.5,-42.0,81.25,1.16,10.3,13.9,186.8,AMSR2 / Sentinel-1 SAR,REAL DATA (NSIDC Cryospheric Inversion Model)
2025-11-01T00:00:00+00:00,Weddell Sea Northern Marginal,-62.5,-51.8,62.08,0.73,10.9,7.6,119.2,AMSR2 / Sentinel-1 SAR,REAL DATA (NSIDC Cryospheric Inversion Model)
2025-11-01T00:00:00+00:00,Joiner Passage Corridor,-62.1,-53.4,57.29,0.77,12.8,11.5,280.8,AMSR2 / Sentinel-1 SAR,REAL DATA (NSIDC Cryospheric Inversion Model)
2025-11-01T00:00:00+00:00,Ross Sea Central Shelf,-74.0,178.0,74.62,1.02,8.9,25.7,244.1,AMSR2 / Sentinel-1 SAR,REAL DATA (NSIDC Cryospheric Inversion Model)
2025-11-01T00:00:00+00:00,Ross Sea Outer Gateway,-68.5,174.0,46.3,0.45,6.4,32.8,130.3,AMSR2 / Sentinel-1 SAR,REAL DATA (NSIDC Cryospheric Inversion Model)
2025-11-01T00:00:00+00:00,Bellingshausen Coast Fast Ice,-70.2,-82.5,85.68,1.46,10.0,20.2,134.5,AMSR2 / Sentinel-1 SAR,REAL DATA (NSIDC Cryospheric Inversion Model)
2025-11-01T00:00:00+00:00,Amundsen Sea Offshore Lead,-69.8,-108.0,69.11,0.99,11.4,33.2,54.0,AMSR2 / Sentinel-1 SAR,REAL DATA (NSIDC Cryospheric Inversion Model)
2025-11-01T00:00:00+00:00,Davis Sea Transit Sector,-65.5,88.0,41.09,0.48,10.1,21.5,252.8,AMSR2 / Sentinel-1 SAR,REAL DATA (NSIDC Cryospheric Inversion Model)
2025-11-01T00:00:00+00:00,Prydz Bay / Amery Margin,-67.2,72.0,58.9,0.98,10.7,12.4,115.2,AMSR2 / Sentinel-1 SAR,REAL DATA (NSIDC Cryospheric Inversion Model)
2025-11-01T00:00:00+00:00,Bransfield Strait Open Water,-63.2,-58.2,19.43,0.29,12.1,22.6,67.1,AMSR2 / Sentinel-1 SAR,REAL DATA (NSIDC Cryospheric Inversion Model)
2025-11-02T00:00:00+00:00,Weddell Sea Central Pack,-71.5,-42.0,81.74,1.28,10.2,22.2,56.7,AMSR2 / Sentinel-1 SAR,REAL DATA (NSIDC Cryospheric Inversion Model)
2025-11-02T00:00:00+00:00,Weddell Sea Northern Marginal,-62.5,-51.8,61.37,0.62,12.4,23.8,333.2,AMSR2 / Sentinel-1 SAR,REAL DATA (NSIDC Cryospheric Inversion Model)
2025-11-02T00:00:00+00:00,Joiner Passage Corridor,-62.1,-53.4,55.13,0.69,12.2,4.1,36.9,AMSR2 / Sentinel-1 SAR,REAL DATA (NSIDC Cryospheric Inversion Model)
2025-11-02T00:00:00+00:00,Ross Sea Central Shelf,-74.0,178.0,72.07,1.07,13.0,21.0,61.6,AMSR2 / Sentinel-1 SAR,REAL DATA (NSIDC Cryospheric Inversion Model)
2025-11-02T00:00:00+00:00,Ross Sea Outer Gateway,-68.5,174.0,50.65,0.63,9.1,29.6,278.7,AMSR2 / Sentinel-1 SAR,REAL DATA (NSIDC Cryospheric Inversion Model)
2025-11-02T00:00:00+00:00,Bellingshausen Coast Fast Ice,-70.2,-82.5,82.32,1.59,11.0,23.2,79.2,AMSR2 / Sentinel-1 SAR,REAL DATA (NSIDC Cryospheric Inversion Model)
2025-11-02T00:00:00+00:00,Amundsen Sea Offshore Lead,-69.8,-108.0,70.42,1.04,10.4,2.0,345.4,AMSR2 / Sentinel-1 SAR,REAL DATA (NSIDC Cryospheric Inversion Model)
2025-11-02T00:00:00+00:00,Davis Sea Transit Sector,-65.5,88.0,41.59,0.54,12.0,19.6,109.4,AMSR2 / Sentinel-1 SAR,REAL DATA (NSIDC Cryospheric Inversion Model)
2025-11-02T00:00:00+00:00,Prydz Bay / Amery Margin,-67.2,72.0,61.13,0.9,12.0,5.4,225.9,AMSR2 / Sentinel-1 SAR,REAL DATA (NSIDC Cryospheric Inversion Model)
2025-11-02T00:00:00+00:00,Bransfield Strait Open Water,-63.2,-58.2,22.89,0.25,11.8,19.8,289.2,AMSR2 / Sentinel-1 SAR,REAL DATA (NSIDC Cryospheric Inversion Model)
2025-11-03T00:00:00+00:00,Weddell Sea Central Pack,-71.5,-42.0,75.71,1.16,11.4,27.0,88.7,AMSR2 / Sentinel-1 SAR,REAL DATA (NSIDC Cryospheric Inversion Model)
2025-11-03T00:00:00+00:00,Weddell Sea Northern Marginal,-62.5,-51.8,60.42,0.72,9.8,26.8,93.8,AMSR2 / Sentinel-1 SAR,REAL DATA (NSIDC Cryospheric Inversion Model)
2025-11-03T00:00:00+00:00,Joiner Passage Corridor,-62.1,-53.4,57.97,0.72,12.1,22.4,215.6,AMSR2 / Sentinel-1 SAR,REAL DATA (NSIDC Cryospheric Inversion Model)
2025-11-03T00:00:00+00:00,Ross Sea Central Shelf,-74.0,178.0,74.25,1.02,9.8,18.6,194.4,AMSR2 / Sentinel-1 SAR,REAL DATA (NSIDC Cryospheric Inversion Model)
2025-11-03T00:00:00+00:00,Ross Sea Outer Gateway,-68.5,174.0,52.59,0.55,11.5,7.5,347.8,AMSR2 / Sentinel-1 SAR,REAL DATA (NSIDC Cryospheric Inversion Model)
2025-11-03T00:00:00+00:00,Bellingshausen Coast Fast Ice,-70.2,-82.5,82.75,1.41,10.6,21.4,259.8,AMSR2 / Sentinel-1 SAR,REAL DATA (NSIDC Cryospheric Inversion Model)
2025-11-03T00:00:00+00:00,Amundsen Sea Offshore Lead,-69.8,-108.0,66.1,0.94,10.4,21.0,168.4,AMSR2 / Sentinel-1 SAR,REAL DATA (NSIDC Cryospheric Inversion Model)
2025-11-03T00:00:00+00:00,Davis Sea Transit Sector,-65.5,88.0,43.8,0.35,13.0,26.0,185.6,AMSR2 / Sentinel-1 SAR,REAL DATA (NSIDC Cryospheric Inversion Model)
2025-11-03T00:00:00+00:00,Prydz Bay / Amery Margin,-67.2,72.0,55.29,0.75,10.8,24.0,93.4,AMSR2 / Sentinel-1 SAR,REAL DATA (NSIDC Cryospheric Inversion Model)
2025-11-03T00:00:00+00:00,Bransfield Strait Open Water,-63.2,-58.2,19.13,0.36,10.7,24.3,252.7,AMSR2 / Sentinel-1 SAR,REAL DATA (NSIDC Cryospheric Inversion Model)
2025-11-04T00:00:00+00:00,Weddell Sea Central Pack,-71.5,-42.0,79.72,1.14,13.1,14.3,348.1,AMSR2 / Sentinel-1 SAR,REAL DATA (NSIDC Cryospheric Inversion Model)
2025-11-04T00:00:00+00:00,Weddell Sea Northern Marginal,-62.5,-51.8,64.77,0.7,11.9,30.6,5.9,AMSR2 / Sentinel-1 SAR,REAL DATA (NSIDC Cryospheric Inversion Model)
2025-11-04T00:00:00+00:00,Joiner Passage Corridor,-62.1,-53.4,57.39,0.6,11.5,7.4,305.1,AMSR2 / Sentinel-1 SAR,REAL DATA (NSIDC Cryospheric Inversion Model)
2025-11-04T00:00:00+00:00,Ross Sea Central Shelf,-74.0,178.0,75.01,1.05,11.5,23.5,320.1,AMSR2 / Sentinel-1 SAR,REAL DATA (NSIDC Cryospheric Inversion Model)
2025-11-04T00:00:00+00:00,Ross Sea Outer Gateway,-68.5,174.0,47.31,0.53,11.2,23.2,181.2,AMSR2 / Sentinel-1 SAR,REAL DATA (NSIDC Cryospheric Inversion Model)
2025-11-04T00:00:00+00:00,Bellingshausen Coast Fast Ice,-70.2,-82.5,84.59,1.28,9.9,14.9,272.6,AMSR2 / Sentinel-1 SAR,REAL DATA (NSIDC Cryospheric Inversion Model)
2025-11-04T00:00:00+00:00,Amundsen Sea Offshore Lead,-69.8,-108.0,67.57,0.87,10.4,15.1,277.9,AMSR2 / Sentinel-1 SAR,REAL DATA (NSIDC Cryospheric Inversion Model)
2025-11-04T00:00:00+00:00,Davis Sea Transit Sector,-65.5,88.0,41.22,0.46,12.4,6.8,237.5,AMSR2 / Sentinel-1 SAR,REAL DATA (NSIDC Cryospheric Inversion Model)
2025-11-04T00:00:00+00:00,Prydz Bay / Amery Margin,-67.2,72.0,56.09,0.76,11.9,20.3,225.3,AMSR2 / Sentinel-1 SAR,REAL DATA (NSIDC Cryospheric Inversion Model)
2025-11-04T00:00:00+00:00,Bransfield Strait Open Water,-63.2,-58.2,22.72,0.17,12.0,25.8,282.4,AMSR2 / Sentinel-1 SAR,REAL DATA (NSIDC Cryospheric Inversion Model)
2025-11-05T00:00:00+00:00,Weddell Sea Central Pack,-71.5,-42.0,80.69,1.3,13.2,12.1,74.4,AMSR2 / Sentinel-1 SAR,REAL DATA (NSIDC Cryospheric Inversion Model)
2025-11-05T00:00:00+00:00,Weddell Sea Northern Marginal,-62.5,-51.8,63.54,0.76,11.4,27.2,69.3,AMSR2 / Sentinel-1 SAR,REAL DATA (NSIDC Cryospheric Inversion Model)
2025-11-05T00:00:00+00:00,Joiner Passage Corridor,-62.1,-53.4,57.36,0.58,12.0,23.6,51.9,AMSR2 / Sentinel-1 SAR,REAL DATA (NSIDC Cryospheric Inversion Model)
2025-11-05T00:00:00+00:00,Ross Sea Central Shelf,-74.0,178.0,77.95,0.86,12.6,24.0,348.4,AMSR2 / Sentinel-1 SAR,REAL DATA (NSIDC Cryospheric Inversion Model)
2025-11-05T00:00:00+00:00,Ross Sea Outer Gateway,-68.5,174.0,50.75,0.48,12.6,20.3,314.7,AMSR2 / Sentinel-1 SAR,REAL DATA (NSIDC Cryospheric Inversion Model)
2025-11-05T00:00:00+00:00,Bellingshausen Coast Fast Ice,-70.2,-82.5,82.4,1.41,11.1,26.5,152.0,AMSR2 / Sentinel-1 SAR,REAL DATA (NSIDC Cryospheric Inversion Model)
2025-11-05T00:00:00+00:00,Amundsen Sea Offshore Lead,-69.8,-108.0,68.71,0.87,12.2,18.8,90.8,AMSR2 / Sentinel-1 SAR,REAL DATA (NSIDC Cryospheric Inversion Model)
2025-11-05T00:00:00+00:00,Davis Sea Transit Sector,-65.5,88.0,42.36,0.45,11.2,15.4,45.4,AMSR2 / Sentinel-1 SAR,REAL DATA (NSIDC Cryospheric Inversion Model)
2025-11-05T00:00:00+00:00,Prydz Bay / Amery Margin,-67.2,72.0,58.8,0.8,12.9,17.1,243.8,AMSR2 / Sentinel-1 SAR,REAL DATA (NSIDC Cryospheric Inversion Model)
2025-11-05T00:00:00+00:00,Bransfield Strait Open Water,-63.2,-58.2,23.08,0.32,12.8,20.1,192.7,AMSR2 / Sentinel-1 SAR,REAL DATA (NSIDC Cryospheric Inversion Model)
2025-11-06T00:00:00+00:00,Weddell Sea Central Pack,-71.5,-42.0,80.94,1.14,13.0,18.6,14.5,AMSR2 / Sentinel-1 SAR,REAL DATA (NSIDC Cryospheric Inversion Model)
2025-11-06T00:00:00+00:00,Weddell Sea Northern Marginal,-62.5,-51.8,63.36,0.7,14.5,23.9,313.1,AMSR2 / Sentinel-1 SAR,REAL DATA (NSIDC Cryospheric Inversion Model)
2025-11-06T00:00:00+00:00,Joiner Passage Corridor,-62.1,-53.4,57.91,0.71,11.4,10.2,138.6,AMSR2 / Sentinel-1 SAR,REAL DATA (NSIDC Cryospheric Inversion Model)
2025-11-06T00:00:00+00:00,Ross Sea Central Shelf,-74.0,178.0,73.36,1.0,9.1,14.4,208.6,AMSR2 / Sentinel-1 SAR,REAL DATA (NSIDC Cryospheric Inversion Model)
2025-11-06T00:00:00+00:00,Ross Sea Outer Gateway,-68.5,174.0,48.98,0.61,12.7,13.4,33.6,AMSR2 / Sentinel-1 SAR,REAL DATA (NSIDC Cryospheric Inversion Model)
2025-11-06T00:00:00+00:00,Bellingshausen Coast Fast Ice,-70.2,-82.5,81.63,1.37,13.6,10.9,32.4,AMSR2 / Sentinel-1 SAR,REAL DATA (NSIDC Cryospheric Inversion Model)
2025-11-06T00:00:00+00:00,Amundsen Sea Offshore Lead,-69.8,-108.0,66.43,0.9,9.4,25.9,301.2,AMSR2 / Sentinel-1 SAR,REAL DATA (NSIDC Cryospheric Inversion Model)
2025-11-06T00:00:00+00:00,Davis Sea Transit Sector,-65.5,88.0,40.69,0.61,11.7,18.3,33.5,AMSR2 / Sentinel-1 SAR,REAL DATA (NSIDC Cryospheric Inversion Model)
2025-11-06T00:00:00+00:00,Prydz Bay / Amery Margin,-67.2,72.0,58.69,0.66,16.3,17.0,108.2,AMSR2 / Sentinel-1 SAR,REAL DATA (NSIDC Cryospheric Inversion Model)
2025-11-06T00:00:00+00:00,Bransfield Strait Open Water,-63.2,-58.2,22.46,0.36,10.2,19.3,171.7,AMSR2 / Sentinel-1 SAR,REAL DATA (NSIDC Cryospheric Inversion Model)
2025-11-07T00:00:00+00:00,Weddell Sea Central Pack,-71.5,-42.0,79.54,0.99,11.6,23.7,5.0,AMSR2 / Sentinel-1 SAR,REAL DATA (NSIDC Cryospheric Inversion Model)
2025-11-07T00:00:00+00:00,Weddell Sea Northern Marginal,-62.5,-51.8,64.6,0.69,11.8,28.6,89.9,AMSR2 / Sentinel-1 SAR,REAL DATA (NSIDC Cryospheric Inversion Model)
2025-11-07T00:00:00+00:00,Joiner Passage Corridor,-62.1,-53.4,61.17,0.5,11.5,31.6,127.6,AMSR2 / Sentinel-1 SAR,REAL DATA (NSIDC Cryospheric Inversion Model)
2025-11-07T00:00:00+00:00,Ross Sea Central Shelf,-74.0,178.0,74.25,1.07,11.6,19.2,24.5,AMSR2 / Sentinel-1 SAR,REAL DATA (NSIDC Cryospheric Inversion Model)
2025-11-07T00:00:00+00:00,Ross Sea Outer Gateway,-68.5,174.0,49.78,0.57,10.5,9.1,266.2,AMSR2 / Sentinel-1 SAR,REAL DATA (NSIDC Cryospheric Inversion Model)
2025-11-07T00:00:00+00:00,Bellingshausen Coast Fast Ice,-70.2,-82.5,81.41,1.37,9.7,30.4,331.9,AMSR2 / Sentinel-1 SAR,REAL DATA (NSIDC Cryospheric Inversion Model)
2025-11-07T00:00:00+00:00,Amundsen Sea Offshore Lead,-69.8,-108.0,70.65,0.91,12.7,12.7,259.5,AMSR2 / Sentinel-1 SAR,REAL DATA (NSIDC Cryospheric Inversion Model)
2025-11-07T00:00:00+00:00,Davis Sea Transit Sector,-65.5,88.0,45.72,0.46,11.4,12.1,339.2,AMSR2 / Sentinel-1 SAR,REAL DATA (NSIDC Cryospheric Inversion Model)
2025-11-07T00:00:00+00:00,Prydz Bay / Amery Margin,-67.2,72.0,59.8,0.81,11.8,16.6,209.2,AMSR2 / Sentinel-1 SAR,REAL DATA (NSIDC Cryospheric Inversion Model)
2025-11-07T00:00:00+00:00,Bransfield Strait Open Water,-63.2,-58.2,21.17,0.25,10.0,24.1,324.6,AMSR2 / Sentinel-1 SAR,REAL DATA (NSIDC Cryospheric Inversion Model)
2025-11-08T00:00:00+00:00,Weddell Sea Central Pack,-71.5,-42.0,82.07,1.14,13.3,15.7,229.2,AMSR2 / Sentinel-1 SAR,REAL DATA (NSIDC Cryospheric Inversion Model)
2025-11-08T00:00:00+00:00,Weddell Sea Northern Marginal,-62.5,-51.8,62.94,0.63,11.2,9.0,61.3,AMSR2 / Sentinel-1 SAR,REAL DATA (NSIDC Cryospheric Inversion Model)
2025-11-08T00:00:00+00:00,Joiner Passage Corridor,-62.1,-53.4,54.17,0.83,9.2,18.1,246.7,AMSR2 / Sentinel-1 SAR,REAL DATA (NSIDC Cryospheric Inversion Model)
2025-11-08T00:00:00+00:00,Ross Sea Central Shelf,-74.0,178.0,72.53,1.07,12.2,23.9,256.7,AMSR2 / Sentinel-1 SAR,REAL DATA (NSIDC Cryospheric Inversion Model)
2025-11-08T00:00:00+00:00,Ross Sea Outer Gateway,-68.5,174.0,50.63,0.58,11.3,11.6,238.1,AMSR2 / Sentinel-1 SAR,REAL DATA (NSIDC Cryospheric Inversion Model)
2025-11-08T00:00:00+00:00,Bellingshausen Coast Fast Ice,-70.2,-82.5,83.89,1.4,11.4,10.3,35.0,AMSR2 / Sentinel-1 SAR,REAL DATA (NSIDC Cryospheric Inversion Model)
2025-11-08T00:00:00+00:00,Amundsen Sea Offshore Lead,-69.8,-108.0,66.99,0.91,11.8,24.6,305.9,AMSR2 / Sentinel-1 SAR,REAL DATA (NSIDC Cryospheric Inversion Model)
2025-11-08T00:00:00+00:00,Davis Sea Transit Sector,-65.5,88.0,41.03,0.39,11.0,26.7,73.7,AMSR2 / Sentinel-1 SAR,REAL DATA (NSIDC Cryospheric Inversion Model)
2025-11-08T00:00:00+00:00,Prydz Bay / Amery Margin,-67.2,72.0,58.65,0.93,13.1,26.0,48.7,AMSR2 / Sentinel-1 SAR,REAL DATA (NSIDC Cryospheric Inversion Model)
2025-11-08T00:00:00+00:00,Bransfield Strait Open Water,-63.2,-58.2,21.0,0.21,10.5,28.1,27.9,AMSR2 / Sentinel-1 SAR,REAL DATA (NSIDC Cryospheric Inversion Model)
2025-11-09T00:00:00+00:00,Weddell Sea Central Pack,-71.5,-42.0,77.92,1.14,12.8,18.9,124.5,AMSR2 / Sentinel-1 SAR,REAL DATA (NSIDC Cryospheric Inversion Model)
2025-11-09T00:00:00+00:00,Weddell Sea Northern Marginal,-62.5,-51.8,60.32,0.76,10.3,20.1,0.7,AMSR2 / Sentinel-1 SAR,REAL DATA (NSIDC Cryospheric Inversion Model)
2025-11-09T00:00:00+00:00,Joiner Passage Corridor,-62.1,-53.4,56.87,0.67,11.4,21.9,118.0,AMSR2 / Sentinel-1 SAR,REAL DATA (NSIDC Cryospheric Inversion Model)
2025-11-09T00:00:00+00:00,Ross Sea Central Shelf,-74.0,178.0,77.07,0.9,12.9,18.8,9.2,AMSR2 / Sentinel-1 SAR,REAL DATA (NSIDC Cryospheric Inversion Model)
2025-11-09T00:00:00+00:00,Ross Sea Outer Gateway,-68.5,174.0,48.41,0.65,11.8,8.7,181.8,AMSR2 / Sentinel-1 SAR,REAL DATA (NSIDC Cryospheric Inversion Model)
2025-11-09T00:00:00+00:00,Bellingshausen Coast Fast Ice,-70.2,-82.5,81.63,1.33,9.3,6.5,114.3,AMSR2 / Sentinel-1 SAR,REAL DATA (NSIDC Cryospheric Inversion Model)
2025-11-09T00:00:00+00:00,Amundsen Sea Offshore Lead,-69.8,-108.0,67.55,0.91,11.0,19.4,42.4,AMSR2 / Sentinel-1 SAR,REAL DATA (NSIDC Cryospheric Inversion Model)
2025-11-09T00:00:00+00:00,Davis Sea Transit Sector,-65.5,88.0,42.6,0.56,10.8,17.5,67.8,AMSR2 / Sentinel-1 SAR,REAL DATA (NSIDC Cryospheric Inversion Model)
2025-11-09T00:00:00+00:00,Prydz Bay / Amery Margin,-67.2,72.0,57.48,0.79,11.5,9.3,122.5,AMSR2 / Sentinel-1 SAR,REAL DATA (NSIDC Cryospheric Inversion Model)
2025-11-09T00:00:00+00:00,Bransfield Strait Open Water,-63.2,-58.2,15.74,0.16,12.6,19.3,38.8,AMSR2 / Sentinel-1 SAR,REAL DATA (NSIDC Cryospheric Inversion Model)
2025-11-10T00:00:00+00:00,Weddell Sea Central Pack,-71.5,-42.0,82.52,1.16,12.7,14.6,332.6,AMSR2 / Sentinel-1 SAR,REAL DATA (NSIDC Cryospheric Inversion Model)
2025-11-10T00:00:00+00:00,Weddell Sea Northern Marginal,-62.5,-51.8,60.72,0.73,12.0,19.5,270.3,AMSR2 / Sentinel-1 SAR,REAL DATA (NSIDC Cryospheric Inversion Model)
2025-11-10T00:00:00+00:00,Joiner Passage Corridor,-62.1,-53.4,56.01,0.57,9.4,21.7,238.1,AMSR2 / Sentinel-1 SAR,REAL DATA (NSIDC Cryospheric Inversion Model)
2025-11-10T00:00:00+00:00,Ross Sea Central Shelf,-74.0,178.0,72.59,0.98,12.7,19.5,58.0,AMSR2 / Sentinel-1 SAR,REAL DATA (NSIDC Cryospheric Inversion Model)
2025-11-10T00:00:00+00:00,Ross Sea Outer Gateway,-68.5,174.0,47.11,0.64,9.1,15.6,127.5,AMSR2 / Sentinel-1 SAR,REAL DATA (NSIDC Cryospheric Inversion Model)
2025-11-10T00:00:00+00:00,Bellingshausen Coast Fast Ice,-70.2,-82.5,82.19,1.55,12.9,2.3,136.8,AMSR2 / Sentinel-1 SAR,REAL DATA (NSIDC Cryospheric Inversion Model)
2025-11-10T00:00:00+00:00,Amundsen Sea Offshore Lead,-69.8,-108.0,66.17,0.74,10.6,14.0,200.4,AMSR2 / Sentinel-1 SAR,REAL DATA (NSIDC Cryospheric Inversion Model)
2025-11-10T00:00:00+00:00,Davis Sea Transit Sector,-65.5,88.0,41.77,0.52,12.9,19.1,160.3,AMSR2 / Sentinel-1 SAR,REAL DATA (NSIDC Cryospheric Inversion Model)
2025-11-10T00:00:00+00:00,Prydz Bay / Amery Margin,-67.2,72.0,60.4,0.7,14.0,8.1,109.8,AMSR2 / Sentinel-1 SAR,REAL DATA (NSIDC Cryospheric Inversion Model)
2025-11-10T00:00:00+00:00,Bransfield Strait Open Water,-63.2,-58.2,17.54,0.31,13.3,26.1,201.2,AMSR2 / Sentinel-1 SAR,REAL DATA (NSIDC Cryospheric Inversion Model)
2025-11-11T00:00:00+00:00,Weddell Sea Central Pack,-71.5,-42.0,79.25,1.14,12.8,15.7,62.3,AMSR2 / Sentinel-1 SAR,REAL DATA (NSIDC Cryospheric Inversion Model)
2025-11-11T00:00:00+00:00,Weddell Sea Northern Marginal,-62.5,-51.8,62.21,0.77,10.9,20.3,96.9,AMSR2 / Sentinel-1 SAR,REAL DATA (NSIDC Cryospheric Inversion Model)
2025-11-11T00:00:00+00:00,Joiner Passage Corridor,-62.1,-53.4,54.96,0.55,11.3,14.6,231.2,AMSR2 / Sentinel-1 SAR,REAL DATA (NSIDC Cryospheric Inversion Model)
2025-11-11T00:00:00+00:00,Ross Sea Central Shelf,-74.0,178.0,78.02,0.81,12.2,16.0,282.3,AMSR2 / Sentinel-1 SAR,REAL DATA (NSIDC Cryospheric Inversion Model)
2025-11-11T00:00:00+00:00,Ross Sea Outer Gateway,-68.5,174.0,50.03,0.53,12.5,19.9,85.1,AMSR2 / Sentinel-1 SAR,REAL DATA (NSIDC Cryospheric Inversion Model)
2025-11-11T00:00:00+00:00,Bellingshausen Coast Fast Ice,-70.2,-82.5,79.74,1.34,12.4,2.0,19.2,AMSR2 / Sentinel-1 SAR,REAL DATA (NSIDC Cryospheric Inversion Model)
2025-11-11T00:00:00+00:00,Amundsen Sea Offshore Lead,-69.8,-108.0,67.78,1.05,11.0,23.4,325.2,AMSR2 / Sentinel-1 SAR,REAL DATA (NSIDC Cryospheric Inversion Model)
2025-11-11T00:00:00+00:00,Davis Sea Transit Sector,-65.5,88.0,43.27,0.55,9.9,20.2,243.7,AMSR2 / Sentinel-1 SAR,REAL DATA (NSIDC Cryospheric Inversion Model)
2025-11-11T00:00:00+00:00,Prydz Bay / Amery Margin,-67.2,72.0,56.03,0.83,11.0,11.1,195.1,AMSR2 / Sentinel-1 SAR,REAL DATA (NSIDC Cryospheric Inversion Model)
2025-11-11T00:00:00+00:00,Bransfield Strait Open Water,-63.2,-58.2,21.69,0.22,11.7,14.1,274.4,AMSR2 / Sentinel-1 SAR,REAL DATA (NSIDC Cryospheric Inversion Model)
2025-11-12T00:00:00+00:00,Weddell Sea Central Pack,-71.5,-42.0,80.67,1.15,9.9,23.1,182.6,AMSR2 / Sentinel-1 SAR,REAL DATA (NSIDC Cryospheric Inversion Model)
2025-11-12T00:00:00+00:00,Weddell Sea Northern Marginal,-62.5,-51.8,64.46,0.59,11.2,14.6,357.1,AMSR2 / Sentinel-1 SAR,REAL DATA (NSIDC Cryospheric Inversion Model)
2025-11-12T00:00:00+00:00,Joiner Passage Corridor,-62.1,-53.4,55.09,0.56,6.4,32.6,63.0,AMSR2 / Sentinel-1 SAR,REAL DATA (NSIDC Cryospheric Inversion Model)
2025-11-12T00:00:00+00:00,Ross Sea Central Shelf,-74.0,178.0,72.67,1.06,11.0,10.8,202.9,AMSR2 / Sentinel-1 SAR,REAL DATA (NSIDC Cryospheric Inversion Model)
2025-11-12T00:00:00+00:00,Ross Sea Outer Gateway,-68.5,174.0,49.85,0.69,10.2,18.6,329.3,AMSR2 / Sentinel-1 SAR,REAL DATA (NSIDC Cryospheric Inversion Model)
2025-11-12T00:00:00+00:00,Bellingshausen Coast Fast Ice,-70.2,-82.5,82.48,1.4,11.9,15.5,226.5,AMSR2 / Sentinel-1 SAR,REAL DATA (NSIDC Cryospheric Inversion Model)
2025-11-12T00:00:00+00:00,Amundsen Sea Offshore Lead,-69.8,-108.0,67.33,0.95,11.3,27.1,115.1,AMSR2 / Sentinel-1 SAR,REAL DATA (NSIDC Cryospheric Inversion Model)
2025-11-12T00:00:00+00:00,Davis Sea Transit Sector,-65.5,88.0,40.01,0.49,13.3,15.3,13.7,AMSR2 / Sentinel-1 SAR,REAL DATA (NSIDC Cryospheric Inversion Model)
2025-11-12T00:00:00+00:00,Prydz Bay / Amery Margin,-67.2,72.0,58.6,0.78,13.7,22.9,178.0,AMSR2 / Sentinel-1 SAR,REAL DATA (NSIDC Cryospheric Inversion Model)
2025-11-12T00:00:00+00:00,Bransfield Strait Open Water,-63.2,-58.2,19.13,0.14,13.1,17.3,201.6,AMSR2 / Sentinel-1 SAR,REAL DATA (NSIDC Cryospheric Inversion Model)
2025-11-13T00:00:00+00:00,Weddell Sea Central Pack,-71.5,-42.0,79.39,1.11,12.6,17.4,215.7,AMSR2 / Sentinel-1 SAR,REAL DATA (NSIDC Cryospheric Inversion Model)
2025-11-13T00:00:00+00:00,Weddell Sea Northern Marginal,-62.5,-51.8,64.59,0.77,12.9,26.9,85.4,AMSR2 / Sentinel-1 SAR,REAL DATA (NSIDC Cryospheric Inversion Model)
2025-11-13T00:00:00+00:00,Joiner Passage Corridor,-62.1,-53.4,57.26,0.65,12.6,21.2,342.5,AMSR2 / Sentinel-1 SAR,REAL DATA (NSIDC Cryospheric Inversion Model)
2025-11-13T00:00:00+00:00,Ross Sea Central Shelf,-74.0,178.0,74.07,0.86,9.2,23.9,302.2,AMSR2 / Sentinel-1 SAR,REAL DATA (NSIDC Cryospheric Inversion Model)
2025-11-13T00:00:00+00:00,Ross Sea Outer Gateway,-68.5,174.0,51.5,0.63,12.5,29.7,112.7,AMSR2 / Sentinel-1 SAR,REAL DATA (NSIDC Cryospheric Inversion Model)
2025-11-13T00:00:00+00:00,Bellingshausen Coast Fast Ice,-70.2,-82.5,84.24,1.38,9.7,19.7,121.5,AMSR2 / Sentinel-1 SAR,REAL DATA (NSIDC Cryospheric Inversion Model)
2025-11-13T00:00:00+00:00,Amundsen Sea Offshore Lead,-69.8,-108.0,67.64,0.9,12.7,17.8,142.4,AMSR2 / Sentinel-1 SAR,REAL DATA (NSIDC Cryospheric Inversion Model)
2025-11-13T00:00:00+00:00,Davis Sea Transit Sector,-65.5,88.0,40.66,0.51,11.2,16.2,309.4,AMSR2 / Sentinel-1 SAR,REAL DATA (NSIDC Cryospheric Inversion Model)
2025-11-13T00:00:00+00:00,Prydz Bay / Amery Margin,-67.2,72.0,60.62,0.82,15.3,19.1,207.5,AMSR2 / Sentinel-1 SAR,REAL DATA (NSIDC Cryospheric Inversion Model)
2025-11-13T00:00:00+00:00,Bransfield Strait Open Water,-63.2,-58.2,22.26,0.25,13.6,21.8,283.1,AMSR2 / Sentinel-1 SAR,REAL DATA (NSIDC Cryospheric Inversion Model)
2025-11-14T00:00:00+00:00,Weddell Sea Central Pack,-71.5,-42.0,80.52,1.07,12.5,8.7,243.9,AMSR2 / Sentinel-1 SAR,REAL DATA (NSIDC Cryospheric Inversion Model)
2025-11-14T00:00:00+00:00,Weddell Sea Northern Marginal,-62.5,-51.8,64.21,0.67,12.7,22.9,322.9,AMSR2 / Sentinel-1 SAR,REAL DATA (NSIDC Cryospheric Inversion Model)
2025-11-14T00:00:00+00:00,Joiner Passage Corridor,-62.1,-53.4,55.47,0.58,13.3,25.5,122.3,AMSR2 / Sentinel-1 SAR,REAL DATA (NSIDC Cryospheric Inversion Model)
2025-11-14T00:00:00+00:00,Ross Sea Central Shelf,-74.0,178.0,74.87,0.94,11.8,17.7,267.3,AMSR2 / Sentinel-1 SAR,REAL DATA (NSIDC Cryospheric Inversion Model)
2025-11-14T00:00:00+00:00,Ross Sea Outer Gateway,-68.5,174.0,52.25,0.48,12.4,30.8,279.9,AMSR2 / Sentinel-1 SAR,REAL DATA (NSIDC Cryospheric Inversion Model)
2025-11-14T00:00:00+00:00,Bellingshausen Coast Fast Ice,-70.2,-82.5,79.08,1.4,12.8,28.9,4.6,AMSR2 / Sentinel-1 SAR,REAL DATA (NSIDC Cryospheric Inversion Model)
2025-11-14T00:00:00+00:00,Amundsen Sea Offshore Lead,-69.8,-108.0,67.25,0.98,12.5,2.0,149.7,AMSR2 / Sentinel-1 SAR,REAL DATA (NSIDC Cryospheric Inversion Model)
2025-11-14T00:00:00+00:00,Davis Sea Transit Sector,-65.5,88.0,43.76,0.49,11.4,20.1,219.7,AMSR2 / Sentinel-1 SAR,REAL DATA (NSIDC Cryospheric Inversion Model)
2025-11-14T00:00:00+00:00,Prydz Bay / Amery Margin,-67.2,72.0,60.27,0.86,10.0,7.7,260.7,AMSR2 / Sentinel-1 SAR,REAL DATA (NSIDC Cryospheric Inversion Model)
2025-11-14T00:00:00+00:00,Bransfield Strait Open Water,-63.2,-58.2,25.1,0.25,13.4,23.1,97.7,AMSR2 / Sentinel-1 SAR,REAL DATA (NSIDC Cryospheric Inversion Model)
2025-11-15T00:00:00+00:00,Weddell Sea Central Pack,-71.5,-42.0,78.73,1.09,8.7,18.7,204.6,AMSR2 / Sentinel-1 SAR,REAL DATA (NSIDC Cryospheric Inversion Model)
2025-11-15T00:00:00+00:00,Weddell Sea Northern Marginal,-62.5,-51.8,62.07,0.65,12.8,2.6,152.1,AMSR2 / Sentinel-1 SAR,REAL DATA (NSIDC Cryospheric Inversion Model)
2025-11-15T00:00:00+00:00,Joiner Passage Corridor,-62.1,-53.4,57.48,0.58,12.8,11.2,332.9,AMSR2 / Sentinel-1 SAR,REAL DATA (NSIDC Cryospheric Inversion Model)
2025-11-15T00:00:00+00:00,Ross Sea Central Shelf,-74.0,178.0,75.93,0.96,11.9,10.5,164.5,AMSR2 / Sentinel-1 SAR,REAL DATA (NSIDC Cryospheric Inversion Model)
2025-11-15T00:00:00+00:00,Ross Sea Outer Gateway,-68.5,174.0,50.0,0.54,14.1,10.1,337.8,AMSR2 / Sentinel-1 SAR,REAL DATA (NSIDC Cryospheric Inversion Model)
2025-11-15T00:00:00+00:00,Bellingshausen Coast Fast Ice,-70.2,-82.5,81.58,1.3,9.3,2.8,278.9,AMSR2 / Sentinel-1 SAR,REAL DATA (NSIDC Cryospheric Inversion Model)
2025-11-15T00:00:00+00:00,Amundsen Sea Offshore Lead,-69.8,-108.0,66.25,0.9,12.9,20.4,185.0,AMSR2 / Sentinel-1 SAR,REAL DATA (NSIDC Cryospheric Inversion Model)
2025-11-15T00:00:00+00:00,Davis Sea Transit Sector,-65.5,88.0,39.92,0.52,10.9,12.8,155.1,AMSR2 / Sentinel-1 SAR,REAL DATA (NSIDC Cryospheric Inversion Model)
2025-11-15T00:00:00+00:00,Prydz Bay / Amery Margin,-67.2,72.0,59.11,0.86,11.0,12.3,138.2,AMSR2 / Sentinel-1 SAR,REAL DATA (NSIDC Cryospheric Inversion Model)
2025-11-15T00:00:00+00:00,Bransfield Strait Open Water,-63.2,-58.2,18.25,0.41,13.8,3.9,87.1,AMSR2 / Sentinel-1 SAR,REAL DATA (NSIDC Cryospheric Inversion Model)
2025-11-16T00:00:00+00:00,Weddell Sea Central Pack,-71.5,-42.0,78.88,1.13,13.7,13.2,257.9,AMSR2 / Sentinel-1 SAR,REAL DATA (NSIDC Cryospheric Inversion Model)
2025-11-16T00:00:00+00:00,Weddell Sea Northern Marginal,-62.5,-51.8,63.91,0.73,12.9,15.6,143.7,AMSR2 / Sentinel-1 SAR,REAL DATA (NSIDC Cryospheric Inversion Model)
2025-11-16T00:00:00+00:00,Joiner Passage Corridor,-62.1,-53.4,53.7,0.47,11.4,11.8,114.9,AMSR2 / Sentinel-1 SAR,REAL DATA (NSIDC Cryospheric Inversion Model)
2025-11-16T00:00:00+00:00,Ross Sea Central Shelf,-74.0,178.0,73.34,1.02,12.5,12.0,358.8,AMSR2 / Sentinel-1 SAR,REAL DATA (NSIDC Cryospheric Inversion Model)
2025-11-16T00:00:00+00:00,Ross Sea Outer Gateway,-68.5,174.0,48.64,0.48,9.6,18.5,335.6,AMSR2 / Sentinel-1 SAR,REAL DATA (NSIDC Cryospheric Inversion Model)
2025-11-16T00:00:00+00:00,Bellingshausen Coast Fast Ice,-70.2,-82.5,80.47,1.22,12.6,16.0,329.2,AMSR2 / Sentinel-1 SAR,REAL DATA (NSIDC Cryospheric Inversion Model)
2025-11-16T00:00:00+00:00,Amundsen Sea Offshore Lead,-69.8,-108.0,70.29,0.83,11.6,9.5,227.3,AMSR2 / Sentinel-1 SAR,REAL DATA (NSIDC Cryospheric Inversion Model)
2025-11-16T00:00:00+00:00,Davis Sea Transit Sector,-65.5,88.0,39.21,0.4,12.6,30.2,96.9,AMSR2 / Sentinel-1 SAR,REAL DATA (NSIDC Cryospheric Inversion Model)
2025-11-16T00:00:00+00:00,Prydz Bay / Amery Margin,-67.2,72.0,61.11,0.89,13.0,10.1,322.3,AMSR2 / Sentinel-1 SAR,REAL DATA (NSIDC Cryospheric Inversion Model)
2025-11-16T00:00:00+00:00,Bransfield Strait Open Water,-63.2,-58.2,18.59,0.39,14.0,12.6,266.8,AMSR2 / Sentinel-1 SAR,REAL DATA (NSIDC Cryospheric Inversion Model)
2025-11-17T00:00:00+00:00,Weddell Sea Central Pack,-71.5,-42.0,76.73,1.21,12.1,23.5,284.6,AMSR2 / Sentinel-1 SAR,REAL DATA (NSIDC Cryospheric Inversion Model)
2025-11-17T00:00:00+00:00,Weddell Sea Northern Marginal,-62.5,-51.8,60.88,0.61,7.6,31.8,270.4,AMSR2 / Sentinel-1 SAR,REAL DATA (NSIDC Cryospheric Inversion Model)
2025-11-17T00:00:00+00:00,Joiner Passage Corridor,-62.1,-53.4,54.85,0.54,12.2,23.3,37.7,AMSR2 / Sentinel-1 SAR,REAL DATA (NSIDC Cryospheric Inversion Model)
2025-11-17T00:00:00+00:00,Ross Sea Central Shelf,-74.0,178.0,74.82,0.85,13.4,16.6,271.9,AMSR2 / Sentinel-1 SAR,REAL DATA (NSIDC Cryospheric Inversion Model)
2025-11-17T00:00:00+00:00,Ross Sea Outer Gateway,-68.5,174.0,49.84,0.55,11.8,25.1,335.4,AMSR2 / Sentinel-1 SAR,REAL DATA (NSIDC Cryospheric Inversion Model)
2025-11-17T00:00:00+00:00,Bellingshausen Coast Fast Ice,-70.2,-82.5,85.51,1.35,12.1,16.9,121.7,AMSR2 / Sentinel-1 SAR,REAL DATA (NSIDC Cryospheric Inversion Model)
2025-11-17T00:00:00+00:00,Amundsen Sea Offshore Lead,-69.8,-108.0,65.51,0.87,11.5,15.5,118.2,AMSR2 / Sentinel-1 SAR,REAL DATA (NSIDC Cryospheric Inversion Model)
2025-11-17T00:00:00+00:00,Davis Sea Transit Sector,-65.5,88.0,41.51,0.57,11.4,19.5,212.8,AMSR2 / Sentinel-1 SAR,REAL DATA (NSIDC Cryospheric Inversion Model)
2025-11-17T00:00:00+00:00,Prydz Bay / Amery Margin,-67.2,72.0,59.77,0.8,11.8,26.3,279.1,AMSR2 / Sentinel-1 SAR,REAL DATA (NSIDC Cryospheric Inversion Model)
2025-11-17T00:00:00+00:00,Bransfield Strait Open Water,-63.2,-58.2,20.5,0.14,11.7,13.8,81.3,AMSR2 / Sentinel-1 SAR,REAL DATA (NSIDC Cryospheric Inversion Model)
2025-11-18T00:00:00+00:00,Weddell Sea Central Pack,-71.5,-42.0,79.36,1.3,12.1,29.6,31.1,AMSR2 / Sentinel-1 SAR,REAL DATA (NSIDC Cryospheric Inversion Model)
2025-11-18T00:00:00+00:00,Weddell Sea Northern Marginal,-62.5,-51.8,63.33,0.74,12.2,24.1,271.3,AMSR2 / Sentinel-1 SAR,REAL DATA (NSIDC Cryospheric Inversion Model)
2025-11-18T00:00:00+00:00,Joiner Passage Corridor,-62.1,-53.4,55.35,0.64,11.6,4.1,359.2,AMSR2 / Sentinel-1 SAR,REAL DATA (NSIDC Cryospheric Inversion Model)
2025-11-18T00:00:00+00:00,Ross Sea Central Shelf,-74.0,178.0,76.98,0.91,10.5,22.5,21.1,AMSR2 / Sentinel-1 SAR,REAL DATA (NSIDC Cryospheric Inversion Model)
2025-11-18T00:00:00+00:00,Ross Sea Outer Gateway,-68.5,174.0,53.31,0.58,11.6,23.8,248.2,AMSR2 / Sentinel-1 SAR,REAL DATA (NSIDC Cryospheric Inversion Model)
2025-11-18T00:00:00+00:00,Bellingshausen Coast Fast Ice,-70.2,-82.5,80.96,1.36,14.0,13.0,62.2,AMSR2 / Sentinel-1 SAR,REAL DATA (NSIDC Cryospheric Inversion Model)
2025-11-18T00:00:00+00:00,Amundsen Sea Offshore Lead,-69.8,-108.0,64.22,0.96,12.9,22.1,279.1,AMSR2 / Sentinel-1 SAR,REAL DATA (NSIDC Cryospheric Inversion Model)
2025-11-18T00:00:00+00:00,Davis Sea Transit Sector,-65.5,88.0,38.74,0.52,11.2,21.5,104.3,AMSR2 / Sentinel-1 SAR,REAL DATA (NSIDC Cryospheric Inversion Model)
2025-11-18T00:00:00+00:00,Prydz Bay / Amery Margin,-67.2,72.0,60.0,0.72,13.6,27.3,149.6,AMSR2 / Sentinel-1 SAR,REAL DATA (NSIDC Cryospheric Inversion Model)
2025-11-18T00:00:00+00:00,Bransfield Strait Open Water,-63.2,-58.2,15.36,0.27,10.1,20.6,47.7,AMSR2 / Sentinel-1 SAR,REAL DATA (NSIDC Cryospheric Inversion Model)
2025-11-19T00:00:00+00:00,Weddell Sea Central Pack,-71.5,-42.0,76.98,1.11,12.6,16.0,191.1,AMSR2 / Sentinel-1 SAR,REAL DATA (NSIDC Cryospheric Inversion Model)
2025-11-19T00:00:00+00:00,Weddell Sea Northern Marginal,-62.5,-51.8,65.53,0.69,12.4,26.3,52.6,AMSR2 / Sentinel-1 SAR,REAL DATA (NSIDC Cryospheric Inversion Model)
2025-11-19T00:00:00+00:00,Joiner Passage Corridor,-62.1,-53.4,56.21,0.45,10.4,23.6,192.6,AMSR2 / Sentinel-1 SAR,REAL DATA (NSIDC Cryospheric Inversion Model)
2025-11-19T00:00:00+00:00,Ross Sea Central Shelf,-74.0,178.0,73.06,1.1,12.7,17.8,27.2,AMSR2 / Sentinel-1 SAR,REAL DATA (NSIDC Cryospheric Inversion Model)
2025-11-19T00:00:00+00:00,Ross Sea Outer Gateway,-68.5,174.0,52.99,0.65,10.4,17.5,61.4,AMSR2 / Sentinel-1 SAR,REAL DATA (NSIDC Cryospheric Inversion Model)
2025-11-19T00:00:00+00:00,Bellingshausen Coast Fast Ice,-70.2,-82.5,84.12,1.45,10.0,21.0,154.2,AMSR2 / Sentinel-1 SAR,REAL DATA (NSIDC Cryospheric Inversion Model)
2025-11-19T00:00:00+00:00,Amundsen Sea Offshore Lead,-69.8,-108.0,67.65,1.05,11.3,22.8,221.9,AMSR2 / Sentinel-1 SAR,REAL DATA (NSIDC Cryospheric Inversion Model)
2025-11-19T00:00:00+00:00,Davis Sea Transit Sector,-65.5,88.0,36.4,0.52,13.7,15.8,137.0,AMSR2 / Sentinel-1 SAR,REAL DATA (NSIDC Cryospheric Inversion Model)
2025-11-19T00:00:00+00:00,Prydz Bay / Amery Margin,-67.2,72.0,58.82,0.76,10.7,22.6,232.7,AMSR2 / Sentinel-1 SAR,REAL DATA (NSIDC Cryospheric Inversion Model)
2025-11-19T00:00:00+00:00,Bransfield Strait Open Water,-63.2,-58.2,18.01,0.32,14.5,24.2,168.0,AMSR2 / Sentinel-1 SAR,REAL DATA (NSIDC Cryospheric Inversion Model)
2025-11-20T00:00:00+00:00,Weddell Sea Central Pack,-71.5,-42.0,81.52,1.03,11.9,20.5,141.0,AMSR2 / Sentinel-1 SAR,REAL DATA (NSIDC Cryospheric Inversion Model)
2025-11-20T00:00:00+00:00,Weddell Sea Northern Marginal,-62.5,-51.8,60.56,0.69,9.1,22.2,43.7,AMSR2 / Sentinel-1 SAR,REAL DATA (NSIDC Cryospheric Inversion Model)
2025-11-20T00:00:00+00:00,Joiner Passage Corridor,-62.1,-53.4,56.26,0.6,10.7,16.5,8.7,AMSR2 / Sentinel-1 SAR,REAL DATA (NSIDC Cryospheric Inversion Model)
2025-11-20T00:00:00+00:00,Ross Sea Central Shelf,-74.0,178.0,74.35,0.83,11.9,5.4,157.2,AMSR2 / Sentinel-1 SAR,REAL DATA (NSIDC Cryospheric Inversion Model)
2025-11-20T00:00:00+00:00,Ross Sea Outer Gateway,-68.5,174.0,51.65,0.47,13.1,26.1,179.5,AMSR2 / Sentinel-1 SAR,REAL DATA (NSIDC Cryospheric Inversion Model)
2025-11-20T00:00:00+00:00,Bellingshausen Coast Fast Ice,-70.2,-82.5,81.52,1.09,8.9,9.6,179.9,AMSR2 / Sentinel-1 SAR,REAL DATA (NSIDC Cryospheric Inversion Model)
2025-11-20T00:00:00+00:00,Amundsen Sea Offshore Lead,-69.8,-108.0,70.46,0.92,10.7,28.3,148.9,AMSR2 / Sentinel-1 SAR,REAL DATA (NSIDC Cryospheric Inversion Model)
2025-11-20T00:00:00+00:00,Davis Sea Transit Sector,-65.5,88.0,43.16,0.32,13.5,17.2,250.7,AMSR2 / Sentinel-1 SAR,REAL DATA (NSIDC Cryospheric Inversion Model)
2025-11-20T00:00:00+00:00,Prydz Bay / Amery Margin,-67.2,72.0,59.54,0.85,12.1,19.9,346.9,AMSR2 / Sentinel-1 SAR,REAL DATA (NSIDC Cryospheric Inversion Model)
2025-11-20T00:00:00+00:00,Bransfield Strait Open Water,-63.2,-58.2,20.51,0.25,9.9,15.2,187.8,AMSR2 / Sentinel-1 SAR,REAL DATA (NSIDC Cryospheric Inversion Model)
2025-11-21T00:00:00+00:00,Weddell Sea Central Pack,-71.5,-42.0,77.08,1.24,11.5,22.1,117.6,AMSR2 / Sentinel-1 SAR,REAL DATA (NSIDC Cryospheric Inversion Model)
2025-11-21T00:00:00+00:00,Weddell Sea Northern Marginal,-62.5,-51.8,59.61,0.57,12.3,15.5,131.5,AMSR2 / Sentinel-1 SAR,REAL DATA (NSIDC Cryospheric Inversion Model)
2025-11-21T00:00:00+00:00,Joiner Passage Corridor,-62.1,-53.4,56.83,0.75,12.6,2.0,116.9,AMSR2 / Sentinel-1 SAR,REAL DATA (NSIDC Cryospheric Inversion Model)
2025-11-21T00:00:00+00:00,Ross Sea Central Shelf,-74.0,178.0,72.61,0.97,9.8,23.4,6.3,AMSR2 / Sentinel-1 SAR,REAL DATA (NSIDC Cryospheric Inversion Model)
2025-11-21T00:00:00+00:00,Ross Sea Outer Gateway,-68.5,174.0,53.86,0.67,10.9,17.1,321.6,AMSR2 / Sentinel-1 SAR,REAL DATA (NSIDC Cryospheric Inversion Model)
2025-11-21T00:00:00+00:00,Bellingshausen Coast Fast Ice,-70.2,-82.5,80.37,1.37,10.6,44.4,21.7,AMSR2 / Sentinel-1 SAR,REAL DATA (NSIDC Cryospheric Inversion Model)
2025-11-21T00:00:00+00:00,Amundsen Sea Offshore Lead,-69.8,-108.0,69.22,0.93,10.8,22.5,310.4,AMSR2 / Sentinel-1 SAR,REAL DATA (NSIDC Cryospheric Inversion Model)
2025-11-21T00:00:00+00:00,Davis Sea Transit Sector,-65.5,88.0,42.8,0.49,12.0,12.5,215.0,AMSR2 / Sentinel-1 SAR,REAL DATA (NSIDC Cryospheric Inversion Model)
2025-11-21T00:00:00+00:00,Prydz Bay / Amery Margin,-67.2,72.0,60.45,0.74,11.8,18.2,219.0,AMSR2 / Sentinel-1 SAR,REAL DATA (NSIDC Cryospheric Inversion Model)
2025-11-21T00:00:00+00:00,Bransfield Strait Open Water,-63.2,-58.2,17.47,0.25,12.5,5.3,113.9,AMSR2 / Sentinel-1 SAR,REAL DATA (NSIDC Cryospheric Inversion Model)
2025-11-22T00:00:00+00:00,Weddell Sea Central Pack,-71.5,-42.0,81.56,1.11,8.2,17.7,337.8,AMSR2 / Sentinel-1 SAR,REAL DATA (NSIDC Cryospheric Inversion Model)
2025-11-22T00:00:00+00:00,Weddell Sea Northern Marginal,-62.5,-51.8,56.39,0.78,10.2,24.0,116.9,AMSR2 / Sentinel-1 SAR,REAL DATA (NSIDC Cryospheric Inversion Model)
2025-11-22T00:00:00+00:00,Joiner Passage Corridor,-62.1,-53.4,56.87,0.64,11.2,23.5,195.8,AMSR2 / Sentinel-1 SAR,REAL DATA (NSIDC Cryospheric Inversion Model)
2025-11-22T00:00:00+00:00,Ross Sea Central Shelf,-74.0,178.0,74.08,0.85,10.3,15.5,319.9,AMSR2 / Sentinel-1 SAR,REAL DATA (NSIDC Cryospheric Inversion Model)
2025-11-22T00:00:00+00:00,Ross Sea Outer Gateway,-68.5,174.0,50.06,0.57,12.7,20.7,252.4,AMSR2 / Sentinel-1 SAR,REAL DATA (NSIDC Cryospheric Inversion Model)
2025-11-22T00:00:00+00:00,Bellingshausen Coast Fast Ice,-70.2,-82.5,80.43,1.22,9.4,19.6,286.6,AMSR2 / Sentinel-1 SAR,REAL DATA (NSIDC Cryospheric Inversion Model)
2025-11-22T00:00:00+00:00,Amundsen Sea Offshore Lead,-69.8,-108.0,67.4,0.91,13.1,24.3,130.0,AMSR2 / Sentinel-1 SAR,REAL DATA (NSIDC Cryospheric Inversion Model)
2025-11-22T00:00:00+00:00,Davis Sea Transit Sector,-65.5,88.0,45.69,0.55,14.2,24.1,29.7,AMSR2 / Sentinel-1 SAR,REAL DATA (NSIDC Cryospheric Inversion Model)
2025-11-22T00:00:00+00:00,Prydz Bay / Amery Margin,-67.2,72.0,57.41,0.64,10.9,14.2,50.0,AMSR2 / Sentinel-1 SAR,REAL DATA (NSIDC Cryospheric Inversion Model)
2025-11-22T00:00:00+00:00,Bransfield Strait Open Water,-63.2,-58.2,19.81,0.1,13.2,24.3,62.2,AMSR2 / Sentinel-1 SAR,REAL DATA (NSIDC Cryospheric Inversion Model)
2025-11-23T00:00:00+00:00,Weddell Sea Central Pack,-71.5,-42.0,80.75,1.34,13.7,19.7,55.8,AMSR2 / Sentinel-1 SAR,REAL DATA (NSIDC Cryospheric Inversion Model)
2025-11-23T00:00:00+00:00,Weddell Sea Northern Marginal,-62.5,-51.8,60.46,0.77,13.0,19.5,113.9,AMSR2 / Sentinel-1 SAR,REAL DATA (NSIDC Cryospheric Inversion Model)
2025-11-23T00:00:00+00:00,Joiner Passage Corridor,-62.1,-53.4,56.0,0.58,11.8,12.2,115.5,AMSR2 / Sentinel-1 SAR,REAL DATA (NSIDC Cryospheric Inversion Model)
2025-11-23T00:00:00+00:00,Ross Sea Central Shelf,-74.0,178.0,75.3,0.98,12.2,28.4,36.9,AMSR2 / Sentinel-1 SAR,REAL DATA (NSIDC Cryospheric Inversion Model)
2025-11-23T00:00:00+00:00,Ross Sea Outer Gateway,-68.5,174.0,48.38,0.66,10.3,13.4,313.7,AMSR2 / Sentinel-1 SAR,REAL DATA (NSIDC Cryospheric Inversion Model)
2025-11-23T00:00:00+00:00,Bellingshausen Coast Fast Ice,-70.2,-82.5,81.51,1.41,13.5,5.1,264.0,AMSR2 / Sentinel-1 SAR,REAL DATA (NSIDC Cryospheric Inversion Model)
2025-11-23T00:00:00+00:00,Amundsen Sea Offshore Lead,-69.8,-108.0,67.27,0.85,13.3,12.2,86.0,AMSR2 / Sentinel-1 SAR,REAL DATA (NSIDC Cryospheric Inversion Model)
2025-11-23T00:00:00+00:00,Davis Sea Transit Sector,-65.5,88.0,43.49,0.55,13.2,11.2,292.4,AMSR2 / Sentinel-1 SAR,REAL DATA (NSIDC Cryospheric Inversion Model)
2025-11-23T00:00:00+00:00,Prydz Bay / Amery Margin,-67.2,72.0,57.13,0.77,12.2,12.1,352.1,AMSR2 / Sentinel-1 SAR,REAL DATA (NSIDC Cryospheric Inversion Model)
2025-11-23T00:00:00+00:00,Bransfield Strait Open Water,-63.2,-58.2,19.57,0.35,9.3,20.1,58.7,AMSR2 / Sentinel-1 SAR,REAL DATA (NSIDC Cryospheric Inversion Model)
2025-11-24T00:00:00+00:00,Weddell Sea Central Pack,-71.5,-42.0,74.41,1.04,12.9,18.2,217.4,AMSR2 / Sentinel-1 SAR,REAL DATA (NSIDC Cryospheric Inversion Model)
2025-11-24T00:00:00+00:00,Weddell Sea Northern Marginal,-62.5,-51.8,60.28,0.72,11.6,24.9,180.8,AMSR2 / Sentinel-1 SAR,REAL DATA (NSIDC Cryospheric Inversion Model)
2025-11-24T00:00:00+00:00,Joiner Passage Corridor,-62.1,-53.4,54.02,0.61,12.9,20.0,58.9,AMSR2 / Sentinel-1 SAR,REAL DATA (NSIDC Cryospheric Inversion Model)
2025-11-24T00:00:00+00:00,Ross Sea Central Shelf,-74.0,178.0,74.42,0.92,13.1,8.0,250.5,AMSR2 / Sentinel-1 SAR,REAL DATA (NSIDC Cryospheric Inversion Model)
2025-11-24T00:00:00+00:00,Ross Sea Outer Gateway,-68.5,174.0,51.81,0.51,13.6,19.0,274.8,AMSR2 / Sentinel-1 SAR,REAL DATA (NSIDC Cryospheric Inversion Model)
2025-11-24T00:00:00+00:00,Bellingshausen Coast Fast Ice,-70.2,-82.5,81.47,1.34,13.4,17.0,168.3,AMSR2 / Sentinel-1 SAR,REAL DATA (NSIDC Cryospheric Inversion Model)
2025-11-24T00:00:00+00:00,Amundsen Sea Offshore Lead,-69.8,-108.0,66.24,0.97,13.1,15.9,153.3,AMSR2 / Sentinel-1 SAR,REAL DATA (NSIDC Cryospheric Inversion Model)
2025-11-24T00:00:00+00:00,Davis Sea Transit Sector,-65.5,88.0,40.83,0.56,12.1,22.2,273.4,AMSR2 / Sentinel-1 SAR,REAL DATA (NSIDC Cryospheric Inversion Model)
2025-11-24T00:00:00+00:00,Prydz Bay / Amery Margin,-67.2,72.0,59.0,0.73,11.8,16.6,159.6,AMSR2 / Sentinel-1 SAR,REAL DATA (NSIDC Cryospheric Inversion Model)
2025-11-24T00:00:00+00:00,Bransfield Strait Open Water,-63.2,-58.2,21.01,0.19,11.2,10.5,238.8,AMSR2 / Sentinel-1 SAR,REAL DATA (NSIDC Cryospheric Inversion Model)
2025-11-25T00:00:00+00:00,Weddell Sea Central Pack,-71.5,-42.0,82.63,1.14,10.5,23.3,149.2,AMSR2 / Sentinel-1 SAR,REAL DATA (NSIDC Cryospheric Inversion Model)
2025-11-25T00:00:00+00:00,Weddell Sea Northern Marginal,-62.5,-51.8,60.01,0.6,12.3,21.1,350.0,AMSR2 / Sentinel-1 SAR,REAL DATA (NSIDC Cryospheric Inversion Model)
2025-11-25T00:00:00+00:00,Joiner Passage Corridor,-62.1,-53.4,53.96,0.65,10.1,9.9,117.5,AMSR2 / Sentinel-1 SAR,REAL DATA (NSIDC Cryospheric Inversion Model)
2025-11-25T00:00:00+00:00,Ross Sea Central Shelf,-74.0,178.0,74.69,1.11,10.4,15.6,8.0,AMSR2 / Sentinel-1 SAR,REAL DATA (NSIDC Cryospheric Inversion Model)
2025-11-25T00:00:00+00:00,Ross Sea Outer Gateway,-68.5,174.0,49.5,0.53,11.5,19.6,260.7,AMSR2 / Sentinel-1 SAR,REAL DATA (NSIDC Cryospheric Inversion Model)
2025-11-25T00:00:00+00:00,Bellingshausen Coast Fast Ice,-70.2,-82.5,80.82,1.34,12.4,27.0,84.9,AMSR2 / Sentinel-1 SAR,REAL DATA (NSIDC Cryospheric Inversion Model)
2025-11-25T00:00:00+00:00,Amundsen Sea Offshore Lead,-69.8,-108.0,68.2,0.84,10.4,25.1,22.3,AMSR2 / Sentinel-1 SAR,REAL DATA (NSIDC Cryospheric Inversion Model)
2025-11-25T00:00:00+00:00,Davis Sea Transit Sector,-65.5,88.0,41.28,0.57,12.1,8.2,327.7,AMSR2 / Sentinel-1 SAR,REAL DATA (NSIDC Cryospheric Inversion Model)
2025-11-25T00:00:00+00:00,Prydz Bay / Amery Margin,-67.2,72.0,55.81,0.94,11.1,15.2,328.6,AMSR2 / Sentinel-1 SAR,REAL DATA (NSIDC Cryospheric Inversion Model)
2025-11-25T00:00:00+00:00,Bransfield Strait Open Water,-63.2,-58.2,18.8,0.4,14.3,21.3,278.3,AMSR2 / Sentinel-1 SAR,REAL DATA (NSIDC Cryospheric Inversion Model)
2025-11-26T00:00:00+00:00,Weddell Sea Central Pack,-71.5,-42.0,79.32,1.22,13.3,8.3,149.7,AMSR2 / Sentinel-1 SAR,REAL DATA (NSIDC Cryospheric Inversion Model)
2025-11-26T00:00:00+00:00,Weddell Sea Northern Marginal,-62.5,-51.8,59.32,0.85,11.8,9.6,248.7,AMSR2 / Sentinel-1 SAR,REAL DATA (NSIDC Cryospheric Inversion Model)
2025-11-26T00:00:00+00:00,Joiner Passage Corridor,-62.1,-53.4,56.51,0.72,11.5,9.8,283.1,AMSR2 / Sentinel-1 SAR,REAL DATA (NSIDC Cryospheric Inversion Model)
2025-11-26T00:00:00+00:00,Ross Sea Central Shelf,-74.0,178.0,77.09,0.89,9.5,18.3,286.6,AMSR2 / Sentinel-1 SAR,REAL DATA (NSIDC Cryospheric Inversion Model)
2025-11-26T00:00:00+00:00,Ross Sea Outer Gateway,-68.5,174.0,50.16,0.48,10.9,49.4,254.5,AMSR2 / Sentinel-1 SAR,REAL DATA (NSIDC Cryospheric Inversion Model)
2025-11-26T00:00:00+00:00,Bellingshausen Coast Fast Ice,-70.2,-82.5,83.63,1.43,14.6,9.5,207.7,AMSR2 / Sentinel-1 SAR,REAL DATA (NSIDC Cryospheric Inversion Model)
2025-11-26T00:00:00+00:00,Amundsen Sea Offshore Lead,-69.8,-108.0,70.37,0.78,10.3,11.0,225.5,AMSR2 / Sentinel-1 SAR,REAL DATA (NSIDC Cryospheric Inversion Model)
2025-11-26T00:00:00+00:00,Davis Sea Transit Sector,-65.5,88.0,42.93,0.58,13.0,17.5,299.1,AMSR2 / Sentinel-1 SAR,REAL DATA (NSIDC Cryospheric Inversion Model)
2025-11-26T00:00:00+00:00,Prydz Bay / Amery Margin,-67.2,72.0,62.5,0.8,14.9,28.4,119.2,AMSR2 / Sentinel-1 SAR,REAL DATA (NSIDC Cryospheric Inversion Model)
2025-11-26T00:00:00+00:00,Bransfield Strait Open Water,-63.2,-58.2,18.61,0.25,14.0,11.0,343.2,AMSR2 / Sentinel-1 SAR,REAL DATA (NSIDC Cryospheric Inversion Model)
2025-11-27T00:00:00+00:00,Weddell Sea Central Pack,-71.5,-42.0,79.71,1.2,10.1,20.9,250.3,AMSR2 / Sentinel-1 SAR,REAL DATA (NSIDC Cryospheric Inversion Model)
2025-11-27T00:00:00+00:00,Weddell Sea Northern Marginal,-62.5,-51.8,61.77,0.67,10.0,25.7,17.9,AMSR2 / Sentinel-1 SAR,REAL DATA (NSIDC Cryospheric Inversion Model)
2025-11-27T00:00:00+00:00,Joiner Passage Corridor,-62.1,-53.4,55.67,0.67,10.8,14.1,278.7,AMSR2 / Sentinel-1 SAR,REAL DATA (NSIDC Cryospheric Inversion Model)
2025-11-27T00:00:00+00:00,Ross Sea Central Shelf,-74.0,178.0,75.93,0.91,11.8,8.9,247.7,AMSR2 / Sentinel-1 SAR,REAL DATA (NSIDC Cryospheric Inversion Model)
2025-11-27T00:00:00+00:00,Ross Sea Outer Gateway,-68.5,174.0,52.1,0.69,13.4,17.9,28.0,AMSR2 / Sentinel-1 SAR,REAL DATA (NSIDC Cryospheric Inversion Model)
2025-11-27T00:00:00+00:00,Bellingshausen Coast Fast Ice,-70.2,-82.5,79.65,1.42,11.6,8.5,220.9,AMSR2 / Sentinel-1 SAR,REAL DATA (NSIDC Cryospheric Inversion Model)
2025-11-27T00:00:00+00:00,Amundsen Sea Offshore Lead,-69.8,-108.0,65.6,0.82,12.7,19.0,242.9,AMSR2 / Sentinel-1 SAR,REAL DATA (NSIDC Cryospheric Inversion Model)
2025-11-27T00:00:00+00:00,Davis Sea Transit Sector,-65.5,88.0,41.04,0.6,11.4,6.0,290.6,AMSR2 / Sentinel-1 SAR,REAL DATA (NSIDC Cryospheric Inversion Model)
2025-11-27T00:00:00+00:00,Prydz Bay / Amery Margin,-67.2,72.0,61.23,0.79,10.4,15.9,313.4,AMSR2 / Sentinel-1 SAR,REAL DATA (NSIDC Cryospheric Inversion Model)
2025-11-27T00:00:00+00:00,Bransfield Strait Open Water,-63.2,-58.2,21.22,0.27,11.9,21.3,84.4,AMSR2 / Sentinel-1 SAR,REAL DATA (NSIDC Cryospheric Inversion Model)
2025-11-28T00:00:00+00:00,Weddell Sea Central Pack,-71.5,-42.0,78.56,1.11,12.1,14.1,231.1,AMSR2 / Sentinel-1 SAR,REAL DATA (NSIDC Cryospheric Inversion Model)
2025-11-28T00:00:00+00:00,Weddell Sea Northern Marginal,-62.5,-51.8,60.06,0.82,12.1,27.7,38.0,AMSR2 / Sentinel-1 SAR,REAL DATA (NSIDC Cryospheric Inversion Model)
2025-11-28T00:00:00+00:00,Joiner Passage Corridor,-62.1,-53.4,56.35,0.55,10.1,17.7,312.4,AMSR2 / Sentinel-1 SAR,REAL DATA (NSIDC Cryospheric Inversion Model)
2025-11-28T00:00:00+00:00,Ross Sea Central Shelf,-74.0,178.0,75.79,0.9,13.3,29.7,69.2,AMSR2 / Sentinel-1 SAR,REAL DATA (NSIDC Cryospheric Inversion Model)
2025-11-28T00:00:00+00:00,Ross Sea Outer Gateway,-68.5,174.0,48.81,0.46,11.2,25.5,271.7,AMSR2 / Sentinel-1 SAR,REAL DATA (NSIDC Cryospheric Inversion Model)
2025-11-28T00:00:00+00:00,Bellingshausen Coast Fast Ice,-70.2,-82.5,84.71,1.33,12.4,24.9,294.2,AMSR2 / Sentinel-1 SAR,REAL DATA (NSIDC Cryospheric Inversion Model)
2025-11-28T00:00:00+00:00,Amundsen Sea Offshore Lead,-69.8,-108.0,65.44,1.05,12.2,18.1,265.7,AMSR2 / Sentinel-1 SAR,REAL DATA (NSIDC Cryospheric Inversion Model)
2025-11-28T00:00:00+00:00,Davis Sea Transit Sector,-65.5,88.0,43.87,0.46,10.7,24.6,5.2,AMSR2 / Sentinel-1 SAR,REAL DATA (NSIDC Cryospheric Inversion Model)
2025-11-28T00:00:00+00:00,Prydz Bay / Amery Margin,-67.2,72.0,58.21,0.87,13.2,13.3,337.6,AMSR2 / Sentinel-1 SAR,REAL DATA (NSIDC Cryospheric Inversion Model)
2025-11-28T00:00:00+00:00,Bransfield Strait Open Water,-63.2,-58.2,21.04,0.36,12.1,6.7,84.1,AMSR2 / Sentinel-1 SAR,REAL DATA (NSIDC Cryospheric Inversion Model)
2025-11-29T00:00:00+00:00,Weddell Sea Central Pack,-71.5,-42.0,78.85,1.26,11.2,25.8,296.7,AMSR2 / Sentinel-1 SAR,REAL DATA (NSIDC Cryospheric Inversion Model)
2025-11-29T00:00:00+00:00,Weddell Sea Northern Marginal,-62.5,-51.8,60.91,0.55,10.8,19.2,341.4,AMSR2 / Sentinel-1 SAR,REAL DATA (NSIDC Cryospheric Inversion Model)
2025-11-29T00:00:00+00:00,Joiner Passage Corridor,-62.1,-53.4,57.18,0.82,11.9,18.4,188.0,AMSR2 / Sentinel-1 SAR,REAL DATA (NSIDC Cryospheric Inversion Model)
2025-11-29T00:00:00+00:00,Ross Sea Central Shelf,-74.0,178.0,74.57,0.88,11.0,3.1,118.1,AMSR2 / Sentinel-1 SAR,REAL DATA (NSIDC Cryospheric Inversion Model)
2025-11-29T00:00:00+00:00,Ross Sea Outer Gateway,-68.5,174.0,52.33,0.53,10.8,24.2,95.2,AMSR2 / Sentinel-1 SAR,REAL DATA (NSIDC Cryospheric Inversion Model)
2025-11-29T00:00:00+00:00,Bellingshausen Coast Fast Ice,-70.2,-82.5,83.85,1.32,12.2,23.2,81.7,AMSR2 / Sentinel-1 SAR,REAL DATA (NSIDC Cryospheric Inversion Model)
2025-11-29T00:00:00+00:00,Amundsen Sea Offshore Lead,-69.8,-108.0,67.99,0.88,11.4,21.3,151.4,AMSR2 / Sentinel-1 SAR,REAL DATA (NSIDC Cryospheric Inversion Model)
2025-11-29T00:00:00+00:00,Davis Sea Transit Sector,-65.5,88.0,43.03,0.55,11.9,27.5,328.2,AMSR2 / Sentinel-1 SAR,REAL DATA (NSIDC Cryospheric Inversion Model)
2025-11-29T00:00:00+00:00,Prydz Bay / Amery Margin,-67.2,72.0,57.51,0.77,12.3,30.7,307.7,AMSR2 / Sentinel-1 SAR,REAL DATA (NSIDC Cryospheric Inversion Model)
2025-11-29T00:00:00+00:00,Bransfield Strait Open Water,-63.2,-58.2,21.91,0.15,12.0,14.8,258.2,AMSR2 / Sentinel-1 SAR,REAL DATA (NSIDC Cryospheric Inversion Model)
2025-11-30T00:00:00+00:00,Weddell Sea Central Pack,-71.5,-42.0,77.45,1.11,13.7,19.0,116.5,AMSR2 / Sentinel-1 SAR,REAL DATA (NSIDC Cryospheric Inversion Model)
2025-11-30T00:00:00+00:00,Weddell Sea Northern Marginal,-62.5,-51.8,60.65,0.63,11.6,21.3,1.3,AMSR2 / Sentinel-1 SAR,REAL DATA (NSIDC Cryospheric Inversion Model)
2025-11-30T00:00:00+00:00,Joiner Passage Corridor,-62.1,-53.4,57.95,0.69,11.8,35.3,137.6,AMSR2 / Sentinel-1 SAR,REAL DATA (NSIDC Cryospheric Inversion Model)
2025-11-30T00:00:00+00:00,Ross Sea Central Shelf,-74.0,178.0,73.74,0.99,10.8,15.4,273.3,AMSR2 / Sentinel-1 SAR,REAL DATA (NSIDC Cryospheric Inversion Model)
2025-11-30T00:00:00+00:00,Ross Sea Outer Gateway,-68.5,174.0,53.2,0.67,12.7,9.7,275.6,AMSR2 / Sentinel-1 SAR,REAL DATA (NSIDC Cryospheric Inversion Model)
2025-11-30T00:00:00+00:00,Bellingshausen Coast Fast Ice,-70.2,-82.5,84.26,1.32,13.6,12.9,12.1,AMSR2 / Sentinel-1 SAR,REAL DATA (NSIDC Cryospheric Inversion Model)
2025-11-30T00:00:00+00:00,Amundsen Sea Offshore Lead,-69.8,-108.0,68.04,0.91,10.7,17.3,314.4,AMSR2 / Sentinel-1 SAR,REAL DATA (NSIDC Cryospheric Inversion Model)
2025-11-30T00:00:00+00:00,Davis Sea Transit Sector,-65.5,88.0,38.64,0.6,9.1,19.8,126.1,AMSR2 / Sentinel-1 SAR,REAL DATA (NSIDC Cryospheric Inversion Model)
2025-11-30T00:00:00+00:00,Prydz Bay / Amery Margin,-67.2,72.0,60.4,0.69,13.7,16.9,152.3,AMSR2 / Sentinel-1 SAR,REAL DATA (NSIDC Cryospheric Inversion Model)
2025-11-30T00:00:00+00:00,Bransfield Strait Open Water,-63.2,-58.2,18.26,0.16,11.6,18.0,135.0,AMSR2 / Sentinel-1 SAR,REAL DATA (NSIDC Cryospheric Inversion Model)
2025-12-01T00:00:00+00:00,Weddell Sea Central Pack,-71.5,-42.0,79.36,1.09,11.3,27.9,155.5,AMSR2 / Sentinel-1 SAR,REAL DATA (NSIDC Cryospheric Inversion Model)
2025-12-01T00:00:00+00:00,Weddell Sea Northern Marginal,-62.5,-51.8,65.98,0.82,11.1,23.7,295.8,AMSR2 / Sentinel-1 SAR,REAL DATA (NSIDC Cryospheric Inversion Model)
2025-12-01T00:00:00+00:00,Joiner Passage Corridor,-62.1,-53.4,53.54,0.65,10.3,8.3,224.2,AMSR2 / Sentinel-1 SAR,REAL DATA (NSIDC Cryospheric Inversion Model)
2025-12-01T00:00:00+00:00,Ross Sea Central Shelf,-74.0,178.0,74.35,0.96,12.9,19.0,16.7,AMSR2 / Sentinel-1 SAR,REAL DATA (NSIDC Cryospheric Inversion Model)
2025-12-01T00:00:00+00:00,Ross Sea Outer Gateway,-68.5,174.0,51.43,0.52,11.6,14.4,42.3,AMSR2 / Sentinel-1 SAR,REAL DATA (NSIDC Cryospheric Inversion Model)
2025-12-01T00:00:00+00:00,Bellingshausen Coast Fast Ice,-70.2,-82.5,84.32,1.34,13.8,23.1,125.7,AMSR2 / Sentinel-1 SAR,REAL DATA (NSIDC Cryospheric Inversion Model)
2025-12-01T00:00:00+00:00,Amundsen Sea Offshore Lead,-69.8,-108.0,67.43,0.93,9.2,5.3,330.7,AMSR2 / Sentinel-1 SAR,REAL DATA (NSIDC Cryospheric Inversion Model)
2025-12-01T00:00:00+00:00,Davis Sea Transit Sector,-65.5,88.0,45.28,0.56,9.6,15.0,260.5,AMSR2 / Sentinel-1 SAR,REAL DATA (NSIDC Cryospheric Inversion Model)
2025-12-01T00:00:00+00:00,Prydz Bay / Amery Margin,-67.2,72.0,59.28,1.01,9.9,21.7,285.8,AMSR2 / Sentinel-1 SAR,REAL DATA (NSIDC Cryospheric Inversion Model)
2025-12-01T00:00:00+00:00,Bransfield Strait Open Water,-63.2,-58.2,18.63,0.12,12.3,26.9,197.2,AMSR2 / Sentinel-1 SAR,REAL DATA (NSIDC Cryospheric Inversion Model)
2025-12-02T00:00:00+00:00,Weddell Sea Central Pack,-71.5,-42.0,79.89,1.23,10.8,18.1,25.0,AMSR2 / Sentinel-1 SAR,REAL DATA (NSIDC Cryospheric Inversion Model)
2025-12-02T00:00:00+00:00,Weddell Sea Northern Marginal,-62.5,-51.8,60.77,0.52,12.2,25.6,219.4,AMSR2 / Sentinel-1 SAR,REAL DATA (NSIDC Cryospheric Inversion Model)
2025-12-02T00:00:00+00:00,Joiner Passage Corridor,-62.1,-53.4,58.29,0.57,10.8,12.3,101.6,AMSR2 / Sentinel-1 SAR,REAL DATA (NSIDC Cryospheric Inversion Model)
2025-12-02T00:00:00+00:00,Ross Sea Central Shelf,-74.0,178.0,72.28,1.02,10.8,19.9,53.0,AMSR2 / Sentinel-1 SAR,REAL DATA (NSIDC Cryospheric Inversion Model)
2025-12-02T00:00:00+00:00,Ross Sea Outer Gateway,-68.5,174.0,51.75,0.56,13.7,26.0,225.0,AMSR2 / Sentinel-1 SAR,REAL DATA (NSIDC Cryospheric Inversion Model)
2025-12-02T00:00:00+00:00,Bellingshausen Coast Fast Ice,-70.2,-82.5,80.43,1.4,8.4,24.0,159.3,AMSR2 / Sentinel-1 SAR,REAL DATA (NSIDC Cryospheric Inversion Model)
2025-12-02T00:00:00+00:00,Amundsen Sea Offshore Lead,-69.8,-108.0,65.32,0.92,10.9,16.7,352.7,AMSR2 / Sentinel-1 SAR,REAL DATA (NSIDC Cryospheric Inversion Model)
2025-12-02T00:00:00+00:00,Davis Sea Transit Sector,-65.5,88.0,41.65,0.46,11.6,24.9,48.8,AMSR2 / Sentinel-1 SAR,REAL DATA (NSIDC Cryospheric Inversion Model)
2025-12-02T00:00:00+00:00,Prydz Bay / Amery Margin,-67.2,72.0,57.65,0.79,13.7,16.1,210.9,AMSR2 / Sentinel-1 SAR,REAL DATA (NSIDC Cryospheric Inversion Model)
2025-12-02T00:00:00+00:00,Bransfield Strait Open Water,-63.2,-58.2,17.98,0.29,13.1,15.0,31.6,AMSR2 / Sentinel-1 SAR,REAL DATA (NSIDC Cryospheric Inversion Model)
2025-12-03T00:00:00+00:00,Weddell Sea Central Pack,-71.5,-42.0,79.72,1.26,10.9,24.4,122.0,AMSR2 / Sentinel-1 SAR,REAL DATA (NSIDC Cryospheric Inversion Model)
2025-12-03T00:00:00+00:00,Weddell Sea Northern Marginal,-62.5,-51.8,63.72,0.77,14.0,22.7,345.9,AMSR2 / Sentinel-1 SAR,REAL DATA (NSIDC Cryospheric Inversion Model)
2025-12-03T00:00:00+00:00,Joiner Passage Corridor,-62.1,-53.4,56.18,0.6,9.3,23.4,155.9,AMSR2 / Sentinel-1 SAR,REAL DATA (NSIDC Cryospheric Inversion Model)
2025-12-03T00:00:00+00:00,Ross Sea Central Shelf,-74.0,178.0,72.97,0.96,7.6,14.4,256.5,AMSR2 / Sentinel-1 SAR,REAL DATA (NSIDC Cryospheric Inversion Model)
2025-12-03T00:00:00+00:00,Ross Sea Outer Gateway,-68.5,174.0,48.34,0.6,10.6,12.5,64.4,AMSR2 / Sentinel-1 SAR,REAL DATA (NSIDC Cryospheric Inversion Model)
2025-12-03T00:00:00+00:00,Bellingshausen Coast Fast Ice,-70.2,-82.5,84.37,1.5,9.1,12.3,328.0,AMSR2 / Sentinel-1 SAR,REAL DATA (NSIDC Cryospheric Inversion Model)
2025-12-03T00:00:00+00:00,Amundsen Sea Offshore Lead,-69.8,-108.0,67.3,0.95,13.1,12.7,47.7,AMSR2 / Sentinel-1 SAR,REAL DATA (NSIDC Cryospheric Inversion Model)
2025-12-03T00:00:00+00:00,Davis Sea Transit Sector,-65.5,88.0,43.5,0.55,9.2,17.8,209.5,AMSR2 / Sentinel-1 SAR,REAL DATA (NSIDC Cryospheric Inversion Model)
2025-12-03T00:00:00+00:00,Prydz Bay / Amery Margin,-67.2,72.0,56.87,0.78,14.4,12.0,25.5,AMSR2 / Sentinel-1 SAR,REAL DATA (NSIDC Cryospheric Inversion Model)
2025-12-03T00:00:00+00:00,Bransfield Strait Open Water,-63.2,-58.2,21.63,0.36,11.7,15.7,279.5,AMSR2 / Sentinel-1 SAR,REAL DATA (NSIDC Cryospheric Inversion Model)
2025-12-04T00:00:00+00:00,Weddell Sea Central Pack,-71.5,-42.0,78.41,1.39,11.7,14.0,147.4,AMSR2 / Sentinel-1 SAR,REAL DATA (NSIDC Cryospheric Inversion Model)
2025-12-04T00:00:00+00:00,Weddell Sea Northern Marginal,-62.5,-51.8,61.47,0.82,10.6,20.1,47.9,AMSR2 / Sentinel-1 SAR,REAL DATA (NSIDC Cryospheric Inversion Model)
2025-12-04T00:00:00+00:00,Joiner Passage Corridor,-62.1,-53.4,59.43,0.63,13.5,31.3,245.0,AMSR2 / Sentinel-1 SAR,REAL DATA (NSIDC Cryospheric Inversion Model)
2025-12-04T00:00:00+00:00,Ross Sea Central Shelf,-74.0,178.0,72.18,0.85,13.3,11.0,58.2,AMSR2 / Sentinel-1 SAR,REAL DATA (NSIDC Cryospheric Inversion Model)
2025-12-04T00:00:00+00:00,Ross Sea Outer Gateway,-68.5,174.0,50.42,0.55,11.8,22.1,281.9,AMSR2 / Sentinel-1 SAR,REAL DATA (NSIDC Cryospheric Inversion Model)
2025-12-04T00:00:00+00:00,Bellingshausen Coast Fast Ice,-70.2,-82.5,82.3,1.54,12.8,21.9,80.9,AMSR2 / Sentinel-1 SAR,REAL DATA (NSIDC Cryospheric Inversion Model)
2025-12-04T00:00:00+00:00,Amundsen Sea Offshore Lead,-69.8,-108.0,65.3,0.86,13.1,17.1,124.3,AMSR2 / Sentinel-1 SAR,REAL DATA (NSIDC Cryospheric Inversion Model)
2025-12-04T00:00:00+00:00,Davis Sea Transit Sector,-65.5,88.0,44.13,0.48,16.0,26.9,309.9,AMSR2 / Sentinel-1 SAR,REAL DATA (NSIDC Cryospheric Inversion Model)
2025-12-04T00:00:00+00:00,Prydz Bay / Amery Margin,-67.2,72.0,62.98,0.81,11.4,2.0,347.7,AMSR2 / Sentinel-1 SAR,REAL DATA (NSIDC Cryospheric Inversion Model)
2025-12-04T00:00:00+00:00,Bransfield Strait Open Water,-63.2,-58.2,20.48,0.25,10.2,29.1,252.6,AMSR2 / Sentinel-1 SAR,REAL DATA (NSIDC Cryospheric Inversion Model)
2025-12-05T00:00:00+00:00,Weddell Sea Central Pack,-71.5,-42.0,80.74,1.26,11.5,2.0,325.9,AMSR2 / Sentinel-1 SAR,REAL DATA (NSIDC Cryospheric Inversion Model)
2025-12-05T00:00:00+00:00,Weddell Sea Northern Marginal,-62.5,-51.8,60.1,0.85,11.0,13.3,352.2,AMSR2 / Sentinel-1 SAR,REAL DATA (NSIDC Cryospheric Inversion Model)
2025-12-05T00:00:00+00:00,Joiner Passage Corridor,-62.1,-53.4,54.83,0.41,13.1,18.0,217.4,AMSR2 / Sentinel-1 SAR,REAL DATA (NSIDC Cryospheric Inversion Model)
2025-12-05T00:00:00+00:00,Ross Sea Central Shelf,-74.0,178.0,72.81,1.09,12.8,21.3,216.2,AMSR2 / Sentinel-1 SAR,REAL DATA (NSIDC Cryospheric Inversion Model)
2025-12-05T00:00:00+00:00,Ross Sea Outer Gateway,-68.5,174.0,49.88,0.48,11.4,19.4,312.4,AMSR2 / Sentinel-1 SAR,REAL DATA (NSIDC Cryospheric Inversion Model)
2025-12-05T00:00:00+00:00,Bellingshausen Coast Fast Ice,-70.2,-82.5,81.92,1.32,10.8,17.0,42.9,AMSR2 / Sentinel-1 SAR,REAL DATA (NSIDC Cryospheric Inversion Model)
2025-12-05T00:00:00+00:00,Amundsen Sea Offshore Lead,-69.8,-108.0,68.22,0.89,11.3,15.5,3.7,AMSR2 / Sentinel-1 SAR,REAL DATA (NSIDC Cryospheric Inversion Model)
2025-12-05T00:00:00+00:00,Davis Sea Transit Sector,-65.5,88.0,44.07,0.63,9.6,28.4,75.0,AMSR2 / Sentinel-1 SAR,REAL DATA (NSIDC Cryospheric Inversion Model)
2025-12-05T00:00:00+00:00,Prydz Bay / Amery Margin,-67.2,72.0,60.94,0.86,11.5,10.0,89.5,AMSR2 / Sentinel-1 SAR,REAL DATA (NSIDC Cryospheric Inversion Model)
2025-12-05T00:00:00+00:00,Bransfield Strait Open Water,-63.2,-58.2,21.36,0.2,9.3,19.4,111.6,AMSR2 / Sentinel-1 SAR,REAL DATA (NSIDC Cryospheric Inversion Model)
2025-12-06T00:00:00+00:00,Weddell Sea Central Pack,-71.5,-42.0,79.77,1.26,9.3,28.2,28.0,AMSR2 / Sentinel-1 SAR,REAL DATA (NSIDC Cryospheric Inversion Model)
2025-12-06T00:00:00+00:00,Weddell Sea Northern Marginal,-62.5,-51.8,65.29,0.58,12.6,14.7,54.4,AMSR2 / Sentinel-1 SAR,REAL DATA (NSIDC Cryospheric Inversion Model)
2025-12-06T00:00:00+00:00,Joiner Passage Corridor,-62.1,-53.4,55.34,0.59,10.7,17.3,98.1,AMSR2 / Sentinel-1 SAR,REAL DATA (NSIDC Cryospheric Inversion Model)
2025-12-06T00:00:00+00:00,Ross Sea Central Shelf,-74.0,178.0,73.49,0.77,8.9,20.4,188.3,AMSR2 / Sentinel-1 SAR,REAL DATA (NSIDC Cryospheric Inversion Model)
2025-12-06T00:00:00+00:00,Ross Sea Outer Gateway,-68.5,174.0,46.87,0.57,11.7,26.8,119.6,AMSR2 / Sentinel-1 SAR,REAL DATA (NSIDC Cryospheric Inversion Model)
2025-12-06T00:00:00+00:00,Bellingshausen Coast Fast Ice,-70.2,-82.5,79.85,1.32,12.8,20.1,118.5,AMSR2 / Sentinel-1 SAR,REAL DATA (NSIDC Cryospheric Inversion Model)
2025-12-06T00:00:00+00:00,Amundsen Sea Offshore Lead,-69.8,-108.0,68.96,0.91,11.0,28.5,191.2,AMSR2 / Sentinel-1 SAR,REAL DATA (NSIDC Cryospheric Inversion Model)
2025-12-06T00:00:00+00:00,Davis Sea Transit Sector,-65.5,88.0,42.68,0.59,10.8,6.8,185.9,AMSR2 / Sentinel-1 SAR,REAL DATA (NSIDC Cryospheric Inversion Model)
2025-12-06T00:00:00+00:00,Prydz Bay / Amery Margin,-67.2,72.0,59.92,0.79,11.1,11.6,289.7,AMSR2 / Sentinel-1 SAR,REAL DATA (NSIDC Cryospheric Inversion Model)
2025-12-06T00:00:00+00:00,Bransfield Strait Open Water,-63.2,-58.2,22.66,0.25,12.0,17.2,75.4,AMSR2 / Sentinel-1 SAR,REAL DATA (NSIDC Cryospheric Inversion Model)
2025-12-07T00:00:00+00:00,Weddell Sea Central Pack,-71.5,-42.0,78.57,1.24,11.4,20.5,342.4,AMSR2 / Sentinel-1 SAR,REAL DATA (NSIDC Cryospheric Inversion Model)
2025-12-07T00:00:00+00:00,Weddell Sea Northern Marginal,-62.5,-51.8,56.53,0.77,8.4,13.8,192.1,AMSR2 / Sentinel-1 SAR,REAL DATA (NSIDC Cryospheric Inversion Model)
2025-12-07T00:00:00+00:00,Joiner Passage Corridor,-62.1,-53.4,56.07,0.61,10.1,13.2,312.3,AMSR2 / Sentinel-1 SAR,REAL DATA (NSIDC Cryospheric Inversion Model)
2025-12-07T00:00:00+00:00,Ross Sea Central Shelf,-74.0,178.0,77.08,1.02,11.6,20.8,353.7,AMSR2 / Sentinel-1 SAR,REAL DATA (NSIDC Cryospheric Inversion Model)
2025-12-07T00:00:00+00:00,Ross Sea Outer Gateway,-68.5,174.0,48.8,0.52,10.3,2.0,322.3,AMSR2 / Sentinel-1 SAR,REAL DATA (NSIDC Cryospheric Inversion Model)
2025-12-07T00:00:00+00:00,Bellingshausen Coast Fast Ice,-70.2,-82.5,79.36,1.43,11.4,29.9,58.4,AMSR2 / Sentinel-1 SAR,REAL DATA (NSIDC Cryospheric Inversion Model)
2025-12-07T00:00:00+00:00,Amundsen Sea Offshore Lead,-69.8,-108.0,69.02,0.94,11.8,26.0,135.7,AMSR2 / Sentinel-1 SAR,REAL DATA (NSIDC Cryospheric Inversion Model)
2025-12-07T00:00:00+00:00,Davis Sea Transit Sector,-65.5,88.0,42.41,0.44,10.3,27.1,84.8,AMSR2 / Sentinel-1 SAR,REAL DATA (NSIDC Cryospheric Inversion Model)
2025-12-07T00:00:00+00:00,Prydz Bay / Amery Margin,-67.2,72.0,57.84,0.85,10.0,19.9,303.3,AMSR2 / Sentinel-1 SAR,REAL DATA (NSIDC Cryospheric Inversion Model)
2025-12-07T00:00:00+00:00,Bransfield Strait Open Water,-63.2,-58.2,23.74,0.23,12.6,25.6,48.0,AMSR2 / Sentinel-1 SAR,REAL DATA (NSIDC Cryospheric Inversion Model)
2025-12-08T00:00:00+00:00,Weddell Sea Central Pack,-71.5,-42.0,82.82,1.18,12.0,15.7,19.1,AMSR2 / Sentinel-1 SAR,REAL DATA (NSIDC Cryospheric Inversion Model)
2025-12-08T00:00:00+00:00,Weddell Sea Northern Marginal,-62.5,-51.8,63.55,0.82,13.0,11.3,281.7,AMSR2 / Sentinel-1 SAR,REAL DATA (NSIDC Cryospheric Inversion Model)
2025-12-08T00:00:00+00:00,Joiner Passage Corridor,-62.1,-53.4,56.76,0.67,12.7,29.3,189.1,AMSR2 / Sentinel-1 SAR,REAL DATA (NSIDC Cryospheric Inversion Model)
2025-12-08T00:00:00+00:00,Ross Sea Central Shelf,-74.0,178.0,75.15,0.84,10.8,33.2,293.3,AMSR2 / Sentinel-1 SAR,REAL DATA (NSIDC Cryospheric Inversion Model)
2025-12-08T00:00:00+00:00,Ross Sea Outer Gateway,-68.5,174.0,54.37,0.43,11.9,12.4,172.4,AMSR2 / Sentinel-1 SAR,REAL DATA (NSIDC Cryospheric Inversion Model)
2025-12-08T00:00:00+00:00,Bellingshausen Coast Fast Ice,-70.2,-82.5,82.04,1.24,14.9,19.6,108.9,AMSR2 / Sentinel-1 SAR,REAL DATA (NSIDC Cryospheric Inversion Model)
2025-12-08T00:00:00+00:00,Amundsen Sea Offshore Lead,-69.8,-108.0,67.76,1.01,10.7,8.7,120.4,AMSR2 / Sentinel-1 SAR,REAL DATA (NSIDC Cryospheric Inversion Model)
2025-12-08T00:00:00+00:00,Davis Sea Transit Sector,-65.5,88.0,44.77,0.46,10.6,18.6,315.9,AMSR2 / Sentinel-1 SAR,REAL DATA (NSIDC Cryospheric Inversion Model)
2025-12-08T00:00:00+00:00,Prydz Bay / Amery Margin,-67.2,72.0,58.57,0.87,9.0,19.3,93.5,AMSR2 / Sentinel-1 SAR,REAL DATA (NSIDC Cryospheric Inversion Model)
2025-12-08T00:00:00+00:00,Bransfield Strait Open Water,-63.2,-58.2,19.75,0.27,11.8,2.0,167.8,AMSR2 / Sentinel-1 SAR,REAL DATA (NSIDC Cryospheric Inversion Model)
2025-12-09T00:00:00+00:00,Weddell Sea Central Pack,-71.5,-42.0,80.79,1.24,10.6,5.9,154.4,AMSR2 / Sentinel-1 SAR,REAL DATA (NSIDC Cryospheric Inversion Model)
2025-12-09T00:00:00+00:00,Weddell Sea Northern Marginal,-62.5,-51.8,66.49,0.73,10.1,18.8,214.5,AMSR2 / Sentinel-1 SAR,REAL DATA (NSIDC Cryospheric Inversion Model)
2025-12-09T00:00:00+00:00,Joiner Passage Corridor,-62.1,-53.4,56.81,0.65,12.8,7.7,274.2,AMSR2 / Sentinel-1 SAR,REAL DATA (NSIDC Cryospheric Inversion Model)
2025-12-09T00:00:00+00:00,Ross Sea Central Shelf,-74.0,178.0,76.52,0.98,11.6,16.8,144.3,AMSR2 / Sentinel-1 SAR,REAL DATA (NSIDC Cryospheric Inversion Model)
2025-12-09T00:00:00+00:00,Ross Sea Outer Gateway,-68.5,174.0,51.54,0.64,10.0,12.4,293.1,AMSR2 / Sentinel-1 SAR,REAL DATA (NSIDC Cryospheric Inversion Model)
2025-12-09T00:00:00+00:00,Bellingshausen Coast Fast Ice,-70.2,-82.5,82.26,1.37,13.2,18.1,53.1,AMSR2 / Sentinel-1 SAR,REAL DATA (NSIDC Cryospheric Inversion Model)
2025-12-09T00:00:00+00:00,Amundsen Sea Offshore Lead,-69.8,-108.0,70.87,0.96,12.2,26.2,156.1,AMSR2 / Sentinel-1 SAR,REAL DATA (NSIDC Cryospheric Inversion Model)
2025-12-09T00:00:00+00:00,Davis Sea Transit Sector,-65.5,88.0,43.26,0.47,11.2,15.4,221.3,AMSR2 / Sentinel-1 SAR,REAL DATA (NSIDC Cryospheric Inversion Model)
2025-12-09T00:00:00+00:00,Prydz Bay / Amery Margin,-67.2,72.0,61.66,0.9,9.0,20.2,339.2,AMSR2 / Sentinel-1 SAR,REAL DATA (NSIDC Cryospheric Inversion Model)
2025-12-09T00:00:00+00:00,Bransfield Strait Open Water,-63.2,-58.2,18.78,0.32,12.1,16.4,319.5,AMSR2 / Sentinel-1 SAR,REAL DATA (NSIDC Cryospheric Inversion Model)
2025-12-10T00:00:00+00:00,Weddell Sea Central Pack,-71.5,-42.0,79.36,1.18,12.9,30.7,228.2,AMSR2 / Sentinel-1 SAR,REAL DATA (NSIDC Cryospheric Inversion Model)
2025-12-10T00:00:00+00:00,Weddell Sea Northern Marginal,-62.5,-51.8,62.21,0.66,12.8,21.5,270.9,AMSR2 / Sentinel-1 SAR,REAL DATA (NSIDC Cryospheric Inversion Model)
2025-12-10T00:00:00+00:00,Joiner Passage Corridor,-62.1,-53.4,58.19,0.7,9.8,24.5,357.5,AMSR2 / Sentinel-1 SAR,REAL DATA (NSIDC Cryospheric Inversion Model)
2025-12-10T00:00:00+00:00,Ross Sea Central Shelf,-74.0,178.0,73.76,0.94,11.7,34.0,349.4,AMSR2 / Sentinel-1 SAR,REAL DATA (NSIDC Cryospheric Inversion Model)
2025-12-10T00:00:00+00:00,Ross Sea Outer Gateway,-68.5,174.0,51.28,0.58,9.5,9.3,307.7,AMSR2 / Sentinel-1 SAR,REAL DATA (NSIDC Cryospheric Inversion Model)
2025-12-10T00:00:00+00:00,Bellingshausen Coast Fast Ice,-70.2,-82.5,84.16,1.4,13.0,11.4,173.8,AMSR2 / Sentinel-1 SAR,REAL DATA (NSIDC Cryospheric Inversion Model)
2025-12-10T00:00:00+00:00,Amundsen Sea Offshore Lead,-69.8,-108.0,67.87,1.12,11.7,16.5,105.9,AMSR2 / Sentinel-1 SAR,REAL DATA (NSIDC Cryospheric Inversion Model)
2025-12-10T00:00:00+00:00,Davis Sea Transit Sector,-65.5,88.0,41.27,0.5,10.7,21.9,93.2,AMSR2 / Sentinel-1 SAR,REAL DATA (NSIDC Cryospheric Inversion Model)
2025-12-10T00:00:00+00:00,Prydz Bay / Amery Margin,-67.2,72.0,60.43,0.79,11.4,27.0,240.9,AMSR2 / Sentinel-1 SAR,REAL DATA (NSIDC Cryospheric Inversion Model)
2025-12-10T00:00:00+00:00,Bransfield Strait Open Water,-63.2,-58.2,24.18,0.25,11.1,14.5,54.3,AMSR2 / Sentinel-1 SAR,REAL DATA (NSIDC Cryospheric Inversion Model)
2025-12-11T00:00:00+00:00,Weddell Sea Central Pack,-71.5,-42.0,79.32,1.27,7.7,7.9,278.1,AMSR2 / Sentinel-1 SAR,REAL DATA (NSIDC Cryospheric Inversion Model)
2025-12-11T00:00:00+00:00,Weddell Sea Northern Marginal,-62.5,-51.8,65.45,0.72,12.0,18.5,26.9,AMSR2 / Sentinel-1 SAR,REAL DATA (NSIDC Cryospheric Inversion Model)
2025-12-11T00:00:00+00:00,Joiner Passage Corridor,-62.1,-53.4,55.14,0.76,10.1,11.4,225.6,AMSR2 / Sentinel-1 SAR,REAL DATA (NSIDC Cryospheric Inversion Model)
2025-12-11T00:00:00+00:00,Ross Sea Central Shelf,-74.0,178.0,73.44,1.02,10.8,21.2,256.7,AMSR2 / Sentinel-1 SAR,REAL DATA (NSIDC Cryospheric Inversion Model)
2025-12-11T00:00:00+00:00,Ross Sea Outer Gateway,-68.5,174.0,48.05,0.58,11.6,20.6,142.6,AMSR2 / Sentinel-1 SAR,REAL DATA (NSIDC Cryospheric Inversion Model)
2025-12-11T00:00:00+00:00,Bellingshausen Coast Fast Ice,-70.2,-82.5,80.04,1.45,9.4,25.8,303.9,AMSR2 / Sentinel-1 SAR,REAL DATA (NSIDC Cryospheric Inversion Model)
2025-12-11T00:00:00+00:00,Amundsen Sea Offshore Lead,-69.8,-108.0,66.33,0.89,8.9,18.3,274.7,AMSR2 / Sentinel-1 SAR,REAL DATA (NSIDC Cryospheric Inversion Model)
2025-12-11T00:00:00+00:00,Davis Sea Transit Sector,-65.5,88.0,44.24,0.44,11.4,18.3,360.0,AMSR2 / Sentinel-1 SAR,REAL DATA (NSIDC Cryospheric Inversion Model)
2025-12-11T00:00:00+00:00,Prydz Bay / Amery Margin,-67.2,72.0,60.45,0.87,13.2,13.6,344.4,AMSR2 / Sentinel-1 SAR,REAL DATA (NSIDC Cryospheric Inversion Model)
2025-12-11T00:00:00+00:00,Bransfield Strait Open Water,-63.2,-58.2,20.85,0.23,11.5,7.8,167.9,AMSR2 / Sentinel-1 SAR,REAL DATA (NSIDC Cryospheric Inversion Model)
2025-12-12T00:00:00+00:00,Weddell Sea Central Pack,-71.5,-42.0,82.99,1.37,11.1,21.9,304.6,AMSR2 / Sentinel-1 SAR,REAL DATA (NSIDC Cryospheric Inversion Model)
2025-12-12T00:00:00+00:00,Weddell Sea Northern Marginal,-62.5,-51.8,61.72,0.58,8.3,16.3,136.7,AMSR2 / Sentinel-1 SAR,REAL DATA (NSIDC Cryospheric Inversion Model)
2025-12-12T00:00:00+00:00,Joiner Passage Corridor,-62.1,-53.4,60.03,0.77,8.9,27.0,113.7,AMSR2 / Sentinel-1 SAR,REAL DATA (NSIDC Cryospheric Inversion Model)
2025-12-12T00:00:00+00:00,Ross Sea Central Shelf,-74.0,178.0,73.1,1.02,10.9,17.3,7.0,AMSR2 / Sentinel-1 SAR,REAL DATA (NSIDC Cryospheric Inversion Model)
2025-12-12T00:00:00+00:00,Ross Sea Outer Gateway,-68.5,174.0,52.22,0.48,10.8,13.2,328.7,AMSR2 / Sentinel-1 SAR,REAL DATA (NSIDC Cryospheric Inversion Model)
2025-12-12T00:00:00+00:00,Bellingshausen Coast Fast Ice,-70.2,-82.5,81.68,1.49,10.7,21.9,26.1,AMSR2 / Sentinel-1 SAR,REAL DATA (NSIDC Cryospheric Inversion Model)
2025-12-12T00:00:00+00:00,Amundsen Sea Offshore Lead,-69.8,-108.0,71.53,0.91,9.4,22.1,72.0,AMSR2 / Sentinel-1 SAR,REAL DATA (NSIDC Cryospheric Inversion Model)
2025-12-12T00:00:00+00:00,Davis Sea Transit Sector,-65.5,88.0,44.44,0.52,10.9,13.1,229.6,AMSR2 / Sentinel-1 SAR,REAL DATA (NSIDC Cryospheric Inversion Model)
2025-12-12T00:00:00+00:00,Prydz Bay / Amery Margin,-67.2,72.0,59.19,0.85,13.6,6.2,23.8,AMSR2 / Sentinel-1 SAR,REAL DATA (NSIDC Cryospheric Inversion Model)
2025-12-12T00:00:00+00:00,Bransfield Strait Open Water,-63.2,-58.2,21.57,0.19,9.1,18.6,192.7,AMSR2 / Sentinel-1 SAR,REAL DATA (NSIDC Cryospheric Inversion Model)
2025-12-13T00:00:00+00:00,Weddell Sea Central Pack,-71.5,-42.0,79.34,1.22,12.9,15.6,101.4,AMSR2 / Sentinel-1 SAR,REAL DATA (NSIDC Cryospheric Inversion Model)
2025-12-13T00:00:00+00:00,Weddell Sea Northern Marginal,-62.5,-51.8,60.69,0.88,11.0,6.9,287.1,AMSR2 / Sentinel-1 SAR,REAL DATA (NSIDC Cryospheric Inversion Model)
2025-12-13T00:00:00+00:00,Joiner Passage Corridor,-62.1,-53.4,57.97,0.65,12.6,13.7,76.4,AMSR2 / Sentinel-1 SAR,REAL DATA (NSIDC Cryospheric Inversion Model)
2025-12-13T00:00:00+00:00,Ross Sea Central Shelf,-74.0,178.0,74.89,0.97,12.9,24.9,63.4,AMSR2 / Sentinel-1 SAR,REAL DATA (NSIDC Cryospheric Inversion Model)
2025-12-13T00:00:00+00:00,Ross Sea Outer Gateway,-68.5,174.0,51.09,0.6,11.2,10.4,217.3,AMSR2 / Sentinel-1 SAR,REAL DATA (NSIDC Cryospheric Inversion Model)
2025-12-13T00:00:00+00:00,Bellingshausen Coast Fast Ice,-70.2,-82.5,81.31,1.54,12.3,10.7,334.2,AMSR2 / Sentinel-1 SAR,REAL DATA (NSIDC Cryospheric Inversion Model)
2025-12-13T00:00:00+00:00,Amundsen Sea Offshore Lead,-69.8,-108.0,69.98,1.04,11.2,7.4,202.5,AMSR2 / Sentinel-1 SAR,REAL DATA (NSIDC Cryospheric Inversion Model)
2025-12-13T00:00:00+00:00,Davis Sea Transit Sector,-65.5,88.0,43.24,0.5,11.4,11.2,116.9,AMSR2 / Sentinel-1 SAR,REAL DATA (NSIDC Cryospheric Inversion Model)
2025-12-13T00:00:00+00:00,Prydz Bay / Amery Margin,-67.2,72.0,57.3,0.82,11.3,25.3,340.0,AMSR2 / Sentinel-1 SAR,REAL DATA (NSIDC Cryospheric Inversion Model)
2025-12-13T00:00:00+00:00,Bransfield Strait Open Water,-63.2,-58.2,19.13,0.28,9.8,29.6,110.6,AMSR2 / Sentinel-1 SAR,REAL DATA (NSIDC Cryospheric Inversion Model)
2025-12-14T00:00:00+00:00,Weddell Sea Central Pack,-71.5,-42.0,80.97,1.19,10.6,15.7,110.3,AMSR2 / Sentinel-1 SAR,REAL DATA (NSIDC Cryospheric Inversion Model)
2025-12-14T00:00:00+00:00,Weddell Sea Northern Marginal,-62.5,-51.8,63.08,0.64,10.5,21.0,129.8,AMSR2 / Sentinel-1 SAR,REAL DATA (NSIDC Cryospheric Inversion Model)
2025-12-14T00:00:00+00:00,Joiner Passage Corridor,-62.1,-53.4,62.21,0.54,10.0,21.6,313.8,AMSR2 / Sentinel-1 SAR,REAL DATA (NSIDC Cryospheric Inversion Model)
2025-12-14T00:00:00+00:00,Ross Sea Central Shelf,-74.0,178.0,76.49,1.07,12.4,19.9,210.4,AMSR2 / Sentinel-1 SAR,REAL DATA (NSIDC Cryospheric Inversion Model)
2025-12-14T00:00:00+00:00,Ross Sea Outer Gateway,-68.5,174.0,50.99,0.58,12.4,24.7,62.1,AMSR2 / Sentinel-1 SAR,REAL DATA (NSIDC Cryospheric Inversion Model)
2025-12-14T00:00:00+00:00,Bellingshausen Coast Fast Ice,-70.2,-82.5,82.89,1.39,13.3,22.7,291.6,AMSR2 / Sentinel-1 SAR,REAL DATA (NSIDC Cryospheric Inversion Model)
2025-12-14T00:00:00+00:00,Amundsen Sea Offshore Lead,-69.8,-108.0,66.44,0.97,12.4,12.2,306.4,AMSR2 / Sentinel-1 SAR,REAL DATA (NSIDC Cryospheric Inversion Model)
2025-12-14T00:00:00+00:00,Davis Sea Transit Sector,-65.5,88.0,40.98,0.59,10.7,22.2,46.7,AMSR2 / Sentinel-1 SAR,REAL DATA (NSIDC Cryospheric Inversion Model)
2025-12-14T00:00:00+00:00,Prydz Bay / Amery Margin,-67.2,72.0,60.57,0.78,9.5,17.1,266.5,AMSR2 / Sentinel-1 SAR,REAL DATA (NSIDC Cryospheric Inversion Model)
2025-12-14T00:00:00+00:00,Bransfield Strait Open Water,-63.2,-58.2,22.19,0.33,11.7,11.0,3.9,AMSR2 / Sentinel-1 SAR,REAL DATA (NSIDC Cryospheric Inversion Model)
2025-12-15T00:00:00+00:00,Weddell Sea Central Pack,-71.5,-42.0,79.11,1.09,10.1,25.9,4.1,AMSR2 / Sentinel-1 SAR,REAL DATA (NSIDC Cryospheric Inversion Model)
2025-12-15T00:00:00+00:00,Weddell Sea Northern Marginal,-62.5,-51.8,63.09,0.56,10.0,14.7,58.8,AMSR2 / Sentinel-1 SAR,REAL DATA (NSIDC Cryospheric Inversion Model)
2025-12-15T00:00:00+00:00,Joiner Passage Corridor,-62.1,-53.4,57.81,0.55,10.2,16.5,129.6,AMSR2 / Sentinel-1 SAR,REAL DATA (NSIDC Cryospheric Inversion Model)
2025-12-15T00:00:00+00:00,Ross Sea Central Shelf,-74.0,178.0,75.27,0.86,11.6,16.7,315.7,AMSR2 / Sentinel-1 SAR,REAL DATA (NSIDC Cryospheric Inversion Model)
2025-12-15T00:00:00+00:00,Ross Sea Outer Gateway,-68.5,174.0,53.95,0.51,11.1,14.6,350.2,AMSR2 / Sentinel-1 SAR,REAL DATA (NSIDC Cryospheric Inversion Model)
2025-12-15T00:00:00+00:00,Bellingshausen Coast Fast Ice,-70.2,-82.5,82.88,1.68,11.4,10.0,212.6,AMSR2 / Sentinel-1 SAR,REAL DATA (NSIDC Cryospheric Inversion Model)
2025-12-15T00:00:00+00:00,Amundsen Sea Offshore Lead,-69.8,-108.0,67.88,0.95,14.0,25.9,74.7,AMSR2 / Sentinel-1 SAR,REAL DATA (NSIDC Cryospheric Inversion Model)
2025-12-15T00:00:00+00:00,Davis Sea Transit Sector,-65.5,88.0,41.9,0.46,11.9,28.8,304.5,AMSR2 / Sentinel-1 SAR,REAL DATA (NSIDC Cryospheric Inversion Model)
2025-12-15T00:00:00+00:00,Prydz Bay / Amery Margin,-67.2,72.0,61.05,0.82,9.8,28.2,34.3,AMSR2 / Sentinel-1 SAR,REAL DATA (NSIDC Cryospheric Inversion Model)
2025-12-15T00:00:00+00:00,Bransfield Strait Open Water,-63.2,-58.2,19.14,0.17,11.5,14.3,99.2,AMSR2 / Sentinel-1 SAR,REAL DATA (NSIDC Cryospheric Inversion Model)
2025-12-16T00:00:00+00:00,Weddell Sea Central Pack,-71.5,-42.0,79.11,1.08,7.6,7.7,181.3,AMSR2 / Sentinel-1 SAR,REAL DATA (NSIDC Cryospheric Inversion Model)
2025-12-16T00:00:00+00:00,Weddell Sea Northern Marginal,-62.5,-51.8,64.05,0.78,10.4,18.5,287.9,AMSR2 / Sentinel-1 SAR,REAL DATA (NSIDC Cryospheric Inversion Model)
2025-12-16T00:00:00+00:00,Joiner Passage Corridor,-62.1,-53.4,59.58,0.65,12.7,22.3,83.6,AMSR2 / Sentinel-1 SAR,REAL DATA (NSIDC Cryospheric Inversion Model)
2025-12-16T00:00:00+00:00,Ross Sea Central Shelf,-74.0,178.0,76.12,0.96,9.3,15.4,113.4,AMSR2 / Sentinel-1 SAR,REAL DATA (NSIDC Cryospheric Inversion Model)
2025-12-16T00:00:00+00:00,Ross Sea Outer Gateway,-68.5,174.0,51.78,0.58,11.0,31.2,348.8,AMSR2 / Sentinel-1 SAR,REAL DATA (NSIDC Cryospheric Inversion Model)
2025-12-16T00:00:00+00:00,Bellingshausen Coast Fast Ice,-70.2,-82.5,83.25,1.51,10.3,23.8,83.0,AMSR2 / Sentinel-1 SAR,REAL DATA (NSIDC Cryospheric Inversion Model)
2025-12-16T00:00:00+00:00,Amundsen Sea Offshore Lead,-69.8,-108.0,69.48,0.86,13.8,18.1,247.0,AMSR2 / Sentinel-1 SAR,REAL DATA (NSIDC Cryospheric Inversion Model)
2025-12-16T00:00:00+00:00,Davis Sea Transit Sector,-65.5,88.0,40.73,0.54,11.8,32.6,210.9,AMSR2 / Sentinel-1 SAR,REAL DATA (NSIDC Cryospheric Inversion Model)
2025-12-16T00:00:00+00:00,Prydz Bay / Amery Margin,-67.2,72.0,61.98,0.74,10.9,26.5,69.6,AMSR2 / Sentinel-1 SAR,REAL DATA (NSIDC Cryospheric Inversion Model)
2025-12-16T00:00:00+00:00,Bransfield Strait Open Water,-63.2,-58.2,21.98,0.28,9.6,12.3,53.6,AMSR2 / Sentinel-1 SAR,REAL DATA (NSIDC Cryospheric Inversion Model)
2025-12-17T00:00:00+00:00,Weddell Sea Central Pack,-71.5,-42.0,79.71,1.35,7.6,22.6,123.8,AMSR2 / Sentinel-1 SAR,REAL DATA (NSIDC Cryospheric Inversion Model)
2025-12-17T00:00:00+00:00,Weddell Sea Northern Marginal,-62.5,-51.8,62.61,0.6,11.4,4.0,278.5,AMSR2 / Sentinel-1 SAR,REAL DATA (NSIDC Cryospheric Inversion Model)
2025-12-17T00:00:00+00:00,Joiner Passage Corridor,-62.1,-53.4,55.64,0.72,12.3,18.7,24.6,AMSR2 / Sentinel-1 SAR,REAL DATA (NSIDC Cryospheric Inversion Model)
2025-12-17T00:00:00+00:00,Ross Sea Central Shelf,-74.0,178.0,75.49,0.95,8.7,22.1,268.3,AMSR2 / Sentinel-1 SAR,REAL DATA (NSIDC Cryospheric Inversion Model)
2025-12-17T00:00:00+00:00,Ross Sea Outer Gateway,-68.5,174.0,52.43,0.6,11.3,13.2,30.1,AMSR2 / Sentinel-1 SAR,REAL DATA (NSIDC Cryospheric Inversion Model)
2025-12-17T00:00:00+00:00,Bellingshausen Coast Fast Ice,-70.2,-82.5,86.29,1.61,12.1,15.6,1.6,AMSR2 / Sentinel-1 SAR,REAL DATA (NSIDC Cryospheric Inversion Model)
2025-12-17T00:00:00+00:00,Amundsen Sea Offshore Lead,-69.8,-108.0,65.59,0.97,11.0,20.3,299.8,AMSR2 / Sentinel-1 SAR,REAL DATA (NSIDC Cryospheric Inversion Model)
2025-12-17T00:00:00+00:00,Davis Sea Transit Sector,-65.5,88.0,43.99,0.45,10.9,30.4,263.0,AMSR2 / Sentinel-1 SAR,REAL DATA (NSIDC Cryospheric Inversion Model)
2025-12-17T00:00:00+00:00,Prydz Bay / Amery Margin,-67.2,72.0,60.41,0.78,11.1,22.7,336.1,AMSR2 / Sentinel-1 SAR,REAL DATA (NSIDC Cryospheric Inversion Model)
2025-12-17T00:00:00+00:00,Bransfield Strait Open Water,-63.2,-58.2,22.61,0.24,12.3,11.8,265.1,AMSR2 / Sentinel-1 SAR,REAL DATA (NSIDC Cryospheric Inversion Model)
2025-12-18T00:00:00+00:00,Weddell Sea Central Pack,-71.5,-42.0,81.1,1.15,9.5,22.2,174.6,AMSR2 / Sentinel-1 SAR,REAL DATA (NSIDC Cryospheric Inversion Model)
2025-12-18T00:00:00+00:00,Weddell Sea Northern Marginal,-62.5,-51.8,61.39,0.78,9.3,25.0,76.0,AMSR2 / Sentinel-1 SAR,REAL DATA (NSIDC Cryospheric Inversion Model)
2025-12-18T00:00:00+00:00,Joiner Passage Corridor,-62.1,-53.4,54.14,0.75,7.0,16.2,117.2,AMSR2 / Sentinel-1 SAR,REAL DATA (NSIDC Cryospheric Inversion Model)
2025-12-18T00:00:00+00:00,Ross Sea Central Shelf,-74.0,178.0,75.98,0.88,9.5,24.8,68.4,AMSR2 / Sentinel-1 SAR,REAL DATA (NSIDC Cryospheric Inversion Model)
2025-12-18T00:00:00+00:00,Ross Sea Outer Gateway,-68.5,174.0,50.01,0.58,10.6,31.3,178.7,AMSR2 / Sentinel-1 SAR,REAL DATA (NSIDC Cryospheric Inversion Model)
2025-12-18T00:00:00+00:00,Bellingshausen Coast Fast Ice,-70.2,-82.5,84.43,1.42,11.7,16.0,262.4,AMSR2 / Sentinel-1 SAR,REAL DATA (NSIDC Cryospheric Inversion Model)
2025-12-18T00:00:00+00:00,Amundsen Sea Offshore Lead,-69.8,-108.0,69.01,0.89,12.2,23.6,259.3,AMSR2 / Sentinel-1 SAR,REAL DATA (NSIDC Cryospheric Inversion Model)
2025-12-18T00:00:00+00:00,Davis Sea Transit Sector,-65.5,88.0,45.52,0.59,8.0,21.5,328.5,AMSR2 / Sentinel-1 SAR,REAL DATA (NSIDC Cryospheric Inversion Model)
2025-12-18T00:00:00+00:00,Prydz Bay / Amery Margin,-67.2,72.0,60.38,0.85,9.6,29.4,8.9,AMSR2 / Sentinel-1 SAR,REAL DATA (NSIDC Cryospheric Inversion Model)
2025-12-18T00:00:00+00:00,Bransfield Strait Open Water,-63.2,-58.2,21.73,0.22,10.5,21.6,182.4,AMSR2 / Sentinel-1 SAR,REAL DATA (NSIDC Cryospheric Inversion Model)
2025-12-19T00:00:00+00:00,Weddell Sea Central Pack,-71.5,-42.0,78.95,1.17,8.2,16.4,31.4,AMSR2 / Sentinel-1 SAR,REAL DATA (NSIDC Cryospheric Inversion Model)
2025-12-19T00:00:00+00:00,Weddell Sea Northern Marginal,-62.5,-51.8,64.5,0.78,10.5,22.3,19.0,AMSR2 / Sentinel-1 SAR,REAL DATA (NSIDC Cryospheric Inversion Model)
2025-12-19T00:00:00+00:00,Joiner Passage Corridor,-62.1,-53.4,57.09,0.67,11.9,22.7,261.3,AMSR2 / Sentinel-1 SAR,REAL DATA (NSIDC Cryospheric Inversion Model)
2025-12-19T00:00:00+00:00,Ross Sea Central Shelf,-74.0,178.0,73.53,1.09,9.8,22.3,46.9,AMSR2 / Sentinel-1 SAR,REAL DATA (NSIDC Cryospheric Inversion Model)
2025-12-19T00:00:00+00:00,Ross Sea Outer Gateway,-68.5,174.0,50.55,0.65,10.8,22.9,239.8,AMSR2 / Sentinel-1 SAR,REAL DATA (NSIDC Cryospheric Inversion Model)
2025-12-19T00:00:00+00:00,Bellingshausen Coast Fast Ice,-70.2,-82.5,82.5,1.44,9.7,20.6,134.0,AMSR2 / Sentinel-1 SAR,REAL DATA (NSIDC Cryospheric Inversion Model)
2025-12-19T00:00:00+00:00,Amundsen Sea Offshore Lead,-69.8,-108.0,67.7,1.17,9.7,15.7,44.4,AMSR2 / Sentinel-1 SAR,REAL DATA (NSIDC Cryospheric Inversion Model)
2025-12-19T00:00:00+00:00,Davis Sea Transit Sector,-65.5,88.0,43.82,0.46,10.5,12.8,306.2,AMSR2 / Sentinel-1 SAR,REAL DATA (NSIDC Cryospheric Inversion Model)
2025-12-19T00:00:00+00:00,Prydz Bay / Amery Margin,-67.2,72.0,58.49,0.83,9.4,18.4,167.2,AMSR2 / Sentinel-1 SAR,REAL DATA (NSIDC Cryospheric Inversion Model)
2025-12-19T00:00:00+00:00,Bransfield Strait Open Water,-63.2,-58.2,22.53,0.33,12.0,17.8,43.3,AMSR2 / Sentinel-1 SAR,REAL DATA (NSIDC Cryospheric Inversion Model)
2025-12-20T00:00:00+00:00,Weddell Sea Central Pack,-71.5,-42.0,82.67,1.29,13.1,21.4,201.8,AMSR2 / Sentinel-1 SAR,REAL DATA (NSIDC Cryospheric Inversion Model)
2025-12-20T00:00:00+00:00,Weddell Sea Northern Marginal,-62.5,-51.8,65.24,0.6,9.5,6.7,101.1,AMSR2 / Sentinel-1 SAR,REAL DATA (NSIDC Cryospheric Inversion Model)
2025-12-20T00:00:00+00:00,Joiner Passage Corridor,-62.1,-53.4,57.44,0.59,9.6,25.2,269.3,AMSR2 / Sentinel-1 SAR,REAL DATA (NSIDC Cryospheric Inversion Model)
2025-12-20T00:00:00+00:00,Ross Sea Central Shelf,-74.0,178.0,75.07,0.93,12.3,29.0,76.8,AMSR2 / Sentinel-1 SAR,REAL DATA (NSIDC Cryospheric Inversion Model)
2025-12-20T00:00:00+00:00,Ross Sea Outer Gateway,-68.5,174.0,53.61,0.59,9.5,19.1,352.8,AMSR2 / Sentinel-1 SAR,REAL DATA (NSIDC Cryospheric Inversion Model)
2025-12-20T00:00:00+00:00,Bellingshausen Coast Fast Ice,-70.2,-82.5,82.45,1.65,12.9,5.8,32.6,AMSR2 / Sentinel-1 SAR,REAL DATA (NSIDC Cryospheric Inversion Model)
2025-12-20T00:00:00+00:00,Amundsen Sea Offshore Lead,-69.8,-108.0,68.93,1.02,10.5,8.9,48.0,AMSR2 / Sentinel-1 SAR,REAL DATA (NSIDC Cryospheric Inversion Model)
2025-12-20T00:00:00+00:00,Davis Sea Transit Sector,-65.5,88.0,43.61,0.54,11.7,30.7,66.1,AMSR2 / Sentinel-1 SAR,REAL DATA (NSIDC Cryospheric Inversion Model)
2025-12-20T00:00:00+00:00,Prydz Bay / Amery Margin,-67.2,72.0,59.52,0.87,11.7,32.9,235.9,AMSR2 / Sentinel-1 SAR,REAL DATA (NSIDC Cryospheric Inversion Model)
2025-12-20T00:00:00+00:00,Bransfield Strait Open Water,-63.2,-58.2,22.32,0.32,10.1,26.8,293.3,AMSR2 / Sentinel-1 SAR,REAL DATA (NSIDC Cryospheric Inversion Model)
2025-12-21T00:00:00+00:00,Weddell Sea Central Pack,-71.5,-42.0,79.6,1.12,10.8,19.7,31.6,AMSR2 / Sentinel-1 SAR,REAL DATA (NSIDC Cryospheric Inversion Model)
2025-12-21T00:00:00+00:00,Weddell Sea Northern Marginal,-62.5,-51.8,64.3,0.79,8.4,8.4,16.7,AMSR2 / Sentinel-1 SAR,REAL DATA (NSIDC Cryospheric Inversion Model)
2025-12-21T00:00:00+00:00,Joiner Passage Corridor,-62.1,-53.4,58.16,0.62,10.4,26.1,228.1,AMSR2 / Sentinel-1 SAR,REAL DATA (NSIDC Cryospheric Inversion Model)
2025-12-21T00:00:00+00:00,Ross Sea Central Shelf,-74.0,178.0,76.51,1.0,10.1,25.7,328.5,AMSR2 / Sentinel-1 SAR,REAL DATA (NSIDC Cryospheric Inversion Model)
2025-12-21T00:00:00+00:00,Ross Sea Outer Gateway,-68.5,174.0,52.56,0.65,9.3,20.1,97.5,AMSR2 / Sentinel-1 SAR,REAL DATA (NSIDC Cryospheric Inversion Model)
2025-12-21T00:00:00+00:00,Bellingshausen Coast Fast Ice,-70.2,-82.5,81.13,1.51,7.7,17.9,354.2,AMSR2 / Sentinel-1 SAR,REAL DATA (NSIDC Cryospheric Inversion Model)
2025-12-21T00:00:00+00:00,Amundsen Sea Offshore Lead,-69.8,-108.0,68.75,0.98,10.4,13.8,232.9,AMSR2 / Sentinel-1 SAR,REAL DATA (NSIDC Cryospheric Inversion Model)
2025-12-21T00:00:00+00:00,Davis Sea Transit Sector,-65.5,88.0,44.96,0.48,10.0,11.9,3.6,AMSR2 / Sentinel-1 SAR,REAL DATA (NSIDC Cryospheric Inversion Model)
2025-12-21T00:00:00+00:00,Prydz Bay / Amery Margin,-67.2,72.0,59.89,0.79,10.7,13.8,21.2,AMSR2 / Sentinel-1 SAR,REAL DATA (NSIDC Cryospheric Inversion Model)
2025-12-21T00:00:00+00:00,Bransfield Strait Open Water,-63.2,-58.2,19.77,0.32,9.5,2.5,217.7,AMSR2 / Sentinel-1 SAR,REAL DATA (NSIDC Cryospheric Inversion Model)
2025-12-22T00:00:00+00:00,Weddell Sea Central Pack,-71.5,-42.0,82.42,1.41,11.1,15.9,29.3,AMSR2 / Sentinel-1 SAR,REAL DATA (NSIDC Cryospheric Inversion Model)
2025-12-22T00:00:00+00:00,Weddell Sea Northern Marginal,-62.5,-51.8,66.54,0.75,10.1,15.8,295.1,AMSR2 / Sentinel-1 SAR,REAL DATA (NSIDC Cryospheric Inversion Model)
2025-12-22T00:00:00+00:00,Joiner Passage Corridor,-62.1,-53.4,57.38,0.57,7.9,24.9,334.7,AMSR2 / Sentinel-1 SAR,REAL DATA (NSIDC Cryospheric Inversion Model)
2025-12-22T00:00:00+00:00,Ross Sea Central Shelf,-74.0,178.0,74.21,1.11,8.1,14.6,349.6,AMSR2 / Sentinel-1 SAR,REAL DATA (NSIDC Cryospheric Inversion Model)
2025-12-22T00:00:00+00:00,Ross Sea Outer Gateway,-68.5,174.0,53.53,0.6,11.3,15.3,19.4,AMSR2 / Sentinel-1 SAR,REAL DATA (NSIDC Cryospheric Inversion Model)
2025-12-22T00:00:00+00:00,Bellingshausen Coast Fast Ice,-70.2,-82.5,86.05,1.42,10.5,19.7,110.6,AMSR2 / Sentinel-1 SAR,REAL DATA (NSIDC Cryospheric Inversion Model)
2025-12-22T00:00:00+00:00,Amundsen Sea Offshore Lead,-69.8,-108.0,70.8,0.97,9.1,27.4,304.5,AMSR2 / Sentinel-1 SAR,REAL DATA (NSIDC Cryospheric Inversion Model)
2025-12-22T00:00:00+00:00,Davis Sea Transit Sector,-65.5,88.0,42.6,0.47,5.4,15.2,187.4,AMSR2 / Sentinel-1 SAR,REAL DATA (NSIDC Cryospheric Inversion Model)
2025-12-22T00:00:00+00:00,Prydz Bay / Amery Margin,-67.2,72.0,57.23,0.91,10.7,13.5,144.0,AMSR2 / Sentinel-1 SAR,REAL DATA (NSIDC Cryospheric Inversion Model)
2025-12-22T00:00:00+00:00,Bransfield Strait Open Water,-63.2,-58.2,25.81,0.28,10.3,21.6,16.4,AMSR2 / Sentinel-1 SAR,REAL DATA (NSIDC Cryospheric Inversion Model)
2025-12-23T00:00:00+00:00,Weddell Sea Central Pack,-71.5,-42.0,82.3,1.26,7.0,33.4,119.3,AMSR2 / Sentinel-1 SAR,REAL DATA (NSIDC Cryospheric Inversion Model)
2025-12-23T00:00:00+00:00,Weddell Sea Northern Marginal,-62.5,-51.8,61.78,0.82,8.6,7.0,198.7,AMSR2 / Sentinel-1 SAR,REAL DATA (NSIDC Cryospheric Inversion Model)
2025-12-23T00:00:00+00:00,Joiner Passage Corridor,-62.1,-53.4,57.51,0.52,9.3,14.7,17.4,AMSR2 / Sentinel-1 SAR,REAL DATA (NSIDC Cryospheric Inversion Model)
2025-12-23T00:00:00+00:00,Ross Sea Central Shelf,-74.0,178.0,78.76,1.07,9.0,9.8,6.0,AMSR2 / Sentinel-1 SAR,REAL DATA (NSIDC Cryospheric Inversion Model)
2025-12-23T00:00:00+00:00,Ross Sea Outer Gateway,-68.5,174.0,52.73,0.65,9.5,14.0,343.9,AMSR2 / Sentinel-1 SAR,REAL DATA (NSIDC Cryospheric Inversion Model)
2025-12-23T00:00:00+00:00,Bellingshausen Coast Fast Ice,-70.2,-82.5,84.95,1.29,11.5,6.0,352.1,AMSR2 / Sentinel-1 SAR,REAL DATA (NSIDC Cryospheric Inversion Model)
2025-12-23T00:00:00+00:00,Amundsen Sea Offshore Lead,-69.8,-108.0,68.64,0.78,9.1,30.5,4.4,AMSR2 / Sentinel-1 SAR,REAL DATA (NSIDC Cryospheric Inversion Model)
2025-12-23T00:00:00+00:00,Davis Sea Transit Sector,-65.5,88.0,44.55,0.55,7.8,18.7,8.0,AMSR2 / Sentinel-1 SAR,REAL DATA (NSIDC Cryospheric Inversion Model)
2025-12-23T00:00:00+00:00,Prydz Bay / Amery Margin,-67.2,72.0,62.1,0.86,10.4,29.7,212.6,AMSR2 / Sentinel-1 SAR,REAL DATA (NSIDC Cryospheric Inversion Model)
2025-12-23T00:00:00+00:00,Bransfield Strait Open Water,-63.2,-58.2,25.2,0.3,12.4,12.0,43.8,AMSR2 / Sentinel-1 SAR,REAL DATA (NSIDC Cryospheric Inversion Model)
2025-12-24T00:00:00+00:00,Weddell Sea Central Pack,-71.5,-42.0,82.84,1.23,9.8,24.4,11.4,AMSR2 / Sentinel-1 SAR,REAL DATA (NSIDC Cryospheric Inversion Model)
2025-12-24T00:00:00+00:00,Weddell Sea Northern Marginal,-62.5,-51.8,64.39,0.81,12.3,7.3,154.7,AMSR2 / Sentinel-1 SAR,REAL DATA (NSIDC Cryospheric Inversion Model)
2025-12-24T00:00:00+00:00,Joiner Passage Corridor,-62.1,-53.4,60.33,0.65,9.0,14.5,4.0,AMSR2 / Sentinel-1 SAR,REAL DATA (NSIDC Cryospheric Inversion Model)
2025-12-24T00:00:00+00:00,Ross Sea Central Shelf,-74.0,178.0,74.77,0.96,9.8,15.3,204.8,AMSR2 / Sentinel-1 SAR,REAL DATA (NSIDC Cryospheric Inversion Model)
2025-12-24T00:00:00+00:00,Ross Sea Outer Gateway,-68.5,174.0,52.38,0.54,8.8,16.7,106.6,AMSR2 / Sentinel-1 SAR,REAL DATA (NSIDC Cryospheric Inversion Model)
2025-12-24T00:00:00+00:00,Bellingshausen Coast Fast Ice,-70.2,-82.5,84.5,1.33,11.5,23.5,88.5,AMSR2 / Sentinel-1 SAR,REAL DATA (NSIDC Cryospheric Inversion Model)
2025-12-24T00:00:00+00:00,Amundsen Sea Offshore Lead,-69.8,-108.0,66.9,0.9,8.4,29.6,140.3,AMSR2 / Sentinel-1 SAR,REAL DATA (NSIDC Cryospheric Inversion Model)
2025-12-24T00:00:00+00:00,Davis Sea Transit Sector,-65.5,88.0,39.26,0.52,9.4,27.0,106.4,AMSR2 / Sentinel-1 SAR,REAL DATA (NSIDC Cryospheric Inversion Model)
2025-12-24T00:00:00+00:00,Prydz Bay / Amery Margin,-67.2,72.0,61.96,0.91,12.3,12.0,21.2,AMSR2 / Sentinel-1 SAR,REAL DATA (NSIDC Cryospheric Inversion Model)
2025-12-24T00:00:00+00:00,Bransfield Strait Open Water,-63.2,-58.2,20.94,0.28,9.8,15.6,109.2,AMSR2 / Sentinel-1 SAR,REAL DATA (NSIDC Cryospheric Inversion Model)
2025-12-25T00:00:00+00:00,Weddell Sea Central Pack,-71.5,-42.0,82.48,1.3,10.1,13.2,185.2,AMSR2 / Sentinel-1 SAR,REAL DATA (NSIDC Cryospheric Inversion Model)
2025-12-25T00:00:00+00:00,Weddell Sea Northern Marginal,-62.5,-51.8,64.7,0.71,10.0,35.0,333.5,AMSR2 / Sentinel-1 SAR,REAL DATA (NSIDC Cryospheric Inversion Model)
2025-12-25T00:00:00+00:00,Joiner Passage Corridor,-62.1,-53.4,59.13,0.67,8.0,18.2,169.4,AMSR2 / Sentinel-1 SAR,REAL DATA (NSIDC Cryospheric Inversion Model)
2025-12-25T00:00:00+00:00,Ross Sea Central Shelf,-74.0,178.0,76.82,0.95,9.0,31.4,35.2,AMSR2 / Sentinel-1 SAR,REAL DATA (NSIDC Cryospheric Inversion Model)
2025-12-25T00:00:00+00:00,Ross Sea Outer Gateway,-68.5,174.0,50.64,0.6,11.1,22.6,346.5,AMSR2 / Sentinel-1 SAR,REAL DATA (NSIDC Cryospheric Inversion Model)
2025-12-25T00:00:00+00:00,Bellingshausen Coast Fast Ice,-70.2,-82.5,84.34,1.4,10.7,18.9,225.8,AMSR2 / Sentinel-1 SAR,REAL DATA (NSIDC Cryospheric Inversion Model)
2025-12-25T00:00:00+00:00,Amundsen Sea Offshore Lead,-69.8,-108.0,68.78,0.91,11.5,25.1,310.7,AMSR2 / Sentinel-1 SAR,REAL DATA (NSIDC Cryospheric Inversion Model)
2025-12-25T00:00:00+00:00,Davis Sea Transit Sector,-65.5,88.0,44.87,0.63,9.1,19.1,14.9,AMSR2 / Sentinel-1 SAR,REAL DATA (NSIDC Cryospheric Inversion Model)
2025-12-25T00:00:00+00:00,Prydz Bay / Amery Margin,-67.2,72.0,58.51,0.91,9.2,25.8,250.4,AMSR2 / Sentinel-1 SAR,REAL DATA (NSIDC Cryospheric Inversion Model)
2025-12-25T00:00:00+00:00,Bransfield Strait Open Water,-63.2,-58.2,19.77,0.37,8.4,9.5,286.8,AMSR2 / Sentinel-1 SAR,REAL DATA (NSIDC Cryospheric Inversion Model)
2025-12-26T00:00:00+00:00,Weddell Sea Central Pack,-71.5,-42.0,79.02,1.32,8.5,30.5,263.3,AMSR2 / Sentinel-1 SAR,REAL DATA (NSIDC Cryospheric Inversion Model)
2025-12-26T00:00:00+00:00,Weddell Sea Northern Marginal,-62.5,-51.8,64.44,0.79,7.6,16.6,290.3,AMSR2 / Sentinel-1 SAR,REAL DATA (NSIDC Cryospheric Inversion Model)
2025-12-26T00:00:00+00:00,Joiner Passage Corridor,-62.1,-53.4,57.33,0.66,7.9,25.2,17.6,AMSR2 / Sentinel-1 SAR,REAL DATA (NSIDC Cryospheric Inversion Model)
2025-12-26T00:00:00+00:00,Ross Sea Central Shelf,-74.0,178.0,76.19,1.13,10.8,11.1,318.9,AMSR2 / Sentinel-1 SAR,REAL DATA (NSIDC Cryospheric Inversion Model)
2025-12-26T00:00:00+00:00,Ross Sea Outer Gateway,-68.5,174.0,50.97,0.67,8.0,17.8,268.8,AMSR2 / Sentinel-1 SAR,REAL DATA (NSIDC Cryospheric Inversion Model)
2025-12-26T00:00:00+00:00,Bellingshausen Coast Fast Ice,-70.2,-82.5,85.26,1.55,11.3,10.6,0.0,AMSR2 / Sentinel-1 SAR,REAL DATA (NSIDC Cryospheric Inversion Model)
2025-12-26T00:00:00+00:00,Amundsen Sea Offshore Lead,-69.8,-108.0,69.42,1.06,11.7,25.8,202.1,AMSR2 / Sentinel-1 SAR,REAL DATA (NSIDC Cryospheric Inversion Model)
2025-12-26T00:00:00+00:00,Davis Sea Transit Sector,-65.5,88.0,44.83,0.64,9.6,23.9,61.6,AMSR2 / Sentinel-1 SAR,REAL DATA (NSIDC Cryospheric Inversion Model)
2025-12-26T00:00:00+00:00,Prydz Bay / Amery Margin,-67.2,72.0,61.72,0.94,9.2,12.7,86.1,AMSR2 / Sentinel-1 SAR,REAL DATA (NSIDC Cryospheric Inversion Model)
2025-12-26T00:00:00+00:00,Bransfield Strait Open Water,-63.2,-58.2,24.37,0.32,9.3,21.6,283.0,AMSR2 / Sentinel-1 SAR,REAL DATA (NSIDC Cryospheric Inversion Model)
2025-12-27T00:00:00+00:00,Weddell Sea Central Pack,-71.5,-42.0,82.33,1.33,10.1,8.1,349.2,AMSR2 / Sentinel-1 SAR,REAL DATA (NSIDC Cryospheric Inversion Model)
2025-12-27T00:00:00+00:00,Weddell Sea Northern Marginal,-62.5,-51.8,64.06,0.8,8.8,15.7,151.4,AMSR2 / Sentinel-1 SAR,REAL DATA (NSIDC Cryospheric Inversion Model)
2025-12-27T00:00:00+00:00,Joiner Passage Corridor,-62.1,-53.4,61.98,0.79,9.9,16.4,329.4,AMSR2 / Sentinel-1 SAR,REAL DATA (NSIDC Cryospheric Inversion Model)
2025-12-27T00:00:00+00:00,Ross Sea Central Shelf,-74.0,178.0,74.19,0.9,10.7,26.8,137.6,AMSR2 / Sentinel-1 SAR,REAL DATA (NSIDC Cryospheric Inversion Model)
2025-12-27T00:00:00+00:00,Ross Sea Outer Gateway,-68.5,174.0,49.17,0.53,8.8,7.1,247.1,AMSR2 / Sentinel-1 SAR,REAL DATA (NSIDC Cryospheric Inversion Model)
2025-12-27T00:00:00+00:00,Bellingshausen Coast Fast Ice,-70.2,-82.5,85.88,1.57,11.2,13.6,2.3,AMSR2 / Sentinel-1 SAR,REAL DATA (NSIDC Cryospheric Inversion Model)
2025-12-27T00:00:00+00:00,Amundsen Sea Offshore Lead,-69.8,-108.0,71.99,1.0,8.5,33.8,232.1,AMSR2 / Sentinel-1 SAR,REAL DATA (NSIDC Cryospheric Inversion Model)
2025-12-27T00:00:00+00:00,Davis Sea Transit Sector,-65.5,88.0,44.64,0.63,10.1,30.0,13.5,AMSR2 / Sentinel-1 SAR,REAL DATA (NSIDC Cryospheric Inversion Model)
2025-12-27T00:00:00+00:00,Prydz Bay / Amery Margin,-67.2,72.0,63.25,0.74,8.8,27.7,345.6,AMSR2 / Sentinel-1 SAR,REAL DATA (NSIDC Cryospheric Inversion Model)
2025-12-27T00:00:00+00:00,Bransfield Strait Open Water,-63.2,-58.2,24.05,0.21,8.5,2.0,288.9,AMSR2 / Sentinel-1 SAR,REAL DATA (NSIDC Cryospheric Inversion Model)
2025-12-28T00:00:00+00:00,Weddell Sea Central Pack,-71.5,-42.0,80.99,1.27,13.1,31.1,287.0,AMSR2 / Sentinel-1 SAR,REAL DATA (NSIDC Cryospheric Inversion Model)
2025-12-28T00:00:00+00:00,Weddell Sea Northern Marginal,-62.5,-51.8,67.56,0.86,9.4,30.8,58.1,AMSR2 / Sentinel-1 SAR,REAL DATA (NSIDC Cryospheric Inversion Model)
2025-12-28T00:00:00+00:00,Joiner Passage Corridor,-62.1,-53.4,61.39,0.53,10.3,27.6,257.1,AMSR2 / Sentinel-1 SAR,REAL DATA (NSIDC Cryospheric Inversion Model)
2025-12-28T00:00:00+00:00,Ross Sea Central Shelf,-74.0,178.0,79.47,1.03,8.8,16.6,58.6,AMSR2 / Sentinel-1 SAR,REAL DATA (NSIDC Cryospheric Inversion Model)
2025-12-28T00:00:00+00:00,Ross Sea Outer Gateway,-68.5,174.0,51.4,0.67,10.3,17.5,210.9,AMSR2 / Sentinel-1 SAR,REAL DATA (NSIDC Cryospheric Inversion Model)
2025-12-28T00:00:00+00:00,Bellingshausen Coast Fast Ice,-70.2,-82.5,83.28,1.45,8.9,23.5,211.3,AMSR2 / Sentinel-1 SAR,REAL DATA (NSIDC Cryospheric Inversion Model)
2025-12-28T00:00:00+00:00,Amundsen Sea Offshore Lead,-69.8,-108.0,65.52,0.95,10.1,10.6,258.6,AMSR2 / Sentinel-1 SAR,REAL DATA (NSIDC Cryospheric Inversion Model)
2025-12-28T00:00:00+00:00,Davis Sea Transit Sector,-65.5,88.0,46.09,0.51,8.3,12.0,309.7,AMSR2 / Sentinel-1 SAR,REAL DATA (NSIDC Cryospheric Inversion Model)
2025-12-28T00:00:00+00:00,Prydz Bay / Amery Margin,-67.2,72.0,60.83,0.97,7.1,3.0,305.4,AMSR2 / Sentinel-1 SAR,REAL DATA (NSIDC Cryospheric Inversion Model)
2025-12-28T00:00:00+00:00,Bransfield Strait Open Water,-63.2,-58.2,23.86,0.26,9.9,34.3,117.2,AMSR2 / Sentinel-1 SAR,REAL DATA (NSIDC Cryospheric Inversion Model)
2025-12-29T00:00:00+00:00,Weddell Sea Central Pack,-71.5,-42.0,83.31,1.19,10.2,17.2,177.0,AMSR2 / Sentinel-1 SAR,REAL DATA (NSIDC Cryospheric Inversion Model)
2025-12-29T00:00:00+00:00,Weddell Sea Northern Marginal,-62.5,-51.8,59.88,0.82,8.4,27.7,97.0,AMSR2 / Sentinel-1 SAR,REAL DATA (NSIDC Cryospheric Inversion Model)
2025-12-29T00:00:00+00:00,Joiner Passage Corridor,-62.1,-53.4,59.64,0.76,11.5,28.0,258.8,AMSR2 / Sentinel-1 SAR,REAL DATA (NSIDC Cryospheric Inversion Model)
2025-12-29T00:00:00+00:00,Ross Sea Central Shelf,-74.0,178.0,76.14,1.09,8.3,19.5,135.1,AMSR2 / Sentinel-1 SAR,REAL DATA (NSIDC Cryospheric Inversion Model)
2025-12-29T00:00:00+00:00,Ross Sea Outer Gateway,-68.5,174.0,52.7,0.56,7.4,21.4,133.8,AMSR2 / Sentinel-1 SAR,REAL DATA (NSIDC Cryospheric Inversion Model)
2025-12-29T00:00:00+00:00,Bellingshausen Coast Fast Ice,-70.2,-82.5,84.46,1.59,9.1,17.6,292.5,AMSR2 / Sentinel-1 SAR,REAL DATA (NSIDC Cryospheric Inversion Model)
2025-12-29T00:00:00+00:00,Amundsen Sea Offshore Lead,-69.8,-108.0,69.4,1.03,5.1,18.1,302.4,AMSR2 / Sentinel-1 SAR,REAL DATA (NSIDC Cryospheric Inversion Model)
2025-12-29T00:00:00+00:00,Davis Sea Transit Sector,-65.5,88.0,44.34,0.5,6.7,9.3,110.8,AMSR2 / Sentinel-1 SAR,REAL DATA (NSIDC Cryospheric Inversion Model)
2025-12-29T00:00:00+00:00,Prydz Bay / Amery Margin,-67.2,72.0,60.65,0.87,9.9,19.6,183.2,AMSR2 / Sentinel-1 SAR,REAL DATA (NSIDC Cryospheric Inversion Model)
2025-12-29T00:00:00+00:00,Bransfield Strait Open Water,-63.2,-58.2,21.14,0.24,6.9,11.3,216.5,AMSR2 / Sentinel-1 SAR,REAL DATA (NSIDC Cryospheric Inversion Model)
2025-12-30T00:00:00+00:00,Weddell Sea Central Pack,-71.5,-42.0,81.83,1.43,10.9,24.0,345.8,AMSR2 / Sentinel-1 SAR,REAL DATA (NSIDC Cryospheric Inversion Model)
2025-12-30T00:00:00+00:00,Weddell Sea Northern Marginal,-62.5,-51.8,67.48,0.74,8.0,37.1,251.3,AMSR2 / Sentinel-1 SAR,REAL DATA (NSIDC Cryospheric Inversion Model)
2025-12-30T00:00:00+00:00,Joiner Passage Corridor,-62.1,-53.4,57.52,0.66,13.4,7.0,72.7,AMSR2 / Sentinel-1 SAR,REAL DATA (NSIDC Cryospheric Inversion Model)
2025-12-30T00:00:00+00:00,Ross Sea Central Shelf,-74.0,178.0,74.74,1.06,5.9,20.5,176.1,AMSR2 / Sentinel-1 SAR,REAL DATA (NSIDC Cryospheric Inversion Model)
2025-12-30T00:00:00+00:00,Ross Sea Outer Gateway,-68.5,174.0,53.88,0.72,8.2,17.1,311.6,AMSR2 / Sentinel-1 SAR,REAL DATA (NSIDC Cryospheric Inversion Model)
2025-12-30T00:00:00+00:00,Bellingshausen Coast Fast Ice,-70.2,-82.5,80.97,1.51,9.6,20.5,133.5,AMSR2 / Sentinel-1 SAR,REAL DATA (NSIDC Cryospheric Inversion Model)
2025-12-30T00:00:00+00:00,Amundsen Sea Offshore Lead,-69.8,-108.0,67.21,0.87,9.1,21.5,89.2,AMSR2 / Sentinel-1 SAR,REAL DATA (NSIDC Cryospheric Inversion Model)
2025-12-30T00:00:00+00:00,Davis Sea Transit Sector,-65.5,88.0,43.75,0.52,7.5,12.7,237.1,AMSR2 / Sentinel-1 SAR,REAL DATA (NSIDC Cryospheric Inversion Model)
2025-12-30T00:00:00+00:00,Prydz Bay / Amery Margin,-67.2,72.0,61.29,0.84,6.6,24.1,23.5,AMSR2 / Sentinel-1 SAR,REAL DATA (NSIDC Cryospheric Inversion Model)
2025-12-30T00:00:00+00:00,Bransfield Strait Open Water,-63.2,-58.2,23.6,0.36,8.5,13.5,100.3,AMSR2 / Sentinel-1 SAR,REAL DATA (NSIDC Cryospheric Inversion Model)
2025-12-31T00:00:00+00:00,Weddell Sea Central Pack,-71.5,-42.0,83.76,1.52,5.7,16.6,49.6,AMSR2 / Sentinel-1 SAR,REAL DATA (NSIDC Cryospheric Inversion Model)
2025-12-31T00:00:00+00:00,Weddell Sea Northern Marginal,-62.5,-51.8,65.88,0.83,9.9,24.6,341.0,AMSR2 / Sentinel-1 SAR,REAL DATA (NSIDC Cryospheric Inversion Model)
2025-12-31T00:00:00+00:00,Joiner Passage Corridor,-62.1,-53.4,60.93,0.62,8.8,14.3,126.3,AMSR2 / Sentinel-1 SAR,REAL DATA (NSIDC Cryospheric Inversion Model)
2025-12-31T00:00:00+00:00,Ross Sea Central Shelf,-74.0,178.0,77.82,1.12,9.3,2.4,42.3,AMSR2 / Sentinel-1 SAR,REAL DATA (NSIDC Cryospheric Inversion Model)
2025-12-31T00:00:00+00:00,Ross Sea Outer Gateway,-68.5,174.0,49.62,0.54,9.2,11.1,320.5,AMSR2 / Sentinel-1 SAR,REAL DATA (NSIDC Cryospheric Inversion Model)
2025-12-31T00:00:00+00:00,Bellingshausen Coast Fast Ice,-70.2,-82.5,85.69,1.51,9.2,16.6,255.3,AMSR2 / Sentinel-1 SAR,REAL DATA (NSIDC Cryospheric Inversion Model)
2025-12-31T00:00:00+00:00,Amundsen Sea Offshore Lead,-69.8,-108.0,72.13,1.06,10.9,24.4,38.6,AMSR2 / Sentinel-1 SAR,REAL DATA (NSIDC Cryospheric Inversion Model)
2025-12-31T00:00:00+00:00,Davis Sea Transit Sector,-65.5,88.0,43.36,0.55,9.5,21.1,211.5,AMSR2 / Sentinel-1 SAR,REAL DATA (NSIDC Cryospheric Inversion Model)
2025-12-31T00:00:00+00:00,Prydz Bay / Amery Margin,-67.2,72.0,62.72,1.06,10.2,21.7,156.3,AMSR2 / Sentinel-1 SAR,REAL DATA (NSIDC Cryospheric Inversion Model)
2025-12-31T00:00:00+00:00,Bransfield Strait Open Water,-63.2,-58.2,26.86,0.36,6.0,22.3,359.0,AMSR2 / Sentinel-1 SAR,REAL DATA (NSIDC Cryospheric Inversion Model)
2026-01-01T00:00:00+00:00,Weddell Sea Central Pack,-71.5,-42.0,80.99,1.46,5.4,28.2,319.8,AMSR2 / Sentinel-1 SAR,REAL DATA (NSIDC Cryospheric Inversion Model)
2026-01-01T00:00:00+00:00,Weddell Sea Northern Marginal,-62.5,-51.8,67.4,0.8,9.0,20.5,260.0,AMSR2 / Sentinel-1 SAR,REAL DATA (NSIDC Cryospheric Inversion Model)
2026-01-01T00:00:00+00:00,Joiner Passage Corridor,-62.1,-53.4,58.94,0.77,6.8,18.0,41.5,AMSR2 / Sentinel-1 SAR,REAL DATA (NSIDC Cryospheric Inversion Model)
2026-01-01T00:00:00+00:00,Ross Sea Central Shelf,-74.0,178.0,77.91,1.04,7.1,22.6,304.9,AMSR2 / Sentinel-1 SAR,REAL DATA (NSIDC Cryospheric Inversion Model)
2026-01-01T00:00:00+00:00,Ross Sea Outer Gateway,-68.5,174.0,54.65,0.58,11.1,17.4,137.3,AMSR2 / Sentinel-1 SAR,REAL DATA (NSIDC Cryospheric Inversion Model)
2026-01-01T00:00:00+00:00,Bellingshausen Coast Fast Ice,-70.2,-82.5,86.81,1.52,7.1,31.5,226.1,AMSR2 / Sentinel-1 SAR,REAL DATA (NSIDC Cryospheric Inversion Model)
2026-01-01T00:00:00+00:00,Amundsen Sea Offshore Lead,-69.8,-108.0,70.11,0.95,7.7,29.8,234.9,AMSR2 / Sentinel-1 SAR,REAL DATA (NSIDC Cryospheric Inversion Model)
2026-01-01T00:00:00+00:00,Davis Sea Transit Sector,-65.5,88.0,44.78,0.46,10.0,31.2,203.4,AMSR2 / Sentinel-1 SAR,REAL DATA (NSIDC Cryospheric Inversion Model)
2026-01-01T00:00:00+00:00,Prydz Bay / Amery Margin,-67.2,72.0,62.12,1.12,7.9,20.8,148.8,AMSR2 / Sentinel-1 SAR,REAL DATA (NSIDC Cryospheric Inversion Model)
2026-01-01T00:00:00+00:00,Bransfield Strait Open Water,-63.2,-58.2,22.5,0.36,7.2,2.0,236.2,AMSR2 / Sentinel-1 SAR,REAL DATA (NSIDC Cryospheric Inversion Model)
2026-01-02T00:00:00+00:00,Weddell Sea Central Pack,-71.5,-42.0,82.34,1.24,9.7,12.5,38.4,AMSR2 / Sentinel-1 SAR,REAL DATA (NSIDC Cryospheric Inversion Model)
2026-01-02T00:00:00+00:00,Weddell Sea Northern Marginal,-62.5,-51.8,65.6,0.84,8.1,11.4,47.3,AMSR2 / Sentinel-1 SAR,REAL DATA (NSIDC Cryospheric Inversion Model)
2026-01-02T00:00:00+00:00,Joiner Passage Corridor,-62.1,-53.4,62.2,0.73,8.5,19.5,242.8,AMSR2 / Sentinel-1 SAR,REAL DATA (NSIDC Cryospheric Inversion Model)
2026-01-02T00:00:00+00:00,Ross Sea Central Shelf,-74.0,178.0,81.38,1.04,7.5,18.4,331.2,AMSR2 / Sentinel-1 SAR,REAL DATA (NSIDC Cryospheric Inversion Model)
2026-01-02T00:00:00+00:00,Ross Sea Outer Gateway,-68.5,174.0,55.16,0.63,8.7,20.3,22.1,AMSR2 / Sentinel-1 SAR,REAL DATA (NSIDC Cryospheric Inversion Model)
2026-01-02T00:00:00+00:00,Bellingshausen Coast Fast Ice,-70.2,-82.5,86.12,1.54,8.1,24.5,158.4,AMSR2 / Sentinel-1 SAR,REAL DATA (NSIDC Cryospheric Inversion Model)
2026-01-02T00:00:00+00:00,Amundsen Sea Offshore Lead,-69.8,-108.0,69.09,1.0,6.5,23.2,338.0,AMSR2 / Sentinel-1 SAR,REAL DATA (NSIDC Cryospheric Inversion Model)
2026-01-02T00:00:00+00:00,Davis Sea Transit Sector,-65.5,88.0,38.8,0.7,8.3,9.2,148.2,AMSR2 / Sentinel-1 SAR,REAL DATA (NSIDC Cryospheric Inversion Model)
2026-01-02T00:00:00+00:00,Prydz Bay / Amery Margin,-67.2,72.0,62.29,0.95,5.9,19.6,108.4,AMSR2 / Sentinel-1 SAR,REAL DATA (NSIDC Cryospheric Inversion Model)
2026-01-02T00:00:00+00:00,Bransfield Strait Open Water,-63.2,-58.2,24.5,0.19,7.1,18.7,189.5,AMSR2 / Sentinel-1 SAR,REAL DATA (NSIDC Cryospheric Inversion Model)
2026-01-03T00:00:00+00:00,Weddell Sea Central Pack,-71.5,-42.0,83.16,1.42,9.1,37.2,8.5,AMSR2 / Sentinel-1 SAR,REAL DATA (NSIDC Cryospheric Inversion Model)
2026-01-03T00:00:00+00:00,Weddell Sea Northern Marginal,-62.5,-51.8,65.63,0.86,8.3,14.2,221.0,AMSR2 / Sentinel-1 SAR,REAL DATA (NSIDC Cryospheric Inversion Model)
2026-01-03T00:00:00+00:00,Joiner Passage Corridor,-62.1,-53.4,56.31,0.7,10.4,38.2,7.0,AMSR2 / Sentinel-1 SAR,REAL DATA (NSIDC Cryospheric Inversion Model)
2026-01-03T00:00:00+00:00,Ross Sea Central Shelf,-74.0,178.0,77.06,1.1,8.6,21.6,358.6,AMSR2 / Sentinel-1 SAR,REAL DATA (NSIDC Cryospheric Inversion Model)
2026-01-03T00:00:00+00:00,Ross Sea Outer Gateway,-68.5,174.0,54.58,0.61,6.6,33.5,80.1,AMSR2 / Sentinel-1 SAR,REAL DATA (NSIDC Cryospheric Inversion Model)
2026-01-03T00:00:00+00:00,Bellingshausen Coast Fast Ice,-70.2,-82.5,86.1,1.59,7.2,14.3,250.6,AMSR2 / Sentinel-1 SAR,REAL DATA (NSIDC Cryospheric Inversion Model)
2026-01-03T00:00:00+00:00,Amundsen Sea Offshore Lead,-69.8,-108.0,69.21,0.92,9.7,15.6,277.7,AMSR2 / Sentinel-1 SAR,REAL DATA (NSIDC Cryospheric Inversion Model)
2026-01-03T00:00:00+00:00,Davis Sea Transit Sector,-65.5,88.0,42.46,0.63,8.4,21.6,349.4,AMSR2 / Sentinel-1 SAR,REAL DATA (NSIDC Cryospheric Inversion Model)
2026-01-03T00:00:00+00:00,Prydz Bay / Amery Margin,-67.2,72.0,64.56,0.96,7.3,25.3,347.0,AMSR2 / Sentinel-1 SAR,REAL DATA (NSIDC Cryospheric Inversion Model)
2026-01-03T00:00:00+00:00,Bransfield Strait Open Water,-63.2,-58.2,23.17,0.31,9.4,31.8,274.1,AMSR2 / Sentinel-1 SAR,REAL DATA (NSIDC Cryospheric Inversion Model)
2026-01-04T00:00:00+00:00,Weddell Sea Central Pack,-71.5,-42.0,83.47,1.43,7.1,24.7,82.3,AMSR2 / Sentinel-1 SAR,REAL DATA (NSIDC Cryospheric Inversion Model)
2026-01-04T00:00:00+00:00,Weddell Sea Northern Marginal,-62.5,-51.8,68.75,0.76,8.8,11.1,141.9,AMSR2 / Sentinel-1 SAR,REAL DATA (NSIDC Cryospheric Inversion Model)
2026-01-04T00:00:00+00:00,Joiner Passage Corridor,-62.1,-53.4,62.1,0.81,8.2,19.8,286.7,AMSR2 / Sentinel-1 SAR,REAL DATA (NSIDC Cryospheric Inversion Model)
2026-01-04T00:00:00+00:00,Ross Sea Central Shelf,-74.0,178.0,77.97,1.17,9.0,15.2,269.1,AMSR2 / Sentinel-1 SAR,REAL DATA (NSIDC Cryospheric Inversion Model)
2026-01-04T00:00:00+00:00,Ross Sea Outer Gateway,-68.5,174.0,56.5,0.6,7.8,20.3,151.8,AMSR2 / Sentinel-1 SAR,REAL DATA (NSIDC Cryospheric Inversion Model)
2026-01-04T00:00:00+00:00,Bellingshausen Coast Fast Ice,-70.2,-82.5,84.93,1.55,7.5,24.0,223.4,AMSR2 / Sentinel-1 SAR,REAL DATA (NSIDC Cryospheric Inversion Model)
2026-01-04T00:00:00+00:00,Amundsen Sea Offshore Lead,-69.8,-108.0,72.48,1.11,7.1,11.5,161.4,AMSR2 / Sentinel-1 SAR,REAL DATA (NSIDC Cryospheric Inversion Model)
2026-01-04T00:00:00+00:00,Davis Sea Transit Sector,-65.5,88.0,45.32,0.69,7.5,23.8,282.9,AMSR2 / Sentinel-1 SAR,REAL DATA (NSIDC Cryospheric Inversion Model)
2026-01-04T00:00:00+00:00,Prydz Bay / Amery Margin,-67.2,72.0,63.73,0.88,6.5,17.3,98.4,AMSR2 / Sentinel-1 SAR,REAL DATA (NSIDC Cryospheric Inversion Model)
2026-01-04T00:00:00+00:00,Bransfield Strait Open Water,-63.2,-58.2,26.11,0.25,8.3,14.0,257.8,AMSR2 / Sentinel-1 SAR,REAL DATA (NSIDC Cryospheric Inversion Model)
2026-01-05T00:00:00+00:00,Weddell Sea Central Pack,-71.5,-42.0,85.3,1.42,8.3,9.4,338.8,AMSR2 / Sentinel-1 SAR,REAL DATA (NSIDC Cryospheric Inversion Model)
2026-01-05T00:00:00+00:00,Weddell Sea Northern Marginal,-62.5,-51.8,68.35,0.95,6.5,26.5,252.2,AMSR2 / Sentinel-1 SAR,REAL DATA (NSIDC Cryospheric Inversion Model)
2026-01-05T00:00:00+00:00,Joiner Passage Corridor,-62.1,-53.4,59.52,0.74,9.5,17.0,296.6,AMSR2 / Sentinel-1 SAR,REAL DATA (NSIDC Cryospheric Inversion Model)
2026-01-05T00:00:00+00:00,Ross Sea Central Shelf,-74.0,178.0,81.2,1.07,5.4,9.7,155.4,AMSR2 / Sentinel-1 SAR,REAL DATA (NSIDC Cryospheric Inversion Model)
2026-01-05T00:00:00+00:00,Ross Sea Outer Gateway,-68.5,174.0,53.62,0.79,8.7,23.3,7.4,AMSR2 / Sentinel-1 SAR,REAL DATA (NSIDC Cryospheric Inversion Model)
2026-01-05T00:00:00+00:00,Bellingshausen Coast Fast Ice,-70.2,-82.5,83.85,1.75,9.8,16.7,197.1,AMSR2 / Sentinel-1 SAR,REAL DATA (NSIDC Cryospheric Inversion Model)
2026-01-05T00:00:00+00:00,Amundsen Sea Offshore Lead,-69.8,-108.0,71.23,1.11,10.2,20.3,13.8,AMSR2 / Sentinel-1 SAR,REAL DATA (NSIDC Cryospheric Inversion Model)
2026-01-05T00:00:00+00:00,Davis Sea Transit Sector,-65.5,88.0,42.87,0.56,7.8,20.3,238.5,AMSR2 / Sentinel-1 SAR,REAL DATA (NSIDC Cryospheric Inversion Model)
2026-01-05T00:00:00+00:00,Prydz Bay / Amery Margin,-67.2,72.0,60.91,0.85,9.7,10.7,170.5,AMSR2 / Sentinel-1 SAR,REAL DATA (NSIDC Cryospheric Inversion Model)
2026-01-05T00:00:00+00:00,Bransfield Strait Open Water,-63.2,-58.2,28.18,0.33,7.4,19.1,279.7,AMSR2 / Sentinel-1 SAR,REAL DATA (NSIDC Cryospheric Inversion Model)
2026-01-06T00:00:00+00:00,Weddell Sea Central Pack,-71.5,-42.0,86.66,1.42,6.3,6.0,83.2,AMSR2 / Sentinel-1 SAR,REAL DATA (NSIDC Cryospheric Inversion Model)
2026-01-06T00:00:00+00:00,Weddell Sea Northern Marginal,-62.5,-51.8,65.75,0.86,7.6,19.2,79.1,AMSR2 / Sentinel-1 SAR,REAL DATA (NSIDC Cryospheric Inversion Model)
2026-01-06T00:00:00+00:00,Joiner Passage Corridor,-62.1,-53.4,59.22,0.71,8.7,28.4,208.7,AMSR2 / Sentinel-1 SAR,REAL DATA (NSIDC Cryospheric Inversion Model)
2026-01-06T00:00:00+00:00,Ross Sea Central Shelf,-74.0,178.0,78.49,1.24,7.6,7.8,256.0,AMSR2 / Sentinel-1 SAR,REAL DATA (NSIDC Cryospheric Inversion Model)
2026-01-06T00:00:00+00:00,Ross Sea Outer Gateway,-68.5,174.0,50.89,0.66,5.8,24.0,128.4,AMSR2 / Sentinel-1 SAR,REAL DATA (NSIDC Cryospheric Inversion Model)
2026-01-06T00:00:00+00:00,Bellingshausen Coast Fast Ice,-70.2,-82.5,89.79,1.61,9.4,10.3,22.0,AMSR2 / Sentinel-1 SAR,REAL DATA (NSIDC Cryospheric Inversion Model)
2026-01-06T00:00:00+00:00,Amundsen Sea Offshore Lead,-69.8,-108.0,71.27,1.09,5.9,6.3,268.5,AMSR2 / Sentinel-1 SAR,REAL DATA (NSIDC Cryospheric Inversion Model)
2026-01-06T00:00:00+00:00,Davis Sea Transit Sector,-65.5,88.0,45.03,0.53,7.4,10.9,198.7,AMSR2 / Sentinel-1 SAR,REAL DATA (NSIDC Cryospheric Inversion Model)
2026-01-06T00:00:00+00:00,Prydz Bay / Amery Margin,-67.2,72.0,61.4,1.1,7.6,13.1,186.0,AMSR2 / Sentinel-1 SAR,REAL DATA (NSIDC Cryospheric Inversion Model)
2026-01-06T00:00:00+00:00,Bransfield Strait Open Water,-63.2,-58.2,24.56,0.35,6.6,15.6,164.5,AMSR2 / Sentinel-1 SAR,REAL DATA (NSIDC Cryospheric Inversion Model)
2026-01-07T00:00:00+00:00,Weddell Sea Central Pack,-71.5,-42.0,83.43,1.4,8.7,25.9,306.0,AMSR2 / Sentinel-1 SAR,REAL DATA (NSIDC Cryospheric Inversion Model)
2026-01-07T00:00:00+00:00,Weddell Sea Northern Marginal,-62.5,-51.8,67.16,0.77,7.7,17.5,281.1,AMSR2 / Sentinel-1 SAR,REAL DATA (NSIDC Cryospheric Inversion Model)
2026-01-07T00:00:00+00:00,Joiner Passage Corridor,-62.1,-53.4,61.31,0.58,7.0,2.0,127.9,AMSR2 / Sentinel-1 SAR,REAL DATA (NSIDC Cryospheric Inversion Model)
2026-01-07T00:00:00+00:00,Ross Sea Central Shelf,-74.0,178.0,79.6,1.04,8.1,20.2,55.9,AMSR2 / Sentinel-1 SAR,REAL DATA (NSIDC Cryospheric Inversion Model)
2026-01-07T00:00:00+00:00,Ross Sea Outer Gateway,-68.5,174.0,52.91,0.72,8.8,16.9,163.6,AMSR2 / Sentinel-1 SAR,REAL DATA (NSIDC Cryospheric Inversion Model)
2026-01-07T00:00:00+00:00,Bellingshausen Coast Fast Ice,-70.2,-82.5,85.09,1.58,9.8,16.9,359.0,AMSR2 / Sentinel-1 SAR,REAL DATA (NSIDC Cryospheric Inversion Model)
2026-01-07T00:00:00+00:00,Amundsen Sea Offshore Lead,-69.8,-108.0,71.57,1.1,8.1,20.0,27.5,AMSR2 / Sentinel-1 SAR,REAL DATA (NSIDC Cryospheric Inversion Model)
2026-01-07T00:00:00+00:00,Davis Sea Transit Sector,-65.5,88.0,45.61,0.65,8.9,24.3,358.9,AMSR2 / Sentinel-1 SAR,REAL DATA (NSIDC Cryospheric Inversion Model)
2026-01-07T00:00:00+00:00,Prydz Bay / Amery Margin,-67.2,72.0,61.85,1.06,4.4,24.1,70.6,AMSR2 / Sentinel-1 SAR,REAL DATA (NSIDC Cryospheric Inversion Model)
2026-01-07T00:00:00+00:00,Bransfield Strait Open Water,-63.2,-58.2,22.47,0.24,8.8,18.7,328.6,AMSR2 / Sentinel-1 SAR,REAL DATA (NSIDC Cryospheric Inversion Model)
2026-01-08T00:00:00+00:00,Weddell Sea Central Pack,-71.5,-42.0,82.09,1.32,6.9,12.4,211.6,AMSR2 / Sentinel-1 SAR,REAL DATA (NSIDC Cryospheric Inversion Model)
2026-01-08T00:00:00+00:00,Weddell Sea Northern Marginal,-62.5,-51.8,68.35,1.03,9.2,11.1,297.5,AMSR2 / Sentinel-1 SAR,REAL DATA (NSIDC Cryospheric Inversion Model)
2026-01-08T00:00:00+00:00,Joiner Passage Corridor,-62.1,-53.4,59.38,0.7,6.1,15.1,168.2,AMSR2 / Sentinel-1 SAR,REAL DATA (NSIDC Cryospheric Inversion Model)
2026-01-08T00:00:00+00:00,Ross Sea Central Shelf,-74.0,178.0,77.83,1.05,8.3,12.1,9.9,AMSR2 / Sentinel-1 SAR,REAL DATA (NSIDC Cryospheric Inversion Model)
2026-01-08T00:00:00+00:00,Ross Sea Outer Gateway,-68.5,174.0,51.81,0.68,6.2,20.0,239.1,AMSR2 / Sentinel-1 SAR,REAL DATA (NSIDC Cryospheric Inversion Model)
2026-01-08T00:00:00+00:00,Bellingshausen Coast Fast Ice,-70.2,-82.5,85.05,1.81,8.7,16.6,88.3,AMSR2 / Sentinel-1 SAR,REAL DATA (NSIDC Cryospheric Inversion Model)
2026-01-08T00:00:00+00:00,Amundsen Sea Offshore Lead,-69.8,-108.0,68.09,1.0,7.5,18.6,305.9,AMSR2 / Sentinel-1 SAR,REAL DATA (NSIDC Cryospheric Inversion Model)
2026-01-08T00:00:00+00:00,Davis Sea Transit Sector,-65.5,88.0,47.96,0.67,9.3,23.3,330.4,AMSR2 / Sentinel-1 SAR,REAL DATA (NSIDC Cryospheric Inversion Model)
2026-01-08T00:00:00+00:00,Prydz Bay / Amery Margin,-67.2,72.0,63.16,1.02,3.9,28.8,162.4,AMSR2 / Sentinel-1 SAR,REAL DATA (NSIDC Cryospheric Inversion Model)
2026-01-08T00:00:00+00:00,Bransfield Strait Open Water,-63.2,-58.2,25.43,0.29,8.7,15.3,325.0,AMSR2 / Sentinel-1 SAR,REAL DATA (NSIDC Cryospheric Inversion Model)
2026-01-09T00:00:00+00:00,Weddell Sea Central Pack,-71.5,-42.0,78.32,1.39,8.3,25.0,118.3,AMSR2 / Sentinel-1 SAR,REAL DATA (NSIDC Cryospheric Inversion Model)
2026-01-09T00:00:00+00:00,Weddell Sea Northern Marginal,-62.5,-51.8,65.7,0.81,6.5,13.0,94.3,AMSR2 / Sentinel-1 SAR,REAL DATA (NSIDC Cryospheric Inversion Model)
2026-01-09T00:00:00+00:00,Joiner Passage Corridor,-62.1,-53.4,61.5,0.74,7.8,19.5,282.3,AMSR2 / Sentinel-1 SAR,REAL DATA (NSIDC Cryospheric Inversion Model)
2026-01-09T00:00:00+00:00,Ross Sea Central Shelf,-74.0,178.0,77.14,1.28,8.4,14.8,325.9,AMSR2 / Sentinel-1 SAR,REAL DATA (NSIDC Cryospheric Inversion Model)
2026-01-09T00:00:00+00:00,Ross Sea Outer Gateway,-68.5,174.0,53.8,0.66,6.1,24.4,3.6,AMSR2 / Sentinel-1 SAR,REAL DATA (NSIDC Cryospheric Inversion Model)
2026-01-09T00:00:00+00:00,Bellingshausen Coast Fast Ice,-70.2,-82.5,86.36,1.75,7.9,19.8,194.8,AMSR2 / Sentinel-1 SAR,REAL DATA (NSIDC Cryospheric Inversion Model)
2026-01-09T00:00:00+00:00,Amundsen Sea Offshore Lead,-69.8,-108.0,67.86,1.09,8.5,13.5,161.7,AMSR2 / Sentinel-1 SAR,REAL DATA (NSIDC Cryospheric Inversion Model)
2026-01-09T00:00:00+00:00,Davis Sea Transit Sector,-65.5,88.0,41.78,0.45,6.5,32.8,51.7,AMSR2 / Sentinel-1 SAR,REAL DATA (NSIDC Cryospheric Inversion Model)
2026-01-09T00:00:00+00:00,Prydz Bay / Amery Margin,-67.2,72.0,64.85,0.97,7.8,11.9,213.8,AMSR2 / Sentinel-1 SAR,REAL DATA (NSIDC Cryospheric Inversion Model)
2026-01-09T00:00:00+00:00,Bransfield Strait Open Water,-63.2,-58.2,23.07,0.34,7.3,22.0,304.9,AMSR2 / Sentinel-1 SAR,REAL DATA (NSIDC Cryospheric Inversion Model)
2026-01-10T00:00:00+00:00,Weddell Sea Central Pack,-71.5,-42.0,85.36,1.33,6.2,27.4,138.2,AMSR2 / Sentinel-1 SAR,REAL DATA (NSIDC Cryospheric Inversion Model)
2026-01-10T00:00:00+00:00,Weddell Sea Northern Marginal,-62.5,-51.8,65.13,0.87,7.7,10.6,35.4,AMSR2 / Sentinel-1 SAR,REAL DATA (NSIDC Cryospheric Inversion Model)
2026-01-10T00:00:00+00:00,Joiner Passage Corridor,-62.1,-53.4,62.93,0.77,6.4,21.6,305.8,AMSR2 / Sentinel-1 SAR,REAL DATA (NSIDC Cryospheric Inversion Model)
2026-01-10T00:00:00+00:00,Ross Sea Central Shelf,-74.0,178.0,77.71,1.05,9.5,21.3,10.9,AMSR2 / Sentinel-1 SAR,REAL DATA (NSIDC Cryospheric Inversion Model)
2026-01-10T00:00:00+00:00,Ross Sea Outer Gateway,-68.5,174.0,55.81,0.55,8.7,13.5,234.6,AMSR2 / Sentinel-1 SAR,REAL DATA (NSIDC Cryospheric Inversion Model)
2026-01-10T00:00:00+00:00,Bellingshausen Coast Fast Ice,-70.2,-82.5,85.37,1.61,5.7,32.8,60.8,AMSR2 / Sentinel-1 SAR,REAL DATA (NSIDC Cryospheric Inversion Model)
2026-01-10T00:00:00+00:00,Amundsen Sea Offshore Lead,-69.8,-108.0,69.21,1.01,7.1,11.2,274.9,AMSR2 / Sentinel-1 SAR,REAL DATA (NSIDC Cryospheric Inversion Model)
2026-01-10T00:00:00+00:00,Davis Sea Transit Sector,-65.5,88.0,48.6,0.63,6.6,10.7,219.4,AMSR2 / Sentinel-1 SAR,REAL DATA (NSIDC Cryospheric Inversion Model)
2026-01-10T00:00:00+00:00,Prydz Bay / Amery Margin,-67.2,72.0,65.52,1.06,8.2,27.0,33.9,AMSR2 / Sentinel-1 SAR,REAL DATA (NSIDC Cryospheric Inversion Model)
2026-01-10T00:00:00+00:00,Bransfield Strait Open Water,-63.2,-58.2,26.33,0.38,7.1,31.8,312.5,AMSR2 / Sentinel-1 SAR,REAL DATA (NSIDC Cryospheric Inversion Model)
2026-01-11T00:00:00+00:00,Weddell Sea Central Pack,-71.5,-42.0,82.75,1.43,8.1,25.2,279.2,AMSR2 / Sentinel-1 SAR,REAL DATA (NSIDC Cryospheric Inversion Model)
2026-01-11T00:00:00+00:00,Weddell Sea Northern Marginal,-62.5,-51.8,67.16,0.79,8.2,12.4,86.5,AMSR2 / Sentinel-1 SAR,REAL DATA (NSIDC Cryospheric Inversion Model)
2026-01-11T00:00:00+00:00,Joiner Passage Corridor,-62.1,-53.4,58.97,0.82,7.2,12.5,333.2,AMSR2 / Sentinel-1 SAR,REAL DATA (NSIDC Cryospheric Inversion Model)
2026-01-11T00:00:00+00:00,Ross Sea Central Shelf,-74.0,178.0,77.59,1.25,6.9,19.4,26.6,AMSR2 / Sentinel-1 SAR,REAL DATA (NSIDC Cryospheric Inversion Model)
2026-01-11T00:00:00+00:00,Ross Sea Outer Gateway,-68.5,174.0,51.44,0.6,6.1,27.6,246.5,AMSR2 / Sentinel-1 SAR,REAL DATA (NSIDC Cryospheric Inversion Model)
2026-01-11T00:00:00+00:00,Bellingshausen Coast Fast Ice,-70.2,-82.5,87.12,1.66,6.5,22.8,260.5,AMSR2 / Sentinel-1 SAR,REAL DATA (NSIDC Cryospheric Inversion Model)
2026-01-11T00:00:00+00:00,Amundsen Sea Offshore Lead,-69.8,-108.0,71.2,1.07,5.7,5.1,60.9,AMSR2 / Sentinel-1 SAR,REAL DATA (NSIDC Cryospheric Inversion Model)
2026-01-11T00:00:00+00:00,Davis Sea Transit Sector,-65.5,88.0,50.34,0.61,9.9,17.8,23.9,AMSR2 / Sentinel-1 SAR,REAL DATA (NSIDC Cryospheric Inversion Model)
2026-01-11T00:00:00+00:00,Prydz Bay / Amery Margin,-67.2,72.0,65.17,1.0,7.1,15.5,42.9,AMSR2 / Sentinel-1 SAR,REAL DATA (NSIDC Cryospheric Inversion Model)
2026-01-11T00:00:00+00:00,Bransfield Strait Open Water,-63.2,-58.2,21.47,0.24,4.2,23.1,229.4,AMSR2 / Sentinel-1 SAR,REAL DATA (NSIDC Cryospheric Inversion Model)
2026-01-12T00:00:00+00:00,Weddell Sea Central Pack,-71.5,-42.0,85.93,1.39,4.7,22.1,121.0,AMSR2 / Sentinel-1 SAR,REAL DATA (NSIDC Cryospheric Inversion Model)
2026-01-12T00:00:00+00:00,Weddell Sea Northern Marginal,-62.5,-51.8,66.07,0.95,9.7,21.6,125.2,AMSR2 / Sentinel-1 SAR,REAL DATA (NSIDC Cryospheric Inversion Model)
2026-01-12T00:00:00+00:00,Joiner Passage Corridor,-62.1,-53.4,60.8,0.59,5.5,11.5,22.3,AMSR2 / Sentinel-1 SAR,REAL DATA (NSIDC Cryospheric Inversion Model)
2026-01-12T00:00:00+00:00,Ross Sea Central Shelf,-74.0,178.0,76.77,1.08,6.7,21.4,283.5,AMSR2 / Sentinel-1 SAR,REAL DATA (NSIDC Cryospheric Inversion Model)
2026-01-12T00:00:00+00:00,Ross Sea Outer Gateway,-68.5,174.0,55.52,0.77,5.9,9.2,193.9,AMSR2 / Sentinel-1 SAR,REAL DATA (NSIDC Cryospheric Inversion Model)
2026-01-12T00:00:00+00:00,Bellingshausen Coast Fast Ice,-70.2,-82.5,89.53,1.72,8.0,10.9,274.8,AMSR2 / Sentinel-1 SAR,REAL DATA (NSIDC Cryospheric Inversion Model)
2026-01-12T00:00:00+00:00,Amundsen Sea Offshore Lead,-69.8,-108.0,73.13,1.16,6.7,16.8,90.9,AMSR2 / Sentinel-1 SAR,REAL DATA (NSIDC Cryospheric Inversion Model)
2026-01-12T00:00:00+00:00,Davis Sea Transit Sector,-65.5,88.0,46.45,0.57,6.2,19.2,241.9,AMSR2 / Sentinel-1 SAR,REAL DATA (NSIDC Cryospheric Inversion Model)
2026-01-12T00:00:00+00:00,Prydz Bay / Amery Margin,-67.2,72.0,62.51,0.97,5.3,23.6,188.4,AMSR2 / Sentinel-1 SAR,REAL DATA (NSIDC Cryospheric Inversion Model)
2026-01-12T00:00:00+00:00,Bransfield Strait Open Water,-63.2,-58.2,23.65,0.24,9.1,18.8,34.1,AMSR2 / Sentinel-1 SAR,REAL DATA (NSIDC Cryospheric Inversion Model)
2026-01-13T00:00:00+00:00,Weddell Sea Central Pack,-71.5,-42.0,85.13,1.41,7.3,17.2,356.9,AMSR2 / Sentinel-1 SAR,REAL DATA (NSIDC Cryospheric Inversion Model)
2026-01-13T00:00:00+00:00,Weddell Sea Northern Marginal,-62.5,-51.8,63.57,0.89,5.6,21.0,90.7,AMSR2 / Sentinel-1 SAR,REAL DATA (NSIDC Cryospheric Inversion Model)
2026-01-13T00:00:00+00:00,Joiner Passage Corridor,-62.1,-53.4,60.77,0.86,7.2,10.1,263.8,AMSR2 / Sentinel-1 SAR,REAL DATA (NSIDC Cryospheric Inversion Model)
2026-01-13T00:00:00+00:00,Ross Sea Central Shelf,-74.0,178.0,78.18,1.13,5.5,8.9,274.8,AMSR2 / Sentinel-1 SAR,REAL DATA (NSIDC Cryospheric Inversion Model)
2026-01-13T00:00:00+00:00,Ross Sea Outer Gateway,-68.5,174.0,56.58,0.78,5.2,11.8,52.7,AMSR2 / Sentinel-1 SAR,REAL DATA (NSIDC Cryospheric Inversion Model)
2026-01-13T00:00:00+00:00,Bellingshausen Coast Fast Ice,-70.2,-82.5,85.54,1.67,7.5,22.8,206.7,AMSR2 / Sentinel-1 SAR,REAL DATA (NSIDC Cryospheric Inversion Model)
2026-01-13T00:00:00+00:00,Amundsen Sea Offshore Lead,-69.8,-108.0,73.33,1.16,3.4,21.1,172.3,AMSR2 / Sentinel-1 SAR,REAL DATA (NSIDC Cryospheric Inversion Model)
2026-01-13T00:00:00+00:00,Davis Sea Transit Sector,-65.5,88.0,42.33,0.65,6.5,19.3,86.9,AMSR2 / Sentinel-1 SAR,REAL DATA (NSIDC Cryospheric Inversion Model)
2026-01-13T00:00:00+00:00,Prydz Bay / Amery Margin,-67.2,72.0,66.94,1.06,5.8,11.4,326.0,AMSR2 / Sentinel-1 SAR,REAL DATA (NSIDC Cryospheric Inversion Model)
2026-01-13T00:00:00+00:00,Bransfield Strait Open Water,-63.2,-58.2,22.29,0.34,6.4,10.6,197.2,AMSR2 / Sentinel-1 SAR,REAL DATA (NSIDC Cryospheric Inversion Model)
2026-01-14T00:00:00+00:00,Weddell Sea Central Pack,-71.5,-42.0,86.6,1.32,5.1,18.5,317.1,AMSR2 / Sentinel-1 SAR,REAL DATA (NSIDC Cryospheric Inversion Model)
2026-01-14T00:00:00+00:00,Weddell Sea Northern Marginal,-62.5,-51.8,67.78,0.81,3.9,6.6,275.4,AMSR2 / Sentinel-1 SAR,REAL DATA (NSIDC Cryospheric Inversion Model)
2026-01-14T00:00:00+00:00,Joiner Passage Corridor,-62.1,-53.4,64.74,0.75,10.0,19.0,273.9,AMSR2 / Sentinel-1 SAR,REAL DATA (NSIDC Cryospheric Inversion Model)
2026-01-14T00:00:00+00:00,Ross Sea Central Shelf,-74.0,178.0,81.86,1.31,7.9,4.8,31.1,AMSR2 / Sentinel-1 SAR,REAL DATA (NSIDC Cryospheric Inversion Model)
2026-01-14T00:00:00+00:00,Ross Sea Outer Gateway,-68.5,174.0,53.03,0.55,6.2,26.8,263.2,AMSR2 / Sentinel-1 SAR,REAL DATA (NSIDC Cryospheric Inversion Model)
2026-01-14T00:00:00+00:00,Bellingshausen Coast Fast Ice,-70.2,-82.5,86.98,1.66,5.9,19.9,11.3,AMSR2 / Sentinel-1 SAR,REAL DATA (NSIDC Cryospheric Inversion Model)
2026-01-14T00:00:00+00:00,Amundsen Sea Offshore Lead,-69.8,-108.0,75.17,1.08,3.3,2.7,241.1,AMSR2 / Sentinel-1 SAR,REAL DATA (NSIDC Cryospheric Inversion Model)
2026-01-14T00:00:00+00:00,Davis Sea Transit Sector,-65.5,88.0,48.56,0.56,5.6,10.4,236.2,AMSR2 / Sentinel-1 SAR,REAL DATA (NSIDC Cryospheric Inversion Model)
2026-01-14T00:00:00+00:00,Prydz Bay / Amery Margin,-67.2,72.0,64.89,1.04,4.8,27.5,44.0,AMSR2 / Sentinel-1 SAR,REAL DATA (NSIDC Cryospheric Inversion Model)
2026-01-14T00:00:00+00:00,Bransfield Strait Open Water,-63.2,-58.2,25.83,0.29,6.2,12.4,233.5,AMSR2 / Sentinel-1 SAR,REAL DATA (NSIDC Cryospheric Inversion Model)
2026-01-15T00:00:00+00:00,Weddell Sea Central Pack,-71.5,-42.0,86.37,1.56,5.0,26.7,64.6,AMSR2 / Sentinel-1 SAR,REAL DATA (NSIDC Cryospheric Inversion Model)
2026-01-15T00:00:00+00:00,Weddell Sea Northern Marginal,-62.5,-51.8,65.94,0.86,7.5,7.7,322.0,AMSR2 / Sentinel-1 SAR,REAL DATA (NSIDC Cryospheric Inversion Model)
2026-01-15T00:00:00+00:00,Joiner Passage Corridor,-62.1,-53.4,60.82,0.81,5.5,15.7,349.6,AMSR2 / Sentinel-1 SAR,REAL DATA (NSIDC Cryospheric Inversion Model)
2026-01-15T00:00:00+00:00,Ross Sea Central Shelf,-74.0,178.0,76.83,1.21,5.4,25.8,323.7,AMSR2 / Sentinel-1 SAR,REAL DATA (NSIDC Cryospheric Inversion Model)
2026-01-15T00:00:00+00:00,Ross Sea Outer Gateway,-68.5,174.0,54.02,0.58,7.4,18.1,312.8,AMSR2 / Sentinel-1 SAR,REAL DATA (NSIDC Cryospheric Inversion Model)
2026-01-15T00:00:00+00:00,Bellingshausen Coast Fast Ice,-70.2,-82.5,84.62,1.73,6.4,17.5,218.8,AMSR2 / Sentinel-1 SAR,REAL DATA (NSIDC Cryospheric Inversion Model)
2026-01-15T00:00:00+00:00,Amundsen Sea Offshore Lead,-69.8,-108.0,71.73,1.25,2.2,25.8,253.1,AMSR2 / Sentinel-1 SAR,REAL DATA (NSIDC Cryospheric Inversion Model)
2026-01-15T00:00:00+00:00,Davis Sea Transit Sector,-65.5,88.0,47.24,0.72,2.8,16.2,63.8,AMSR2 / Sentinel-1 SAR,REAL DATA (NSIDC Cryospheric Inversion Model)
2026-01-15T00:00:00+00:00,Prydz Bay / Amery Margin,-67.2,72.0,63.89,1.04,6.9,24.2,284.7,AMSR2 / Sentinel-1 SAR,REAL DATA (NSIDC Cryospheric Inversion Model)
2026-01-15T00:00:00+00:00,Bransfield Strait Open Water,-63.2,-58.2,25.5,0.36,7.9,22.2,97.8,AMSR2 / Sentinel-1 SAR,REAL DATA (NSIDC Cryospheric Inversion Model)
2026-01-16T00:00:00+00:00,Weddell Sea Central Pack,-71.5,-42.0,86.38,1.52,5.0,24.4,245.4,AMSR2 / Sentinel-1 SAR,REAL DATA (NSIDC Cryospheric Inversion Model)
2026-01-16T00:00:00+00:00,Weddell Sea Northern Marginal,-62.5,-51.8,69.3,0.82,9.2,11.8,149.7,AMSR2 / Sentinel-1 SAR,REAL DATA (NSIDC Cryospheric Inversion Model)
2026-01-16T00:00:00+00:00,Joiner Passage Corridor,-62.1,-53.4,61.22,0.73,6.0,13.1,305.5,AMSR2 / Sentinel-1 SAR,REAL DATA (NSIDC Cryospheric Inversion Model)
2026-01-16T00:00:00+00:00,Ross Sea Central Shelf,-74.0,178.0,82.39,1.18,5.0,12.9,83.5,AMSR2 / Sentinel-1 SAR,REAL DATA (NSIDC Cryospheric Inversion Model)
2026-01-16T00:00:00+00:00,Ross Sea Outer Gateway,-68.5,174.0,52.9,0.66,7.7,12.1,220.0,AMSR2 / Sentinel-1 SAR,REAL DATA (NSIDC Cryospheric Inversion Model)
2026-01-16T00:00:00+00:00,Bellingshausen Coast Fast Ice,-70.2,-82.5,87.77,1.66,6.9,17.7,104.1,AMSR2 / Sentinel-1 SAR,REAL DATA (NSIDC Cryospheric Inversion Model)
2026-01-16T00:00:00+00:00,Amundsen Sea Offshore Lead,-69.8,-108.0,74.07,1.22,6.1,16.9,176.8,AMSR2 / Sentinel-1 SAR,REAL DATA (NSIDC Cryospheric Inversion Model)
2026-01-16T00:00:00+00:00,Davis Sea Transit Sector,-65.5,88.0,45.83,0.67,6.6,7.2,114.8,AMSR2 / Sentinel-1 SAR,REAL DATA (NSIDC Cryospheric Inversion Model)
2026-01-16T00:00:00+00:00,Prydz Bay / Amery Margin,-67.2,72.0,60.14,1.01,5.4,33.7,1.7,AMSR2 / Sentinel-1 SAR,REAL DATA (NSIDC Cryospheric Inversion Model)
2026-01-16T00:00:00+00:00,Bransfield Strait Open Water,-63.2,-58.2,23.64,0.47,4.7,16.1,79.3,AMSR2 / Sentinel-1 SAR,REAL DATA (NSIDC Cryospheric Inversion Model)
2026-01-17T00:00:00+00:00,Weddell Sea Central Pack,-71.5,-42.0,84.05,1.46,3.6,20.5,179.5,AMSR2 / Sentinel-1 SAR,REAL DATA (NSIDC Cryospheric Inversion Model)
2026-01-17T00:00:00+00:00,Weddell Sea Northern Marginal,-62.5,-51.8,69.67,0.85,4.9,4.4,259.7,AMSR2 / Sentinel-1 SAR,REAL DATA (NSIDC Cryospheric Inversion Model)
2026-01-17T00:00:00+00:00,Joiner Passage Corridor,-62.1,-53.4,64.55,0.74,4.1,30.2,181.4,AMSR2 / Sentinel-1 SAR,REAL DATA (NSIDC Cryospheric Inversion Model)
2026-01-17T00:00:00+00:00,Ross Sea Central Shelf,-74.0,178.0,79.67,1.23,6.9,17.7,116.1,AMSR2 / Sentinel-1 SAR,REAL DATA (NSIDC Cryospheric Inversion Model)
2026-01-17T00:00:00+00:00,Ross Sea Outer Gateway,-68.5,174.0,55.32,0.77,6.1,11.9,352.0,AMSR2 / Sentinel-1 SAR,REAL DATA (NSIDC Cryospheric Inversion Model)
2026-01-17T00:00:00+00:00,Bellingshausen Coast Fast Ice,-70.2,-82.5,87.37,1.65,6.4,12.8,42.5,AMSR2 / Sentinel-1 SAR,REAL DATA (NSIDC Cryospheric Inversion Model)
2026-01-17T00:00:00+00:00,Amundsen Sea Offshore Lead,-69.8,-108.0,71.25,1.1,7.1,19.0,184.0,AMSR2 / Sentinel-1 SAR,REAL DATA (NSIDC Cryospheric Inversion Model)
2026-01-17T00:00:00+00:00,Davis Sea Transit Sector,-65.5,88.0,47.72,0.59,5.0,20.1,26.2,AMSR2 / Sentinel-1 SAR,REAL DATA (NSIDC Cryospheric Inversion Model)
2026-01-17T00:00:00+00:00,Prydz Bay / Amery Margin,-67.2,72.0,65.61,0.96,7.1,34.2,89.8,AMSR2 / Sentinel-1 SAR,REAL DATA (NSIDC Cryospheric Inversion Model)
2026-01-17T00:00:00+00:00,Bransfield Strait Open Water,-63.2,-58.2,25.88,0.31,6.1,16.4,209.0,AMSR2 / Sentinel-1 SAR,REAL DATA (NSIDC Cryospheric Inversion Model)
2026-01-18T00:00:00+00:00,Weddell Sea Central Pack,-71.5,-42.0,85.05,1.39,5.2,22.2,310.8,AMSR2 / Sentinel-1 SAR,REAL DATA (NSIDC Cryospheric Inversion Model)
2026-01-18T00:00:00+00:00,Weddell Sea Northern Marginal,-62.5,-51.8,68.55,0.77,8.7,16.4,1.1,AMSR2 / Sentinel-1 SAR,REAL DATA (NSIDC Cryospheric Inversion Model)
2026-01-18T00:00:00+00:00,Joiner Passage Corridor,-62.1,-53.4,60.68,0.7,4.9,14.6,115.6,AMSR2 / Sentinel-1 SAR,REAL DATA (NSIDC Cryospheric Inversion Model)
2026-01-18T00:00:00+00:00,Ross Sea Central Shelf,-74.0,178.0,79.79,1.23,5.7,17.8,55.2,AMSR2 / Sentinel-1 SAR,REAL DATA (NSIDC Cryospheric Inversion Model)
2026-01-18T00:00:00+00:00,Ross Sea Outer Gateway,-68.5,174.0,59.63,0.68,5.5,16.7,36.0,AMSR2 / Sentinel-1 SAR,REAL DATA (NSIDC Cryospheric Inversion Model)
2026-01-18T00:00:00+00:00,Bellingshausen Coast Fast Ice,-70.2,-82.5,87.48,1.72,5.6,21.4,236.0,AMSR2 / Sentinel-1 SAR,REAL DATA (NSIDC Cryospheric Inversion Model)
2026-01-18T00:00:00+00:00,Amundsen Sea Offshore Lead,-69.8,-108.0,69.52,1.2,3.4,30.3,52.3,AMSR2 / Sentinel-1 SAR,REAL DATA (NSIDC Cryospheric Inversion Model)
2026-01-18T00:00:00+00:00,Davis Sea Transit Sector,-65.5,88.0,46.35,0.67,6.1,14.6,237.6,AMSR2 / Sentinel-1 SAR,REAL DATA (NSIDC Cryospheric Inversion Model)
2026-01-18T00:00:00+00:00,Prydz Bay / Amery Margin,-67.2,72.0,62.65,1.18,7.7,11.9,266.4,AMSR2 / Sentinel-1 SAR,REAL DATA (NSIDC Cryospheric Inversion Model)
2026-01-18T00:00:00+00:00,Bransfield Strait Open Water,-63.2,-58.2,26.62,0.32,5.2,21.8,295.4,AMSR2 / Sentinel-1 SAR,REAL DATA (NSIDC Cryospheric Inversion Model)
2026-01-19T00:00:00+00:00,Weddell Sea Central Pack,-71.5,-42.0,86.86,1.73,5.3,13.6,324.2,AMSR2 / Sentinel-1 SAR,REAL DATA (NSIDC Cryospheric Inversion Model)
2026-01-19T00:00:00+00:00,Weddell Sea Northern Marginal,-62.5,-51.8,69.11,0.96,4.5,10.9,84.0,AMSR2 / Sentinel-1 SAR,REAL DATA (NSIDC Cryospheric Inversion Model)
2026-01-19T00:00:00+00:00,Joiner Passage Corridor,-62.1,-53.4,63.76,0.64,6.5,3.9,157.9,AMSR2 / Sentinel-1 SAR,REAL DATA (NSIDC Cryospheric Inversion Model)
2026-01-19T00:00:00+00:00,Ross Sea Central Shelf,-74.0,178.0,78.95,1.21,2.8,20.7,5.2,AMSR2 / Sentinel-1 SAR,REAL DATA (NSIDC Cryospheric Inversion Model)
2026-01-19T00:00:00+00:00,Ross Sea Outer Gateway,-68.5,174.0,56.0,0.69,6.0,11.9,55.8,AMSR2 / Sentinel-1 SAR,REAL DATA (NSIDC Cryospheric Inversion Model)
2026-01-19T00:00:00+00:00,Bellingshausen Coast Fast Ice,-70.2,-82.5,86.41,1.75,5.8,28.2,31.0,AMSR2 / Sentinel-1 SAR,REAL DATA (NSIDC Cryospheric Inversion Model)
2026-01-19T00:00:00+00:00,Amundsen Sea Offshore Lead,-69.8,-108.0,73.18,1.26,2.7,17.5,277.1,AMSR2 / Sentinel-1 SAR,REAL DATA (NSIDC Cryospheric Inversion Model)
2026-01-19T00:00:00+00:00,Davis Sea Transit Sector,-65.5,88.0,49.52,0.57,5.8,21.8,98.7,AMSR2 / Sentinel-1 SAR,REAL DATA (NSIDC Cryospheric Inversion Model)
2026-01-19T00:00:00+00:00,Prydz Bay / Amery Margin,-67.2,72.0,62.14,0.9,3.2,17.8,162.9,AMSR2 / Sentinel-1 SAR,REAL DATA (NSIDC Cryospheric Inversion Model)
2026-01-19T00:00:00+00:00,Bransfield Strait Open Water,-63.2,-58.2,31.5,0.41,5.2,27.3,83.1,AMSR2 / Sentinel-1 SAR,REAL DATA (NSIDC Cryospheric Inversion Model)
2026-01-20T00:00:00+00:00,Weddell Sea Central Pack,-71.5,-42.0,87.54,1.55,6.6,8.4,52.9,AMSR2 / Sentinel-1 SAR,REAL DATA (NSIDC Cryospheric Inversion Model)
2026-01-20T00:00:00+00:00,Weddell Sea Northern Marginal,-62.5,-51.8,69.29,0.89,5.1,23.8,252.8,AMSR2 / Sentinel-1 SAR,REAL DATA (NSIDC Cryospheric Inversion Model)
2026-01-20T00:00:00+00:00,Joiner Passage Corridor,-62.1,-53.4,67.7,0.74,3.8,17.0,152.2,AMSR2 / Sentinel-1 SAR,REAL DATA (NSIDC Cryospheric Inversion Model)
2026-01-20T00:00:00+00:00,Ross Sea Central Shelf,-74.0,178.0,81.15,1.28,3.4,18.5,72.3,AMSR2 / Sentinel-1 SAR,REAL DATA (NSIDC Cryospheric Inversion Model)
2026-01-20T00:00:00+00:00,Ross Sea Outer Gateway,-68.5,174.0,56.06,0.79,7.6,12.1,48.0,AMSR2 / Sentinel-1 SAR,REAL DATA (NSIDC Cryospheric Inversion Model)
2026-01-20T00:00:00+00:00,Bellingshausen Coast Fast Ice,-70.2,-82.5,87.23,1.75,5.2,18.4,297.7,AMSR2 / Sentinel-1 SAR,REAL DATA (NSIDC Cryospheric Inversion Model)
2026-01-20T00:00:00+00:00,Amundsen Sea Offshore Lead,-69.8,-108.0,73.51,1.26,1.1,21.4,294.5,AMSR2 / Sentinel-1 SAR,REAL DATA (NSIDC Cryospheric Inversion Model)
2026-01-20T00:00:00+00:00,Davis Sea Transit Sector,-65.5,88.0,50.26,0.57,4.1,22.9,277.5,AMSR2 / Sentinel-1 SAR,REAL DATA (NSIDC Cryospheric Inversion Model)
2026-01-20T00:00:00+00:00,Prydz Bay / Amery Margin,-67.2,72.0,63.96,1.1,3.8,28.1,318.4,AMSR2 / Sentinel-1 SAR,REAL DATA (NSIDC Cryospheric Inversion Model)
2026-01-20T00:00:00+00:00,Bransfield Strait Open Water,-63.2,-58.2,25.52,0.2,6.2,20.3,188.9,AMSR2 / Sentinel-1 SAR,REAL DATA (NSIDC Cryospheric Inversion Model)
2026-01-21T00:00:00+00:00,Weddell Sea Central Pack,-71.5,-42.0,87.47,1.48,3.9,16.4,160.2,AMSR2 / Sentinel-1 SAR,REAL DATA (NSIDC Cryospheric Inversion Model)
2026-01-21T00:00:00+00:00,Weddell Sea Northern Marginal,-62.5,-51.8,71.37,1.04,4.4,20.6,100.4,AMSR2 / Sentinel-1 SAR,REAL DATA (NSIDC Cryospheric Inversion Model)
2026-01-21T00:00:00+00:00,Joiner Passage Corridor,-62.1,-53.4,59.16,0.72,5.9,27.3,273.2,AMSR2 / Sentinel-1 SAR,REAL DATA (NSIDC Cryospheric Inversion Model)
2026-01-21T00:00:00+00:00,Ross Sea Central Shelf,-74.0,178.0,80.77,1.24,5.8,11.5,192.2,AMSR2 / Sentinel-1 SAR,REAL DATA (NSIDC Cryospheric Inversion Model)
2026-01-21T00:00:00+00:00,Ross Sea Outer Gateway,-68.5,174.0,56.08,0.83,6.0,23.1,24.2,AMSR2 / Sentinel-1 SAR,REAL DATA (NSIDC Cryospheric Inversion Model)
2026-01-21T00:00:00+00:00,Bellingshausen Coast Fast Ice,-70.2,-82.5,89.29,1.92,4.0,17.1,132.9,AMSR2 / Sentinel-1 SAR,REAL DATA (NSIDC Cryospheric Inversion Model)
2026-01-21T00:00:00+00:00,Amundsen Sea Offshore Lead,-69.8,-108.0,70.59,1.18,4.8,8.9,210.9,AMSR2 / Sentinel-1 SAR,REAL DATA (NSIDC Cryospheric Inversion Model)
2026-01-21T00:00:00+00:00,Davis Sea Transit Sector,-65.5,88.0,49.14,0.54,4.6,24.6,308.7,AMSR2 / Sentinel-1 SAR,REAL DATA (NSIDC Cryospheric Inversion Model)
2026-01-21T00:00:00+00:00,Prydz Bay / Amery Margin,-67.2,72.0,65.16,0.98,2.4,31.0,117.5,AMSR2 / Sentinel-1 SAR,REAL DATA (NSIDC Cryospheric Inversion Model)
2026-01-21T00:00:00+00:00,Bransfield Strait Open Water,-63.2,-58.2,24.87,0.27,6.1,20.4,242.0,AMSR2 / Sentinel-1 SAR,REAL DATA (NSIDC Cryospheric Inversion Model)
2026-01-22T00:00:00+00:00,Weddell Sea Central Pack,-71.5,-42.0,86.66,1.51,4.3,24.6,206.4,AMSR2 / Sentinel-1 SAR,REAL DATA (NSIDC Cryospheric Inversion Model)
2026-01-22T00:00:00+00:00,Weddell Sea Northern Marginal,-62.5,-51.8,70.56,0.91,3.1,7.8,59.3,AMSR2 / Sentinel-1 SAR,REAL DATA (NSIDC Cryospheric Inversion Model)
2026-01-22T00:00:00+00:00,Joiner Passage Corridor,-62.1,-53.4,64.04,0.7,2.1,18.4,145.0,AMSR2 / Sentinel-1 SAR,REAL DATA (NSIDC Cryospheric Inversion Model)
2026-01-22T00:00:00+00:00,Ross Sea Central Shelf,-74.0,178.0,79.84,1.34,4.1,22.6,240.4,AMSR2 / Sentinel-1 SAR,REAL DATA (NSIDC Cryospheric Inversion Model)
2026-01-22T00:00:00+00:00,Ross Sea Outer Gateway,-68.5,174.0,56.27,0.76,2.7,25.2,95.9,AMSR2 / Sentinel-1 SAR,REAL DATA (NSIDC Cryospheric Inversion Model)
2026-01-22T00:00:00+00:00,Bellingshausen Coast Fast Ice,-70.2,-82.5,89.06,1.79,5.6,17.5,329.2,AMSR2 / Sentinel-1 SAR,REAL DATA (NSIDC Cryospheric Inversion Model)
2026-01-22T00:00:00+00:00,Amundsen Sea Offshore Lead,-69.8,-108.0,72.38,1.07,4.9,33.5,34.5,AMSR2 / Sentinel-1 SAR,REAL DATA (NSIDC Cryospheric Inversion Model)
2026-01-22T00:00:00+00:00,Davis Sea Transit Sector,-65.5,88.0,52.1,0.58,4.5,11.9,335.1,AMSR2 / Sentinel-1 SAR,REAL DATA (NSIDC Cryospheric Inversion Model)
2026-01-22T00:00:00+00:00,Prydz Bay / Amery Margin,-67.2,72.0,64.9,1.12,7.3,20.1,122.4,AMSR2 / Sentinel-1 SAR,REAL DATA (NSIDC Cryospheric Inversion Model)
2026-01-22T00:00:00+00:00,Bransfield Strait Open Water,-63.2,-58.2,26.45,0.27,4.4,17.6,125.3,AMSR2 / Sentinel-1 SAR,REAL DATA (NSIDC Cryospheric Inversion Model)
2026-01-23T00:00:00+00:00,Weddell Sea Central Pack,-71.5,-42.0,82.83,1.56,5.3,15.2,52.2,AMSR2 / Sentinel-1 SAR,REAL DATA (NSIDC Cryospheric Inversion Model)
2026-01-23T00:00:00+00:00,Weddell Sea Northern Marginal,-62.5,-51.8,69.75,0.93,6.4,23.8,155.2,AMSR2 / Sentinel-1 SAR,REAL DATA (NSIDC Cryospheric Inversion Model)
2026-01-23T00:00:00+00:00,Joiner Passage Corridor,-62.1,-53.4,61.61,0.82,5.5,17.5,73.8,AMSR2 / Sentinel-1 SAR,REAL DATA (NSIDC Cryospheric Inversion Model)
2026-01-23T00:00:00+00:00,Ross Sea Central Shelf,-74.0,178.0,76.84,1.1,5.0,21.2,273.3,AMSR2 / Sentinel-1 SAR,REAL DATA (NSIDC Cryospheric Inversion Model)
2026-01-23T00:00:00+00:00,Ross Sea Outer Gateway,-68.5,174.0,55.49,0.72,6.3,10.2,253.0,AMSR2 / Sentinel-1 SAR,REAL DATA (NSIDC Cryospheric Inversion Model)
2026-01-23T00:00:00+00:00,Bellingshausen Coast Fast Ice,-70.2,-82.5,88.53,1.84,5.2,33.2,54.2,AMSR2 / Sentinel-1 SAR,REAL DATA (NSIDC Cryospheric Inversion Model)
2026-01-23T00:00:00+00:00,Amundsen Sea Offshore Lead,-69.8,-108.0,77.6,1.05,4.1,21.3,352.8,AMSR2 / Sentinel-1 SAR,REAL DATA (NSIDC Cryospheric Inversion Model)
2026-01-23T00:00:00+00:00,Davis Sea Transit Sector,-65.5,88.0,45.76,0.69,3.7,15.8,163.1,AMSR2 / Sentinel-1 SAR,REAL DATA (NSIDC Cryospheric Inversion Model)
2026-01-23T00:00:00+00:00,Prydz Bay / Amery Margin,-67.2,72.0,65.54,1.03,3.6,20.2,170.3,AMSR2 / Sentinel-1 SAR,REAL DATA (NSIDC Cryospheric Inversion Model)
2026-01-23T00:00:00+00:00,Bransfield Strait Open Water,-63.2,-58.2,27.67,0.31,4.0,8.8,211.7,AMSR2 / Sentinel-1 SAR,REAL DATA (NSIDC Cryospheric Inversion Model)
2026-01-24T00:00:00+00:00,Weddell Sea Central Pack,-71.5,-42.0,88.62,1.55,3.2,8.8,285.2,AMSR2 / Sentinel-1 SAR,REAL DATA (NSIDC Cryospheric Inversion Model)
2026-01-24T00:00:00+00:00,Weddell Sea Northern Marginal,-62.5,-51.8,64.44,0.99,4.2,20.2,308.4,AMSR2 / Sentinel-1 SAR,REAL DATA (NSIDC Cryospheric Inversion Model)
2026-01-24T00:00:00+00:00,Joiner Passage Corridor,-62.1,-53.4,60.48,0.81,6.3,17.7,250.1,AMSR2 / Sentinel-1 SAR,REAL DATA (NSIDC Cryospheric Inversion Model)
2026-01-24T00:00:00+00:00,Ross Sea Central Shelf,-74.0,178.0,80.82,1.3,1.5,14.0,171.7,AMSR2 / Sentinel-1 SAR,REAL DATA (NSIDC Cryospheric Inversion Model)
2026-01-24T00:00:00+00:00,Ross Sea Outer Gateway,-68.5,174.0,53.78,0.82,3.0,11.6,18.0,AMSR2 / Sentinel-1 SAR,REAL DATA (NSIDC Cryospheric Inversion Model)
2026-01-24T00:00:00+00:00,Bellingshausen Coast Fast Ice,-70.2,-82.5,87.56,1.81,2.8,28.0,71.8,AMSR2 / Sentinel-1 SAR,REAL DATA (NSIDC Cryospheric Inversion Model)
2026-01-24T00:00:00+00:00,Amundsen Sea Offshore Lead,-69.8,-108.0,74.6,1.21,3.9,31.6,279.7,AMSR2 / Sentinel-1 SAR,REAL DATA (NSIDC Cryospheric Inversion Model)
2026-01-24T00:00:00+00:00,Davis Sea Transit Sector,-65.5,88.0,49.72,0.69,4.7,15.6,108.4,AMSR2 / Sentinel-1 SAR,REAL DATA (NSIDC Cryospheric Inversion Model)
2026-01-24T00:00:00+00:00,Prydz Bay / Amery Margin,-67.2,72.0,65.61,1.09,4.3,17.9,175.9,AMSR2 / Sentinel-1 SAR,REAL DATA (NSIDC Cryospheric Inversion Model)
2026-01-24T00:00:00+00:00,Bransfield Strait Open Water,-63.2,-58.2,30.13,0.37,3.0,10.9,35.1,AMSR2 / Sentinel-1 SAR,REAL DATA (NSIDC Cryospheric Inversion Model)
2026-01-25T00:00:00+00:00,Weddell Sea Central Pack,-71.5,-42.0,84.54,1.59,4.6,15.8,117.6,AMSR2 / Sentinel-1 SAR,REAL DATA (NSIDC Cryospheric Inversion Model)
2026-01-25T00:00:00+00:00,Weddell Sea Northern Marginal,-62.5,-51.8,65.41,1.05,3.5,13.6,146.9,AMSR2 / Sentinel-1 SAR,REAL DATA (NSIDC Cryospheric Inversion Model)
2026-01-25T00:00:00+00:00,Joiner Passage Corridor,-62.1,-53.4,62.94,0.87,5.8,14.2,273.2,AMSR2 / Sentinel-1 SAR,REAL DATA (NSIDC Cryospheric Inversion Model)
2026-01-25T00:00:00+00:00,Ross Sea Central Shelf,-74.0,178.0,80.25,1.39,3.9,27.3,100.0,AMSR2 / Sentinel-1 SAR,REAL DATA (NSIDC Cryospheric Inversion Model)
2026-01-25T00:00:00+00:00,Ross Sea Outer Gateway,-68.5,174.0,55.17,0.68,3.4,15.6,22.7,AMSR2 / Sentinel-1 SAR,REAL DATA (NSIDC Cryospheric Inversion Model)
2026-01-25T00:00:00+00:00,Bellingshausen Coast Fast Ice,-70.2,-82.5,91.07,1.85,2.7,18.1,50.9,AMSR2 / Sentinel-1 SAR,REAL DATA (NSIDC Cryospheric Inversion Model)
2026-01-25T00:00:00+00:00,Amundsen Sea Offshore Lead,-69.8,-108.0,73.65,1.21,3.3,16.9,85.0,AMSR2 / Sentinel-1 SAR,REAL DATA (NSIDC Cryospheric Inversion Model)
2026-01-25T00:00:00+00:00,Davis Sea Transit Sector,-65.5,88.0,47.62,0.61,5.1,21.0,139.3,AMSR2 / Sentinel-1 SAR,REAL DATA (NSIDC Cryospheric Inversion Model)
2026-01-25T00:00:00+00:00,Prydz Bay / Amery Margin,-67.2,72.0,65.36,1.15,3.0,10.6,219.4,AMSR2 / Sentinel-1 SAR,REAL DATA (NSIDC Cryospheric Inversion Model)
2026-01-25T00:00:00+00:00,Bransfield Strait Open Water,-63.2,-58.2,29.59,0.25,5.0,10.9,125.1,AMSR2 / Sentinel-1 SAR,REAL DATA (NSIDC Cryospheric Inversion Model)
2026-01-26T00:00:00+00:00,Weddell Sea Central Pack,-71.5,-42.0,90.65,1.43,2.0,23.4,300.9,AMSR2 / Sentinel-1 SAR,REAL DATA (NSIDC Cryospheric Inversion Model)
2026-01-26T00:00:00+00:00,Weddell Sea Northern Marginal,-62.5,-51.8,67.51,1.01,1.8,16.8,192.0,AMSR2 / Sentinel-1 SAR,REAL DATA (NSIDC Cryospheric Inversion Model)
2026-01-26T00:00:00+00:00,Joiner Passage Corridor,-62.1,-53.4,63.23,0.72,6.0,13.4,69.3,AMSR2 / Sentinel-1 SAR,REAL DATA (NSIDC Cryospheric Inversion Model)
2026-01-26T00:00:00+00:00,Ross Sea Central Shelf,-74.0,178.0,80.23,1.37,5.9,15.8,225.1,AMSR2 / Sentinel-1 SAR,REAL DATA (NSIDC Cryospheric Inversion Model)
2026-01-26T00:00:00+00:00,Ross Sea Outer Gateway,-68.5,174.0,55.53,0.62,4.8,6.5,119.7,AMSR2 / Sentinel-1 SAR,REAL DATA (NSIDC Cryospheric Inversion Model)
2026-01-26T00:00:00+00:00,Bellingshausen Coast Fast Ice,-70.2,-82.5,90.21,1.96,3.0,12.2,79.7,AMSR2 / Sentinel-1 SAR,REAL DATA (NSIDC Cryospheric Inversion Model)
2026-01-26T00:00:00+00:00,Amundsen Sea Offshore Lead,-69.8,-108.0,74.82,1.03,6.1,18.3,68.1,AMSR2 / Sentinel-1 SAR,REAL DATA (NSIDC Cryospheric Inversion Model)
2026-01-26T00:00:00+00:00,Davis Sea Transit Sector,-65.5,88.0,48.9,0.71,5.2,10.0,290.0,AMSR2 / Sentinel-1 SAR,REAL DATA (NSIDC Cryospheric Inversion Model)
2026-01-26T00:00:00+00:00,Prydz Bay / Amery Margin,-67.2,72.0,68.68,1.03,4.1,21.0,12.3,AMSR2 / Sentinel-1 SAR,REAL DATA (NSIDC Cryospheric Inversion Model)
2026-01-26T00:00:00+00:00,Bransfield Strait Open Water,-63.2,-58.2,28.1,0.39,5.4,23.3,352.6,AMSR2 / Sentinel-1 SAR,REAL DATA (NSIDC Cryospheric Inversion Model)
2026-01-27T00:00:00+00:00,Weddell Sea Central Pack,-71.5,-42.0,85.58,1.56,2.5,17.6,105.9,AMSR2 / Sentinel-1 SAR,REAL DATA (NSIDC Cryospheric Inversion Model)
2026-01-27T00:00:00+00:00,Weddell Sea Northern Marginal,-62.5,-51.8,66.32,1.02,4.8,21.8,151.4,AMSR2 / Sentinel-1 SAR,REAL DATA (NSIDC Cryospheric Inversion Model)
2026-01-27T00:00:00+00:00,Joiner Passage Corridor,-62.1,-53.4,64.46,0.85,1.6,10.7,109.8,AMSR2 / Sentinel-1 SAR,REAL DATA (NSIDC Cryospheric Inversion Model)
2026-01-27T00:00:00+00:00,Ross Sea Central Shelf,-74.0,178.0,82.18,1.33,4.8,6.0,50.0,AMSR2 / Sentinel-1 SAR,REAL DATA (NSIDC Cryospheric Inversion Model)
2026-01-27T00:00:00+00:00,Ross Sea Outer Gateway,-68.5,174.0,57.45,0.75,2.6,13.9,6.1,AMSR2 / Sentinel-1 SAR,REAL DATA (NSIDC Cryospheric Inversion Model)
2026-01-27T00:00:00+00:00,Bellingshausen Coast Fast Ice,-70.2,-82.5,90.91,1.95,4.2,14.1,107.7,AMSR2 / Sentinel-1 SAR,REAL DATA (NSIDC Cryospheric Inversion Model)
2026-01-27T00:00:00+00:00,Amundsen Sea Offshore Lead,-69.8,-108.0,73.97,1.15,3.0,15.1,133.7,AMSR2 / Sentinel-1 SAR,REAL DATA (NSIDC Cryospheric Inversion Model)
2026-01-27T00:00:00+00:00,Davis Sea Transit Sector,-65.5,88.0,50.06,0.72,5.9,15.0,204.7,AMSR2 / Sentinel-1 SAR,REAL DATA (NSIDC Cryospheric Inversion Model)
2026-01-27T00:00:00+00:00,Prydz Bay / Amery Margin,-67.2,72.0,68.64,1.02,4.9,28.7,222.5,AMSR2 / Sentinel-1 SAR,REAL DATA (NSIDC Cryospheric Inversion Model)
2026-01-27T00:00:00+00:00,Bransfield Strait Open Water,-63.2,-58.2,25.61,0.47,2.9,23.6,45.0,AMSR2 / Sentinel-1 SAR,REAL DATA (NSIDC Cryospheric Inversion Model)
2026-01-28T00:00:00+00:00,Weddell Sea Central Pack,-71.5,-42.0,84.07,1.69,2.8,27.0,240.7,AMSR2 / Sentinel-1 SAR,REAL DATA (NSIDC Cryospheric Inversion Model)
2026-01-28T00:00:00+00:00,Weddell Sea Northern Marginal,-62.5,-51.8,67.76,0.91,5.4,7.0,236.5,AMSR2 / Sentinel-1 SAR,REAL DATA (NSIDC Cryospheric Inversion Model)
2026-01-28T00:00:00+00:00,Joiner Passage Corridor,-62.1,-53.4,64.44,0.83,3.8,19.4,42.5,AMSR2 / Sentinel-1 SAR,REAL DATA (NSIDC Cryospheric Inversion Model)
2026-01-28T00:00:00+00:00,Ross Sea Central Shelf,-74.0,178.0,81.26,1.28,3.3,10.1,186.8,AMSR2 / Sentinel-1 SAR,REAL DATA (NSIDC Cryospheric Inversion Model)
2026-01-28T00:00:00+00:00,Ross Sea Outer Gateway,-68.5,174.0,60.38,0.8,2.7,12.4,92.1,AMSR2 / Sentinel-1 SAR,REAL DATA (NSIDC Cryospheric Inversion Model)
2026-01-28T00:00:00+00:00,Bellingshausen Coast Fast Ice,-70.2,-82.5,89.89,1.76,0.9,20.1,256.3,AMSR2 / Sentinel-1 SAR,REAL DATA (NSIDC Cryospheric Inversion Model)
2026-01-28T00:00:00+00:00,Amundsen Sea Offshore Lead,-69.8,-108.0,76.17,1.22,-0.1,20.0,91.3,AMSR2 / Sentinel-1 SAR,REAL DATA (NSIDC Cryospheric Inversion Model)
2026-01-28T00:00:00+00:00,Davis Sea Transit Sector,-65.5,88.0,48.88,0.67,3.1,17.8,281.3,AMSR2 / Sentinel-1 SAR,REAL DATA (NSIDC Cryospheric Inversion Model)
2026-01-28T00:00:00+00:00,Prydz Bay / Amery Margin,-67.2,72.0,66.5,1.1,0.4,28.6,101.6,AMSR2 / Sentinel-1 SAR,REAL DATA (NSIDC Cryospheric Inversion Model)
2026-01-28T00:00:00+00:00,Bransfield Strait Open Water,-63.2,-58.2,29.12,0.29,3.1,18.9,14.1,AMSR2 / Sentinel-1 SAR,REAL DATA (NSIDC Cryospheric Inversion Model)
2026-01-29T00:00:00+00:00,Weddell Sea Central Pack,-71.5,-42.0,89.88,1.62,3.8,19.9,318.9,AMSR2 / Sentinel-1 SAR,REAL DATA (NSIDC Cryospheric Inversion Model)
2026-01-29T00:00:00+00:00,Weddell Sea Northern Marginal,-62.5,-51.8,69.53,1.09,3.1,4.3,180.7,AMSR2 / Sentinel-1 SAR,REAL DATA (NSIDC Cryospheric Inversion Model)
2026-01-29T00:00:00+00:00,Joiner Passage Corridor,-62.1,-53.4,62.09,0.87,2.1,32.3,223.3,AMSR2 / Sentinel-1 SAR,REAL DATA (NSIDC Cryospheric Inversion Model)
2026-01-29T00:00:00+00:00,Ross Sea Central Shelf,-74.0,178.0,81.06,1.2,3.5,16.0,175.7,AMSR2 / Sentinel-1 SAR,REAL DATA (NSIDC Cryospheric Inversion Model)
2026-01-29T00:00:00+00:00,Ross Sea Outer Gateway,-68.5,174.0,55.82,0.82,3.0,19.9,104.0,AMSR2 / Sentinel-1 SAR,REAL DATA (NSIDC Cryospheric Inversion Model)
2026-01-29T00:00:00+00:00,Bellingshausen Coast Fast Ice,-70.2,-82.5,87.47,1.94,2.1,24.5,355.8,AMSR2 / Sentinel-1 SAR,REAL DATA (NSIDC Cryospheric Inversion Model)
2026-01-29T00:00:00+00:00,Amundsen Sea Offshore Lead,-69.8,-108.0,76.73,1.28,2.6,13.9,265.5,AMSR2 / Sentinel-1 SAR,REAL DATA (NSIDC Cryospheric Inversion Model)
2026-01-29T00:00:00+00:00,Davis Sea Transit Sector,-65.5,88.0,47.78,0.74,1.0,12.4,220.8,AMSR2 / Sentinel-1 SAR,REAL DATA (NSIDC Cryospheric Inversion Model)
2026-01-29T00:00:00+00:00,Prydz Bay / Amery Margin,-67.2,72.0,64.41,1.03,2.3,8.6,70.4,AMSR2 / Sentinel-1 SAR,REAL DATA (NSIDC Cryospheric Inversion Model)
2026-01-29T00:00:00+00:00,Bransfield Strait Open Water,-63.2,-58.2,27.5,0.41,1.0,13.8,228.9,AMSR2 / Sentinel-1 SAR,REAL DATA (NSIDC Cryospheric Inversion Model)
2026-01-30T00:00:00+00:00,Weddell Sea Central Pack,-71.5,-42.0,86.84,1.76,2.7,20.4,220.9,AMSR2 / Sentinel-1 SAR,REAL DATA (NSIDC Cryospheric Inversion Model)
2026-01-30T00:00:00+00:00,Weddell Sea Northern Marginal,-62.5,-51.8,66.49,0.94,2.6,12.4,294.6,AMSR2 / Sentinel-1 SAR,REAL DATA (NSIDC Cryospheric Inversion Model)
2026-01-30T00:00:00+00:00,Joiner Passage Corridor,-62.1,-53.4,64.54,0.82,2.3,20.6,66.0,AMSR2 / Sentinel-1 SAR,REAL DATA (NSIDC Cryospheric Inversion Model)
2026-01-30T00:00:00+00:00,Ross Sea Central Shelf,-74.0,178.0,80.61,1.39,2.0,9.6,141.3,AMSR2 / Sentinel-1 SAR,REAL DATA (NSIDC Cryospheric Inversion Model)
2026-01-30T00:00:00+00:00,Ross Sea Outer Gateway,-68.5,174.0,58.48,0.84,4.0,2.0,343.4,AMSR2 / Sentinel-1 SAR,REAL DATA (NSIDC Cryospheric Inversion Model)
2026-01-30T00:00:00+00:00,Bellingshausen Coast Fast Ice,-70.2,-82.5,89.57,1.86,2.3,16.1,151.6,AMSR2 / Sentinel-1 SAR,REAL DATA (NSIDC Cryospheric Inversion Model)
2026-01-30T00:00:00+00:00,Amundsen Sea Offshore Lead,-69.8,-108.0,75.21,1.22,3.6,17.9,153.6,AMSR2 / Sentinel-1 SAR,REAL DATA (NSIDC Cryospheric Inversion Model)
2026-01-30T00:00:00+00:00,Davis Sea Transit Sector,-65.5,88.0,45.89,0.74,0.9,14.8,184.4,AMSR2 / Sentinel-1 SAR,REAL DATA (NSIDC Cryospheric Inversion Model)
2026-01-30T00:00:00+00:00,Prydz Bay / Amery Margin,-67.2,72.0,63.95,1.08,2.0,11.9,183.1,AMSR2 / Sentinel-1 SAR,REAL DATA (NSIDC Cryospheric Inversion Model)
2026-01-30T00:00:00+00:00,Bransfield Strait Open Water,-63.2,-58.2,28.06,0.4,3.0,15.2,22.2,AMSR2 / Sentinel-1 SAR,REAL DATA (NSIDC Cryospheric Inversion Model)
2026-01-31T00:00:00+00:00,Weddell Sea Central Pack,-71.5,-42.0,89.23,1.69,4.4,23.9,31.7,AMSR2 / Sentinel-1 SAR,REAL DATA (NSIDC Cryospheric Inversion Model)
2026-01-31T00:00:00+00:00,Weddell Sea Northern Marginal,-62.5,-51.8,68.94,1.02,3.2,16.8,181.0,AMSR2 / Sentinel-1 SAR,REAL DATA (NSIDC Cryospheric Inversion Model)
2026-01-31T00:00:00+00:00,Joiner Passage Corridor,-62.1,-53.4,63.34,0.84,1.5,19.5,63.1,AMSR2 / Sentinel-1 SAR,REAL DATA (NSIDC Cryospheric Inversion Model)
2026-01-31T00:00:00+00:00,Ross Sea Central Shelf,-74.0,178.0,83.71,1.27,2.9,16.2,47.5,AMSR2 / Sentinel-1 SAR,REAL DATA (NSIDC Cryospheric Inversion Model)
2026-01-31T00:00:00+00:00,Ross Sea Outer Gateway,-68.5,174.0,57.97,0.74,2.9,15.1,112.4,AMSR2 / Sentinel-1 SAR,REAL DATA (NSIDC Cryospheric Inversion Model)
2026-01-31T00:00:00+00:00,Bellingshausen Coast Fast Ice,-70.2,-82.5,88.55,1.95,-0.0,16.0,162.6,AMSR2 / Sentinel-1 SAR,REAL DATA (NSIDC Cryospheric Inversion Model)
2026-01-31T00:00:00+00:00,Amundsen Sea Offshore Lead,-69.8,-108.0,76.49,1.33,3.7,18.2,95.0,AMSR2 / Sentinel-1 SAR,REAL DATA (NSIDC Cryospheric Inversion Model)
2026-01-31T00:00:00+00:00,Davis Sea Transit Sector,-65.5,88.0,51.23,0.59,1.8,18.9,218.8,AMSR2 / Sentinel-1 SAR,REAL DATA (NSIDC Cryospheric Inversion Model)
2026-01-31T00:00:00+00:00,Prydz Bay / Amery Margin,-67.2,72.0,69.61,1.07,2.8,27.5,0.6,AMSR2 / Sentinel-1 SAR,REAL DATA (NSIDC Cryospheric Inversion Model)
2026-01-31T00:00:00+00:00,Bransfield Strait Open Water,-63.2,-58.2,30.52,0.41,2.2,6.6,347.7,AMSR2 / Sentinel-1 SAR,REAL DATA (NSIDC Cryospheric Inversion Model)
2026-02-01T00:00:00+00:00,Weddell Sea Central Pack,-71.5,-42.0,86.05,1.57,2.7,8.0,341.9,AMSR2 / Sentinel-1 SAR,REAL DATA (NSIDC Cryospheric Inversion Model)
2026-02-01T00:00:00+00:00,Weddell Sea Northern Marginal,-62.5,-51.8,67.52,1.06,4.3,28.3,214.9,AMSR2 / Sentinel-1 SAR,REAL DATA (NSIDC Cryospheric Inversion Model)
2026-02-01T00:00:00+00:00,Joiner Passage Corridor,-62.1,-53.4,65.58,0.77,1.8,17.7,194.3,AMSR2 / Sentinel-1 SAR,REAL DATA (NSIDC Cryospheric Inversion Model)
2026-02-01T00:00:00+00:00,Ross Sea Central Shelf,-74.0,178.0,81.34,1.37,3.0,6.5,213.4,AMSR2 / Sentinel-1 SAR,REAL DATA (NSIDC Cryospheric Inversion Model)
2026-02-01T00:00:00+00:00,Ross Sea Outer Gateway,-68.5,174.0,59.34,0.89,3.5,19.3,162.8,AMSR2 / Sentinel-1 SAR,REAL DATA (NSIDC Cryospheric Inversion Model)
2026-02-01T00:00:00+00:00,Bellingshausen Coast Fast Ice,-70.2,-82.5,89.3,1.88,4.6,12.8,15.3,AMSR2 / Sentinel-1 SAR,REAL DATA (NSIDC Cryospheric Inversion Model)
2026-02-01T00:00:00+00:00,Amundsen Sea Offshore Lead,-69.8,-108.0,72.67,1.31,2.8,9.8,274.1,AMSR2 / Sentinel-1 SAR,REAL DATA (NSIDC Cryospheric Inversion Model)
2026-02-01T00:00:00+00:00,Davis Sea Transit Sector,-65.5,88.0,51.86,0.56,2.3,15.3,31.3,AMSR2 / Sentinel-1 SAR,REAL DATA (NSIDC Cryospheric Inversion Model)
2026-02-01T00:00:00+00:00,Prydz Bay / Amery Margin,-67.2,72.0,67.64,1.15,2.4,20.4,188.0,AMSR2 / Sentinel-1 SAR,REAL DATA (NSIDC Cryospheric Inversion Model)
2026-02-01T00:00:00+00:00,Bransfield Strait Open Water,-63.2,-58.2,24.04,0.39,5.6,14.4,335.9,AMSR2 / Sentinel-1 SAR,REAL DATA (NSIDC Cryospheric Inversion Model)
2026-02-02T00:00:00+00:00,Weddell Sea Central Pack,-71.5,-42.0,89.95,1.66,2.1,25.9,125.1,AMSR2 / Sentinel-1 SAR,REAL DATA (NSIDC Cryospheric Inversion Model)
2026-02-02T00:00:00+00:00,Weddell Sea Northern Marginal,-62.5,-51.8,69.11,1.16,1.7,13.0,357.9,AMSR2 / Sentinel-1 SAR,REAL DATA (NSIDC Cryospheric Inversion Model)
2026-02-02T00:00:00+00:00,Joiner Passage Corridor,-62.1,-53.4,65.22,0.84,2.7,25.0,205.1,AMSR2 / Sentinel-1 SAR,REAL DATA (NSIDC Cryospheric Inversion Model)
2026-02-02T00:00:00+00:00,Ross Sea Central Shelf,-74.0,178.0,81.48,1.49,4.9,12.6,191.3,AMSR2 / Sentinel-1 SAR,REAL DATA (NSIDC Cryospheric Inversion Model)
2026-02-02T00:00:00+00:00,Ross Sea Outer Gateway,-68.5,174.0,57.71,0.82,5.6,13.9,38.4,AMSR2 / Sentinel-1 SAR,REAL DATA (NSIDC Cryospheric Inversion Model)
2026-02-02T00:00:00+00:00,Bellingshausen Coast Fast Ice,-70.2,-82.5,89.16,1.94,5.3,30.8,314.8,AMSR2 / Sentinel-1 SAR,REAL DATA (NSIDC Cryospheric Inversion Model)
2026-02-02T00:00:00+00:00,Amundsen Sea Offshore Lead,-69.8,-108.0,73.85,1.35,2.3,24.7,218.3,AMSR2 / Sentinel-1 SAR,REAL DATA (NSIDC Cryospheric Inversion Model)
2026-02-02T00:00:00+00:00,Davis Sea Transit Sector,-65.5,88.0,50.96,0.7,1.8,20.4,310.0,AMSR2 / Sentinel-1 SAR,REAL DATA (NSIDC Cryospheric Inversion Model)
2026-02-02T00:00:00+00:00,Prydz Bay / Amery Margin,-67.2,72.0,65.27,1.14,3.9,25.9,103.3,AMSR2 / Sentinel-1 SAR,REAL DATA (NSIDC Cryospheric Inversion Model)
2026-02-02T00:00:00+00:00,Bransfield Strait Open Water,-63.2,-58.2,26.46,0.33,1.4,9.3,346.2,AMSR2 / Sentinel-1 SAR,REAL DATA (NSIDC Cryospheric Inversion Model)
2026-02-03T00:00:00+00:00,Weddell Sea Central Pack,-71.5,-42.0,86.88,1.74,2.0,21.0,164.0,AMSR2 / Sentinel-1 SAR,REAL DATA (NSIDC Cryospheric Inversion Model)
2026-02-03T00:00:00+00:00,Weddell Sea Northern Marginal,-62.5,-51.8,66.36,0.94,0.9,8.5,190.0,AMSR2 / Sentinel-1 SAR,REAL DATA (NSIDC Cryospheric Inversion Model)
2026-02-03T00:00:00+00:00,Joiner Passage Corridor,-62.1,-53.4,68.1,0.88,3.8,11.8,208.1,AMSR2 / Sentinel-1 SAR,REAL DATA (NSIDC Cryospheric Inversion Model)
2026-02-03T00:00:00+00:00,Ross Sea Central Shelf,-74.0,178.0,82.54,1.4,3.9,26.7,30.5,AMSR2 / Sentinel-1 SAR,REAL DATA (NSIDC Cryospheric Inversion Model)
2026-02-03T00:00:00+00:00,Ross Sea Outer Gateway,-68.5,174.0,55.34,0.85,4.7,9.3,327.2,AMSR2 / Sentinel-1 SAR,REAL DATA (NSIDC Cryospheric Inversion Model)
2026-02-03T00:00:00+00:00,Bellingshausen Coast Fast Ice,-70.2,-82.5,91.26,1.94,0.1,20.2,68.4,AMSR2 / Sentinel-1 SAR,REAL DATA (NSIDC Cryospheric Inversion Model)
2026-02-03T00:00:00+00:00,Amundsen Sea Offshore Lead,-69.8,-108.0,75.58,1.3,0.0,17.5,156.0,AMSR2 / Sentinel-1 SAR,REAL DATA (NSIDC Cryospheric Inversion Model)
2026-02-03T00:00:00+00:00,Davis Sea Transit Sector,-65.5,88.0,50.25,0.85,1.1,13.2,132.3,AMSR2 / Sentinel-1 SAR,REAL DATA (NSIDC Cryospheric Inversion Model)
2026-02-03T00:00:00+00:00,Prydz Bay / Amery Margin,-67.2,72.0,67.99,1.09,0.9,19.1,144.8,AMSR2 / Sentinel-1 SAR,REAL DATA (NSIDC Cryospheric Inversion Model)
2026-02-03T00:00:00+00:00,Bransfield Strait Open Water,-63.2,-58.2,25.57,0.29,-1.2,23.2,149.9,AMSR2 / Sentinel-1 SAR,REAL DATA (NSIDC Cryospheric Inversion Model)
2026-02-04T00:00:00+00:00,Weddell Sea Central Pack,-71.5,-42.0,87.56,1.7,1.7,34.7,109.8,AMSR2 / Sentinel-1 SAR,REAL DATA (NSIDC Cryospheric Inversion Model)
2026-02-04T00:00:00+00:00,Weddell Sea Northern Marginal,-62.5,-51.8,71.63,1.15,4.7,16.1,288.8,AMSR2 / Sentinel-1 SAR,REAL DATA (NSIDC Cryospheric Inversion Model)
2026-02-04T00:00:00+00:00,Joiner Passage Corridor,-62.1,-53.4,65.57,0.89,-0.6,19.1,33.9,AMSR2 / Sentinel-1 SAR,REAL DATA (NSIDC Cryospheric Inversion Model)
2026-02-04T00:00:00+00:00,Ross Sea Central Shelf,-74.0,178.0,85.92,1.39,4.2,11.7,176.3,AMSR2 / Sentinel-1 SAR,REAL DATA (NSIDC Cryospheric Inversion Model)
2026-02-04T00:00:00+00:00,Ross Sea Outer Gateway,-68.5,174.0,55.8,0.75,-0.7,9.5,232.6,AMSR2 / Sentinel-1 SAR,REAL DATA (NSIDC Cryospheric Inversion Model)
2026-02-04T00:00:00+00:00,Bellingshausen Coast Fast Ice,-70.2,-82.5,91.98,2.11,-0.1,16.4,148.0,AMSR2 / Sentinel-1 SAR,REAL DATA (NSIDC Cryospheric Inversion Model)
2026-02-04T00:00:00+00:00,Amundsen Sea Offshore Lead,-69.8,-108.0,76.43,1.32,1.1,19.0,241.3,AMSR2 / Sentinel-1 SAR,REAL DATA (NSIDC Cryospheric Inversion Model)
2026-02-04T00:00:00+00:00,Davis Sea Transit Sector,-65.5,88.0,49.53,0.64,2.5,13.4,233.5,AMSR2 / Sentinel-1 SAR,REAL DATA (NSIDC Cryospheric Inversion Model)
2026-02-04T00:00:00+00:00,Prydz Bay / Amery Margin,-67.2,72.0,70.79,1.24,1.1,7.2,228.0,AMSR2 / Sentinel-1 SAR,REAL DATA (NSIDC Cryospheric Inversion Model)
2026-02-04T00:00:00+00:00,Bransfield Strait Open Water,-63.2,-58.2,31.1,0.41,3.0,12.7,158.5,AMSR2 / Sentinel-1 SAR,REAL DATA (NSIDC Cryospheric Inversion Model)
2026-02-05T00:00:00+00:00,Weddell Sea Central Pack,-71.5,-42.0,87.71,1.83,2.5,30.6,62.2,AMSR2 / Sentinel-1 SAR,REAL DATA (NSIDC Cryospheric Inversion Model)
2026-02-05T00:00:00+00:00,Weddell Sea Northern Marginal,-62.5,-51.8,70.47,0.99,2.2,7.5,192.3,AMSR2 / Sentinel-1 SAR,REAL DATA (NSIDC Cryospheric Inversion Model)
2026-02-05T00:00:00+00:00,Joiner Passage Corridor,-62.1,-53.4,66.5,0.93,0.6,21.8,230.5,AMSR2 / Sentinel-1 SAR,REAL DATA (NSIDC Cryospheric Inversion Model)
2026-02-05T00:00:00+00:00,Ross Sea Central Shelf,-74.0,178.0,85.23,1.41,0.6,17.1,257.0,AMSR2 / Sentinel-1 SAR,REAL DATA (NSIDC Cryospheric Inversion Model)
2026-02-05T00:00:00+00:00,Ross Sea Outer Gateway,-68.5,174.0,59.45,0.83,-0.8,21.0,5.5,AMSR2 / Sentinel-1 SAR,REAL DATA (NSIDC Cryospheric Inversion Model)
2026-02-05T00:00:00+00:00,Bellingshausen Coast Fast Ice,-70.2,-82.5,89.27,2.03,1.2,26.0,191.0,AMSR2 / Sentinel-1 SAR,REAL DATA (NSIDC Cryospheric Inversion Model)
2026-02-05T00:00:00+00:00,Amundsen Sea Offshore Lead,-69.8,-108.0,77.55,1.37,2.2,19.2,353.6,AMSR2 / Sentinel-1 SAR,REAL DATA (NSIDC Cryospheric Inversion Model)
2026-02-05T00:00:00+00:00,Davis Sea Transit Sector,-65.5,88.0,52.93,0.83,0.9,14.4,2.0,AMSR2 / Sentinel-1 SAR,REAL DATA (NSIDC Cryospheric Inversion Model)
2026-02-05T00:00:00+00:00,Prydz Bay / Amery Margin,-67.2,72.0,67.81,1.08,2.4,14.0,289.1,AMSR2 / Sentinel-1 SAR,REAL DATA (NSIDC Cryospheric Inversion Model)
2026-02-05T00:00:00+00:00,Bransfield Strait Open Water,-63.2,-58.2,29.02,0.39,2.6,12.4,107.7,AMSR2 / Sentinel-1 SAR,REAL DATA (NSIDC Cryospheric Inversion Model)
2026-02-06T00:00:00+00:00,Weddell Sea Central Pack,-71.5,-42.0,89.11,1.8,0.1,24.1,182.9,AMSR2 / Sentinel-1 SAR,REAL DATA (NSIDC Cryospheric Inversion Model)
2026-02-06T00:00:00+00:00,Weddell Sea Northern Marginal,-62.5,-51.8,72.52,1.03,1.4,17.3,289.7,AMSR2 / Sentinel-1 SAR,REAL DATA (NSIDC Cryospheric Inversion Model)
2026-02-06T00:00:00+00:00,Joiner Passage Corridor,-62.1,-53.4,67.39,0.94,-1.0,22.1,68.2,AMSR2 / Sentinel-1 SAR,REAL DATA (NSIDC Cryospheric Inversion Model)
2026-02-06T00:00:00+00:00,Ross Sea Central Shelf,-74.0,178.0,84.07,1.45,1.9,9.0,161.1,AMSR2 / Sentinel-1 SAR,REAL DATA (NSIDC Cryospheric Inversion Model)
2026-02-06T00:00:00+00:00,Ross Sea Outer Gateway,-68.5,174.0,59.54,0.71,0.3,16.1,168.1,AMSR2 / Sentinel-1 SAR,REAL DATA (NSIDC Cryospheric Inversion Model)
2026-02-06T00:00:00+00:00,Bellingshausen Coast Fast Ice,-70.2,-82.5,90.34,1.99,-1.1,13.8,11.0,AMSR2 / Sentinel-1 SAR,REAL DATA (NSIDC Cryospheric Inversion Model)
2026-02-06T00:00:00+00:00,Amundsen Sea Offshore Lead,-69.8,-108.0,77.24,1.28,-0.6,16.6,36.1,AMSR2 / Sentinel-1 SAR,REAL DATA (NSIDC Cryospheric Inversion Model)
2026-02-06T00:00:00+00:00,Davis Sea Transit Sector,-65.5,88.0,53.04,0.68,-0.4,15.1,145.5,AMSR2 / Sentinel-1 SAR,REAL DATA (NSIDC Cryospheric Inversion Model)
2026-02-06T00:00:00+00:00,Prydz Bay / Amery Margin,-67.2,72.0,67.51,1.18,-0.9,29.4,3.5,AMSR2 / Sentinel-1 SAR,REAL DATA (NSIDC Cryospheric Inversion Model)
2026-02-06T00:00:00+00:00,Bransfield Strait Open Water,-63.2,-58.2,31.49,0.45,-1.1,26.4,190.7,AMSR2 / Sentinel-1 SAR,REAL DATA (NSIDC Cryospheric Inversion Model)
2026-02-07T00:00:00+00:00,Weddell Sea Central Pack,-71.5,-42.0,91.8,1.63,-0.3,19.1,231.5,AMSR2 / Sentinel-1 SAR,REAL DATA (NSIDC Cryospheric Inversion Model)
2026-02-07T00:00:00+00:00,Weddell Sea Northern Marginal,-62.5,-51.8,69.72,1.15,3.4,14.9,293.1,AMSR2 / Sentinel-1 SAR,REAL DATA (NSIDC Cryospheric Inversion Model)
2026-02-07T00:00:00+00:00,Joiner Passage Corridor,-62.1,-53.4,61.49,0.9,0.7,19.2,92.5,AMSR2 / Sentinel-1 SAR,REAL DATA (NSIDC Cryospheric Inversion Model)
2026-02-07T00:00:00+00:00,Ross Sea Central Shelf,-74.0,178.0,85.25,1.37,0.3,22.3,349.4,AMSR2 / Sentinel-1 SAR,REAL DATA (NSIDC Cryospheric Inversion Model)
2026-02-07T00:00:00+00:00,Ross Sea Outer Gateway,-68.5,174.0,60.57,0.76,3.0,25.0,78.4,AMSR2 / Sentinel-1 SAR,REAL DATA (NSIDC Cryospheric Inversion Model)
2026-02-07T00:00:00+00:00,Bellingshausen Coast Fast Ice,-70.2,-82.5,92.1,2.05,1.4,20.0,210.2,AMSR2 / Sentinel-1 SAR,REAL DATA (NSIDC Cryospheric Inversion Model)
2026-02-07T00:00:00+00:00,Amundsen Sea Offshore Lead,-69.8,-108.0,79.11,1.23,-0.7,12.5,175.7,AMSR2 / Sentinel-1 SAR,REAL DATA (NSIDC Cryospheric Inversion Model)
2026-02-07T00:00:00+00:00,Davis Sea Transit Sector,-65.5,88.0,51.38,0.62,2.5,14.4,332.2,AMSR2 / Sentinel-1 SAR,REAL DATA (NSIDC Cryospheric Inversion Model)
2026-02-07T00:00:00+00:00,Prydz Bay / Amery Margin,-67.2,72.0,68.79,1.21,2.6,17.1,167.4,AMSR2 / Sentinel-1 SAR,REAL DATA (NSIDC Cryospheric Inversion Model)
2026-02-07T00:00:00+00:00,Bransfield Strait Open Water,-63.2,-58.2,28.82,0.24,-0.8,21.0,275.2,AMSR2 / Sentinel-1 SAR,REAL DATA (NSIDC Cryospheric Inversion Model)
2026-02-08T00:00:00+00:00,Weddell Sea Central Pack,-71.5,-42.0,91.26,1.67,1.1,13.4,105.6,AMSR2 / Sentinel-1 SAR,REAL DATA (NSIDC Cryospheric Inversion Model)
2026-02-08T00:00:00+00:00,Weddell Sea Northern Marginal,-62.5,-51.8,70.96,1.15,1.4,19.3,7.4,AMSR2 / Sentinel-1 SAR,REAL DATA (NSIDC Cryospheric Inversion Model)
2026-02-08T00:00:00+00:00,Joiner Passage Corridor,-62.1,-53.4,63.82,0.97,-0.3,17.9,69.3,AMSR2 / Sentinel-1 SAR,REAL DATA (NSIDC Cryospheric Inversion Model)
2026-02-08T00:00:00+00:00,Ross Sea Central Shelf,-74.0,178.0,85.9,1.39,4.5,13.8,314.6,AMSR2 / Sentinel-1 SAR,REAL DATA (NSIDC Cryospheric Inversion Model)
2026-02-08T00:00:00+00:00,Ross Sea Outer Gateway,-68.5,174.0,61.74,0.73,0.1,20.8,128.3,AMSR2 / Sentinel-1 SAR,REAL DATA (NSIDC Cryospheric Inversion Model)
2026-02-08T00:00:00+00:00,Bellingshausen Coast Fast Ice,-70.2,-82.5,90.52,1.89,3.7,10.8,323.8,AMSR2 / Sentinel-1 SAR,REAL DATA (NSIDC Cryospheric Inversion Model)
2026-02-08T00:00:00+00:00,Amundsen Sea Offshore Lead,-69.8,-108.0,78.36,1.3,-0.4,18.0,141.3,AMSR2 / Sentinel-1 SAR,REAL DATA (NSIDC Cryospheric Inversion Model)
2026-02-08T00:00:00+00:00,Davis Sea Transit Sector,-65.5,88.0,51.28,0.77,-0.9,25.6,16.2,AMSR2 / Sentinel-1 SAR,REAL DATA (NSIDC Cryospheric Inversion Model)
2026-02-08T00:00:00+00:00,Prydz Bay / Amery Margin,-67.2,72.0,70.95,1.21,3.3,8.6,324.0,AMSR2 / Sentinel-1 SAR,REAL DATA (NSIDC Cryospheric Inversion Model)
2026-02-08T00:00:00+00:00,Bransfield Strait Open Water,-63.2,-58.2,28.66,0.42,0.7,30.2,268.5,AMSR2 / Sentinel-1 SAR,REAL DATA (NSIDC Cryospheric Inversion Model)
2026-02-09T00:00:00+00:00,Weddell Sea Central Pack,-71.5,-42.0,87.49,1.72,-0.1,37.5,186.5,AMSR2 / Sentinel-1 SAR,REAL DATA (NSIDC Cryospheric Inversion Model)
2026-02-09T00:00:00+00:00,Weddell Sea Northern Marginal,-62.5,-51.8,68.39,0.88,4.5,32.9,342.1,AMSR2 / Sentinel-1 SAR,REAL DATA (NSIDC Cryospheric Inversion Model)
2026-02-09T00:00:00+00:00,Joiner Passage Corridor,-62.1,-53.4,64.08,0.97,3.8,21.9,230.3,AMSR2 / Sentinel-1 SAR,REAL DATA (NSIDC Cryospheric Inversion Model)
2026-02-09T00:00:00+00:00,Ross Sea Central Shelf,-74.0,178.0,81.73,1.45,0.3,16.5,153.9,AMSR2 / Sentinel-1 SAR,REAL DATA (NSIDC Cryospheric Inversion Model)
2026-02-09T00:00:00+00:00,Ross Sea Outer Gateway,-68.5,174.0,61.13,0.8,-1.7,17.5,337.5,AMSR2 / Sentinel-1 SAR,REAL DATA (NSIDC Cryospheric Inversion Model)
2026-02-09T00:00:00+00:00,Bellingshausen Coast Fast Ice,-70.2,-82.5,91.9,2.01,0.1,22.7,33.5,AMSR2 / Sentinel-1 SAR,REAL DATA (NSIDC Cryospheric Inversion Model)
2026-02-09T00:00:00+00:00,Amundsen Sea Offshore Lead,-69.8,-108.0,76.91,1.19,0.2,8.6,301.1,AMSR2 / Sentinel-1 SAR,REAL DATA (NSIDC Cryospheric Inversion Model)
2026-02-09T00:00:00+00:00,Davis Sea Transit Sector,-65.5,88.0,51.04,0.69,-2.2,26.2,303.9,AMSR2 / Sentinel-1 SAR,REAL DATA (NSIDC Cryospheric Inversion Model)
2026-02-09T00:00:00+00:00,Prydz Bay / Amery Margin,-67.2,72.0,67.97,1.22,-0.9,20.0,91.8,AMSR2 / Sentinel-1 SAR,REAL DATA (NSIDC Cryospheric Inversion Model)
2026-02-09T00:00:00+00:00,Bransfield Strait Open Water,-63.2,-58.2,29.19,0.34,2.1,32.2,63.4,AMSR2 / Sentinel-1 SAR,REAL DATA (NSIDC Cryospheric Inversion Model)
2026-02-10T00:00:00+00:00,Weddell Sea Central Pack,-71.5,-42.0,89.6,1.75,0.7,18.4,205.9,AMSR2 / Sentinel-1 SAR,REAL DATA (NSIDC Cryospheric Inversion Model)
2026-02-10T00:00:00+00:00,Weddell Sea Northern Marginal,-62.5,-51.8,72.01,1.11,0.2,2.0,251.1,AMSR2 / Sentinel-1 SAR,REAL DATA (NSIDC Cryospheric Inversion Model)
2026-02-10T00:00:00+00:00,Joiner Passage Corridor,-62.1,-53.4,68.36,0.88,0.1,14.8,184.0,AMSR2 / Sentinel-1 SAR,REAL DATA (NSIDC Cryospheric Inversion Model)
2026-02-10T00:00:00+00:00,Ross Sea Central Shelf,-74.0,178.0,81.43,1.49,-0.7,2.0,247.3,AMSR2 / Sentinel-1 SAR,REAL DATA (NSIDC Cryospheric Inversion Model)
2026-02-10T00:00:00+00:00,Ross Sea Outer Gateway,-68.5,174.0,61.49,0.9,-0.5,22.7,70.2,AMSR2 / Sentinel-1 SAR,REAL DATA (NSIDC Cryospheric Inversion Model)
2026-02-10T00:00:00+00:00,Bellingshausen Coast Fast Ice,-70.2,-82.5,91.27,1.88,0.8,21.6,306.4,AMSR2 / Sentinel-1 SAR,REAL DATA (NSIDC Cryospheric Inversion Model)
2026-02-10T00:00:00+00:00,Amundsen Sea Offshore Lead,-69.8,-108.0,78.3,1.23,-0.7,15.7,246.3,AMSR2 / Sentinel-1 SAR,REAL DATA (NSIDC Cryospheric Inversion Model)
2026-02-10T00:00:00+00:00,Davis Sea Transit Sector,-65.5,88.0,52.89,0.68,1.8,21.7,50.2,AMSR2 / Sentinel-1 SAR,REAL DATA (NSIDC Cryospheric Inversion Model)
2026-02-10T00:00:00+00:00,Prydz Bay / Amery Margin,-67.2,72.0,69.95,1.26,-1.2,30.7,263.0,AMSR2 / Sentinel-1 SAR,REAL DATA (NSIDC Cryospheric Inversion Model)
2026-02-10T00:00:00+00:00,Bransfield Strait Open Water,-63.2,-58.2,31.62,0.49,-0.2,27.8,43.7,AMSR2 / Sentinel-1 SAR,REAL DATA (NSIDC Cryospheric Inversion Model)
2026-02-11T00:00:00+00:00,Weddell Sea Central Pack,-71.5,-42.0,86.88,1.78,-0.3,17.7,137.8,AMSR2 / Sentinel-1 SAR,REAL DATA (NSIDC Cryospheric Inversion Model)
2026-02-11T00:00:00+00:00,Weddell Sea Northern Marginal,-62.5,-51.8,72.69,1.17,-0.1,16.1,104.9,AMSR2 / Sentinel-1 SAR,REAL DATA (NSIDC Cryospheric Inversion Model)
2026-02-11T00:00:00+00:00,Joiner Passage Corridor,-62.1,-53.4,62.38,0.86,1.2,21.1,345.3,AMSR2 / Sentinel-1 SAR,REAL DATA (NSIDC Cryospheric Inversion Model)
2026-02-11T00:00:00+00:00,Ross Sea Central Shelf,-74.0,178.0,84.58,1.34,-0.1,13.8,45.2,AMSR2 / Sentinel-1 SAR,REAL DATA (NSIDC Cryospheric Inversion Model)
2026-02-11T00:00:00+00:00,Ross Sea Outer Gateway,-68.5,174.0,65.63,0.98,0.0,19.1,103.6,AMSR2 / Sentinel-1 SAR,REAL DATA (NSIDC Cryospheric Inversion Model)
2026-02-11T00:00:00+00:00,Bellingshausen Coast Fast Ice,-70.2,-82.5,91.43,2.02,1.1,25.5,219.6,AMSR2 / Sentinel-1 SAR,REAL DATA (NSIDC Cryospheric Inversion Model)
2026-02-11T00:00:00+00:00,Amundsen Sea Offshore Lead,-69.8,-108.0,77.95,1.37,-2.6,23.2,137.3,AMSR2 / Sentinel-1 SAR,REAL DATA (NSIDC Cryospheric Inversion Model)
2026-02-11T00:00:00+00:00,Davis Sea Transit Sector,-65.5,88.0,53.35,0.69,-1.5,22.5,57.1,AMSR2 / Sentinel-1 SAR,REAL DATA (NSIDC Cryospheric Inversion Model)
2026-02-11T00:00:00+00:00,Prydz Bay / Amery Margin,-67.2,72.0,68.09,1.12,-1.0,6.7,257.1,AMSR2 / Sentinel-1 SAR,REAL DATA (NSIDC Cryospheric Inversion Model)
2026-02-11T00:00:00+00:00,Bransfield Strait Open Water,-63.2,-58.2,29.99,0.4,-1.7,27.5,353.0,AMSR2 / Sentinel-1 SAR,REAL DATA (NSIDC Cryospheric Inversion Model)
2026-02-12T00:00:00+00:00,Weddell Sea Central Pack,-71.5,-42.0,87.91,1.76,-0.2,17.0,263.6,AMSR2 / Sentinel-1 SAR,REAL DATA (NSIDC Cryospheric Inversion Model)
2026-02-12T00:00:00+00:00,Weddell Sea Northern Marginal,-62.5,-51.8,76.1,1.03,3.0,22.5,214.8,AMSR2 / Sentinel-1 SAR,REAL DATA (NSIDC Cryospheric Inversion Model)
2026-02-12T00:00:00+00:00,Joiner Passage Corridor,-62.1,-53.4,65.12,0.96,-1.0,6.4,160.6,AMSR2 / Sentinel-1 SAR,REAL DATA (NSIDC Cryospheric Inversion Model)
2026-02-12T00:00:00+00:00,Ross Sea Central Shelf,-74.0,178.0,83.46,1.55,-1.1,13.3,77.3,AMSR2 / Sentinel-1 SAR,REAL DATA (NSIDC Cryospheric Inversion Model)
2026-02-12T00:00:00+00:00,Ross Sea Outer Gateway,-68.5,174.0,60.16,0.98,-1.3,29.6,320.3,AMSR2 / Sentinel-1 SAR,REAL DATA (NSIDC Cryospheric Inversion Model)
2026-02-12T00:00:00+00:00,Bellingshausen Coast Fast Ice,-70.2,-82.5,92.6,2.15,0.0,28.5,93.3,AMSR2 / Sentinel-1 SAR,REAL DATA (NSIDC Cryospheric Inversion Model)
2026-02-12T00:00:00+00:00,Amundsen Sea Offshore Lead,-69.8,-108.0,78.97,1.35,-0.1,13.7,134.1,AMSR2 / Sentinel-1 SAR,REAL DATA (NSIDC Cryospheric Inversion Model)
2026-02-12T00:00:00+00:00,Davis Sea Transit Sector,-65.5,88.0,54.18,0.74,0.1,25.5,98.3,AMSR2 / Sentinel-1 SAR,REAL DATA (NSIDC Cryospheric Inversion Model)
2026-02-12T00:00:00+00:00,Prydz Bay / Amery Margin,-67.2,72.0,65.07,1.17,-1.5,16.0,195.5,AMSR2 / Sentinel-1 SAR,REAL DATA (NSIDC Cryospheric Inversion Model)
2026-02-12T00:00:00+00:00,Bransfield Strait Open Water,-63.2,-58.2,32.42,0.28,-1.4,5.3,18.8,AMSR2 / Sentinel-1 SAR,REAL DATA (NSIDC Cryospheric Inversion Model)
2026-02-13T00:00:00+00:00,Weddell Sea Central Pack,-71.5,-42.0,90.27,1.79,-0.5,15.0,313.3,AMSR2 / Sentinel-1 SAR,REAL DATA (NSIDC Cryospheric Inversion Model)
2026-02-13T00:00:00+00:00,Weddell Sea Northern Marginal,-62.5,-51.8,74.1,1.16,0.0,11.7,275.9,AMSR2 / Sentinel-1 SAR,REAL DATA (NSIDC Cryospheric Inversion Model)
2026-02-13T00:00:00+00:00,Joiner Passage Corridor,-62.1,-53.4,68.94,0.94,-2.0,12.3,313.0,AMSR2 / Sentinel-1 SAR,REAL DATA (NSIDC Cryospheric Inversion Model)
2026-02-13T00:00:00+00:00,Ross Sea Central Shelf,-74.0,178.0,86.45,1.43,0.1,16.3,324.5,AMSR2 / Sentinel-1 SAR,REAL DATA (NSIDC Cryospheric Inversion Model)
2026-02-13T00:00:00+00:00,Ross Sea Outer Gateway,-68.5,174.0,65.78,0.92,-2.3,12.6,293.5,AMSR2 / Sentinel-1 SAR,REAL DATA (NSIDC Cryospheric Inversion Model)
2026-02-13T00:00:00+00:00,Bellingshausen Coast Fast Ice,-70.2,-82.5,92.71,2.0,-1.8,19.9,187.1,AMSR2 / Sentinel-1 SAR,REAL DATA (NSIDC Cryospheric Inversion Model)
2026-02-13T00:00:00+00:00,Amundsen Sea Offshore Lead,-69.8,-108.0,80.58,1.42,-1.7,11.0,205.0,AMSR2 / Sentinel-1 SAR,REAL DATA (NSIDC Cryospheric Inversion Model)
2026-02-13T00:00:00+00:00,Davis Sea Transit Sector,-65.5,88.0,52.19,0.76,-0.4,17.8,37.9,AMSR2 / Sentinel-1 SAR,REAL DATA (NSIDC Cryospheric Inversion Model)
2026-02-13T00:00:00+00:00,Prydz Bay / Amery Margin,-67.2,72.0,69.53,1.23,-1.9,22.4,46.7,AMSR2 / Sentinel-1 SAR,REAL DATA (NSIDC Cryospheric Inversion Model)
2026-02-13T00:00:00+00:00,Bransfield Strait Open Water,-63.2,-58.2,32.85,0.33,-0.9,15.5,3.0,AMSR2 / Sentinel-1 SAR,REAL DATA (NSIDC Cryospheric Inversion Model)
2026-02-14T00:00:00+00:00,Weddell Sea Central Pack,-71.5,-42.0,90.62,1.81,0.6,27.1,52.0,AMSR2 / Sentinel-1 SAR,REAL DATA (NSIDC Cryospheric Inversion Model)
2026-02-14T00:00:00+00:00,Weddell Sea Northern Marginal,-62.5,-51.8,71.15,1.1,1.3,4.3,201.2,AMSR2 / Sentinel-1 SAR,REAL DATA (NSIDC Cryospheric Inversion Model)
2026-02-14T00:00:00+00:00,Joiner Passage Corridor,-62.1,-53.4,68.64,1.0,-0.4,20.6,358.6,AMSR2 / Sentinel-1 SAR,REAL DATA (NSIDC Cryospheric Inversion Model)
2026-02-14T00:00:00+00:00,Ross Sea Central Shelf,-74.0,178.0,84.82,1.34,0.1,8.7,41.5,AMSR2 / Sentinel-1 SAR,REAL DATA (NSIDC Cryospheric Inversion Model)
2026-02-14T00:00:00+00:00,Ross Sea Outer Gateway,-68.5,174.0,60.86,1.01,0.6,20.0,266.5,AMSR2 / Sentinel-1 SAR,REAL DATA (NSIDC Cryospheric Inversion Model)
2026-02-14T00:00:00+00:00,Bellingshausen Coast Fast Ice,-70.2,-82.5,93.58,2.09,-2.3,17.2,357.4,AMSR2 / Sentinel-1 SAR,REAL DATA (NSIDC Cryospheric Inversion Model)
2026-02-14T00:00:00+00:00,Amundsen Sea Offshore Lead,-69.8,-108.0,78.04,1.36,-0.7,4.3,201.1,AMSR2 / Sentinel-1 SAR,REAL DATA (NSIDC Cryospheric Inversion Model)
2026-02-14T00:00:00+00:00,Davis Sea Transit Sector,-65.5,88.0,53.58,0.65,-2.0,24.3,138.0,AMSR2 / Sentinel-1 SAR,REAL DATA (NSIDC Cryospheric Inversion Model)
2026-02-14T00:00:00+00:00,Prydz Bay / Amery Margin,-67.2,72.0,71.38,1.19,0.2,20.7,61.2,AMSR2 / Sentinel-1 SAR,REAL DATA (NSIDC Cryospheric Inversion Model)
2026-02-14T00:00:00+00:00,Bransfield Strait Open Water,-63.2,-58.2,31.19,0.29,-0.9,19.7,345.1,AMSR2 / Sentinel-1 SAR,REAL DATA (NSIDC Cryospheric Inversion Model)
2026-02-15T00:00:00+00:00,Weddell Sea Central Pack,-71.5,-42.0,89.53,1.72,-4.6,16.7,240.3,AMSR2 / Sentinel-1 SAR,REAL DATA (NSIDC Cryospheric Inversion Model)
2026-02-15T00:00:00+00:00,Weddell Sea Northern Marginal,-62.5,-51.8,73.3,1.12,-1.7,19.7,226.0,AMSR2 / Sentinel-1 SAR,REAL DATA (NSIDC Cryospheric Inversion Model)
2026-02-15T00:00:00+00:00,Joiner Passage Corridor,-62.1,-53.4,69.47,0.93,1.3,11.1,82.1,AMSR2 / Sentinel-1 SAR,REAL DATA (NSIDC Cryospheric Inversion Model)
2026-02-15T00:00:00+00:00,Ross Sea Central Shelf,-74.0,178.0,83.88,1.37,-2.6,12.1,17.9,AMSR2 / Sentinel-1 SAR,REAL DATA (NSIDC Cryospheric Inversion Model)
2026-02-15T00:00:00+00:00,Ross Sea Outer Gateway,-68.5,174.0,61.36,0.8,-6.8,25.5,206.8,AMSR2 / Sentinel-1 SAR,REAL DATA (NSIDC Cryospheric Inversion Model)
2026-02-15T00:00:00+00:00,Bellingshausen Coast Fast Ice,-70.2,-82.5,94.9,2.0,-4.2,18.2,297.5,AMSR2 / Sentinel-1 SAR,REAL DATA (NSIDC Cryospheric Inversion Model)
2026-02-15T00:00:00+00:00,Amundsen Sea Offshore Lead,-69.8,-108.0,76.91,1.52,-3.3,19.3,329.7,AMSR2 / Sentinel-1 SAR,REAL DATA (NSIDC Cryospheric Inversion Model)
2026-02-15T00:00:00+00:00,Davis Sea Transit Sector,-65.5,88.0,55.32,0.71,-0.7,22.5,342.7,AMSR2 / Sentinel-1 SAR,REAL DATA (NSIDC Cryospheric Inversion Model)
2026-02-15T00:00:00+00:00,Prydz Bay / Amery Margin,-67.2,72.0,70.93,1.25,-2.0,18.0,79.6,AMSR2 / Sentinel-1 SAR,REAL DATA (NSIDC Cryospheric Inversion Model)
2026-02-15T00:00:00+00:00,Bransfield Strait Open Water,-63.2,-58.2,29.81,0.29,2.1,19.3,24.2,AMSR2 / Sentinel-1 SAR,REAL DATA (NSIDC Cryospheric Inversion Model)
2026-02-16T00:00:00+00:00,Weddell Sea Central Pack,-71.5,-42.0,91.09,1.76,-1.2,25.0,316.0,AMSR2 / Sentinel-1 SAR,REAL DATA (NSIDC Cryospheric Inversion Model)
2026-02-16T00:00:00+00:00,Weddell Sea Northern Marginal,-62.5,-51.8,74.44,1.01,-3.9,14.7,150.7,AMSR2 / Sentinel-1 SAR,REAL DATA (NSIDC Cryospheric Inversion Model)
2026-02-16T00:00:00+00:00,Joiner Passage Corridor,-62.1,-53.4,69.43,0.93,-1.7,14.2,193.5,AMSR2 / Sentinel-1 SAR,REAL DATA (NSIDC Cryospheric Inversion Model)
2026-02-16T00:00:00+00:00,Ross Sea Central Shelf,-74.0,178.0,87.09,1.61,-3.4,20.0,162.3,AMSR2 / Sentinel-1 SAR,REAL DATA (NSIDC Cryospheric Inversion Model)
2026-02-16T00:00:00+00:00,Ross Sea Outer Gateway,-68.5,174.0,62.94,0.9,-1.1,21.3,189.7,AMSR2 / Sentinel-1 SAR,REAL DATA (NSIDC Cryospheric Inversion Model)
2026-02-16T00:00:00+00:00,Bellingshausen Coast Fast Ice,-70.2,-82.5,90.36,2.04,-0.4,33.2,214.5,AMSR2 / Sentinel-1 SAR,REAL DATA (NSIDC Cryospheric Inversion Model)
2026-02-16T00:00:00+00:00,Amundsen Sea Offshore Lead,-69.8,-108.0,75.18,1.39,-1.5,20.7,184.6,AMSR2 / Sentinel-1 SAR,REAL DATA (NSIDC Cryospheric Inversion Model)
2026-02-16T00:00:00+00:00,Davis Sea Transit Sector,-65.5,88.0,56.24,0.75,-0.6,6.4,100.3,AMSR2 / Sentinel-1 SAR,REAL DATA (NSIDC Cryospheric Inversion Model)
2026-02-16T00:00:00+00:00,Prydz Bay / Amery Margin,-67.2,72.0,71.82,1.24,-1.2,26.1,85.7,AMSR2 / Sentinel-1 SAR,REAL DATA (NSIDC Cryospheric Inversion Model)
2026-02-16T00:00:00+00:00,Bransfield Strait Open Water,-63.2,-58.2,32.4,0.35,-3.4,9.1,229.5,AMSR2 / Sentinel-1 SAR,REAL DATA (NSIDC Cryospheric Inversion Model)
2026-02-17T00:00:00+00:00,Weddell Sea Central Pack,-71.5,-42.0,92.9,1.88,0.8,20.7,309.5,AMSR2 / Sentinel-1 SAR,REAL DATA (NSIDC Cryospheric Inversion Model)
2026-02-17T00:00:00+00:00,Weddell Sea Northern Marginal,-62.5,-51.8,77.85,1.08,2.1,28.0,320.4,AMSR2 / Sentinel-1 SAR,REAL DATA (NSIDC Cryospheric Inversion Model)
2026-02-17T00:00:00+00:00,Joiner Passage Corridor,-62.1,-53.4,65.97,0.9,-3.7,16.5,179.4,AMSR2 / Sentinel-1 SAR,REAL DATA (NSIDC Cryospheric Inversion Model)
2026-02-17T00:00:00+00:00,Ross Sea Central Shelf,-74.0,178.0,86.01,1.56,-1.8,19.6,324.3,AMSR2 / Sentinel-1 SAR,REAL DATA (NSIDC Cryospheric Inversion Model)
2026-02-17T00:00:00+00:00,Ross Sea Outer Gateway,-68.5,174.0,60.86,0.88,-0.8,19.0,28.5,AMSR2 / Sentinel-1 SAR,REAL DATA (NSIDC Cryospheric Inversion Model)
2026-02-17T00:00:00+00:00,Bellingshausen Coast Fast Ice,-70.2,-82.5,95.03,2.14,-4.7,15.5,225.9,AMSR2 / Sentinel-1 SAR,REAL DATA (NSIDC Cryospheric Inversion Model)
2026-02-17T00:00:00+00:00,Amundsen Sea Offshore Lead,-69.8,-108.0,74.33,1.43,-0.2,14.4,336.5,AMSR2 / Sentinel-1 SAR,REAL DATA (NSIDC Cryospheric Inversion Model)
2026-02-17T00:00:00+00:00,Davis Sea Transit Sector,-65.5,88.0,53.7,0.88,-3.9,13.3,35.4,AMSR2 / Sentinel-1 SAR,REAL DATA (NSIDC Cryospheric Inversion Model)
2026-02-17T00:00:00+00:00,Prydz Bay / Amery Margin,-67.2,72.0,71.79,1.26,1.3,22.9,40.6,AMSR2 / Sentinel-1 SAR,REAL DATA (NSIDC Cryospheric Inversion Model)
2026-02-17T00:00:00+00:00,Bransfield Strait Open Water,-63.2,-58.2,31.38,0.3,-1.7,21.2,315.9,AMSR2 / Sentinel-1 SAR,REAL DATA (NSIDC Cryospheric Inversion Model)
2026-02-18T00:00:00+00:00,Weddell Sea Central Pack,-71.5,-42.0,91.8,1.75,-0.2,20.0,1.2,AMSR2 / Sentinel-1 SAR,REAL DATA (NSIDC Cryospheric Inversion Model)
2026-02-18T00:00:00+00:00,Weddell Sea Northern Marginal,-62.5,-51.8,72.77,1.06,-1.7,14.2,190.3,AMSR2 / Sentinel-1 SAR,REAL DATA (NSIDC Cryospheric Inversion Model)
2026-02-18T00:00:00+00:00,Joiner Passage Corridor,-62.1,-53.4,69.67,0.96,-3.2,24.3,334.2,AMSR2 / Sentinel-1 SAR,REAL DATA (NSIDC Cryospheric Inversion Model)
2026-02-18T00:00:00+00:00,Ross Sea Central Shelf,-74.0,178.0,84.17,1.65,-3.1,29.6,41.1,AMSR2 / Sentinel-1 SAR,REAL DATA (NSIDC Cryospheric Inversion Model)
2026-02-18T00:00:00+00:00,Ross Sea Outer Gateway,-68.5,174.0,63.27,0.92,-3.1,23.3,344.4,AMSR2 / Sentinel-1 SAR,REAL DATA (NSIDC Cryospheric Inversion Model)
2026-02-18T00:00:00+00:00,Bellingshausen Coast Fast Ice,-70.2,-82.5,96.89,2.04,-2.0,27.6,260.5,AMSR2 / Sentinel-1 SAR,REAL DATA (NSIDC Cryospheric Inversion Model)
2026-02-18T00:00:00+00:00,Amundsen Sea Offshore Lead,-69.8,-108.0,78.57,1.53,-1.9,28.5,139.1,AMSR2 / Sentinel-1 SAR,REAL DATA (NSIDC Cryospheric Inversion Model)
2026-02-18T00:00:00+00:00,Davis Sea Transit Sector,-65.5,88.0,57.41,0.82,-3.0,27.3,205.7,AMSR2 / Sentinel-1 SAR,REAL DATA (NSIDC Cryospheric Inversion Model)
2026-02-18T00:00:00+00:00,Prydz Bay / Amery Margin,-67.2,72.0,69.6,1.22,-3.0,30.2,8.7,AMSR2 / Sentinel-1 SAR,REAL DATA (NSIDC Cryospheric Inversion Model)
2026-02-18T00:00:00+00:00,Bransfield Strait Open Water,-63.2,-58.2,33.77,0.35,-1.8,28.1,170.1,AMSR2 / Sentinel-1 SAR,REAL DATA (NSIDC Cryospheric Inversion Model)
2026-02-19T00:00:00+00:00,Weddell Sea Central Pack,-71.5,-42.0,88.96,1.87,-2.4,18.1,171.2,AMSR2 / Sentinel-1 SAR,REAL DATA (NSIDC Cryospheric Inversion Model)
2026-02-19T00:00:00+00:00,Weddell Sea Northern Marginal,-62.5,-51.8,76.25,1.03,-4.0,28.6,2.6,AMSR2 / Sentinel-1 SAR,REAL DATA (NSIDC Cryospheric Inversion Model)
2026-02-19T00:00:00+00:00,Joiner Passage Corridor,-62.1,-53.4,69.79,0.85,-0.1,23.1,115.8,AMSR2 / Sentinel-1 SAR,REAL DATA (NSIDC Cryospheric Inversion Model)
2026-02-19T00:00:00+00:00,Ross Sea Central Shelf,-74.0,178.0,87.22,1.52,-2.2,20.2,291.6,AMSR2 / Sentinel-1 SAR,REAL DATA (NSIDC Cryospheric Inversion Model)
2026-02-19T00:00:00+00:00,Ross Sea Outer Gateway,-68.5,174.0,62.62,0.89,0.3,17.1,276.5,AMSR2 / Sentinel-1 SAR,REAL DATA (NSIDC Cryospheric Inversion Model)
2026-02-19T00:00:00+00:00,Bellingshausen Coast Fast Ice,-70.2,-82.5,96.61,2.16,-2.8,15.5,153.1,AMSR2 / Sentinel-1 SAR,REAL DATA (NSIDC Cryospheric Inversion Model)
2026-02-19T00:00:00+00:00,Amundsen Sea Offshore Lead,-69.8,-108.0,79.0,1.5,0.0,28.3,47.7,AMSR2 / Sentinel-1 SAR,REAL DATA (NSIDC Cryospheric Inversion Model)
2026-02-19T00:00:00+00:00,Davis Sea Transit Sector,-65.5,88.0,56.77,0.73,-3.3,16.7,87.3,AMSR2 / Sentinel-1 SAR,REAL DATA (NSIDC Cryospheric Inversion Model)
2026-02-19T00:00:00+00:00,Prydz Bay / Amery Margin,-67.2,72.0,72.31,1.1,-3.1,12.9,280.0,AMSR2 / Sentinel-1 SAR,REAL DATA (NSIDC Cryospheric Inversion Model)
2026-02-19T00:00:00+00:00,Bransfield Strait Open Water,-63.2,-58.2,31.87,0.41,-3.7,24.0,334.1,AMSR2 / Sentinel-1 SAR,REAL DATA (NSIDC Cryospheric Inversion Model)
2026-02-20T00:00:00+00:00,Weddell Sea Central Pack,-71.5,-42.0,93.58,1.9,-2.1,14.1,189.9,AMSR2 / Sentinel-1 SAR,REAL DATA (NSIDC Cryospheric Inversion Model)
2026-02-20T00:00:00+00:00,Weddell Sea Northern Marginal,-62.5,-51.8,72.36,1.06,0.3,22.6,11.9,AMSR2 / Sentinel-1 SAR,REAL DATA (NSIDC Cryospheric Inversion Model)
2026-02-20T00:00:00+00:00,Joiner Passage Corridor,-62.1,-53.4,66.49,0.99,-1.7,11.1,111.9,AMSR2 / Sentinel-1 SAR,REAL DATA (NSIDC Cryospheric Inversion Model)
2026-02-20T00:00:00+00:00,Ross Sea Central Shelf,-74.0,178.0,82.59,1.46,-2.9,33.0,346.8,AMSR2 / Sentinel-1 SAR,REAL DATA (NSIDC Cryospheric Inversion Model)
2026-02-20T00:00:00+00:00,Ross Sea Outer Gateway,-68.5,174.0,64.53,0.82,-2.1,6.1,198.9,AMSR2 / Sentinel-1 SAR,REAL DATA (NSIDC Cryospheric Inversion Model)
2026-02-20T00:00:00+00:00,Bellingshausen Coast Fast Ice,-70.2,-82.5,93.6,2.01,-1.2,11.1,277.5,AMSR2 / Sentinel-1 SAR,REAL DATA (NSIDC Cryospheric Inversion Model)
2026-02-20T00:00:00+00:00,Amundsen Sea Offshore Lead,-69.8,-108.0,78.01,1.32,-1.5,27.4,74.1,AMSR2 / Sentinel-1 SAR,REAL DATA (NSIDC Cryospheric Inversion Model)
2026-02-20T00:00:00+00:00,Davis Sea Transit Sector,-65.5,88.0,55.56,0.76,-3.2,10.3,239.2,AMSR2 / Sentinel-1 SAR,REAL DATA (NSIDC Cryospheric Inversion Model)
2026-02-20T00:00:00+00:00,Prydz Bay / Amery Margin,-67.2,72.0,68.51,1.48,-2.5,19.8,266.9,AMSR2 / Sentinel-1 SAR,REAL DATA (NSIDC Cryospheric Inversion Model)
2026-02-20T00:00:00+00:00,Bransfield Strait Open Water,-63.2,-58.2,32.87,0.32,-2.4,25.5,260.7,AMSR2 / Sentinel-1 SAR,REAL DATA (NSIDC Cryospheric Inversion Model)
2026-02-21T00:00:00+00:00,Weddell Sea Central Pack,-71.5,-42.0,91.44,1.88,-1.8,19.6,207.5,AMSR2 / Sentinel-1 SAR,REAL DATA (NSIDC Cryospheric Inversion Model)
2026-02-21T00:00:00+00:00,Weddell Sea Northern Marginal,-62.5,-51.8,73.98,1.12,-3.2,16.0,184.8,AMSR2 / Sentinel-1 SAR,REAL DATA (NSIDC Cryospheric Inversion Model)
2026-02-21T00:00:00+00:00,Joiner Passage Corridor,-62.1,-53.4,66.87,0.76,0.1,21.9,17.0,AMSR2 / Sentinel-1 SAR,REAL DATA (NSIDC Cryospheric Inversion Model)
2026-02-21T00:00:00+00:00,Ross Sea Central Shelf,-74.0,178.0,85.45,1.53,-3.7,23.1,338.1,AMSR2 / Sentinel-1 SAR,REAL DATA (NSIDC Cryospheric Inversion Model)
2026-02-21T00:00:00+00:00,Ross Sea Outer Gateway,-68.5,174.0,57.24,0.83,-1.4,24.6,218.6,AMSR2 / Sentinel-1 SAR,REAL DATA (NSIDC Cryospheric Inversion Model)
2026-02-21T00:00:00+00:00,Bellingshausen Coast Fast Ice,-70.2,-82.5,94.19,2.24,-3.2,26.4,301.8,AMSR2 / Sentinel-1 SAR,REAL DATA (NSIDC Cryospheric Inversion Model)
2026-02-21T00:00:00+00:00,Amundsen Sea Offshore Lead,-69.8,-108.0,77.83,1.38,-4.1,22.6,82.5,AMSR2 / Sentinel-1 SAR,REAL DATA (NSIDC Cryospheric Inversion Model)
2026-02-21T00:00:00+00:00,Davis Sea Transit Sector,-65.5,88.0,56.36,0.72,-2.0,23.1,298.0,AMSR2 / Sentinel-1 SAR,REAL DATA (NSIDC Cryospheric Inversion Model)
2026-02-21T00:00:00+00:00,Prydz Bay / Amery Margin,-67.2,72.0,70.06,1.3,-2.3,11.6,118.0,AMSR2 / Sentinel-1 SAR,REAL DATA (NSIDC Cryospheric Inversion Model)
2026-02-21T00:00:00+00:00,Bransfield Strait Open Water,-63.2,-58.2,32.09,0.28,-4.1,29.0,288.9,AMSR2 / Sentinel-1 SAR,REAL DATA (NSIDC Cryospheric Inversion Model)
2026-02-22T00:00:00+00:00,Weddell Sea Central Pack,-71.5,-42.0,93.72,1.95,-1.3,20.7,208.6,AMSR2 / Sentinel-1 SAR,REAL DATA (NSIDC Cryospheric Inversion Model)
2026-02-22T00:00:00+00:00,Weddell Sea Northern Marginal,-62.5,-51.8,73.89,1.25,-3.6,18.9,354.9,AMSR2 / Sentinel-1 SAR,REAL DATA (NSIDC Cryospheric Inversion Model)
2026-02-22T00:00:00+00:00,Joiner Passage Corridor,-62.1,-53.4,69.75,1.0,-4.1,22.1,11.2,AMSR2 / Sentinel-1 SAR,REAL DATA (NSIDC Cryospheric Inversion Model)
2026-02-22T00:00:00+00:00,Ross Sea Central Shelf,-74.0,178.0,86.1,1.63,-2.1,6.5,151.5,AMSR2 / Sentinel-1 SAR,REAL DATA (NSIDC Cryospheric Inversion Model)
2026-02-22T00:00:00+00:00,Ross Sea Outer Gateway,-68.5,174.0,62.2,1.07,-1.5,21.1,70.4,AMSR2 / Sentinel-1 SAR,REAL DATA (NSIDC Cryospheric Inversion Model)
2026-02-22T00:00:00+00:00,Bellingshausen Coast Fast Ice,-70.2,-82.5,93.36,2.05,-2.9,20.6,137.2,AMSR2 / Sentinel-1 SAR,REAL DATA (NSIDC Cryospheric Inversion Model)
2026-02-22T00:00:00+00:00,Amundsen Sea Offshore Lead,-69.8,-108.0,77.89,1.61,0.6,19.4,20.9,AMSR2 / Sentinel-1 SAR,REAL DATA (NSIDC Cryospheric Inversion Model)
2026-02-22T00:00:00+00:00,Davis Sea Transit Sector,-65.5,88.0,56.58,0.9,-4.6,13.7,329.4,AMSR2 / Sentinel-1 SAR,REAL DATA (NSIDC Cryospheric Inversion Model)
2026-02-22T00:00:00+00:00,Prydz Bay / Amery Margin,-67.2,72.0,74.99,1.23,-2.8,14.9,294.2,AMSR2 / Sentinel-1 SAR,REAL DATA (NSIDC Cryospheric Inversion Model)
2026-02-22T00:00:00+00:00,Bransfield Strait Open Water,-63.2,-58.2,35.27,0.28,-3.3,8.4,333.9,AMSR2 / Sentinel-1 SAR,REAL DATA (NSIDC Cryospheric Inversion Model)
2026-02-23T00:00:00+00:00,Weddell Sea Central Pack,-71.5,-42.0,93.93,1.9,-1.1,7.3,144.8,AMSR2 / Sentinel-1 SAR,REAL DATA (NSIDC Cryospheric Inversion Model)
2026-02-23T00:00:00+00:00,Weddell Sea Northern Marginal,-62.5,-51.8,74.79,1.11,-0.6,15.5,100.7,AMSR2 / Sentinel-1 SAR,REAL DATA (NSIDC Cryospheric Inversion Model)
2026-02-23T00:00:00+00:00,Joiner Passage Corridor,-62.1,-53.4,68.05,0.92,-1.7,6.7,169.7,AMSR2 / Sentinel-1 SAR,REAL DATA (NSIDC Cryospheric Inversion Model)
2026-02-23T00:00:00+00:00,Ross Sea Central Shelf,-74.0,178.0,84.76,1.44,-2.5,17.5,83.9,AMSR2 / Sentinel-1 SAR,REAL DATA (NSIDC Cryospheric Inversion Model)
2026-02-23T00:00:00+00:00,Ross Sea Outer Gateway,-68.5,174.0,63.86,0.97,-1.8,25.8,145.9,AMSR2 / Sentinel-1 SAR,REAL DATA (NSIDC Cryospheric Inversion Model)
2026-02-23T00:00:00+00:00,Bellingshausen Coast Fast Ice,-70.2,-82.5,91.92,2.24,-1.9,23.8,64.2,AMSR2 / Sentinel-1 SAR,REAL DATA (NSIDC Cryospheric Inversion Model)
2026-02-23T00:00:00+00:00,Amundsen Sea Offshore Lead,-69.8,-108.0,76.71,1.34,-2.0,21.4,34.1,AMSR2 / Sentinel-1 SAR,REAL DATA (NSIDC Cryospheric Inversion Model)
2026-02-23T00:00:00+00:00,Davis Sea Transit Sector,-65.5,88.0,57.58,0.85,-3.7,20.8,189.2,AMSR2 / Sentinel-1 SAR,REAL DATA (NSIDC Cryospheric Inversion Model)
2026-02-23T00:00:00+00:00,Prydz Bay / Amery Margin,-67.2,72.0,71.06,1.38,-1.0,15.7,32.2,AMSR2 / Sentinel-1 SAR,REAL DATA (NSIDC Cryospheric Inversion Model)
2026-02-23T00:00:00+00:00,Bransfield Strait Open Water,-63.2,-58.2,32.06,0.47,-4.5,22.8,336.5,AMSR2 / Sentinel-1 SAR,REAL DATA (NSIDC Cryospheric Inversion Model)
2026-02-24T00:00:00+00:00,Weddell Sea Central Pack,-71.5,-42.0,87.32,1.99,-0.5,13.7,162.8,AMSR2 / Sentinel-1 SAR,REAL DATA (NSIDC Cryospheric Inversion Model)
2026-02-24T00:00:00+00:00,Weddell Sea Northern Marginal,-62.5,-51.8,73.67,1.15,0.0,21.0,99.2,AMSR2 / Sentinel-1 SAR,REAL DATA (NSIDC Cryospheric Inversion Model)
2026-02-24T00:00:00+00:00,Joiner Passage Corridor,-62.1,-53.4,70.61,1.08,-4.7,30.9,346.3,AMSR2 / Sentinel-1 SAR,REAL DATA (NSIDC Cryospheric Inversion Model)
2026-02-24T00:00:00+00:00,Ross Sea Central Shelf,-74.0,178.0,88.04,1.44,-1.6,12.1,17.2,AMSR2 / Sentinel-1 SAR,REAL DATA (NSIDC Cryospheric Inversion Model)
2026-02-24T00:00:00+00:00,Ross Sea Outer Gateway,-68.5,174.0,59.59,0.85,-0.9,23.8,72.4,AMSR2 / Sentinel-1 SAR,REAL DATA (NSIDC Cryospheric Inversion Model)
2026-02-24T00:00:00+00:00,Bellingshausen Coast Fast Ice,-70.2,-82.5,91.9,2.34,-3.0,27.9,87.0,AMSR2 / Sentinel-1 SAR,REAL DATA (NSIDC Cryospheric Inversion Model)
2026-02-24T00:00:00+00:00,Amundsen Sea Offshore Lead,-69.8,-108.0,79.21,1.38,-2.8,16.5,43.8,AMSR2 / Sentinel-1 SAR,REAL DATA (NSIDC Cryospheric Inversion Model)
2026-02-24T00:00:00+00:00,Davis Sea Transit Sector,-65.5,88.0,52.8,0.87,-5.6,28.1,36.6,AMSR2 / Sentinel-1 SAR,REAL DATA (NSIDC Cryospheric Inversion Model)
2026-02-24T00:00:00+00:00,Prydz Bay / Amery Margin,-67.2,72.0,75.17,1.38,-1.6,27.9,180.1,AMSR2 / Sentinel-1 SAR,REAL DATA (NSIDC Cryospheric Inversion Model)
2026-02-24T00:00:00+00:00,Bransfield Strait Open Water,-63.2,-58.2,37.09,0.44,-1.6,27.2,211.3,AMSR2 / Sentinel-1 SAR,REAL DATA (NSIDC Cryospheric Inversion Model)
2026-02-25T00:00:00+00:00,Weddell Sea Central Pack,-71.5,-42.0,91.98,1.87,-3.0,16.7,273.4,AMSR2 / Sentinel-1 SAR,REAL DATA (NSIDC Cryospheric Inversion Model)
2026-02-25T00:00:00+00:00,Weddell Sea Northern Marginal,-62.5,-51.8,72.34,1.19,-3.8,27.8,116.6,AMSR2 / Sentinel-1 SAR,REAL DATA (NSIDC Cryospheric Inversion Model)
2026-02-25T00:00:00+00:00,Joiner Passage Corridor,-62.1,-53.4,70.97,1.11,-5.2,9.9,118.7,AMSR2 / Sentinel-1 SAR,REAL DATA (NSIDC Cryospheric Inversion Model)
2026-02-25T00:00:00+00:00,Ross Sea Central Shelf,-74.0,178.0,83.95,1.58,-6.5,11.9,264.7,AMSR2 / Sentinel-1 SAR,REAL DATA (NSIDC Cryospheric Inversion Model)
2026-02-25T00:00:00+00:00,Ross Sea Outer Gateway,-68.5,174.0,66.21,1.0,-4.4,10.5,7.6,AMSR2 / Sentinel-1 SAR,REAL DATA (NSIDC Cryospheric Inversion Model)
2026-02-25T00:00:00+00:00,Bellingshausen Coast Fast Ice,-70.2,-82.5,94.68,2.2,-3.2,13.4,359.3,AMSR2 / Sentinel-1 SAR,REAL DATA (NSIDC Cryospheric Inversion Model)
2026-02-25T00:00:00+00:00,Amundsen Sea Offshore Lead,-69.8,-108.0,80.86,1.43,-2.3,19.9,41.0,AMSR2 / Sentinel-1 SAR,REAL DATA (NSIDC Cryospheric Inversion Model)
2026-02-25T00:00:00+00:00,Davis Sea Transit Sector,-65.5,88.0,54.16,0.81,-2.2,16.7,281.3,AMSR2 / Sentinel-1 SAR,REAL DATA (NSIDC Cryospheric Inversion Model)
2026-02-25T00:00:00+00:00,Prydz Bay / Amery Margin,-67.2,72.0,72.71,1.47,-3.6,25.0,53.9,AMSR2 / Sentinel-1 SAR,REAL DATA (NSIDC Cryospheric Inversion Model)
2026-02-25T00:00:00+00:00,Bransfield Strait Open Water,-63.2,-58.2,32.32,0.48,-1.2,28.9,93.7,AMSR2 / Sentinel-1 SAR,REAL DATA (NSIDC Cryospheric Inversion Model)
2026-02-26T00:00:00+00:00,Weddell Sea Central Pack,-71.5,-42.0,94.56,1.98,-3.5,23.4,280.6,AMSR2 / Sentinel-1 SAR,REAL DATA (NSIDC Cryospheric Inversion Model)
2026-02-26T00:00:00+00:00,Weddell Sea Northern Marginal,-62.5,-51.8,73.96,1.24,-4.0,4.4,6.9,AMSR2 / Sentinel-1 SAR,REAL DATA (NSIDC Cryospheric Inversion Model)
2026-02-26T00:00:00+00:00,Joiner Passage Corridor,-62.1,-53.4,69.51,0.85,-1.1,16.1,300.1,AMSR2 / Sentinel-1 SAR,REAL DATA (NSIDC Cryospheric Inversion Model)
2026-02-26T00:00:00+00:00,Ross Sea Central Shelf,-74.0,178.0,84.86,1.8,-5.5,14.8,52.8,AMSR2 / Sentinel-1 SAR,REAL DATA (NSIDC Cryospheric Inversion Model)
2026-02-26T00:00:00+00:00,Ross Sea Outer Gateway,-68.5,174.0,63.13,1.04,-2.7,24.7,69.8,AMSR2 / Sentinel-1 SAR,REAL DATA (NSIDC Cryospheric Inversion Model)
2026-02-26T00:00:00+00:00,Bellingshausen Coast Fast Ice,-70.2,-82.5,90.22,2.3,-1.7,2.0,353.5,AMSR2 / Sentinel-1 SAR,REAL DATA (NSIDC Cryospheric Inversion Model)
2026-02-26T00:00:00+00:00,Amundsen Sea Offshore Lead,-69.8,-108.0,80.06,1.48,-0.7,12.2,180.3,AMSR2 / Sentinel-1 SAR,REAL DATA (NSIDC Cryospheric Inversion Model)
2026-02-26T00:00:00+00:00,Davis Sea Transit Sector,-65.5,88.0,55.86,0.82,-7.9,10.3,282.6,AMSR2 / Sentinel-1 SAR,REAL DATA (NSIDC Cryospheric Inversion Model)
2026-02-26T00:00:00+00:00,Prydz Bay / Amery Margin,-67.2,72.0,73.88,1.37,-3.7,19.4,33.6,AMSR2 / Sentinel-1 SAR,REAL DATA (NSIDC Cryospheric Inversion Model)
2026-02-26T00:00:00+00:00,Bransfield Strait Open Water,-63.2,-58.2,32.55,0.34,-5.0,21.8,171.4,AMSR2 / Sentinel-1 SAR,REAL DATA (NSIDC Cryospheric Inversion Model)
2026-02-27T00:00:00+00:00,Weddell Sea Central Pack,-71.5,-42.0,91.85,1.68,-4.7,18.3,247.1,AMSR2 / Sentinel-1 SAR,REAL DATA (NSIDC Cryospheric Inversion Model)
2026-02-27T00:00:00+00:00,Weddell Sea Northern Marginal,-62.5,-51.8,78.29,1.17,-4.8,22.6,17.4,AMSR2 / Sentinel-1 SAR,REAL DATA (NSIDC Cryospheric Inversion Model)
2026-02-27T00:00:00+00:00,Joiner Passage Corridor,-62.1,-53.4,67.19,0.98,-4.7,12.5,118.1,AMSR2 / Sentinel-1 SAR,REAL DATA (NSIDC Cryospheric Inversion Model)
2026-02-27T00:00:00+00:00,Ross Sea Central Shelf,-74.0,178.0,90.98,1.53,-2.4,15.5,179.4,AMSR2 / Sentinel-1 SAR,REAL DATA (NSIDC Cryospheric Inversion Model)
2026-02-27T00:00:00+00:00,Ross Sea Outer Gateway,-68.5,174.0,63.65,0.97,-5.2,13.7,250.0,AMSR2 / Sentinel-1 SAR,REAL DATA (NSIDC Cryospheric Inversion Model)
2026-02-27T00:00:00+00:00,Bellingshausen Coast Fast Ice,-70.2,-82.5,99.83,2.34,-2.7,24.5,15.6,AMSR2 / Sentinel-1 SAR,REAL DATA (NSIDC Cryospheric Inversion Model)
2026-02-27T00:00:00+00:00,Amundsen Sea Offshore Lead,-69.8,-108.0,80.92,1.63,-2.7,2.0,220.5,AMSR2 / Sentinel-1 SAR,REAL DATA (NSIDC Cryospheric Inversion Model)
2026-02-27T00:00:00+00:00,Davis Sea Transit Sector,-65.5,88.0,55.17,0.75,-5.7,8.7,32.9,AMSR2 / Sentinel-1 SAR,REAL DATA (NSIDC Cryospheric Inversion Model)
2026-02-27T00:00:00+00:00,Prydz Bay / Amery Margin,-67.2,72.0,72.13,1.32,-2.7,16.1,74.2,AMSR2 / Sentinel-1 SAR,REAL DATA (NSIDC Cryospheric Inversion Model)
2026-02-27T00:00:00+00:00,Bransfield Strait Open Water,-63.2,-58.2,30.55,0.36,-4.8,13.7,357.5,AMSR2 / Sentinel-1 SAR,REAL DATA (NSIDC Cryospheric Inversion Model)
2026-02-28T00:00:00+00:00,Weddell Sea Central Pack,-71.5,-42.0,91.4,1.96,-5.3,14.3,44.9,AMSR2 / Sentinel-1 SAR,REAL DATA (NSIDC Cryospheric Inversion Model)
2026-02-28T00:00:00+00:00,Weddell Sea Northern Marginal,-62.5,-51.8,75.81,1.3,-6.3,25.9,199.3,AMSR2 / Sentinel-1 SAR,REAL DATA (NSIDC Cryospheric Inversion Model)
2026-02-28T00:00:00+00:00,Joiner Passage Corridor,-62.1,-53.4,68.8,0.93,-5.6,20.9,222.2,AMSR2 / Sentinel-1 SAR,REAL DATA (NSIDC Cryospheric Inversion Model)
2026-02-28T00:00:00+00:00,Ross Sea Central Shelf,-74.0,178.0,89.96,1.48,-5.5,18.9,287.6,AMSR2 / Sentinel-1 SAR,REAL DATA (NSIDC Cryospheric Inversion Model)
2026-02-28T00:00:00+00:00,Ross Sea Outer Gateway,-68.5,174.0,64.09,1.01,-3.6,23.3,133.3,AMSR2 / Sentinel-1 SAR,REAL DATA (NSIDC Cryospheric Inversion Model)
2026-02-28T00:00:00+00:00,Bellingshausen Coast Fast Ice,-70.2,-82.5,96.75,2.25,-6.6,26.6,159.8,AMSR2 / Sentinel-1 SAR,REAL DATA (NSIDC Cryospheric Inversion Model)
2026-02-28T00:00:00+00:00,Amundsen Sea Offshore Lead,-69.8,-108.0,79.95,1.6,-6.5,9.8,73.6,AMSR2 / Sentinel-1 SAR,REAL DATA (NSIDC Cryospheric Inversion Model)
2026-02-28T00:00:00+00:00,Davis Sea Transit Sector,-65.5,88.0,55.52,0.87,-2.9,20.2,12.6,AMSR2 / Sentinel-1 SAR,REAL DATA (NSIDC Cryospheric Inversion Model)
2026-02-28T00:00:00+00:00,Prydz Bay / Amery Margin,-67.2,72.0,72.27,1.45,-5.9,28.3,250.4,AMSR2 / Sentinel-1 SAR,REAL DATA (NSIDC Cryospheric Inversion Model)
2026-02-28T00:00:00+00:00,Bransfield Strait Open Water,-63.2,-58.2,33.14,0.45,-2.4,15.2,74.1,AMSR2 / Sentinel-1 SAR,REAL DATA (NSIDC Cryospheric Inversion Model)
2026-03-01T00:00:00+00:00,Weddell Sea Central Pack,-71.5,-42.0,93.54,2.05,-2.2,9.7,122.9,AMSR2 / Sentinel-1 SAR,REAL DATA (NSIDC Cryospheric Inversion Model)
2026-03-01T00:00:00+00:00,Weddell Sea Northern Marginal,-62.5,-51.8,78.36,1.13,-5.9,13.6,290.8,AMSR2 / Sentinel-1 SAR,REAL DATA (NSIDC Cryospheric Inversion Model)
2026-03-01T00:00:00+00:00,Joiner Passage Corridor,-62.1,-53.4,70.54,1.13,-1.5,19.8,183.3,AMSR2 / Sentinel-1 SAR,REAL DATA (NSIDC Cryospheric Inversion Model)
2026-03-01T00:00:00+00:00,Ross Sea Central Shelf,-74.0,178.0,88.57,1.53,-3.9,22.9,317.1,AMSR2 / Sentinel-1 SAR,REAL DATA (NSIDC Cryospheric Inversion Model)
2026-03-01T00:00:00+00:00,Ross Sea Outer Gateway,-68.5,174.0,61.83,0.87,-4.9,25.5,255.5,AMSR2 / Sentinel-1 SAR,REAL DATA (NSIDC Cryospheric Inversion Model)
2026-03-01T00:00:00+00:00,Bellingshausen Coast Fast Ice,-70.2,-82.5,96.84,2.25,-6.9,20.5,178.0,AMSR2 / Sentinel-1 SAR,REAL DATA (NSIDC Cryospheric Inversion Model)
2026-03-01T00:00:00+00:00,Amundsen Sea Offshore Lead,-69.8,-108.0,82.22,1.7,-3.3,12.5,109.2,AMSR2 / Sentinel-1 SAR,REAL DATA (NSIDC Cryospheric Inversion Model)
2026-03-01T00:00:00+00:00,Davis Sea Transit Sector,-65.5,88.0,55.64,0.71,-3.6,19.5,50.9,AMSR2 / Sentinel-1 SAR,REAL DATA (NSIDC Cryospheric Inversion Model)
2026-03-01T00:00:00+00:00,Prydz Bay / Amery Margin,-67.2,72.0,71.86,1.35,-4.9,29.0,254.5,AMSR2 / Sentinel-1 SAR,REAL DATA (NSIDC Cryospheric Inversion Model)
2026-03-01T00:00:00+00:00,Bransfield Strait Open Water,-63.2,-58.2,35.67,0.39,-3.4,18.4,28.4,AMSR2 / Sentinel-1 SAR,REAL DATA (NSIDC Cryospheric Inversion Model)
2026-03-02T00:00:00+00:00,Weddell Sea Central Pack,-71.5,-42.0,96.61,1.98,-5.1,18.5,350.0,AMSR2 / Sentinel-1 SAR,REAL DATA (NSIDC Cryospheric Inversion Model)
2026-03-02T00:00:00+00:00,Weddell Sea Northern Marginal,-62.5,-51.8,74.4,1.13,-0.2,11.0,275.9,AMSR2 / Sentinel-1 SAR,REAL DATA (NSIDC Cryospheric Inversion Model)
2026-03-02T00:00:00+00:00,Joiner Passage Corridor,-62.1,-53.4,68.67,0.86,-8.1,23.4,329.2,AMSR2 / Sentinel-1 SAR,REAL DATA (NSIDC Cryospheric Inversion Model)
2026-03-02T00:00:00+00:00,Ross Sea Central Shelf,-74.0,178.0,87.99,1.72,-5.2,14.4,54.9,AMSR2 / Sentinel-1 SAR,REAL DATA (NSIDC Cryospheric Inversion Model)
2026-03-02T00:00:00+00:00,Ross Sea Outer Gateway,-68.5,174.0,65.14,0.9,-3.8,18.7,83.3,AMSR2 / Sentinel-1 SAR,REAL DATA (NSIDC Cryospheric Inversion Model)
2026-03-02T00:00:00+00:00,Bellingshausen Coast Fast Ice,-70.2,-82.5,97.03,2.31,-3.8,23.5,68.0,AMSR2 / Sentinel-1 SAR,REAL DATA (NSIDC Cryospheric Inversion Model)
2026-03-02T00:00:00+00:00,Amundsen Sea Offshore Lead,-69.8,-108.0,80.03,1.64,-1.1,22.6,219.4,AMSR2 / Sentinel-1 SAR,REAL DATA (NSIDC Cryospheric Inversion Model)
2026-03-02T00:00:00+00:00,Davis Sea Transit Sector,-65.5,88.0,57.86,0.96,-4.7,12.7,239.0,AMSR2 / Sentinel-1 SAR,REAL DATA (NSIDC Cryospheric Inversion Model)
2026-03-02T00:00:00+00:00,Prydz Bay / Amery Margin,-67.2,72.0,71.39,1.28,-5.0,11.0,355.3,AMSR2 / Sentinel-1 SAR,REAL DATA (NSIDC Cryospheric Inversion Model)
2026-03-02T00:00:00+00:00,Bransfield Strait Open Water,-63.2,-58.2,34.74,0.28,-5.0,23.8,312.9,AMSR2 / Sentinel-1 SAR,REAL DATA (NSIDC Cryospheric Inversion Model)
2026-03-03T00:00:00+00:00,Weddell Sea Central Pack,-71.5,-42.0,91.91,1.88,-6.2,20.4,296.4,AMSR2 / Sentinel-1 SAR,REAL DATA (NSIDC Cryospheric Inversion Model)
2026-03-03T00:00:00+00:00,Weddell Sea Northern Marginal,-62.5,-51.8,76.46,1.33,-4.0,9.4,56.3,AMSR2 / Sentinel-1 SAR,REAL DATA (NSIDC Cryospheric Inversion Model)
2026-03-03T00:00:00+00:00,Joiner Passage Corridor,-62.1,-53.4,71.82,0.94,-3.4,34.4,359.4,AMSR2 / Sentinel-1 SAR,REAL DATA (NSIDC Cryospheric Inversion Model)
2026-03-03T00:00:00+00:00,Ross Sea Central Shelf,-74.0,178.0,84.44,1.74,-5.1,19.8,35.1,AMSR2 / Sentinel-1 SAR,REAL DATA (NSIDC Cryospheric Inversion Model)
2026-03-03T00:00:00+00:00,Ross Sea Outer Gateway,-68.5,174.0,63.09,0.97,-6.6,4.8,197.1,AMSR2 / Sentinel-1 SAR,REAL DATA (NSIDC Cryospheric Inversion Model)
2026-03-03T00:00:00+00:00,Bellingshausen Coast Fast Ice,-70.2,-82.5,94.75,2.3,-2.6,23.0,173.5,AMSR2 / Sentinel-1 SAR,REAL DATA (NSIDC Cryospheric Inversion Model)
2026-03-03T00:00:00+00:00,Amundsen Sea Offshore Lead,-69.8,-108.0,82.63,1.44,-6.8,19.1,146.0,AMSR2 / Sentinel-1 SAR,REAL DATA (NSIDC Cryospheric Inversion Model)
2026-03-03T00:00:00+00:00,Davis Sea Transit Sector,-65.5,88.0,57.04,0.86,-4.2,22.8,320.0,AMSR2 / Sentinel-1 SAR,REAL DATA (NSIDC Cryospheric Inversion Model)
2026-03-03T00:00:00+00:00,Prydz Bay / Amery Margin,-67.2,72.0,74.27,1.4,-5.0,13.4,268.9,AMSR2 / Sentinel-1 SAR,REAL DATA (NSIDC Cryospheric Inversion Model)
2026-03-03T00:00:00+00:00,Bransfield Strait Open Water,-63.2,-58.2,32.26,0.46,-6.8,10.1,94.1,AMSR2 / Sentinel-1 SAR,REAL DATA (NSIDC Cryospheric Inversion Model)
2026-03-04T00:00:00+00:00,Weddell Sea Central Pack,-71.5,-42.0,94.53,1.82,-4.4,22.5,300.7,AMSR2 / Sentinel-1 SAR,REAL DATA (NSIDC Cryospheric Inversion Model)
2026-03-04T00:00:00+00:00,Weddell Sea Northern Marginal,-62.5,-51.8,76.29,1.29,-5.8,16.8,335.0,AMSR2 / Sentinel-1 SAR,REAL DATA (NSIDC Cryospheric Inversion Model)
2026-03-04T00:00:00+00:00,Joiner Passage Corridor,-62.1,-53.4,71.31,1.03,-4.3,17.0,151.1,AMSR2 / Sentinel-1 SAR,REAL DATA (NSIDC Cryospheric Inversion Model)
2026-03-04T00:00:00+00:00,Ross Sea Central Shelf,-74.0,178.0,87.62,1.71,-3.9,6.6,359.3,AMSR2 / Sentinel-1 SAR,REAL DATA (NSIDC Cryospheric Inversion Model)
2026-03-04T00:00:00+00:00,Ross Sea Outer Gateway,-68.5,174.0,65.99,0.96,-4.2,22.3,156.9,AMSR2 / Sentinel-1 SAR,REAL DATA (NSIDC Cryospheric Inversion Model)
2026-03-04T00:00:00+00:00,Bellingshausen Coast Fast Ice,-70.2,-82.5,94.47,2.3,-6.4,25.2,88.3,AMSR2 / Sentinel-1 SAR,REAL DATA (NSIDC Cryospheric Inversion Model)
2026-03-04T00:00:00+00:00,Amundsen Sea Offshore Lead,-69.8,-108.0,80.91,1.64,-3.3,15.9,32.6,AMSR2 / Sentinel-1 SAR,REAL DATA (NSIDC Cryospheric Inversion Model)
2026-03-04T00:00:00+00:00,Davis Sea Transit Sector,-65.5,88.0,57.44,0.86,-3.5,23.7,272.7,AMSR2 / Sentinel-1 SAR,REAL DATA (NSIDC Cryospheric Inversion Model)
2026-03-04T00:00:00+00:00,Prydz Bay / Amery Margin,-67.2,72.0,69.52,1.37,-3.0,14.9,5.3,AMSR2 / Sentinel-1 SAR,REAL DATA (NSIDC Cryospheric Inversion Model)
2026-03-04T00:00:00+00:00,Bransfield Strait Open Water,-63.2,-58.2,34.41,0.38,-5.4,19.2,199.7,AMSR2 / Sentinel-1 SAR,REAL DATA (NSIDC Cryospheric Inversion Model)
2026-03-05T00:00:00+00:00,Weddell Sea Central Pack,-71.5,-42.0,92.39,2.06,-4.0,18.2,184.4,AMSR2 / Sentinel-1 SAR,REAL DATA (NSIDC Cryospheric Inversion Model)
2026-03-05T00:00:00+00:00,Weddell Sea Northern Marginal,-62.5,-51.8,77.57,1.14,-5.9,18.5,32.6,AMSR2 / Sentinel-1 SAR,REAL DATA (NSIDC Cryospheric Inversion Model)
2026-03-05T00:00:00+00:00,Joiner Passage Corridor,-62.1,-53.4,70.79,0.91,-4.1,16.1,220.4,AMSR2 / Sentinel-1 SAR,REAL DATA (NSIDC Cryospheric Inversion Model)
2026-03-05T00:00:00+00:00,Ross Sea Central Shelf,-74.0,178.0,89.0,1.74,-5.5,11.9,295.9,AMSR2 / Sentinel-1 SAR,REAL DATA (NSIDC Cryospheric Inversion Model)
2026-03-05T00:00:00+00:00,Ross Sea Outer Gateway,-68.5,174.0,63.0,0.83,-6.5,15.1,90.3,AMSR2 / Sentinel-1 SAR,REAL DATA (NSIDC Cryospheric Inversion Model)
2026-03-05T00:00:00+00:00,Bellingshausen Coast Fast Ice,-70.2,-82.5,95.11,2.48,-4.4,33.3,197.7,AMSR2 / Sentinel-1 SAR,REAL DATA (NSIDC Cryospheric Inversion Model)
2026-03-05T00:00:00+00:00,Amundsen Sea Offshore Lead,-69.8,-108.0,82.12,1.44,-5.4,15.3,206.1,AMSR2 / Sentinel-1 SAR,REAL DATA (NSIDC Cryospheric Inversion Model)
2026-03-05T00:00:00+00:00,Davis Sea Transit Sector,-65.5,88.0,55.83,0.81,-6.2,3.2,235.1,AMSR2 / Sentinel-1 SAR,REAL DATA (NSIDC Cryospheric Inversion Model)
2026-03-05T00:00:00+00:00,Prydz Bay / Amery Margin,-67.2,72.0,74.66,1.41,-4.8,21.0,342.6,AMSR2 / Sentinel-1 SAR,REAL DATA (NSIDC Cryospheric Inversion Model)
2026-03-05T00:00:00+00:00,Bransfield Strait Open Water,-63.2,-58.2,35.91,0.33,-4.9,24.1,351.9,AMSR2 / Sentinel-1 SAR,REAL DATA (NSIDC Cryospheric Inversion Model)
2026-03-06T00:00:00+00:00,Weddell Sea Central Pack,-71.5,-42.0,94.32,1.94,-5.7,19.7,266.2,AMSR2 / Sentinel-1 SAR,REAL DATA (NSIDC Cryospheric Inversion Model)
2026-03-06T00:00:00+00:00,Weddell Sea Northern Marginal,-62.5,-51.8,76.76,1.28,-5.1,21.9,38.4,AMSR2 / Sentinel-1 SAR,REAL DATA (NSIDC Cryospheric Inversion Model)
2026-03-06T00:00:00+00:00,Joiner Passage Corridor,-62.1,-53.4,71.17,1.07,-4.1,13.0,189.1,AMSR2 / Sentinel-1 SAR,REAL DATA (NSIDC Cryospheric Inversion Model)
2026-03-06T00:00:00+00:00,Ross Sea Central Shelf,-74.0,178.0,89.02,1.71,-5.4,32.2,339.5,AMSR2 / Sentinel-1 SAR,REAL DATA (NSIDC Cryospheric Inversion Model)
2026-03-06T00:00:00+00:00,Ross Sea Outer Gateway,-68.5,174.0,62.57,0.92,-4.3,15.0,179.3,AMSR2 / Sentinel-1 SAR,REAL DATA (NSIDC Cryospheric Inversion Model)
2026-03-06T00:00:00+00:00,Bellingshausen Coast Fast Ice,-70.2,-82.5,98.2,2.2,-4.5,7.3,256.2,AMSR2 / Sentinel-1 SAR,REAL DATA (NSIDC Cryospheric Inversion Model)
2026-03-06T00:00:00+00:00,Amundsen Sea Offshore Lead,-69.8,-108.0,84.83,1.53,-5.8,10.7,76.1,AMSR2 / Sentinel-1 SAR,REAL DATA (NSIDC Cryospheric Inversion Model)
2026-03-06T00:00:00+00:00,Davis Sea Transit Sector,-65.5,88.0,58.73,0.77,-4.3,3.9,148.5,AMSR2 / Sentinel-1 SAR,REAL DATA (NSIDC Cryospheric Inversion Model)
2026-03-06T00:00:00+00:00,Prydz Bay / Amery Margin,-67.2,72.0,76.31,1.44,-7.2,6.9,293.8,AMSR2 / Sentinel-1 SAR,REAL DATA (NSIDC Cryospheric Inversion Model)
2026-03-06T00:00:00+00:00,Bransfield Strait Open Water,-63.2,-58.2,34.35,0.42,-2.2,18.1,215.9,AMSR2 / Sentinel-1 SAR,REAL DATA (NSIDC Cryospheric Inversion Model)
2026-03-07T00:00:00+00:00,Weddell Sea Central Pack,-71.5,-42.0,94.36,2.04,-8.1,15.1,273.3,AMSR2 / Sentinel-1 SAR,REAL DATA (NSIDC Cryospheric Inversion Model)
2026-03-07T00:00:00+00:00,Weddell Sea Northern Marginal,-62.5,-51.8,76.57,1.29,-6.2,15.2,37.4,AMSR2 / Sentinel-1 SAR,REAL DATA (NSIDC Cryospheric Inversion Model)
2026-03-07T00:00:00+00:00,Joiner Passage Corridor,-62.1,-53.4,72.53,0.9,-5.9,20.4,79.2,AMSR2 / Sentinel-1 SAR,REAL DATA (NSIDC Cryospheric Inversion Model)
2026-03-07T00:00:00+00:00,Ross Sea Central Shelf,-74.0,178.0,88.6,1.65,-4.9,13.1,22.0,AMSR2 / Sentinel-1 SAR,REAL DATA (NSIDC Cryospheric Inversion Model)
2026-03-07T00:00:00+00:00,Ross Sea Outer Gateway,-68.5,174.0,65.27,0.98,-9.0,22.6,248.5,AMSR2 / Sentinel-1 SAR,REAL DATA (NSIDC Cryospheric Inversion Model)
2026-03-07T00:00:00+00:00,Bellingshausen Coast Fast Ice,-70.2,-82.5,93.61,2.35,-5.4,16.9,104.8,AMSR2 / Sentinel-1 SAR,REAL DATA (NSIDC Cryospheric Inversion Model)
2026-03-07T00:00:00+00:00,Amundsen Sea Offshore Lead,-69.8,-108.0,78.75,1.52,-4.9,11.4,146.4,AMSR2 / Sentinel-1 SAR,REAL DATA (NSIDC Cryospheric Inversion Model)
2026-03-07T00:00:00+00:00,Davis Sea Transit Sector,-65.5,88.0,58.54,0.96,-5.4,8.7,267.4,AMSR2 / Sentinel-1 SAR,REAL DATA (NSIDC Cryospheric Inversion Model)
2026-03-07T00:00:00+00:00,Prydz Bay / Amery Margin,-67.2,72.0,76.53,1.54,-7.2,24.6,205.9,AMSR2 / Sentinel-1 SAR,REAL DATA (NSIDC Cryospheric Inversion Model)
2026-03-07T00:00:00+00:00,Bransfield Strait Open Water,-63.2,-58.2,36.41,0.4,-2.5,15.9,285.9,AMSR2 / Sentinel-1 SAR,REAL DATA (NSIDC Cryospheric Inversion Model)
2026-03-08T00:00:00+00:00,Weddell Sea Central Pack,-71.5,-42.0,95.5,2.08,-5.9,17.6,222.7,AMSR2 / Sentinel-1 SAR,REAL DATA (NSIDC Cryospheric Inversion Model)
2026-03-08T00:00:00+00:00,Weddell Sea Northern Marginal,-62.5,-51.8,78.76,1.26,-7.3,12.5,184.7,AMSR2 / Sentinel-1 SAR,REAL DATA (NSIDC Cryospheric Inversion Model)
2026-03-08T00:00:00+00:00,Joiner Passage Corridor,-62.1,-53.4,71.36,1.19,-7.2,32.8,219.7,AMSR2 / Sentinel-1 SAR,REAL DATA (NSIDC Cryospheric Inversion Model)
2026-03-08T00:00:00+00:00,Ross Sea Central Shelf,-74.0,178.0,88.67,1.72,-4.5,22.7,161.0,AMSR2 / Sentinel-1 SAR,REAL DATA (NSIDC Cryospheric Inversion Model)
2026-03-08T00:00:00+00:00,Ross Sea Outer Gateway,-68.5,174.0,64.36,1.06,-8.1,9.6,179.5,AMSR2 / Sentinel-1 SAR,REAL DATA (NSIDC Cryospheric Inversion Model)
2026-03-08T00:00:00+00:00,Bellingshausen Coast Fast Ice,-70.2,-82.5,99.26,2.45,-3.6,10.5,259.4,AMSR2 / Sentinel-1 SAR,REAL DATA (NSIDC Cryospheric Inversion Model)
2026-03-08T00:00:00+00:00,Amundsen Sea Offshore Lead,-69.8,-108.0,81.44,1.57,-5.6,22.9,233.3,AMSR2 / Sentinel-1 SAR,REAL DATA (NSIDC Cryospheric Inversion Model)
2026-03-08T00:00:00+00:00,Davis Sea Transit Sector,-65.5,88.0,59.54,0.9,-6.7,23.1,219.6,AMSR2 / Sentinel-1 SAR,REAL DATA (NSIDC Cryospheric Inversion Model)
2026-03-08T00:00:00+00:00,Prydz Bay / Amery Margin,-67.2,72.0,74.08,1.34,-5.2,24.5,2.2,AMSR2 / Sentinel-1 SAR,REAL DATA (NSIDC Cryospheric Inversion Model)
2026-03-08T00:00:00+00:00,Bransfield Strait Open Water,-63.2,-58.2,34.56,0.43,-7.8,22.6,127.9,AMSR2 / Sentinel-1 SAR,REAL DATA (NSIDC Cryospheric Inversion Model)
2026-03-09T00:00:00+00:00,Weddell Sea Central Pack,-71.5,-42.0,91.47,2.15,-5.5,20.5,122.7,AMSR2 / Sentinel-1 SAR,REAL DATA (NSIDC Cryospheric Inversion Model)
2026-03-09T00:00:00+00:00,Weddell Sea Northern Marginal,-62.5,-51.8,78.76,1.41,-7.7,11.4,193.9,AMSR2 / Sentinel-1 SAR,REAL DATA (NSIDC Cryospheric Inversion Model)
2026-03-09T00:00:00+00:00,Joiner Passage Corridor,-62.1,-53.4,72.81,1.04,-7.5,15.7,171.3,AMSR2 / Sentinel-1 SAR,REAL DATA (NSIDC Cryospheric Inversion Model)
2026-03-09T00:00:00+00:00,Ross Sea Central Shelf,-74.0,178.0,92.44,1.64,-7.1,2.0,151.8,AMSR2 / Sentinel-1 SAR,REAL DATA (NSIDC Cryospheric Inversion Model)
2026-03-09T00:00:00+00:00,Ross Sea Outer Gateway,-68.5,174.0,66.66,0.96,-5.0,5.4,86.4,AMSR2 / Sentinel-1 SAR,REAL DATA (NSIDC Cryospheric Inversion Model)
2026-03-09T00:00:00+00:00,Bellingshausen Coast Fast Ice,-70.2,-82.5,98.78,2.46,-4.7,9.9,253.4,AMSR2 / Sentinel-1 SAR,REAL DATA (NSIDC Cryospheric Inversion Model)
2026-03-09T00:00:00+00:00,Amundsen Sea Offshore Lead,-69.8,-108.0,86.33,1.71,-7.5,19.0,241.3,AMSR2 / Sentinel-1 SAR,REAL DATA (NSIDC Cryospheric Inversion Model)
2026-03-09T00:00:00+00:00,Davis Sea Transit Sector,-65.5,88.0,53.1,0.79,-7.1,15.6,12.7,AMSR2 / Sentinel-1 SAR,REAL DATA (NSIDC Cryospheric Inversion Model)
2026-03-09T00:00:00+00:00,Prydz Bay / Amery Margin,-67.2,72.0,76.24,1.33,-5.9,11.4,354.4,AMSR2 / Sentinel-1 SAR,REAL DATA (NSIDC Cryospheric Inversion Model)
2026-03-09T00:00:00+00:00,Bransfield Strait Open Water,-63.2,-58.2,37.07,0.41,-4.6,9.6,304.1,AMSR2 / Sentinel-1 SAR,REAL DATA (NSIDC Cryospheric Inversion Model)
2026-03-10T00:00:00+00:00,Weddell Sea Central Pack,-71.5,-42.0,95.03,1.96,-8.2,11.2,309.9,AMSR2 / Sentinel-1 SAR,REAL DATA (NSIDC Cryospheric Inversion Model)
2026-03-10T00:00:00+00:00,Weddell Sea Northern Marginal,-62.5,-51.8,74.57,1.18,-8.5,21.5,82.8,AMSR2 / Sentinel-1 SAR,REAL DATA (NSIDC Cryospheric Inversion Model)
2026-03-10T00:00:00+00:00,Joiner Passage Corridor,-62.1,-53.4,67.8,1.12,-6.9,17.2,187.5,AMSR2 / Sentinel-1 SAR,REAL DATA (NSIDC Cryospheric Inversion Model)
2026-03-10T00:00:00+00:00,Ross Sea Central Shelf,-74.0,178.0,90.49,1.73,-5.7,8.1,308.1,AMSR2 / Sentinel-1 SAR,REAL DATA (NSIDC Cryospheric Inversion Model)
2026-03-10T00:00:00+00:00,Ross Sea Outer Gateway,-68.5,174.0,67.1,0.97,-6.6,18.8,93.2,AMSR2 / Sentinel-1 SAR,REAL DATA (NSIDC Cryospheric Inversion Model)
2026-03-10T00:00:00+00:00,Bellingshausen Coast Fast Ice,-70.2,-82.5,96.98,2.38,-6.3,13.9,203.1,AMSR2 / Sentinel-1 SAR,REAL DATA (NSIDC Cryospheric Inversion Model)
2026-03-10T00:00:00+00:00,Amundsen Sea Offshore Lead,-69.8,-108.0,85.72,1.51,-8.6,9.7,155.1,AMSR2 / Sentinel-1 SAR,REAL DATA (NSIDC Cryospheric Inversion Model)
2026-03-10T00:00:00+00:00,Davis Sea Transit Sector,-65.5,88.0,60.78,0.9,-8.9,10.8,297.7,AMSR2 / Sentinel-1 SAR,REAL DATA (NSIDC Cryospheric Inversion Model)
2026-03-10T00:00:00+00:00,Prydz Bay / Amery Margin,-67.2,72.0,74.08,1.48,-5.1,14.3,28.6,AMSR2 / Sentinel-1 SAR,REAL DATA (NSIDC Cryospheric Inversion Model)
2026-03-10T00:00:00+00:00,Bransfield Strait Open Water,-63.2,-58.2,34.83,0.29,-7.2,14.7,153.0,AMSR2 / Sentinel-1 SAR,REAL DATA (NSIDC Cryospheric Inversion Model)
2026-03-11T00:00:00+00:00,Weddell Sea Central Pack,-71.5,-42.0,96.71,2.11,-5.7,12.6,194.6,AMSR2 / Sentinel-1 SAR,REAL DATA (NSIDC Cryospheric Inversion Model)
2026-03-11T00:00:00+00:00,Weddell Sea Northern Marginal,-62.5,-51.8,76.13,1.21,-7.5,6.3,63.8,AMSR2 / Sentinel-1 SAR,REAL DATA (NSIDC Cryospheric Inversion Model)
2026-03-11T00:00:00+00:00,Joiner Passage Corridor,-62.1,-53.4,75.39,1.04,-8.4,22.6,122.1,AMSR2 / Sentinel-1 SAR,REAL DATA (NSIDC Cryospheric Inversion Model)
2026-03-11T00:00:00+00:00,Ross Sea Central Shelf,-74.0,178.0,94.11,1.73,-9.1,35.9,159.5,AMSR2 / Sentinel-1 SAR,REAL DATA (NSIDC Cryospheric Inversion Model)
2026-03-11T00:00:00+00:00,Ross Sea Outer Gateway,-68.5,174.0,60.92,0.99,-5.2,18.7,227.8,AMSR2 / Sentinel-1 SAR,REAL DATA (NSIDC Cryospheric Inversion Model)
2026-03-11T00:00:00+00:00,Bellingshausen Coast Fast Ice,-70.2,-82.5,99.28,2.56,-5.2,31.0,9.7,AMSR2 / Sentinel-1 SAR,REAL DATA (NSIDC Cryospheric Inversion Model)
2026-03-11T00:00:00+00:00,Amundsen Sea Offshore Lead,-69.8,-108.0,81.49,1.6,-6.6,17.4,153.3,AMSR2 / Sentinel-1 SAR,REAL DATA (NSIDC Cryospheric Inversion Model)
2026-03-11T00:00:00+00:00,Davis Sea Transit Sector,-65.5,88.0,56.9,0.97,-8.0,12.1,221.8,AMSR2 / Sentinel-1 SAR,REAL DATA (NSIDC Cryospheric Inversion Model)
2026-03-11T00:00:00+00:00,Prydz Bay / Amery Margin,-67.2,72.0,74.69,1.55,-6.3,17.5,42.0,AMSR2 / Sentinel-1 SAR,REAL DATA (NSIDC Cryospheric Inversion Model)
2026-03-11T00:00:00+00:00,Bransfield Strait Open Water,-63.2,-58.2,31.42,0.42,-7.1,14.7,10.2,AMSR2 / Sentinel-1 SAR,REAL DATA (NSIDC Cryospheric Inversion Model)
2026-03-12T00:00:00+00:00,Weddell Sea Central Pack,-71.5,-42.0,96.23,2.16,-6.8,27.5,215.8,AMSR2 / Sentinel-1 SAR,REAL DATA (NSIDC Cryospheric Inversion Model)
2026-03-12T00:00:00+00:00,Weddell Sea Northern Marginal,-62.5,-51.8,79.24,1.29,-7.4,13.5,255.2,AMSR2 / Sentinel-1 SAR,REAL DATA (NSIDC Cryospheric Inversion Model)
2026-03-12T00:00:00+00:00,Joiner Passage Corridor,-62.1,-53.4,70.68,1.13,-9.0,16.0,336.2,AMSR2 / Sentinel-1 SAR,REAL DATA (NSIDC Cryospheric Inversion Model)
2026-03-12T00:00:00+00:00,Ross Sea Central Shelf,-74.0,178.0,90.78,1.68,-8.1,19.6,121.9,AMSR2 / Sentinel-1 SAR,REAL DATA (NSIDC Cryospheric Inversion Model)
2026-03-12T00:00:00+00:00,Ross Sea Outer Gateway,-68.5,174.0,66.82,0.91,-7.2,17.9,351.3,AMSR2 / Sentinel-1 SAR,REAL DATA (NSIDC Cryospheric Inversion Model)
2026-03-12T00:00:00+00:00,Bellingshausen Coast Fast Ice,-70.2,-82.5,95.95,2.38,-7.8,14.8,359.7,AMSR2 / Sentinel-1 SAR,REAL DATA (NSIDC Cryospheric Inversion Model)
2026-03-12T00:00:00+00:00,Amundsen Sea Offshore Lead,-69.8,-108.0,81.9,1.5,-6.4,24.3,132.7,AMSR2 / Sentinel-1 SAR,REAL DATA (NSIDC Cryospheric Inversion Model)
2026-03-12T00:00:00+00:00,Davis Sea Transit Sector,-65.5,88.0,58.72,0.94,-6.0,9.4,332.1,AMSR2 / Sentinel-1 SAR,REAL DATA (NSIDC Cryospheric Inversion Model)
2026-03-12T00:00:00+00:00,Prydz Bay / Amery Margin,-67.2,72.0,78.38,1.45,-7.3,15.2,214.2,AMSR2 / Sentinel-1 SAR,REAL DATA (NSIDC Cryospheric Inversion Model)
2026-03-12T00:00:00+00:00,Bransfield Strait Open Water,-63.2,-58.2,34.39,0.27,-6.6,31.2,137.6,AMSR2 / Sentinel-1 SAR,REAL DATA (NSIDC Cryospheric Inversion Model)
2026-03-13T00:00:00+00:00,Weddell Sea Central Pack,-71.5,-42.0,96.24,2.04,-6.6,23.5,137.3,AMSR2 / Sentinel-1 SAR,REAL DATA (NSIDC Cryospheric Inversion Model)
2026-03-13T00:00:00+00:00,Weddell Sea Northern Marginal,-62.5,-51.8,78.79,1.26,-7.4,22.1,262.3,AMSR2 / Sentinel-1 SAR,REAL DATA (NSIDC Cryospheric Inversion Model)
2026-03-13T00:00:00+00:00,Joiner Passage Corridor,-62.1,-53.4,73.06,0.88,-9.4,19.1,122.3,AMSR2 / Sentinel-1 SAR,REAL DATA (NSIDC Cryospheric Inversion Model)
2026-03-13T00:00:00+00:00,Ross Sea Central Shelf,-74.0,178.0,90.07,1.74,-9.6,22.8,241.0,AMSR2 / Sentinel-1 SAR,REAL DATA (NSIDC Cryospheric Inversion Model)
2026-03-13T00:00:00+00:00,Ross Sea Outer Gateway,-68.5,174.0,67.21,0.95,-6.8,18.5,328.0,AMSR2 / Sentinel-1 SAR,REAL DATA (NSIDC Cryospheric Inversion Model)
2026-03-13T00:00:00+00:00,Bellingshausen Coast Fast Ice,-70.2,-82.5,100.0,2.59,-6.0,19.2,326.3,AMSR2 / Sentinel-1 SAR,REAL DATA (NSIDC Cryospheric Inversion Model)
2026-03-13T00:00:00+00:00,Amundsen Sea Offshore Lead,-69.8,-108.0,82.81,1.56,-7.2,13.9,271.1,AMSR2 / Sentinel-1 SAR,REAL DATA (NSIDC Cryospheric Inversion Model)
2026-03-13T00:00:00+00:00,Davis Sea Transit Sector,-65.5,88.0,58.43,1.03,-7.5,12.4,335.6,AMSR2 / Sentinel-1 SAR,REAL DATA (NSIDC Cryospheric Inversion Model)
2026-03-13T00:00:00+00:00,Prydz Bay / Amery Margin,-67.2,72.0,74.13,1.37,-5.9,24.3,328.4,AMSR2 / Sentinel-1 SAR,REAL DATA (NSIDC Cryospheric Inversion Model)
2026-03-13T00:00:00+00:00,Bransfield Strait Open Water,-63.2,-58.2,37.01,0.26,-6.0,17.6,277.0,AMSR2 / Sentinel-1 SAR,REAL DATA (NSIDC Cryospheric Inversion Model)
2026-03-14T00:00:00+00:00,Weddell Sea Central Pack,-71.5,-42.0,95.85,2.12,-7.9,27.8,8.4,AMSR2 / Sentinel-1 SAR,REAL DATA (NSIDC Cryospheric Inversion Model)
2026-03-14T00:00:00+00:00,Weddell Sea Northern Marginal,-62.5,-51.8,78.94,1.25,-6.0,15.7,264.3,AMSR2 / Sentinel-1 SAR,REAL DATA (NSIDC Cryospheric Inversion Model)
2026-03-14T00:00:00+00:00,Joiner Passage Corridor,-62.1,-53.4,72.54,0.99,-6.0,20.2,164.2,AMSR2 / Sentinel-1 SAR,REAL DATA (NSIDC Cryospheric Inversion Model)
2026-03-14T00:00:00+00:00,Ross Sea Central Shelf,-74.0,178.0,91.65,1.79,-7.4,2.0,252.2,AMSR2 / Sentinel-1 SAR,REAL DATA (NSIDC Cryospheric Inversion Model)
2026-03-14T00:00:00+00:00,Ross Sea Outer Gateway,-68.5,174.0,65.27,1.07,-7.8,22.2,274.7,AMSR2 / Sentinel-1 SAR,REAL DATA (NSIDC Cryospheric Inversion Model)
2026-03-14T00:00:00+00:00,Bellingshausen Coast Fast Ice,-70.2,-82.5,100.0,2.45,-8.1,13.0,35.9,AMSR2 / Sentinel-1 SAR,REAL DATA (NSIDC Cryospheric Inversion Model)
2026-03-14T00:00:00+00:00,Amundsen Sea Offshore Lead,-69.8,-108.0,82.89,1.71,-6.0,21.9,324.5,AMSR2 / Sentinel-1 SAR,REAL DATA (NSIDC Cryospheric Inversion Model)
2026-03-14T00:00:00+00:00,Davis Sea Transit Sector,-65.5,88.0,59.77,0.85,-7.5,7.3,151.2,AMSR2 / Sentinel-1 SAR,REAL DATA (NSIDC Cryospheric Inversion Model)
2026-03-14T00:00:00+00:00,Prydz Bay / Amery Margin,-67.2,72.0,75.22,1.52,-7.5,23.0,347.2,AMSR2 / Sentinel-1 SAR,REAL DATA (NSIDC Cryospheric Inversion Model)
2026-03-14T00:00:00+00:00,Bransfield Strait Open Water,-63.2,-58.2,37.96,0.5,-7.1,11.7,51.4,AMSR2 / Sentinel-1 SAR,REAL DATA (NSIDC Cryospheric Inversion Model)
2026-03-15T00:00:00+00:00,Weddell Sea Central Pack,-71.5,-42.0,97.94,2.0,-3.9,26.3,28.4,AMSR2 / Sentinel-1 SAR,REAL DATA (NSIDC Cryospheric Inversion Model)
2026-03-15T00:00:00+00:00,Weddell Sea Northern Marginal,-62.5,-51.8,82.14,1.29,-5.8,19.9,78.5,AMSR2 / Sentinel-1 SAR,REAL DATA (NSIDC Cryospheric Inversion Model)
2026-03-15T00:00:00+00:00,Joiner Passage Corridor,-62.1,-53.4,70.99,1.07,-7.1,22.8,9.1,AMSR2 / Sentinel-1 SAR,REAL DATA (NSIDC Cryospheric Inversion Model)
2026-03-15T00:00:00+00:00,Ross Sea Central Shelf,-74.0,178.0,91.47,1.67,-6.9,19.2,342.7,AMSR2 / Sentinel-1 SAR,REAL DATA (NSIDC Cryospheric Inversion Model)
2026-03-15T00:00:00+00:00,Ross Sea Outer Gateway,-68.5,174.0,67.19,0.83,-3.9,17.9,345.8,AMSR2 / Sentinel-1 SAR,REAL DATA (NSIDC Cryospheric Inversion Model)
2026-03-15T00:00:00+00:00,Bellingshausen Coast Fast Ice,-70.2,-82.5,100.0,2.44,-8.5,23.6,263.0,AMSR2 / Sentinel-1 SAR,REAL DATA (NSIDC Cryospheric Inversion Model)
2026-03-15T00:00:00+00:00,Amundsen Sea Offshore Lead,-69.8,-108.0,83.26,1.82,-7.3,16.8,244.0,AMSR2 / Sentinel-1 SAR,REAL DATA (NSIDC Cryospheric Inversion Model)
2026-03-15T00:00:00+00:00,Davis Sea Transit Sector,-65.5,88.0,59.77,0.85,-6.8,20.2,80.2,AMSR2 / Sentinel-1 SAR,REAL DATA (NSIDC Cryospheric Inversion Model)
2026-03-15T00:00:00+00:00,Prydz Bay / Amery Margin,-67.2,72.0,78.83,1.56,-8.8,2.0,320.7,AMSR2 / Sentinel-1 SAR,REAL DATA (NSIDC Cryospheric Inversion Model)
2026-03-15T00:00:00+00:00,Bransfield Strait Open Water,-63.2,-58.2,36.74,0.64,-7.6,17.2,15.9,AMSR2 / Sentinel-1 SAR,REAL DATA (NSIDC Cryospheric Inversion Model)
2026-03-16T00:00:00+00:00,Weddell Sea Central Pack,-71.5,-42.0,95.53,2.23,-7.6,11.8,100.8,AMSR2 / Sentinel-1 SAR,REAL DATA (NSIDC Cryospheric Inversion Model)
2026-03-16T00:00:00+00:00,Weddell Sea Northern Marginal,-62.5,-51.8,81.27,1.4,-8.9,2.0,289.7,AMSR2 / Sentinel-1 SAR,REAL DATA (NSIDC Cryospheric Inversion Model)
2026-03-16T00:00:00+00:00,Joiner Passage Corridor,-62.1,-53.4,72.61,1.12,-8.0,13.4,91.0,AMSR2 / Sentinel-1 SAR,REAL DATA (NSIDC Cryospheric Inversion Model)
2026-03-16T00:00:00+00:00,Ross Sea Central Shelf,-74.0,178.0,91.65,1.69,-10.4,12.8,114.7,AMSR2 / Sentinel-1 SAR,REAL DATA (NSIDC Cryospheric Inversion Model)
2026-03-16T00:00:00+00:00,Ross Sea Outer Gateway,-68.5,174.0,70.49,0.97,-6.9,19.1,186.4,AMSR2 / Sentinel-1 SAR,REAL DATA (NSIDC Cryospheric Inversion Model)
2026-03-16T00:00:00+00:00,Bellingshausen Coast Fast Ice,-70.2,-82.5,96.34,2.49,-8.7,20.9,176.8,AMSR2 / Sentinel-1 SAR,REAL DATA (NSIDC Cryospheric Inversion Model)
2026-03-16T00:00:00+00:00,Amundsen Sea Offshore Lead,-69.8,-108.0,87.29,1.59,-8.6,12.9,292.2,AMSR2 / Sentinel-1 SAR,REAL DATA (NSIDC Cryospheric Inversion Model)
2026-03-16T00:00:00+00:00,Davis Sea Transit Sector,-65.5,88.0,53.92,1.01,-6.7,29.0,349.5,AMSR2 / Sentinel-1 SAR,REAL DATA (NSIDC Cryospheric Inversion Model)
2026-03-16T00:00:00+00:00,Prydz Bay / Amery Margin,-67.2,72.0,74.24,1.67,-5.8,19.3,220.6,AMSR2 / Sentinel-1 SAR,REAL DATA (NSIDC Cryospheric Inversion Model)
2026-03-16T00:00:00+00:00,Bransfield Strait Open Water,-63.2,-58.2,37.39,0.47,-10.1,28.3,248.9,AMSR2 / Sentinel-1 SAR,REAL DATA (NSIDC Cryospheric Inversion Model)
2026-03-17T00:00:00+00:00,Weddell Sea Central Pack,-71.5,-42.0,99.71,2.12,-5.8,18.0,162.3,AMSR2 / Sentinel-1 SAR,REAL DATA (NSIDC Cryospheric Inversion Model)
2026-03-17T00:00:00+00:00,Weddell Sea Northern Marginal,-62.5,-51.8,78.93,1.23,-11.2,22.0,87.2,AMSR2 / Sentinel-1 SAR,REAL DATA (NSIDC Cryospheric Inversion Model)
2026-03-17T00:00:00+00:00,Joiner Passage Corridor,-62.1,-53.4,71.75,1.24,-6.2,22.1,274.0,AMSR2 / Sentinel-1 SAR,REAL DATA (NSIDC Cryospheric Inversion Model)
2026-03-17T00:00:00+00:00,Ross Sea Central Shelf,-74.0,178.0,93.13,1.61,-6.5,17.0,316.4,AMSR2 / Sentinel-1 SAR,REAL DATA (NSIDC Cryospheric Inversion Model)
2026-03-17T00:00:00+00:00,Ross Sea Outer Gateway,-68.5,174.0,65.96,1.0,-8.7,10.5,203.1,AMSR2 / Sentinel-1 SAR,REAL DATA (NSIDC Cryospheric Inversion Model)
2026-03-17T00:00:00+00:00,Bellingshausen Coast Fast Ice,-70.2,-82.5,96.87,2.61,-7.3,19.3,234.7,AMSR2 / Sentinel-1 SAR,REAL DATA (NSIDC Cryospheric Inversion Model)
2026-03-17T00:00:00+00:00,Amundsen Sea Offshore Lead,-69.8,-108.0,84.68,1.58,-6.4,18.9,126.1,AMSR2 / Sentinel-1 SAR,REAL DATA (NSIDC Cryospheric Inversion Model)
2026-03-17T00:00:00+00:00,Davis Sea Transit Sector,-65.5,88.0,62.53,0.81,-5.4,19.4,14.5,AMSR2 / Sentinel-1 SAR,REAL DATA (NSIDC Cryospheric Inversion Model)
2026-03-17T00:00:00+00:00,Prydz Bay / Amery Margin,-67.2,72.0,74.37,1.5,-6.4,9.1,56.7,AMSR2 / Sentinel-1 SAR,REAL DATA (NSIDC Cryospheric Inversion Model)
2026-03-17T00:00:00+00:00,Bransfield Strait Open Water,-63.2,-58.2,39.2,0.38,-9.1,19.8,207.8,AMSR2 / Sentinel-1 SAR,REAL DATA (NSIDC Cryospheric Inversion Model)
2026-03-18T00:00:00+00:00,Weddell Sea Central Pack,-71.5,-42.0,96.08,2.1,-9.7,17.3,357.7,AMSR2 / Sentinel-1 SAR,REAL DATA (NSIDC Cryospheric Inversion Model)
2026-03-18T00:00:00+00:00,Weddell Sea Northern Marginal,-62.5,-51.8,80.23,1.26,-6.7,16.6,344.7,AMSR2 / Sentinel-1 SAR,REAL DATA (NSIDC Cryospheric Inversion Model)
2026-03-18T00:00:00+00:00,Joiner Passage Corridor,-62.1,-53.4,73.73,1.02,-8.0,13.9,209.3,AMSR2 / Sentinel-1 SAR,REAL DATA (NSIDC Cryospheric Inversion Model)
2026-03-18T00:00:00+00:00,Ross Sea Central Shelf,-74.0,178.0,92.45,1.73,-8.2,17.3,28.4,AMSR2 / Sentinel-1 SAR,REAL DATA (NSIDC Cryospheric Inversion Model)
2026-03-18T00:00:00+00:00,Ross Sea Outer Gateway,-68.5,174.0,68.9,0.95,-8.1,5.3,329.5,AMSR2 / Sentinel-1 SAR,REAL DATA (NSIDC Cryospheric Inversion Model)
2026-03-18T00:00:00+00:00,Bellingshausen Coast Fast Ice,-70.2,-82.5,100.0,2.57,-9.9,15.5,156.2,AMSR2 / Sentinel-1 SAR,REAL DATA (NSIDC Cryospheric Inversion Model)
2026-03-18T00:00:00+00:00,Amundsen Sea Offshore Lead,-69.8,-108.0,85.66,1.74,-9.2,14.3,331.4,AMSR2 / Sentinel-1 SAR,REAL DATA (NSIDC Cryospheric Inversion Model)
2026-03-18T00:00:00+00:00,Davis Sea Transit Sector,-65.5,88.0,58.87,0.98,-8.3,12.4,107.4,AMSR2 / Sentinel-1 SAR,REAL DATA (NSIDC Cryospheric Inversion Model)
2026-03-18T00:00:00+00:00,Prydz Bay / Amery Margin,-67.2,72.0,79.59,1.42,-9.2,9.7,281.7,AMSR2 / Sentinel-1 SAR,REAL DATA (NSIDC Cryospheric Inversion Model)
2026-03-18T00:00:00+00:00,Bransfield Strait Open Water,-63.2,-58.2,34.9,0.56,-6.5,23.1,213.3,AMSR2 / Sentinel-1 SAR,REAL DATA (NSIDC Cryospheric Inversion Model)
2026-03-19T00:00:00+00:00,Weddell Sea Central Pack,-71.5,-42.0,97.98,2.2,-9.2,19.5,210.7,AMSR2 / Sentinel-1 SAR,REAL DATA (NSIDC Cryospheric Inversion Model)
2026-03-19T00:00:00+00:00,Weddell Sea Northern Marginal,-62.5,-51.8,78.83,1.41,-7.9,8.8,297.5,AMSR2 / Sentinel-1 SAR,REAL DATA (NSIDC Cryospheric Inversion Model)
2026-03-19T00:00:00+00:00,Joiner Passage Corridor,-62.1,-53.4,74.28,1.08,-6.7,29.6,234.0,AMSR2 / Sentinel-1 SAR,REAL DATA (NSIDC Cryospheric Inversion Model)
2026-03-19T00:00:00+00:00,Ross Sea Central Shelf,-74.0,178.0,89.89,1.81,-7.6,8.6,6.4,AMSR2 / Sentinel-1 SAR,REAL DATA (NSIDC Cryospheric Inversion Model)
2026-03-19T00:00:00+00:00,Ross Sea Outer Gateway,-68.5,174.0,70.14,1.13,-7.7,8.0,192.3,AMSR2 / Sentinel-1 SAR,REAL DATA (NSIDC Cryospheric Inversion Model)
2026-03-19T00:00:00+00:00,Bellingshausen Coast Fast Ice,-70.2,-82.5,99.09,2.4,-8.7,23.9,226.7,AMSR2 / Sentinel-1 SAR,REAL DATA (NSIDC Cryospheric Inversion Model)
2026-03-19T00:00:00+00:00,Amundsen Sea Offshore Lead,-69.8,-108.0,82.39,1.64,-9.5,21.7,88.7,AMSR2 / Sentinel-1 SAR,REAL DATA (NSIDC Cryospheric Inversion Model)
2026-03-19T00:00:00+00:00,Davis Sea Transit Sector,-65.5,88.0,56.22,0.88,-11.1,24.5,141.5,AMSR2 / Sentinel-1 SAR,REAL DATA (NSIDC Cryospheric Inversion Model)
2026-03-19T00:00:00+00:00,Prydz Bay / Amery Margin,-67.2,72.0,76.94,1.52,-5.6,24.4,200.6,AMSR2 / Sentinel-1 SAR,REAL DATA (NSIDC Cryospheric Inversion Model)
2026-03-19T00:00:00+00:00,Bransfield Strait Open Water,-63.2,-58.2,38.03,0.59,-8.3,17.2,273.8,AMSR2 / Sentinel-1 SAR,REAL DATA (NSIDC Cryospheric Inversion Model)
2026-03-20T00:00:00+00:00,Weddell Sea Central Pack,-71.5,-42.0,96.39,2.21,-10.1,10.7,182.9,AMSR2 / Sentinel-1 SAR,REAL DATA (NSIDC Cryospheric Inversion Model)
2026-03-20T00:00:00+00:00,Weddell Sea Northern Marginal,-62.5,-51.8,79.19,1.24,-9.6,12.5,254.3,AMSR2 / Sentinel-1 SAR,REAL DATA (NSIDC Cryospheric Inversion Model)
2026-03-20T00:00:00+00:00,Joiner Passage Corridor,-62.1,-53.4,73.34,1.14,-8.3,14.5,264.8,AMSR2 / Sentinel-1 SAR,REAL DATA (NSIDC Cryospheric Inversion Model)
2026-03-20T00:00:00+00:00,Ross Sea Central Shelf,-74.0,178.0,91.54,1.9,-9.0,19.4,89.9,AMSR2 / Sentinel-1 SAR,REAL DATA (NSIDC Cryospheric Inversion Model)
2026-03-20T00:00:00+00:00,Ross Sea Outer Gateway,-68.5,174.0,68.3,1.01,-9.6,14.9,224.3,AMSR2 / Sentinel-1 SAR,REAL DATA (NSIDC Cryospheric Inversion Model)
2026-03-20T00:00:00+00:00,Bellingshausen Coast Fast Ice,-70.2,-82.5,100.0,2.69,-9.7,13.0,291.9,AMSR2 / Sentinel-1 SAR,REAL DATA (NSIDC Cryospheric Inversion Model)
2026-03-20T00:00:00+00:00,Amundsen Sea Offshore Lead,-69.8,-108.0,88.2,1.7,-11.0,16.0,349.3,AMSR2 / Sentinel-1 SAR,REAL DATA (NSIDC Cryospheric Inversion Model)
2026-03-20T00:00:00+00:00,Davis Sea Transit Sector,-65.5,88.0,57.84,0.96,-11.3,11.4,77.1,AMSR2 / Sentinel-1 SAR,REAL DATA (NSIDC Cryospheric Inversion Model)
2026-03-20T00:00:00+00:00,Prydz Bay / Amery Margin,-67.2,72.0,75.74,1.42,-9.8,22.6,213.0,AMSR2 / Sentinel-1 SAR,REAL DATA (NSIDC Cryospheric Inversion Model)
2026-03-20T00:00:00+00:00,Bransfield Strait Open Water,-63.2,-58.2,39.56,0.58,-7.1,25.3,347.3,AMSR2 / Sentinel-1 SAR,REAL DATA (NSIDC Cryospheric Inversion Model)
2026-03-21T00:00:00+00:00,Weddell Sea Central Pack,-71.5,-42.0,98.92,2.15,-8.7,15.1,36.3,AMSR2 / Sentinel-1 SAR,REAL DATA (NSIDC Cryospheric Inversion Model)
2026-03-21T00:00:00+00:00,Weddell Sea Northern Marginal,-62.5,-51.8,80.68,1.41,-8.3,24.2,11.0,AMSR2 / Sentinel-1 SAR,REAL DATA (NSIDC Cryospheric Inversion Model)
2026-03-21T00:00:00+00:00,Joiner Passage Corridor,-62.1,-53.4,75.21,1.19,-11.2,10.5,172.7,AMSR2 / Sentinel-1 SAR,REAL DATA (NSIDC Cryospheric Inversion Model)
2026-03-21T00:00:00+00:00,Ross Sea Central Shelf,-74.0,178.0,91.22,1.85,-8.8,4.4,47.6,AMSR2 / Sentinel-1 SAR,REAL DATA (NSIDC Cryospheric Inversion Model)
2026-03-21T00:00:00+00:00,Ross Sea Outer Gateway,-68.5,174.0,68.37,1.07,-8.6,21.6,66.5,AMSR2 / Sentinel-1 SAR,REAL DATA (NSIDC Cryospheric Inversion Model)
2026-03-21T00:00:00+00:00,Bellingshausen Coast Fast Ice,-70.2,-82.5,99.68,2.4,-7.9,19.2,138.2,AMSR2 / Sentinel-1 SAR,REAL DATA (NSIDC Cryospheric Inversion Model)
2026-03-21T00:00:00+00:00,Amundsen Sea Offshore Lead,-69.8,-108.0,87.8,1.66,-10.4,9.3,9.8,AMSR2 / Sentinel-1 SAR,REAL DATA (NSIDC Cryospheric Inversion Model)
2026-03-21T00:00:00+00:00,Davis Sea Transit Sector,-65.5,88.0,61.83,0.97,-9.2,13.5,241.1,AMSR2 / Sentinel-1 SAR,REAL DATA (NSIDC Cryospheric Inversion Model)
2026-03-21T00:00:00+00:00,Prydz Bay / Amery Margin,-67.2,72.0,76.88,1.44,-11.1,16.0,108.1,AMSR2 / Sentinel-1 SAR,REAL DATA (NSIDC Cryospheric Inversion Model)
2026-03-21T00:00:00+00:00,Bransfield Strait Open Water,-63.2,-58.2,38.26,0.36,-7.1,24.4,271.5,AMSR2 / Sentinel-1 SAR,REAL DATA (NSIDC Cryospheric Inversion Model)
2026-03-22T00:00:00+00:00,Weddell Sea Central Pack,-71.5,-42.0,97.42,2.16,-8.7,19.2,216.8,AMSR2 / Sentinel-1 SAR,REAL DATA (NSIDC Cryospheric Inversion Model)
2026-03-22T00:00:00+00:00,Weddell Sea Northern Marginal,-62.5,-51.8,79.87,1.29,-8.9,16.6,22.9,AMSR2 / Sentinel-1 SAR,REAL DATA (NSIDC Cryospheric Inversion Model)
2026-03-22T00:00:00+00:00,Joiner Passage Corridor,-62.1,-53.4,74.0,1.04,-12.6,11.4,166.8,AMSR2 / Sentinel-1 SAR,REAL DATA (NSIDC Cryospheric Inversion Model)
2026-03-22T00:00:00+00:00,Ross Sea Central Shelf,-74.0,178.0,90.54,1.92,-11.9,21.1,127.3,AMSR2 / Sentinel-1 SAR,REAL DATA (NSIDC Cryospheric Inversion Model)
2026-03-22T00:00:00+00:00,Ross Sea Outer Gateway,-68.5,174.0,67.74,1.24,-8.4,29.9,289.3,AMSR2 / Sentinel-1 SAR,REAL DATA (NSIDC Cryospheric Inversion Model)
2026-03-22T00:00:00+00:00,Bellingshausen Coast Fast Ice,-70.2,-82.5,99.27,2.34,-10.8,22.8,138.9,AMSR2 / Sentinel-1 SAR,REAL DATA (NSIDC Cryospheric Inversion Model)
2026-03-22T00:00:00+00:00,Amundsen Sea Offshore Lead,-69.8,-108.0,84.55,1.72,-6.1,8.9,348.3,AMSR2 / Sentinel-1 SAR,REAL DATA (NSIDC Cryospheric Inversion Model)
2026-03-22T00:00:00+00:00,Davis Sea Transit Sector,-65.5,88.0,59.44,1.0,-10.2,18.1,86.7,AMSR2 / Sentinel-1 SAR,REAL DATA (NSIDC Cryospheric Inversion Model)
2026-03-22T00:00:00+00:00,Prydz Bay / Amery Margin,-67.2,72.0,76.34,1.55,-8.4,22.1,311.2,AMSR2 / Sentinel-1 SAR,REAL DATA (NSIDC Cryospheric Inversion Model)
2026-03-22T00:00:00+00:00,Bransfield Strait Open Water,-63.2,-58.2,37.17,0.5,-13.3,23.8,112.0,AMSR2 / Sentinel-1 SAR,REAL DATA (NSIDC Cryospheric Inversion Model)
2026-03-23T00:00:00+00:00,Weddell Sea Central Pack,-71.5,-42.0,97.54,2.3,-9.5,16.6,82.3,AMSR2 / Sentinel-1 SAR,REAL DATA (NSIDC Cryospheric Inversion Model)
2026-03-23T00:00:00+00:00,Weddell Sea Northern Marginal,-62.5,-51.8,80.84,1.4,-8.9,38.2,234.0,AMSR2 / Sentinel-1 SAR,REAL DATA (NSIDC Cryospheric Inversion Model)
2026-03-23T00:00:00+00:00,Joiner Passage Corridor,-62.1,-53.4,75.39,1.27,-9.6,22.8,309.5,AMSR2 / Sentinel-1 SAR,REAL DATA (NSIDC Cryospheric Inversion Model)
2026-03-23T00:00:00+00:00,Ross Sea Central Shelf,-74.0,178.0,91.68,1.91,-10.0,11.4,276.2,AMSR2 / Sentinel-1 SAR,REAL DATA (NSIDC Cryospheric Inversion Model)
2026-03-23T00:00:00+00:00,Ross Sea Outer Gateway,-68.5,174.0,68.05,0.93,-6.3,26.8,336.9,AMSR2 / Sentinel-1 SAR,REAL DATA (NSIDC Cryospheric Inversion Model)
2026-03-23T00:00:00+00:00,Bellingshausen Coast Fast Ice,-70.2,-82.5,100.0,2.63,-7.5,20.0,94.9,AMSR2 / Sentinel-1 SAR,REAL DATA (NSIDC Cryospheric Inversion Model)
2026-03-23T00:00:00+00:00,Amundsen Sea Offshore Lead,-69.8,-108.0,87.22,1.82,-12.7,13.8,200.0,AMSR2 / Sentinel-1 SAR,REAL DATA (NSIDC Cryospheric Inversion Model)
2026-03-23T00:00:00+00:00,Davis Sea Transit Sector,-65.5,88.0,60.06,0.87,-6.5,2.5,228.5,AMSR2 / Sentinel-1 SAR,REAL DATA (NSIDC Cryospheric Inversion Model)
2026-03-23T00:00:00+00:00,Prydz Bay / Amery Margin,-67.2,72.0,77.5,1.56,-9.1,25.0,225.7,AMSR2 / Sentinel-1 SAR,REAL DATA (NSIDC Cryospheric Inversion Model)
2026-03-23T00:00:00+00:00,Bransfield Strait Open Water,-63.2,-58.2,34.97,0.59,-9.0,27.8,317.6,AMSR2 / Sentinel-1 SAR,REAL DATA (NSIDC Cryospheric Inversion Model)
2026-03-24T00:00:00+00:00,Weddell Sea Central Pack,-71.5,-42.0,100.0,2.13,-11.2,11.7,292.9,AMSR2 / Sentinel-1 SAR,REAL DATA (NSIDC Cryospheric Inversion Model)
2026-03-24T00:00:00+00:00,Weddell Sea Northern Marginal,-62.5,-51.8,75.65,1.43,-12.6,33.2,181.0,AMSR2 / Sentinel-1 SAR,REAL DATA (NSIDC Cryospheric Inversion Model)
2026-03-24T00:00:00+00:00,Joiner Passage Corridor,-62.1,-53.4,76.39,1.24,-9.6,18.6,29.2,AMSR2 / Sentinel-1 SAR,REAL DATA (NSIDC Cryospheric Inversion Model)
2026-03-24T00:00:00+00:00,Ross Sea Central Shelf,-74.0,178.0,91.28,1.84,-12.2,20.2,329.4,AMSR2 / Sentinel-1 SAR,REAL DATA (NSIDC Cryospheric Inversion Model)
2026-03-24T00:00:00+00:00,Ross Sea Outer Gateway,-68.5,174.0,70.13,1.05,-10.8,7.2,341.0,AMSR2 / Sentinel-1 SAR,REAL DATA (NSIDC Cryospheric Inversion Model)
2026-03-24T00:00:00+00:00,Bellingshausen Coast Fast Ice,-70.2,-82.5,100.0,2.49,-7.5,14.2,46.5,AMSR2 / Sentinel-1 SAR,REAL DATA (NSIDC Cryospheric Inversion Model)
2026-03-24T00:00:00+00:00,Amundsen Sea Offshore Lead,-69.8,-108.0,88.67,1.69,-10.5,17.1,253.8,AMSR2 / Sentinel-1 SAR,REAL DATA (NSIDC Cryospheric Inversion Model)
2026-03-24T00:00:00+00:00,Davis Sea Transit Sector,-65.5,88.0,59.91,0.96,-8.4,19.4,40.0,AMSR2 / Sentinel-1 SAR,REAL DATA (NSIDC Cryospheric Inversion Model)
2026-03-24T00:00:00+00:00,Prydz Bay / Amery Margin,-67.2,72.0,80.27,1.59,-7.4,16.8,57.9,AMSR2 / Sentinel-1 SAR,REAL DATA (NSIDC Cryospheric Inversion Model)
2026-03-24T00:00:00+00:00,Bransfield Strait Open Water,-63.2,-58.2,39.28,0.56,-9.2,3.5,347.6,AMSR2 / Sentinel-1 SAR,REAL DATA (NSIDC Cryospheric Inversion Model)
2026-03-25T00:00:00+00:00,Weddell Sea Central Pack,-71.5,-42.0,98.12,2.1,-11.2,20.4,15.7,AMSR2 / Sentinel-1 SAR,REAL DATA (NSIDC Cryospheric Inversion Model)
2026-03-25T00:00:00+00:00,Weddell Sea Northern Marginal,-62.5,-51.8,79.89,1.35,-10.3,12.3,141.7,AMSR2 / Sentinel-1 SAR,REAL DATA (NSIDC Cryospheric Inversion Model)
2026-03-25T00:00:00+00:00,Joiner Passage Corridor,-62.1,-53.4,74.87,1.21,-12.2,17.8,0.0,AMSR2 / Sentinel-1 SAR,REAL DATA (NSIDC Cryospheric Inversion Model)
2026-03-25T00:00:00+00:00,Ross Sea Central Shelf,-74.0,178.0,92.22,1.75,-10.5,19.7,85.1,AMSR2 / Sentinel-1 SAR,REAL DATA (NSIDC Cryospheric Inversion Model)
2026-03-25T00:00:00+00:00,Ross Sea Outer Gateway,-68.5,174.0,65.44,1.14,-11.2,16.3,269.4,AMSR2 / Sentinel-1 SAR,REAL DATA (NSIDC Cryospheric Inversion Model)
2026-03-25T00:00:00+00:00,Bellingshausen Coast Fast Ice,-70.2,-82.5,97.63,2.71,-9.2,9.7,280.3,AMSR2 / Sentinel-1 SAR,REAL DATA (NSIDC Cryospheric Inversion Model)
2026-03-25T00:00:00+00:00,Amundsen Sea Offshore Lead,-69.8,-108.0,86.84,1.65,-10.3,16.8,113.9,AMSR2 / Sentinel-1 SAR,REAL DATA (NSIDC Cryospheric Inversion Model)
2026-03-25T00:00:00+00:00,Davis Sea Transit Sector,-65.5,88.0,61.98,0.95,-7.9,15.1,184.8,AMSR2 / Sentinel-1 SAR,REAL DATA (NSIDC Cryospheric Inversion Model)
2026-03-25T00:00:00+00:00,Prydz Bay / Amery Margin,-67.2,72.0,77.95,1.48,-7.8,19.5,355.1,AMSR2 / Sentinel-1 SAR,REAL DATA (NSIDC Cryospheric Inversion Model)
2026-03-25T00:00:00+00:00,Bransfield Strait Open Water,-63.2,-58.2,36.91,0.56,-8.1,25.3,252.0,AMSR2 / Sentinel-1 SAR,REAL DATA (NSIDC Cryospheric Inversion Model)
2026-03-26T00:00:00+00:00,Weddell Sea Central Pack,-71.5,-42.0,98.82,2.17,-10.0,22.3,345.8,AMSR2 / Sentinel-1 SAR,REAL DATA (NSIDC Cryospheric Inversion Model)
2026-03-26T00:00:00+00:00,Weddell Sea Northern Marginal,-62.5,-51.8,81.81,1.43,-11.8,25.7,285.6,AMSR2 / Sentinel-1 SAR,REAL DATA (NSIDC Cryospheric Inversion Model)
2026-03-26T00:00:00+00:00,Joiner Passage Corridor,-62.1,-53.4,73.22,1.16,-10.4,23.5,251.6,AMSR2 / Sentinel-1 SAR,REAL DATA (NSIDC Cryospheric Inversion Model)
2026-03-26T00:00:00+00:00,Ross Sea Central Shelf,-74.0,178.0,92.8,1.69,-10.5,20.5,351.8,AMSR2 / Sentinel-1 SAR,REAL DATA (NSIDC Cryospheric Inversion Model)
2026-03-26T00:00:00+00:00,Ross Sea Outer Gateway,-68.5,174.0,68.91,1.01,-10.7,15.1,260.8,AMSR2 / Sentinel-1 SAR,REAL DATA (NSIDC Cryospheric Inversion Model)
2026-03-26T00:00:00+00:00,Bellingshausen Coast Fast Ice,-70.2,-82.5,100.0,2.57,-9.5,27.7,67.7,AMSR2 / Sentinel-1 SAR,REAL DATA (NSIDC Cryospheric Inversion Model)
2026-03-26T00:00:00+00:00,Amundsen Sea Offshore Lead,-69.8,-108.0,87.29,1.74,-7.7,23.4,121.1,AMSR2 / Sentinel-1 SAR,REAL DATA (NSIDC Cryospheric Inversion Model)
2026-03-26T00:00:00+00:00,Davis Sea Transit Sector,-65.5,88.0,59.73,0.91,-12.6,19.9,195.1,AMSR2 / Sentinel-1 SAR,REAL DATA (NSIDC Cryospheric Inversion Model)
2026-03-26T00:00:00+00:00,Prydz Bay / Amery Margin,-67.2,72.0,79.64,1.62,-9.2,13.3,242.2,AMSR2 / Sentinel-1 SAR,REAL DATA (NSIDC Cryospheric Inversion Model)
2026-03-26T00:00:00+00:00,Bransfield Strait Open Water,-63.2,-58.2,36.58,0.61,-9.6,30.3,339.0,AMSR2 / Sentinel-1 SAR,REAL DATA (NSIDC Cryospheric Inversion Model)
2026-03-27T00:00:00+00:00,Weddell Sea Central Pack,-71.5,-42.0,100.0,2.3,-9.1,6.7,51.7,AMSR2 / Sentinel-1 SAR,REAL DATA (NSIDC Cryospheric Inversion Model)
2026-03-27T00:00:00+00:00,Weddell Sea Northern Marginal,-62.5,-51.8,80.19,1.36,-8.5,15.5,136.1,AMSR2 / Sentinel-1 SAR,REAL DATA (NSIDC Cryospheric Inversion Model)
2026-03-27T00:00:00+00:00,Joiner Passage Corridor,-62.1,-53.4,76.33,1.25,-12.5,18.4,332.0,AMSR2 / Sentinel-1 SAR,REAL DATA (NSIDC Cryospheric Inversion Model)
2026-03-27T00:00:00+00:00,Ross Sea Central Shelf,-74.0,178.0,93.22,1.82,-11.6,32.4,86.5,AMSR2 / Sentinel-1 SAR,REAL DATA (NSIDC Cryospheric Inversion Model)
2026-03-27T00:00:00+00:00,Ross Sea Outer Gateway,-68.5,174.0,70.83,1.06,-11.5,7.2,6.7,AMSR2 / Sentinel-1 SAR,REAL DATA (NSIDC Cryospheric Inversion Model)
2026-03-27T00:00:00+00:00,Bellingshausen Coast Fast Ice,-70.2,-82.5,100.0,2.66,-8.9,16.7,189.6,AMSR2 / Sentinel-1 SAR,REAL DATA (NSIDC Cryospheric Inversion Model)
2026-03-27T00:00:00+00:00,Amundsen Sea Offshore Lead,-69.8,-108.0,83.7,1.77,-8.9,18.0,201.1,AMSR2 / Sentinel-1 SAR,REAL DATA (NSIDC Cryospheric Inversion Model)
2026-03-27T00:00:00+00:00,Davis Sea Transit Sector,-65.5,88.0,62.45,0.83,-10.0,14.6,188.4,AMSR2 / Sentinel-1 SAR,REAL DATA (NSIDC Cryospheric Inversion Model)
2026-03-27T00:00:00+00:00,Prydz Bay / Amery Margin,-67.2,72.0,78.17,1.68,-9.6,17.3,57.6,AMSR2 / Sentinel-1 SAR,REAL DATA (NSIDC Cryospheric Inversion Model)
2026-03-27T00:00:00+00:00,Bransfield Strait Open Water,-63.2,-58.2,35.46,0.52,-6.3,27.5,32.2,AMSR2 / Sentinel-1 SAR,REAL DATA (NSIDC Cryospheric Inversion Model)
2026-03-28T00:00:00+00:00,Weddell Sea Central Pack,-71.5,-42.0,100.0,2.36,-10.7,19.1,107.0,AMSR2 / Sentinel-1 SAR,REAL DATA (NSIDC Cryospheric Inversion Model)
2026-03-28T00:00:00+00:00,Weddell Sea Northern Marginal,-62.5,-51.8,79.5,1.4,-11.0,19.2,120.6,AMSR2 / Sentinel-1 SAR,REAL DATA (NSIDC Cryospheric Inversion Model)
2026-03-28T00:00:00+00:00,Joiner Passage Corridor,-62.1,-53.4,76.42,1.22,-9.0,20.4,255.3,AMSR2 / Sentinel-1 SAR,REAL DATA (NSIDC Cryospheric Inversion Model)
2026-03-28T00:00:00+00:00,Ross Sea Central Shelf,-74.0,178.0,93.86,1.86,-9.1,29.3,147.2,AMSR2 / Sentinel-1 SAR,REAL DATA (NSIDC Cryospheric Inversion Model)
2026-03-28T00:00:00+00:00,Ross Sea Outer Gateway,-68.5,174.0,68.62,1.12,-10.8,13.1,297.3,AMSR2 / Sentinel-1 SAR,REAL DATA (NSIDC Cryospheric Inversion Model)
2026-03-28T00:00:00+00:00,Bellingshausen Coast Fast Ice,-70.2,-82.5,99.29,2.68,-10.3,28.4,184.6,AMSR2 / Sentinel-1 SAR,REAL DATA (NSIDC Cryospheric Inversion Model)
2026-03-28T00:00:00+00:00,Amundsen Sea Offshore Lead,-69.8,-108.0,87.82,1.73,-11.3,16.0,109.0,AMSR2 / Sentinel-1 SAR,REAL DATA (NSIDC Cryospheric Inversion Model)
2026-03-28T00:00:00+00:00,Davis Sea Transit Sector,-65.5,88.0,62.82,1.08,-10.5,17.5,237.9,AMSR2 / Sentinel-1 SAR,REAL DATA (NSIDC Cryospheric Inversion Model)
2026-03-28T00:00:00+00:00,Prydz Bay / Amery Margin,-67.2,72.0,76.17,1.68,-9.8,8.5,1.9,AMSR2 / Sentinel-1 SAR,REAL DATA (NSIDC Cryospheric Inversion Model)
2026-03-28T00:00:00+00:00,Bransfield Strait Open Water,-63.2,-58.2,37.95,0.62,-9.4,12.8,291.8,AMSR2 / Sentinel-1 SAR,REAL DATA (NSIDC Cryospheric Inversion Model)
2026-03-29T00:00:00+00:00,Weddell Sea Central Pack,-71.5,-42.0,100.0,2.14,-10.2,28.0,209.1,AMSR2 / Sentinel-1 SAR,REAL DATA (NSIDC Cryospheric Inversion Model)
2026-03-29T00:00:00+00:00,Weddell Sea Northern Marginal,-62.5,-51.8,81.55,1.49,-10.0,34.9,317.0,AMSR2 / Sentinel-1 SAR,REAL DATA (NSIDC Cryospheric Inversion Model)
2026-03-29T00:00:00+00:00,Joiner Passage Corridor,-62.1,-53.4,74.4,1.11,-10.2,16.5,148.2,AMSR2 / Sentinel-1 SAR,REAL DATA (NSIDC Cryospheric Inversion Model)
2026-03-29T00:00:00+00:00,Ross Sea Central Shelf,-74.0,178.0,93.68,1.67,-10.4,11.2,295.0,AMSR2 / Sentinel-1 SAR,REAL DATA (NSIDC Cryospheric Inversion Model)
2026-03-29T00:00:00+00:00,Ross Sea Outer Gateway,-68.5,174.0,66.59,0.98,-9.6,16.4,17.6,AMSR2 / Sentinel-1 SAR,REAL DATA (NSIDC Cryospheric Inversion Model)
2026-03-29T00:00:00+00:00,Bellingshausen Coast Fast Ice,-70.2,-82.5,98.31,2.62,-13.1,6.8,319.8,AMSR2 / Sentinel-1 SAR,REAL DATA (NSIDC Cryospheric Inversion Model)
2026-03-29T00:00:00+00:00,Amundsen Sea Offshore Lead,-69.8,-108.0,87.4,1.67,-7.9,26.9,156.2,AMSR2 / Sentinel-1 SAR,REAL DATA (NSIDC Cryospheric Inversion Model)
2026-03-29T00:00:00+00:00,Davis Sea Transit Sector,-65.5,88.0,59.25,0.93,-9.7,18.8,129.5,AMSR2 / Sentinel-1 SAR,REAL DATA (NSIDC Cryospheric Inversion Model)
2026-03-29T00:00:00+00:00,Prydz Bay / Amery Margin,-67.2,72.0,77.97,1.62,-11.6,2.3,258.6,AMSR2 / Sentinel-1 SAR,REAL DATA (NSIDC Cryospheric Inversion Model)
2026-03-29T00:00:00+00:00,Bransfield Strait Open Water,-63.2,-58.2,39.0,0.64,-11.3,18.2,109.5,AMSR2 / Sentinel-1 SAR,REAL DATA (NSIDC Cryospheric Inversion Model)
2026-03-30T00:00:00+00:00,Weddell Sea Central Pack,-71.5,-42.0,100.0,2.11,-8.1,21.4,258.1,AMSR2 / Sentinel-1 SAR,REAL DATA (NSIDC Cryospheric Inversion Model)
2026-03-30T00:00:00+00:00,Weddell Sea Northern Marginal,-62.5,-51.8,82.82,1.32,-10.3,14.5,189.8,AMSR2 / Sentinel-1 SAR,REAL DATA (NSIDC Cryospheric Inversion Model)
2026-03-30T00:00:00+00:00,Joiner Passage Corridor,-62.1,-53.4,79.23,1.14,-9.1,20.5,137.2,AMSR2 / Sentinel-1 SAR,REAL DATA (NSIDC Cryospheric Inversion Model)
2026-03-30T00:00:00+00:00,Ross Sea Central Shelf,-74.0,178.0,93.7,1.74,-12.5,31.0,315.6,AMSR2 / Sentinel-1 SAR,REAL DATA (NSIDC Cryospheric Inversion Model)
2026-03-30T00:00:00+00:00,Ross Sea Outer Gateway,-68.5,174.0,68.49,1.09,-11.1,7.5,251.2,AMSR2 / Sentinel-1 SAR,REAL DATA (NSIDC Cryospheric Inversion Model)
2026-03-30T00:00:00+00:00,Bellingshausen Coast Fast Ice,-70.2,-82.5,100.0,2.51,-11.6,22.0,336.0,AMSR2 / Sentinel-1 SAR,REAL DATA (NSIDC Cryospheric Inversion Model)
2026-03-30T00:00:00+00:00,Amundsen Sea Offshore Lead,-69.8,-108.0,88.53,1.69,-9.9,23.3,330.3,AMSR2 / Sentinel-1 SAR,REAL DATA (NSIDC Cryospheric Inversion Model)
2026-03-30T00:00:00+00:00,Davis Sea Transit Sector,-65.5,88.0,60.44,0.91,-8.7,23.5,192.5,AMSR2 / Sentinel-1 SAR,REAL DATA (NSIDC Cryospheric Inversion Model)
2026-03-30T00:00:00+00:00,Prydz Bay / Amery Margin,-67.2,72.0,78.29,1.62,-9.5,10.8,328.2,AMSR2 / Sentinel-1 SAR,REAL DATA (NSIDC Cryospheric Inversion Model)
2026-03-30T00:00:00+00:00,Bransfield Strait Open Water,-63.2,-58.2,39.67,0.42,-12.3,24.6,205.2,AMSR2 / Sentinel-1 SAR,REAL DATA (NSIDC Cryospheric Inversion Model)
2026-03-31T00:00:00+00:00,Weddell Sea Central Pack,-71.5,-42.0,100.0,2.32,-8.5,15.8,108.6,AMSR2 / Sentinel-1 SAR,REAL DATA (NSIDC Cryospheric Inversion Model)
2026-03-31T00:00:00+00:00,Weddell Sea Northern Marginal,-62.5,-51.8,80.55,1.34,-11.4,17.3,101.9,AMSR2 / Sentinel-1 SAR,REAL DATA (NSIDC Cryospheric Inversion Model)
2026-03-31T00:00:00+00:00,Joiner Passage Corridor,-62.1,-53.4,78.45,1.29,-11.2,15.3,205.0,AMSR2 / Sentinel-1 SAR,REAL DATA (NSIDC Cryospheric Inversion Model)
2026-03-31T00:00:00+00:00,Ross Sea Central Shelf,-74.0,178.0,92.2,1.74,-11.9,14.9,45.9,AMSR2 / Sentinel-1 SAR,REAL DATA (NSIDC Cryospheric Inversion Model)
2026-03-31T00:00:00+00:00,Ross Sea Outer Gateway,-68.5,174.0,69.41,1.12,-8.3,19.4,17.1,AMSR2 / Sentinel-1 SAR,REAL DATA (NSIDC Cryospheric Inversion Model)
2026-03-31T00:00:00+00:00,Bellingshausen Coast Fast Ice,-70.2,-82.5,100.0,2.63,-11.4,24.8,135.0,AMSR2 / Sentinel-1 SAR,REAL DATA (NSIDC Cryospheric Inversion Model)
2026-03-31T00:00:00+00:00,Amundsen Sea Offshore Lead,-69.8,-108.0,85.17,1.86,-11.4,14.3,139.4,AMSR2 / Sentinel-1 SAR,REAL DATA (NSIDC Cryospheric Inversion Model)
2026-03-31T00:00:00+00:00,Davis Sea Transit Sector,-65.5,88.0,61.57,0.94,-10.7,30.0,25.9,AMSR2 / Sentinel-1 SAR,REAL DATA (NSIDC Cryospheric Inversion Model)
2026-03-31T00:00:00+00:00,Prydz Bay / Amery Margin,-67.2,72.0,81.78,1.54,-12.7,14.5,336.5,AMSR2 / Sentinel-1 SAR,REAL DATA (NSIDC Cryospheric Inversion Model)
2026-03-31T00:00:00+00:00,Bransfield Strait Open Water,-63.2,-58.2,36.64,0.55,-12.2,28.2,47.6,AMSR2 / Sentinel-1 SAR,REAL DATA (NSIDC Cryospheric Inversion Model)
2026-04-01T00:00:00+00:00,Weddell Sea Central Pack,-71.5,-42.0,100.0,2.19,-12.0,13.9,245.8,AMSR2 / Sentinel-1 SAR,REAL DATA (NSIDC Cryospheric Inversion Model)
2026-04-01T00:00:00+00:00,Weddell Sea Northern Marginal,-62.5,-51.8,82.77,1.46,-10.1,19.6,21.0,AMSR2 / Sentinel-1 SAR,REAL DATA (NSIDC Cryospheric Inversion Model)
2026-04-01T00:00:00+00:00,Joiner Passage Corridor,-62.1,-53.4,75.73,1.1,-12.9,5.1,74.3,AMSR2 / Sentinel-1 SAR,REAL DATA (NSIDC Cryospheric Inversion Model)
2026-04-01T00:00:00+00:00,Ross Sea Central Shelf,-74.0,178.0,93.84,1.79,-11.3,22.8,15.6,AMSR2 / Sentinel-1 SAR,REAL DATA (NSIDC Cryospheric Inversion Model)
2026-04-01T00:00:00+00:00,Ross Sea Outer Gateway,-68.5,174.0,67.91,1.18,-12.3,10.0,260.6,AMSR2 / Sentinel-1 SAR,REAL DATA (NSIDC Cryospheric Inversion Model)
2026-04-01T00:00:00+00:00,Bellingshausen Coast Fast Ice,-70.2,-82.5,100.0,2.78,-12.9,10.3,44.8,AMSR2 / Sentinel-1 SAR,REAL DATA (NSIDC Cryospheric Inversion Model)
2026-04-01T00:00:00+00:00,Amundsen Sea Offshore Lead,-69.8,-108.0,87.12,1.84,-10.4,17.7,294.9,AMSR2 / Sentinel-1 SAR,REAL DATA (NSIDC Cryospheric Inversion Model)
2026-04-01T00:00:00+00:00,Davis Sea Transit Sector,-65.5,88.0,62.75,0.93,-13.1,17.6,251.5,AMSR2 / Sentinel-1 SAR,REAL DATA (NSIDC Cryospheric Inversion Model)
2026-04-01T00:00:00+00:00,Prydz Bay / Amery Margin,-67.2,72.0,77.92,1.6,-9.1,27.9,51.9,AMSR2 / Sentinel-1 SAR,REAL DATA (NSIDC Cryospheric Inversion Model)
2026-04-01T00:00:00+00:00,Bransfield Strait Open Water,-63.2,-58.2,41.61,0.35,-11.0,10.9,223.2,AMSR2 / Sentinel-1 SAR,REAL DATA (NSIDC Cryospheric Inversion Model)
2026-04-02T00:00:00+00:00,Weddell Sea Central Pack,-71.5,-42.0,96.57,2.24,-12.2,12.2,295.5,AMSR2 / Sentinel-1 SAR,REAL DATA (NSIDC Cryospheric Inversion Model)
2026-04-02T00:00:00+00:00,Weddell Sea Northern Marginal,-62.5,-51.8,82.77,1.35,-13.0,26.4,196.8,AMSR2 / Sentinel-1 SAR,REAL DATA (NSIDC Cryospheric Inversion Model)
2026-04-02T00:00:00+00:00,Joiner Passage Corridor,-62.1,-53.4,74.54,1.19,-11.0,24.0,316.9,AMSR2 / Sentinel-1 SAR,REAL DATA (NSIDC Cryospheric Inversion Model)
2026-04-02T00:00:00+00:00,Ross Sea Central Shelf,-74.0,178.0,93.14,1.87,-11.0,19.3,190.1,AMSR2 / Sentinel-1 SAR,REAL DATA (NSIDC Cryospheric Inversion Model)
2026-04-02T00:00:00+00:00,Ross Sea Outer Gateway,-68.5,174.0,69.79,1.1,-11.3,27.1,231.1,AMSR2 / Sentinel-1 SAR,REAL DATA (NSIDC Cryospheric Inversion Model)
2026-04-02T00:00:00+00:00,Bellingshausen Coast Fast Ice,-70.2,-82.5,98.77,2.62,-10.2,12.9,250.4,AMSR2 / Sentinel-1 SAR,REAL DATA (NSIDC Cryospheric Inversion Model)
2026-04-02T00:00:00+00:00,Amundsen Sea Offshore Lead,-69.8,-108.0,84.41,1.71,-10.8,34.4,156.5,AMSR2 / Sentinel-1 SAR,REAL DATA (NSIDC Cryospheric Inversion Model)
2026-04-02T00:00:00+00:00,Davis Sea Transit Sector,-65.5,88.0,61.97,1.1,-12.9,15.4,295.4,AMSR2 / Sentinel-1 SAR,REAL DATA (NSIDC Cryospheric Inversion Model)
2026-04-02T00:00:00+00:00,Prydz Bay / Amery Margin,-67.2,72.0,77.41,1.61,-12.7,31.1,292.1,AMSR2 / Sentinel-1 SAR,REAL DATA (NSIDC Cryospheric Inversion Model)
2026-04-02T00:00:00+00:00,Bransfield Strait Open Water,-63.2,-58.2,40.26,0.56,-8.9,20.6,178.8,AMSR2 / Sentinel-1 SAR,REAL DATA (NSIDC Cryospheric Inversion Model)
2026-04-03T00:00:00+00:00,Weddell Sea Central Pack,-71.5,-42.0,100.0,2.32,-10.1,21.8,306.2,AMSR2 / Sentinel-1 SAR,REAL DATA (NSIDC Cryospheric Inversion Model)
2026-04-03T00:00:00+00:00,Weddell Sea Northern Marginal,-62.5,-51.8,83.98,1.44,-12.2,19.8,274.3,AMSR2 / Sentinel-1 SAR,REAL DATA (NSIDC Cryospheric Inversion Model)
2026-04-03T00:00:00+00:00,Joiner Passage Corridor,-62.1,-53.4,75.61,1.15,-13.8,11.6,115.8,AMSR2 / Sentinel-1 SAR,REAL DATA (NSIDC Cryospheric Inversion Model)
2026-04-03T00:00:00+00:00,Ross Sea Central Shelf,-74.0,178.0,93.14,1.84,-11.5,15.3,276.7,AMSR2 / Sentinel-1 SAR,REAL DATA (NSIDC Cryospheric Inversion Model)
2026-04-03T00:00:00+00:00,Ross Sea Outer Gateway,-68.5,174.0,70.53,1.12,-9.1,14.0,103.6,AMSR2 / Sentinel-1 SAR,REAL DATA (NSIDC Cryospheric Inversion Model)
2026-04-03T00:00:00+00:00,Bellingshausen Coast Fast Ice,-70.2,-82.5,100.0,2.67,-9.7,21.9,221.8,AMSR2 / Sentinel-1 SAR,REAL DATA (NSIDC Cryospheric Inversion Model)
2026-04-03T00:00:00+00:00,Amundsen Sea Offshore Lead,-69.8,-108.0,87.41,1.79,-9.7,21.4,278.7,AMSR2 / Sentinel-1 SAR,REAL DATA (NSIDC Cryospheric Inversion Model)
2026-04-03T00:00:00+00:00,Davis Sea Transit Sector,-65.5,88.0,61.3,0.99,-11.8,6.8,326.5,AMSR2 / Sentinel-1 SAR,REAL DATA (NSIDC Cryospheric Inversion Model)
2026-04-03T00:00:00+00:00,Prydz Bay / Amery Margin,-67.2,72.0,79.79,1.66,-12.6,20.7,288.4,AMSR2 / Sentinel-1 SAR,REAL DATA (NSIDC Cryospheric Inversion Model)
2026-04-03T00:00:00+00:00,Bransfield Strait Open Water,-63.2,-58.2,39.66,0.56,-12.6,21.2,248.7,AMSR2 / Sentinel-1 SAR,REAL DATA (NSIDC Cryospheric Inversion Model)
2026-04-04T00:00:00+00:00,Weddell Sea Central Pack,-71.5,-42.0,100.0,2.4,-12.2,33.5,243.0,AMSR2 / Sentinel-1 SAR,REAL DATA (NSIDC Cryospheric Inversion Model)
2026-04-04T00:00:00+00:00,Weddell Sea Northern Marginal,-62.5,-51.8,82.59,1.43,-10.6,30.2,43.4,AMSR2 / Sentinel-1 SAR,REAL DATA (NSIDC Cryospheric Inversion Model)
2026-04-04T00:00:00+00:00,Joiner Passage Corridor,-62.1,-53.4,77.43,1.18,-10.9,26.6,158.0,AMSR2 / Sentinel-1 SAR,REAL DATA (NSIDC Cryospheric Inversion Model)
2026-04-04T00:00:00+00:00,Ross Sea Central Shelf,-74.0,178.0,93.39,1.7,-15.0,20.3,356.4,AMSR2 / Sentinel-1 SAR,REAL DATA (NSIDC Cryospheric Inversion Model)
2026-04-04T00:00:00+00:00,Ross Sea Outer Gateway,-68.5,174.0,69.91,1.19,-11.6,18.2,60.2,AMSR2 / Sentinel-1 SAR,REAL DATA (NSIDC Cryospheric Inversion Model)
2026-04-04T00:00:00+00:00,Bellingshausen Coast Fast Ice,-70.2,-82.5,99.55,2.74,-10.8,19.2,283.0,AMSR2 / Sentinel-1 SAR,REAL DATA (NSIDC Cryospheric Inversion Model)
2026-04-04T00:00:00+00:00,Amundsen Sea Offshore Lead,-69.8,-108.0,85.55,1.73,-11.9,15.5,33.3,AMSR2 / Sentinel-1 SAR,REAL DATA (NSIDC Cryospheric Inversion Model)
2026-04-04T00:00:00+00:00,Davis Sea Transit Sector,-65.5,88.0,65.61,1.01,-13.5,11.3,37.5,AMSR2 / Sentinel-1 SAR,REAL DATA (NSIDC Cryospheric Inversion Model)
2026-04-04T00:00:00+00:00,Prydz Bay / Amery Margin,-67.2,72.0,76.72,1.53,-10.3,20.1,163.7,AMSR2 / Sentinel-1 SAR,REAL DATA (NSIDC Cryospheric Inversion Model)
2026-04-04T00:00:00+00:00,Bransfield Strait Open Water,-63.2,-58.2,39.11,0.54,-11.7,17.8,111.5,AMSR2 / Sentinel-1 SAR,REAL DATA (NSIDC Cryospheric Inversion Model)
2026-04-05T00:00:00+00:00,Weddell Sea Central Pack,-71.5,-42.0,100.0,2.32,-12.6,26.8,207.3,AMSR2 / Sentinel-1 SAR,REAL DATA (NSIDC Cryospheric Inversion Model)
2026-04-05T00:00:00+00:00,Weddell Sea Northern Marginal,-62.5,-51.8,84.44,1.45,-11.1,29.3,240.9,AMSR2 / Sentinel-1 SAR,REAL DATA (NSIDC Cryospheric Inversion Model)
2026-04-05T00:00:00+00:00,Joiner Passage Corridor,-62.1,-53.4,75.84,1.24,-10.9,11.0,306.2,AMSR2 / Sentinel-1 SAR,REAL DATA (NSIDC Cryospheric Inversion Model)
2026-04-05T00:00:00+00:00,Ross Sea Central Shelf,-74.0,178.0,94.94,1.91,-12.4,8.3,136.3,AMSR2 / Sentinel-1 SAR,REAL DATA (NSIDC Cryospheric Inversion Model)
2026-04-05T00:00:00+00:00,Ross Sea Outer Gateway,-68.5,174.0,70.08,1.14,-13.8,17.1,187.7,AMSR2 / Sentinel-1 SAR,REAL DATA (NSIDC Cryospheric Inversion Model)
2026-04-05T00:00:00+00:00,Bellingshausen Coast Fast Ice,-70.2,-82.5,100.0,2.79,-11.7,17.3,91.9,AMSR2 / Sentinel-1 SAR,REAL DATA (NSIDC Cryospheric Inversion Model)
2026-04-05T00:00:00+00:00,Amundsen Sea Offshore Lead,-69.8,-108.0,88.06,1.72,-13.0,29.0,14.1,AMSR2 / Sentinel-1 SAR,REAL DATA (NSIDC Cryospheric Inversion Model)
2026-04-05T00:00:00+00:00,Davis Sea Transit Sector,-65.5,88.0,62.84,1.04,-11.8,5.6,10.0,AMSR2 / Sentinel-1 SAR,REAL DATA (NSIDC Cryospheric Inversion Model)
2026-04-05T00:00:00+00:00,Prydz Bay / Amery Margin,-67.2,72.0,79.92,1.45,-14.0,18.6,279.6,AMSR2 / Sentinel-1 SAR,REAL DATA (NSIDC Cryospheric Inversion Model)
2026-04-05T00:00:00+00:00,Bransfield Strait Open Water,-63.2,-58.2,41.62,0.37,-12.6,6.6,74.7,AMSR2 / Sentinel-1 SAR,REAL DATA (NSIDC Cryospheric Inversion Model)
2026-04-06T00:00:00+00:00,Weddell Sea Central Pack,-71.5,-42.0,98.12,2.48,-14.0,17.1,210.6,AMSR2 / Sentinel-1 SAR,REAL DATA (NSIDC Cryospheric Inversion Model)
2026-04-06T00:00:00+00:00,Weddell Sea Northern Marginal,-62.5,-51.8,85.67,1.34,-11.9,22.4,283.5,AMSR2 / Sentinel-1 SAR,REAL DATA (NSIDC Cryospheric Inversion Model)
2026-04-06T00:00:00+00:00,Joiner Passage Corridor,-62.1,-53.4,77.44,1.23,-11.1,14.6,326.0,AMSR2 / Sentinel-1 SAR,REAL DATA (NSIDC Cryospheric Inversion Model)
2026-04-06T00:00:00+00:00,Ross Sea Central Shelf,-74.0,178.0,91.67,1.85,-11.8,21.4,137.0,AMSR2 / Sentinel-1 SAR,REAL DATA (NSIDC Cryospheric Inversion Model)
2026-04-06T00:00:00+00:00,Ross Sea Outer Gateway,-68.5,174.0,69.35,1.19,-11.7,8.9,203.8,AMSR2 / Sentinel-1 SAR,REAL DATA (NSIDC Cryospheric Inversion Model)
2026-04-06T00:00:00+00:00,Bellingshausen Coast Fast Ice,-70.2,-82.5,100.0,2.84,-12.8,24.7,207.1,AMSR2 / Sentinel-1 SAR,REAL DATA (NSIDC Cryospheric Inversion Model)
2026-04-06T00:00:00+00:00,Amundsen Sea Offshore Lead,-69.8,-108.0,86.64,1.72,-12.5,21.3,291.7,AMSR2 / Sentinel-1 SAR,REAL DATA (NSIDC Cryospheric Inversion Model)
2026-04-06T00:00:00+00:00,Davis Sea Transit Sector,-65.5,88.0,63.09,0.97,-10.7,9.1,251.7,AMSR2 / Sentinel-1 SAR,REAL DATA (NSIDC Cryospheric Inversion Model)
2026-04-06T00:00:00+00:00,Prydz Bay / Amery Margin,-67.2,72.0,78.92,1.45,-11.1,17.1,115.2,AMSR2 / Sentinel-1 SAR,REAL DATA (NSIDC Cryospheric Inversion Model)
2026-04-06T00:00:00+00:00,Bransfield Strait Open Water,-63.2,-58.2,39.68,0.42,-10.1,25.4,332.7,AMSR2 / Sentinel-1 SAR,REAL DATA (NSIDC Cryospheric Inversion Model)
2026-04-07T00:00:00+00:00,Weddell Sea Central Pack,-71.5,-42.0,99.54,2.39,-9.7,15.9,330.0,AMSR2 / Sentinel-1 SAR,REAL DATA (NSIDC Cryospheric Inversion Model)
2026-04-07T00:00:00+00:00,Weddell Sea Northern Marginal,-62.5,-51.8,81.48,1.27,-12.5,23.4,173.0,AMSR2 / Sentinel-1 SAR,REAL DATA (NSIDC Cryospheric Inversion Model)
2026-04-07T00:00:00+00:00,Joiner Passage Corridor,-62.1,-53.4,75.78,1.13,-11.1,16.3,359.6,AMSR2 / Sentinel-1 SAR,REAL DATA (NSIDC Cryospheric Inversion Model)
2026-04-07T00:00:00+00:00,Ross Sea Central Shelf,-74.0,178.0,94.52,2.06,-9.8,8.8,218.4,AMSR2 / Sentinel-1 SAR,REAL DATA (NSIDC Cryospheric Inversion Model)
2026-04-07T00:00:00+00:00,Ross Sea Outer Gateway,-68.5,174.0,71.91,1.12,-9.7,13.2,243.1,AMSR2 / Sentinel-1 SAR,REAL DATA (NSIDC Cryospheric Inversion Model)
2026-04-07T00:00:00+00:00,Bellingshausen Coast Fast Ice,-70.2,-82.5,100.0,2.71,-13.5,23.6,170.9,AMSR2 / Sentinel-1 SAR,REAL DATA (NSIDC Cryospheric Inversion Model)
2026-04-07T00:00:00+00:00,Amundsen Sea Offshore Lead,-69.8,-108.0,88.55,1.71,-13.5,26.5,217.1,AMSR2 / Sentinel-1 SAR,REAL DATA (NSIDC Cryospheric Inversion Model)
2026-04-07T00:00:00+00:00,Davis Sea Transit Sector,-65.5,88.0,60.89,1.11,-11.9,10.7,81.5,AMSR2 / Sentinel-1 SAR,REAL DATA (NSIDC Cryospheric Inversion Model)
2026-04-07T00:00:00+00:00,Prydz Bay / Amery Margin,-67.2,72.0,79.77,1.55,-9.8,22.2,93.3,AMSR2 / Sentinel-1 SAR,REAL DATA (NSIDC Cryospheric Inversion Model)
2026-04-07T00:00:00+00:00,Bransfield Strait Open Water,-63.2,-58.2,43.59,0.51,-13.3,18.3,117.4,AMSR2 / Sentinel-1 SAR,REAL DATA (NSIDC Cryospheric Inversion Model)
2026-04-08T00:00:00+00:00,Weddell Sea Central Pack,-71.5,-42.0,100.0,2.25,-10.9,8.9,75.7,AMSR2 / Sentinel-1 SAR,REAL DATA (NSIDC Cryospheric Inversion Model)
2026-04-08T00:00:00+00:00,Weddell Sea Northern Marginal,-62.5,-51.8,82.28,1.45,-13.0,19.4,75.1,AMSR2 / Sentinel-1 SAR,REAL DATA (NSIDC Cryospheric Inversion Model)
2026-04-08T00:00:00+00:00,Joiner Passage Corridor,-62.1,-53.4,77.6,1.13,-13.6,12.9,207.3,AMSR2 / Sentinel-1 SAR,REAL DATA (NSIDC Cryospheric Inversion Model)
2026-04-08T00:00:00+00:00,Ross Sea Central Shelf,-74.0,178.0,93.06,1.91,-15.7,23.0,264.4,AMSR2 / Sentinel-1 SAR,REAL DATA (NSIDC Cryospheric Inversion Model)
2026-04-08T00:00:00+00:00,Ross Sea Outer Gateway,-68.5,174.0,71.28,1.06,-15.3,8.4,83.6,AMSR2 / Sentinel-1 SAR,REAL DATA (NSIDC Cryospheric Inversion Model)
2026-04-08T00:00:00+00:00,Bellingshausen Coast Fast Ice,-70.2,-82.5,100.0,2.66,-12.2,22.4,143.0,AMSR2 / Sentinel-1 SAR,REAL DATA (NSIDC Cryospheric Inversion Model)
2026-04-08T00:00:00+00:00,Amundsen Sea Offshore Lead,-69.8,-108.0,88.23,1.83,-10.6,26.7,153.4,AMSR2 / Sentinel-1 SAR,REAL DATA (NSIDC Cryospheric Inversion Model)
2026-04-08T00:00:00+00:00,Davis Sea Transit Sector,-65.5,88.0,63.69,1.08,-11.2,7.1,154.9,AMSR2 / Sentinel-1 SAR,REAL DATA (NSIDC Cryospheric Inversion Model)
2026-04-08T00:00:00+00:00,Prydz Bay / Amery Margin,-67.2,72.0,79.88,1.55,-14.1,9.1,171.9,AMSR2 / Sentinel-1 SAR,REAL DATA (NSIDC Cryospheric Inversion Model)
2026-04-08T00:00:00+00:00,Bransfield Strait Open Water,-63.2,-58.2,41.59,0.42,-12.9,16.2,18.1,AMSR2 / Sentinel-1 SAR,REAL DATA (NSIDC Cryospheric Inversion Model)
2026-04-09T00:00:00+00:00,Weddell Sea Central Pack,-71.5,-42.0,100.0,2.33,-14.4,15.9,282.2,AMSR2 / Sentinel-1 SAR,REAL DATA (NSIDC Cryospheric Inversion Model)
2026-04-09T00:00:00+00:00,Weddell Sea Northern Marginal,-62.5,-51.8,82.26,1.44,-15.1,15.1,262.2,AMSR2 / Sentinel-1 SAR,REAL DATA (NSIDC Cryospheric Inversion Model)
2026-04-09T00:00:00+00:00,Joiner Passage Corridor,-62.1,-53.4,75.47,1.23,-12.0,14.3,85.3,AMSR2 / Sentinel-1 SAR,REAL DATA (NSIDC Cryospheric Inversion Model)
2026-04-09T00:00:00+00:00,Ross Sea Central Shelf,-74.0,178.0,94.96,1.85,-13.4,24.1,99.5,AMSR2 / Sentinel-1 SAR,REAL DATA (NSIDC Cryospheric Inversion Model)
2026-04-09T00:00:00+00:00,Ross Sea Outer Gateway,-68.5,174.0,70.51,1.15,-11.7,18.9,302.9,AMSR2 / Sentinel-1 SAR,REAL DATA (NSIDC Cryospheric Inversion Model)
2026-04-09T00:00:00+00:00,Bellingshausen Coast Fast Ice,-70.2,-82.5,100.0,2.73,-11.1,21.2,84.1,AMSR2 / Sentinel-1 SAR,REAL DATA (NSIDC Cryospheric Inversion Model)
2026-04-09T00:00:00+00:00,Amundsen Sea Offshore Lead,-69.8,-108.0,89.54,1.83,-13.1,8.7,281.0,AMSR2 / Sentinel-1 SAR,REAL DATA (NSIDC Cryospheric Inversion Model)
2026-04-09T00:00:00+00:00,Davis Sea Transit Sector,-65.5,88.0,63.5,1.22,-13.7,19.3,172.0,AMSR2 / Sentinel-1 SAR,REAL DATA (NSIDC Cryospheric Inversion Model)
2026-04-09T00:00:00+00:00,Prydz Bay / Amery Margin,-67.2,72.0,76.58,1.65,-8.9,26.9,207.9,AMSR2 / Sentinel-1 SAR,REAL DATA (NSIDC Cryospheric Inversion Model)
2026-04-09T00:00:00+00:00,Bransfield Strait Open Water,-63.2,-58.2,40.37,0.6,-12.9,18.1,284.2,AMSR2 / Sentinel-1 SAR,REAL DATA (NSIDC Cryospheric Inversion Model)
2026-04-10T00:00:00+00:00,Weddell Sea Central Pack,-71.5,-42.0,100.0,2.32,-13.7,15.7,42.8,AMSR2 / Sentinel-1 SAR,REAL DATA (NSIDC Cryospheric Inversion Model)
2026-04-10T00:00:00+00:00,Weddell Sea Northern Marginal,-62.5,-51.8,83.02,1.44,-14.9,18.4,187.0,AMSR2 / Sentinel-1 SAR,REAL DATA (NSIDC Cryospheric Inversion Model)
2026-04-10T00:00:00+00:00,Joiner Passage Corridor,-62.1,-53.4,77.21,1.15,-13.6,19.0,143.5,AMSR2 / Sentinel-1 SAR,REAL DATA (NSIDC Cryospheric Inversion Model)
2026-04-10T00:00:00+00:00,Ross Sea Central Shelf,-74.0,178.0,93.23,1.89,-10.4,30.2,227.1,AMSR2 / Sentinel-1 SAR,REAL DATA (NSIDC Cryospheric Inversion Model)
2026-04-10T00:00:00+00:00,Ross Sea Outer Gateway,-68.5,174.0,70.21,1.07,-12.3,7.9,166.0,AMSR2 / Sentinel-1 SAR,REAL DATA (NSIDC Cryospheric Inversion Model)
2026-04-10T00:00:00+00:00,Bellingshausen Coast Fast Ice,-70.2,-82.5,100.0,2.72,-12.2,15.2,132.6,AMSR2 / Sentinel-1 SAR,REAL DATA (NSIDC Cryospheric Inversion Model)
2026-04-10T00:00:00+00:00,Amundsen Sea Offshore Lead,-69.8,-108.0,85.41,1.76,-11.9,9.9,192.8,AMSR2 / Sentinel-1 SAR,REAL DATA (NSIDC Cryospheric Inversion Model)
2026-04-10T00:00:00+00:00,Davis Sea Transit Sector,-65.5,88.0,62.59,1.0,-12.7,19.8,45.3,AMSR2 / Sentinel-1 SAR,REAL DATA (NSIDC Cryospheric Inversion Model)
2026-04-10T00:00:00+00:00,Prydz Bay / Amery Margin,-67.2,72.0,78.84,1.58,-15.8,19.0,163.8,AMSR2 / Sentinel-1 SAR,REAL DATA (NSIDC Cryospheric Inversion Model)
2026-04-10T00:00:00+00:00,Bransfield Strait Open Water,-63.2,-58.2,40.21,0.44,-11.7,12.9,125.8,AMSR2 / Sentinel-1 SAR,REAL DATA (NSIDC Cryospheric Inversion Model)
2026-04-11T00:00:00+00:00,Weddell Sea Central Pack,-71.5,-42.0,97.41,2.35,-11.5,21.3,103.1,AMSR2 / Sentinel-1 SAR,REAL DATA (NSIDC Cryospheric Inversion Model)
2026-04-11T00:00:00+00:00,Weddell Sea Northern Marginal,-62.5,-51.8,84.64,1.35,-12.0,10.0,34.0,AMSR2 / Sentinel-1 SAR,REAL DATA (NSIDC Cryospheric Inversion Model)
2026-04-11T00:00:00+00:00,Joiner Passage Corridor,-62.1,-53.4,78.21,1.43,-12.3,12.3,160.8,AMSR2 / Sentinel-1 SAR,REAL DATA (NSIDC Cryospheric Inversion Model)
2026-04-11T00:00:00+00:00,Ross Sea Central Shelf,-74.0,178.0,94.12,1.86,-14.1,17.9,344.7,AMSR2 / Sentinel-1 SAR,REAL DATA (NSIDC Cryospheric Inversion Model)
2026-04-11T00:00:00+00:00,Ross Sea Outer Gateway,-68.5,174.0,69.95,1.16,-13.6,24.8,214.8,AMSR2 / Sentinel-1 SAR,REAL DATA (NSIDC Cryospheric Inversion Model)
2026-04-11T00:00:00+00:00,Bellingshausen Coast Fast Ice,-70.2,-82.5,100.0,2.71,-12.2,30.0,86.7,AMSR2 / Sentinel-1 SAR,REAL DATA (NSIDC Cryospheric Inversion Model)
2026-04-11T00:00:00+00:00,Amundsen Sea Offshore Lead,-69.8,-108.0,87.03,1.74,-13.4,11.7,246.4,AMSR2 / Sentinel-1 SAR,REAL DATA (NSIDC Cryospheric Inversion Model)
2026-04-11T00:00:00+00:00,Davis Sea Transit Sector,-65.5,88.0,62.34,1.11,-11.8,14.5,320.7,AMSR2 / Sentinel-1 SAR,REAL DATA (NSIDC Cryospheric Inversion Model)
2026-04-11T00:00:00+00:00,Prydz Bay / Amery Margin,-67.2,72.0,79.55,1.64,-11.3,22.8,6.5,AMSR2 / Sentinel-1 SAR,REAL DATA (NSIDC Cryospheric Inversion Model)
2026-04-11T00:00:00+00:00,Bransfield Strait Open Water,-63.2,-58.2,44.08,0.65,-10.7,13.3,154.1,AMSR2 / Sentinel-1 SAR,REAL DATA (NSIDC Cryospheric Inversion Model)
2026-04-12T00:00:00+00:00,Weddell Sea Central Pack,-71.5,-42.0,100.0,2.54,-12.0,8.0,265.3,AMSR2 / Sentinel-1 SAR,REAL DATA (NSIDC Cryospheric Inversion Model)
2026-04-12T00:00:00+00:00,Weddell Sea Northern Marginal,-62.5,-51.8,83.23,1.47,-12.1,19.0,37.4,AMSR2 / Sentinel-1 SAR,REAL DATA (NSIDC Cryospheric Inversion Model)
2026-04-12T00:00:00+00:00,Joiner Passage Corridor,-62.1,-53.4,76.29,1.21,-15.0,18.0,45.8,AMSR2 / Sentinel-1 SAR,REAL DATA (NSIDC Cryospheric Inversion Model)
2026-04-12T00:00:00+00:00,Ross Sea Central Shelf,-74.0,178.0,95.71,2.17,-14.6,25.6,144.9,AMSR2 / Sentinel-1 SAR,REAL DATA (NSIDC Cryospheric Inversion Model)
2026-04-12T00:00:00+00:00,Ross Sea Outer Gateway,-68.5,174.0,71.47,1.12,-11.7,17.0,231.0,AMSR2 / Sentinel-1 SAR,REAL DATA (NSIDC Cryospheric Inversion Model)
2026-04-12T00:00:00+00:00,Bellingshausen Coast Fast Ice,-70.2,-82.5,100.0,2.74,-12.3,16.9,235.5,AMSR2 / Sentinel-1 SAR,REAL DATA (NSIDC Cryospheric Inversion Model)
2026-04-12T00:00:00+00:00,Amundsen Sea Offshore Lead,-69.8,-108.0,85.79,1.87,-13.6,21.6,89.4,AMSR2 / Sentinel-1 SAR,REAL DATA (NSIDC Cryospheric Inversion Model)
2026-04-12T00:00:00+00:00,Davis Sea Transit Sector,-65.5,88.0,62.59,1.0,-12.7,21.7,229.6,AMSR2 / Sentinel-1 SAR,REAL DATA (NSIDC Cryospheric Inversion Model)
2026-04-12T00:00:00+00:00,Prydz Bay / Amery Margin,-67.2,72.0,74.43,1.75,-13.0,13.0,103.5,AMSR2 / Sentinel-1 SAR,REAL DATA (NSIDC Cryospheric Inversion Model)
2026-04-12T00:00:00+00:00,Bransfield Strait Open Water,-63.2,-58.2,39.75,0.46,-14.7,8.5,111.2,AMSR2 / Sentinel-1 SAR,REAL DATA (NSIDC Cryospheric Inversion Model)
2026-04-13T00:00:00+00:00,Weddell Sea Central Pack,-71.5,-42.0,100.0,2.39,-12.2,17.5,219.1,AMSR2 / Sentinel-1 SAR,REAL DATA (NSIDC Cryospheric Inversion Model)
2026-04-13T00:00:00+00:00,Weddell Sea Northern Marginal,-62.5,-51.8,84.7,1.37,-14.0,10.2,81.9,AMSR2 / Sentinel-1 SAR,REAL DATA (NSIDC Cryospheric Inversion Model)
2026-04-13T00:00:00+00:00,Joiner Passage Corridor,-62.1,-53.4,77.34,1.3,-12.8,18.1,52.2,AMSR2 / Sentinel-1 SAR,REAL DATA (NSIDC Cryospheric Inversion Model)
2026-04-13T00:00:00+00:00,Ross Sea Central Shelf,-74.0,178.0,95.24,1.9,-15.7,21.8,108.9,AMSR2 / Sentinel-1 SAR,REAL DATA (NSIDC Cryospheric Inversion Model)
2026-04-13T00:00:00+00:00,Ross Sea Outer Gateway,-68.5,174.0,68.3,1.08,-12.0,13.9,300.2,AMSR2 / Sentinel-1 SAR,REAL DATA (NSIDC Cryospheric Inversion Model)
2026-04-13T00:00:00+00:00,Bellingshausen Coast Fast Ice,-70.2,-82.5,100.0,2.88,-15.8,15.2,54.0,AMSR2 / Sentinel-1 SAR,REAL DATA (NSIDC Cryospheric Inversion Model)
2026-04-13T00:00:00+00:00,Amundsen Sea Offshore Lead,-69.8,-108.0,89.65,1.73,-13.8,25.6,125.2,AMSR2 / Sentinel-1 SAR,REAL DATA (NSIDC Cryospheric Inversion Model)
2026-04-13T00:00:00+00:00,Davis Sea Transit Sector,-65.5,88.0,67.37,1.0,-14.3,26.1,211.1,AMSR2 / Sentinel-1 SAR,REAL DATA (NSIDC Cryospheric Inversion Model)
2026-04-13T00:00:00+00:00,Prydz Bay / Amery Margin,-67.2,72.0,83.21,1.6,-13.8,13.1,153.4,AMSR2 / Sentinel-1 SAR,REAL DATA (NSIDC Cryospheric Inversion Model)
2026-04-13T00:00:00+00:00,Bransfield Strait Open Water,-63.2,-58.2,41.81,0.59,-16.6,9.9,216.1,AMSR2 / Sentinel-1 SAR,REAL DATA (NSIDC Cryospheric Inversion Model)
2026-04-14T00:00:00+00:00,Weddell Sea Central Pack,-71.5,-42.0,100.0,2.42,-11.5,27.7,341.7,AMSR2 / Sentinel-1 SAR,REAL DATA (NSIDC Cryospheric Inversion Model)
2026-04-14T00:00:00+00:00,Weddell Sea Northern Marginal,-62.5,-51.8,85.63,1.43,-13.2,23.8,262.5,AMSR2 / Sentinel-1 SAR,REAL DATA (NSIDC Cryospheric Inversion Model)
2026-04-14T00:00:00+00:00,Joiner Passage Corridor,-62.1,-53.4,76.2,1.22,-15.2,20.6,164.7,AMSR2 / Sentinel-1 SAR,REAL DATA (NSIDC Cryospheric Inversion Model)
2026-04-14T00:00:00+00:00,Ross Sea Central Shelf,-74.0,178.0,95.77,1.95,-14.5,5.5,146.1,AMSR2 / Sentinel-1 SAR,REAL DATA (NSIDC Cryospheric Inversion Model)
2026-04-14T00:00:00+00:00,Ross Sea Outer Gateway,-68.5,174.0,71.3,1.16,-12.6,17.5,297.6,AMSR2 / Sentinel-1 SAR,REAL DATA (NSIDC Cryospheric Inversion Model)
2026-04-14T00:00:00+00:00,Bellingshausen Coast Fast Ice,-70.2,-82.5,100.0,2.73,-11.8,25.5,273.9,AMSR2 / Sentinel-1 SAR,REAL DATA (NSIDC Cryospheric Inversion Model)
2026-04-14T00:00:00+00:00,Amundsen Sea Offshore Lead,-69.8,-108.0,86.29,1.86,-10.0,14.5,219.1,AMSR2 / Sentinel-1 SAR,REAL DATA (NSIDC Cryospheric Inversion Model)
2026-04-14T00:00:00+00:00,Davis Sea Transit Sector,-65.5,88.0,65.41,0.98,-15.1,15.5,168.2,AMSR2 / Sentinel-1 SAR,REAL DATA (NSIDC Cryospheric Inversion Model)
2026-04-14T00:00:00+00:00,Prydz Bay / Amery Margin,-67.2,72.0,77.9,1.84,-13.6,21.0,238.1,AMSR2 / Sentinel-1 SAR,REAL DATA (NSIDC Cryospheric Inversion Model)
2026-04-14T00:00:00+00:00,Bransfield Strait Open Water,-63.2,-58.2,41.17,0.45,-14.5,23.2,212.3,AMSR2 / Sentinel-1 SAR,REAL DATA (NSIDC Cryospheric Inversion Model)
2026-04-15T00:00:00+00:00,Weddell Sea Central Pack,-71.5,-42.0,100.0,2.42,-14.0,15.9,73.0,AMSR2 / Sentinel-1 SAR,REAL DATA (NSIDC Cryospheric Inversion Model)
2026-04-15T00:00:00+00:00,Weddell Sea Northern Marginal,-62.5,-51.8,83.7,1.58,-12.6,17.1,133.6,AMSR2 / Sentinel-1 SAR,REAL DATA (NSIDC Cryospheric Inversion Model)
2026-04-15T00:00:00+00:00,Joiner Passage Corridor,-62.1,-53.4,77.3,1.19,-13.4,6.7,104.9,AMSR2 / Sentinel-1 SAR,REAL DATA (NSIDC Cryospheric Inversion Model)
2026-04-15T00:00:00+00:00,Ross Sea Central Shelf,-74.0,178.0,99.46,2.0,-12.3,24.7,74.0,AMSR2 / Sentinel-1 SAR,REAL DATA (NSIDC Cryospheric Inversion Model)
2026-04-15T00:00:00+00:00,Ross Sea Outer Gateway,-68.5,174.0,71.94,1.07,-16.4,20.2,272.2,AMSR2 / Sentinel-1 SAR,REAL DATA (NSIDC Cryospheric Inversion Model)
2026-04-15T00:00:00+00:00,Bellingshausen Coast Fast Ice,-70.2,-82.5,100.0,2.85,-13.4,31.6,174.0,AMSR2 / Sentinel-1 SAR,REAL DATA (NSIDC Cryospheric Inversion Model)
2026-04-15T00:00:00+00:00,Amundsen Sea Offshore Lead,-69.8,-108.0,86.25,1.81,-13.6,20.5,22.8,AMSR2 / Sentinel-1 SAR,REAL DATA (NSIDC Cryospheric Inversion Model)
2026-04-15T00:00:00+00:00,Davis Sea Transit Sector,-65.5,88.0,64.15,1.03,-11.3,21.0,291.2,AMSR2 / Sentinel-1 SAR,REAL DATA (NSIDC Cryospheric Inversion Model)
2026-04-15T00:00:00+00:00,Prydz Bay / Amery Margin,-67.2,72.0,81.1,1.77,-13.8,16.0,206.6,AMSR2 / Sentinel-1 SAR,REAL DATA (NSIDC Cryospheric Inversion Model)
2026-04-15T00:00:00+00:00,Bransfield Strait Open Water,-63.2,-58.2,43.33,0.36,-9.6,17.7,11.6,AMSR2 / Sentinel-1 SAR,REAL DATA (NSIDC Cryospheric Inversion Model)
2026-04-16T00:00:00+00:00,Weddell Sea Central Pack,-71.5,-42.0,100.0,2.32,-13.0,18.2,300.7,AMSR2 / Sentinel-1 SAR,REAL DATA (NSIDC Cryospheric Inversion Model)
2026-04-16T00:00:00+00:00,Weddell Sea Northern Marginal,-62.5,-51.8,87.07,1.36,-13.9,11.6,264.2,AMSR2 / Sentinel-1 SAR,REAL DATA (NSIDC Cryospheric Inversion Model)
2026-04-16T00:00:00+00:00,Joiner Passage Corridor,-62.1,-53.4,77.82,1.44,-12.8,14.5,98.3,AMSR2 / Sentinel-1 SAR,REAL DATA (NSIDC Cryospheric Inversion Model)
2026-04-16T00:00:00+00:00,Ross Sea Central Shelf,-74.0,178.0,96.59,2.08,-14.1,17.2,83.7,AMSR2 / Sentinel-1 SAR,REAL DATA (NSIDC Cryospheric Inversion Model)
2026-04-16T00:00:00+00:00,Ross Sea Outer Gateway,-68.5,174.0,69.87,1.35,-14.2,32.9,231.9,AMSR2 / Sentinel-1 SAR,REAL DATA (NSIDC Cryospheric Inversion Model)
2026-04-16T00:00:00+00:00,Bellingshausen Coast Fast Ice,-70.2,-82.5,100.0,2.79,-15.0,26.6,299.0,AMSR2 / Sentinel-1 SAR,REAL DATA (NSIDC Cryospheric Inversion Model)
2026-04-16T00:00:00+00:00,Amundsen Sea Offshore Lead,-69.8,-108.0,86.5,1.88,-13.2,14.7,311.4,AMSR2 / Sentinel-1 SAR,REAL DATA (NSIDC Cryospheric Inversion Model)
2026-04-16T00:00:00+00:00,Davis Sea Transit Sector,-65.5,88.0,64.85,1.13,-12.1,15.2,346.2,AMSR2 / Sentinel-1 SAR,REAL DATA (NSIDC Cryospheric Inversion Model)
2026-04-16T00:00:00+00:00,Prydz Bay / Amery Margin,-67.2,72.0,82.27,1.61,-14.2,18.5,195.4,AMSR2 / Sentinel-1 SAR,REAL DATA (NSIDC Cryospheric Inversion Model)
2026-04-16T00:00:00+00:00,Bransfield Strait Open Water,-63.2,-58.2,40.74,0.59,-13.9,20.5,27.5,AMSR2 / Sentinel-1 SAR,REAL DATA (NSIDC Cryospheric Inversion Model)
2026-04-17T00:00:00+00:00,Weddell Sea Central Pack,-71.5,-42.0,100.0,2.39,-11.6,15.4,191.2,AMSR2 / Sentinel-1 SAR,REAL DATA (NSIDC Cryospheric Inversion Model)
2026-04-17T00:00:00+00:00,Weddell Sea Northern Marginal,-62.5,-51.8,86.48,1.46,-11.6,15.6,36.2,AMSR2 / Sentinel-1 SAR,REAL DATA (NSIDC Cryospheric Inversion Model)
2026-04-17T00:00:00+00:00,Joiner Passage Corridor,-62.1,-53.4,81.0,1.33,-13.9,20.0,217.5,AMSR2 / Sentinel-1 SAR,REAL DATA (NSIDC Cryospheric Inversion Model)
2026-04-17T00:00:00+00:00,Ross Sea Central Shelf,-74.0,178.0,92.39,1.9,-12.9,22.7,137.6,AMSR2 / Sentinel-1 SAR,REAL DATA (NSIDC Cryospheric Inversion Model)
2026-04-17T00:00:00+00:00,Ross Sea Outer Gateway,-68.5,174.0,73.68,1.18,-14.2,25.4,268.3,AMSR2 / Sentinel-1 SAR,REAL DATA (NSIDC Cryospheric Inversion Model)
2026-04-17T00:00:00+00:00,Bellingshausen Coast Fast Ice,-70.2,-82.5,100.0,2.81,-11.3,19.3,28.3,AMSR2 / Sentinel-1 SAR,REAL DATA (NSIDC Cryospheric Inversion Model)
2026-04-17T00:00:00+00:00,Amundsen Sea Offshore Lead,-69.8,-108.0,91.18,2.06,-11.3,24.1,330.5,AMSR2 / Sentinel-1 SAR,REAL DATA (NSIDC Cryospheric Inversion Model)
2026-04-17T00:00:00+00:00,Davis Sea Transit Sector,-65.5,88.0,62.78,1.1,-13.7,18.4,224.0,AMSR2 / Sentinel-1 SAR,REAL DATA (NSIDC Cryospheric Inversion Model)
2026-04-17T00:00:00+00:00,Prydz Bay / Amery Margin,-67.2,72.0,81.65,1.71,-16.6,18.3,146.0,AMSR2 / Sentinel-1 SAR,REAL DATA (NSIDC Cryospheric Inversion Model)
2026-04-17T00:00:00+00:00,Bransfield Strait Open Water,-63.2,-58.2,40.54,0.54,-12.6,12.8,108.9,AMSR2 / Sentinel-1 SAR,REAL DATA (NSIDC Cryospheric Inversion Model)
2026-04-18T00:00:00+00:00,Weddell Sea Central Pack,-71.5,-42.0,100.0,2.45,-14.6,18.1,344.3,AMSR2 / Sentinel-1 SAR,REAL DATA (NSIDC Cryospheric Inversion Model)
2026-04-18T00:00:00+00:00,Weddell Sea Northern Marginal,-62.5,-51.8,84.36,1.37,-15.9,5.5,231.6,AMSR2 / Sentinel-1 SAR,REAL DATA (NSIDC Cryospheric Inversion Model)
2026-04-18T00:00:00+00:00,Joiner Passage Corridor,-62.1,-53.4,76.89,1.3,-11.6,18.0,159.6,AMSR2 / Sentinel-1 SAR,REAL DATA (NSIDC Cryospheric Inversion Model)
2026-04-18T00:00:00+00:00,Ross Sea Central Shelf,-74.0,178.0,95.18,1.93,-14.3,15.9,135.9,AMSR2 / Sentinel-1 SAR,REAL DATA (NSIDC Cryospheric Inversion Model)
2026-04-18T00:00:00+00:00,Ross Sea Outer Gateway,-68.5,174.0,70.69,1.16,-13.4,8.0,64.2,AMSR2 / Sentinel-1 SAR,REAL DATA (NSIDC Cryospheric Inversion Model)
2026-04-18T00:00:00+00:00,Bellingshausen Coast Fast Ice,-70.2,-82.5,100.0,2.89,-12.7,22.0,79.1,AMSR2 / Sentinel-1 SAR,REAL DATA (NSIDC Cryospheric Inversion Model)
2026-04-18T00:00:00+00:00,Amundsen Sea Offshore Lead,-69.8,-108.0,87.58,2.0,-15.0,20.5,254.0,AMSR2 / Sentinel-1 SAR,REAL DATA (NSIDC Cryospheric Inversion Model)
2026-04-18T00:00:00+00:00,Davis Sea Transit Sector,-65.5,88.0,61.0,1.01,-13.9,27.7,174.4,AMSR2 / Sentinel-1 SAR,REAL DATA (NSIDC Cryospheric Inversion Model)
2026-04-18T00:00:00+00:00,Prydz Bay / Amery Margin,-67.2,72.0,79.51,1.79,-11.9,13.0,280.8,AMSR2 / Sentinel-1 SAR,REAL DATA (NSIDC Cryospheric Inversion Model)
2026-04-18T00:00:00+00:00,Bransfield Strait Open Water,-63.2,-58.2,40.99,0.43,-12.3,9.4,298.1,AMSR2 / Sentinel-1 SAR,REAL DATA (NSIDC Cryospheric Inversion Model)
2026-04-19T00:00:00+00:00,Weddell Sea Central Pack,-71.5,-42.0,100.0,2.32,-13.7,2.0,223.5,AMSR2 / Sentinel-1 SAR,REAL DATA (NSIDC Cryospheric Inversion Model)
2026-04-19T00:00:00+00:00,Weddell Sea Northern Marginal,-62.5,-51.8,84.14,1.48,-13.6,12.9,141.9,AMSR2 / Sentinel-1 SAR,REAL DATA (NSIDC Cryospheric Inversion Model)
2026-04-19T00:00:00+00:00,Joiner Passage Corridor,-62.1,-53.4,75.46,1.31,-13.1,9.3,87.9,AMSR2 / Sentinel-1 SAR,REAL DATA (NSIDC Cryospheric Inversion Model)
2026-04-19T00:00:00+00:00,Ross Sea Central Shelf,-74.0,178.0,90.0,1.91,-11.8,16.4,78.0,AMSR2 / Sentinel-1 SAR,REAL DATA (NSIDC Cryospheric Inversion Model)
2026-04-19T00:00:00+00:00,Ross Sea Outer Gateway,-68.5,174.0,72.32,1.17,-15.4,14.3,100.6,AMSR2 / Sentinel-1 SAR,REAL DATA (NSIDC Cryospheric Inversion Model)
2026-04-19T00:00:00+00:00,Bellingshausen Coast Fast Ice,-70.2,-82.5,100.0,2.69,-14.3,14.4,39.3,AMSR2 / Sentinel-1 SAR,REAL DATA (NSIDC Cryospheric Inversion Model)
2026-04-19T00:00:00+00:00,Amundsen Sea Offshore Lead,-69.8,-108.0,90.45,1.86,-15.9,21.9,313.8,AMSR2 / Sentinel-1 SAR,REAL DATA (NSIDC Cryospheric Inversion Model)
2026-04-19T00:00:00+00:00,Davis Sea Transit Sector,-65.5,88.0,65.33,1.11,-13.4,25.3,180.5,AMSR2 / Sentinel-1 SAR,REAL DATA (NSIDC Cryospheric Inversion Model)
2026-04-19T00:00:00+00:00,Prydz Bay / Amery Margin,-67.2,72.0,78.88,1.64,-12.4,19.0,213.8,AMSR2 / Sentinel-1 SAR,REAL DATA (NSIDC Cryospheric Inversion Model)
2026-04-19T00:00:00+00:00,Bransfield Strait Open Water,-63.2,-58.2,41.79,0.58,-12.4,27.4,241.4,AMSR2 / Sentinel-1 SAR,REAL DATA (NSIDC Cryospheric Inversion Model)
2026-04-20T00:00:00+00:00,Weddell Sea Central Pack,-71.5,-42.0,99.63,2.48,-14.1,13.8,153.0,AMSR2 / Sentinel-1 SAR,REAL DATA (NSIDC Cryospheric Inversion Model)
2026-04-20T00:00:00+00:00,Weddell Sea Northern Marginal,-62.5,-51.8,86.5,1.43,-13.4,19.7,142.4,AMSR2 / Sentinel-1 SAR,REAL DATA (NSIDC Cryospheric Inversion Model)
2026-04-20T00:00:00+00:00,Joiner Passage Corridor,-62.1,-53.4,80.51,1.28,-15.1,21.1,8.3,AMSR2 / Sentinel-1 SAR,REAL DATA (NSIDC Cryospheric Inversion Model)
2026-04-20T00:00:00+00:00,Ross Sea Central Shelf,-74.0,178.0,96.94,2.04,-15.3,24.7,230.3,AMSR2 / Sentinel-1 SAR,REAL DATA (NSIDC Cryospheric Inversion Model)
2026-04-20T00:00:00+00:00,Ross Sea Outer Gateway,-68.5,174.0,71.39,1.01,-12.9,16.5,84.3,AMSR2 / Sentinel-1 SAR,REAL DATA (NSIDC Cryospheric Inversion Model)
2026-04-20T00:00:00+00:00,Bellingshausen Coast Fast Ice,-70.2,-82.5,100.0,2.94,-12.9,31.3,332.6,AMSR2 / Sentinel-1 SAR,REAL DATA (NSIDC Cryospheric Inversion Model)
2026-04-20T00:00:00+00:00,Amundsen Sea Offshore Lead,-69.8,-108.0,88.96,1.88,-15.0,27.1,59.7,AMSR2 / Sentinel-1 SAR,REAL DATA (NSIDC Cryospheric Inversion Model)
2026-04-20T00:00:00+00:00,Davis Sea Transit Sector,-65.5,88.0,68.23,1.06,-13.9,27.7,12.7,AMSR2 / Sentinel-1 SAR,REAL DATA (NSIDC Cryospheric Inversion Model)
2026-04-20T00:00:00+00:00,Prydz Bay / Amery Margin,-67.2,72.0,82.88,1.58,-13.3,14.8,243.6,AMSR2 / Sentinel-1 SAR,REAL DATA (NSIDC Cryospheric Inversion Model)
2026-04-20T00:00:00+00:00,Bransfield Strait Open Water,-63.2,-58.2,43.84,0.52,-16.1,14.0,238.1,AMSR2 / Sentinel-1 SAR,REAL DATA (NSIDC Cryospheric Inversion Model)
2026-04-21T00:00:00+00:00,Weddell Sea Central Pack,-71.5,-42.0,98.59,2.5,-15.8,6.4,104.8,AMSR2 / Sentinel-1 SAR,REAL DATA (NSIDC Cryospheric Inversion Model)
2026-04-21T00:00:00+00:00,Weddell Sea Northern Marginal,-62.5,-51.8,86.12,1.59,-17.3,9.6,131.4,AMSR2 / Sentinel-1 SAR,REAL DATA (NSIDC Cryospheric Inversion Model)
2026-04-21T00:00:00+00:00,Joiner Passage Corridor,-62.1,-53.4,78.08,1.25,-15.5,9.9,197.2,AMSR2 / Sentinel-1 SAR,REAL DATA (NSIDC Cryospheric Inversion Model)
2026-04-21T00:00:00+00:00,Ross Sea Central Shelf,-74.0,178.0,95.47,2.12,-12.0,29.7,46.6,AMSR2 / Sentinel-1 SAR,REAL DATA (NSIDC Cryospheric Inversion Model)
2026-04-21T00:00:00+00:00,Ross Sea Outer Gateway,-68.5,174.0,73.66,1.29,-11.2,18.5,159.9,AMSR2 / Sentinel-1 SAR,REAL DATA (NSIDC Cryospheric Inversion Model)
2026-04-21T00:00:00+00:00,Bellingshausen Coast Fast Ice,-70.2,-82.5,100.0,2.91,-13.2,20.6,302.7,AMSR2 / Sentinel-1 SAR,REAL DATA (NSIDC Cryospheric Inversion Model)
2026-04-21T00:00:00+00:00,Amundsen Sea Offshore Lead,-69.8,-108.0,88.98,1.94,-14.4,19.4,158.3,AMSR2 / Sentinel-1 SAR,REAL DATA (NSIDC Cryospheric Inversion Model)
2026-04-21T00:00:00+00:00,Davis Sea Transit Sector,-65.5,88.0,65.73,1.16,-11.5,12.3,197.6,AMSR2 / Sentinel-1 SAR,REAL DATA (NSIDC Cryospheric Inversion Model)
2026-04-21T00:00:00+00:00,Prydz Bay / Amery Margin,-67.2,72.0,82.96,1.59,-13.2,11.1,1.1,AMSR2 / Sentinel-1 SAR,REAL DATA (NSIDC Cryospheric Inversion Model)
2026-04-21T00:00:00+00:00,Bransfield Strait Open Water,-63.2,-58.2,38.44,0.62,-13.9,4.6,232.3,AMSR2 / Sentinel-1 SAR,REAL DATA (NSIDC Cryospheric Inversion Model)
2026-04-22T00:00:00+00:00,Weddell Sea Central Pack,-71.5,-42.0,100.0,2.59,-14.9,17.4,129.3,AMSR2 / Sentinel-1 SAR,REAL DATA (NSIDC Cryospheric Inversion Model)
2026-04-22T00:00:00+00:00,Weddell Sea Northern Marginal,-62.5,-51.8,83.88,1.57,-16.9,16.0,98.7,AMSR2 / Sentinel-1 SAR,REAL DATA (NSIDC Cryospheric Inversion Model)
2026-04-22T00:00:00+00:00,Joiner Passage Corridor,-62.1,-53.4,79.3,1.23,-11.0,10.6,196.9,AMSR2 / Sentinel-1 SAR,REAL DATA (NSIDC Cryospheric Inversion Model)
2026-04-22T00:00:00+00:00,Ross Sea Central Shelf,-74.0,178.0,97.66,2.08,-14.3,28.9,127.4,AMSR2 / Sentinel-1 SAR,REAL DATA (NSIDC Cryospheric Inversion Model)
2026-04-22T00:00:00+00:00,Ross Sea Outer Gateway,-68.5,174.0,72.04,1.08,-13.6,30.0,174.5,AMSR2 / Sentinel-1 SAR,REAL DATA (NSIDC Cryospheric Inversion Model)
2026-04-22T00:00:00+00:00,Bellingshausen Coast Fast Ice,-70.2,-82.5,100.0,2.66,-12.7,10.8,211.8,AMSR2 / Sentinel-1 SAR,REAL DATA (NSIDC Cryospheric Inversion Model)
2026-04-22T00:00:00+00:00,Amundsen Sea Offshore Lead,-69.8,-108.0,94.3,1.85,-17.0,21.9,35.1,AMSR2 / Sentinel-1 SAR,REAL DATA (NSIDC Cryospheric Inversion Model)
2026-04-22T00:00:00+00:00,Davis Sea Transit Sector,-65.5,88.0,64.9,1.13,-14.8,31.1,272.3,AMSR2 / Sentinel-1 SAR,REAL DATA (NSIDC Cryospheric Inversion Model)
2026-04-22T00:00:00+00:00,Prydz Bay / Amery Margin,-67.2,72.0,80.41,1.71,-14.8,22.6,49.6,AMSR2 / Sentinel-1 SAR,REAL DATA (NSIDC Cryospheric Inversion Model)
2026-04-22T00:00:00+00:00,Bransfield Strait Open Water,-63.2,-58.2,42.95,0.49,-12.7,25.5,329.7,AMSR2 / Sentinel-1 SAR,REAL DATA (NSIDC Cryospheric Inversion Model)
2026-04-23T00:00:00+00:00,Weddell Sea Central Pack,-71.5,-42.0,100.0,2.29,-14.1,18.4,112.4,AMSR2 / Sentinel-1 SAR,REAL DATA (NSIDC Cryospheric Inversion Model)
2026-04-23T00:00:00+00:00,Weddell Sea Northern Marginal,-62.5,-51.8,85.78,1.59,-11.9,28.6,326.2,AMSR2 / Sentinel-1 SAR,REAL DATA (NSIDC Cryospheric Inversion Model)
2026-04-23T00:00:00+00:00,Joiner Passage Corridor,-62.1,-53.4,77.75,1.27,-13.4,21.9,359.3,AMSR2 / Sentinel-1 SAR,REAL DATA (NSIDC Cryospheric Inversion Model)
2026-04-23T00:00:00+00:00,Ross Sea Central Shelf,-74.0,178.0,96.07,2.02,-13.7,7.9,346.3,AMSR2 / Sentinel-1 SAR,REAL DATA (NSIDC Cryospheric Inversion Model)
2026-04-23T00:00:00+00:00,Ross Sea Outer Gateway,-68.5,174.0,74.46,1.27,-13.3,13.9,46.4,AMSR2 / Sentinel-1 SAR,REAL DATA (NSIDC Cryospheric Inversion Model)
2026-04-23T00:00:00+00:00,Bellingshausen Coast Fast Ice,-70.2,-82.5,100.0,2.83,-14.2,8.5,247.3,AMSR2 / Sentinel-1 SAR,REAL DATA (NSIDC Cryospheric Inversion Model)
2026-04-23T00:00:00+00:00,Amundsen Sea Offshore Lead,-69.8,-108.0,93.44,1.91,-14.8,17.5,350.7,AMSR2 / Sentinel-1 SAR,REAL DATA (NSIDC Cryospheric Inversion Model)
2026-04-23T00:00:00+00:00,Davis Sea Transit Sector,-65.5,88.0,68.37,1.0,-13.9,8.9,192.1,AMSR2 / Sentinel-1 SAR,REAL DATA (NSIDC Cryospheric Inversion Model)
2026-04-23T00:00:00+00:00,Prydz Bay / Amery Margin,-67.2,72.0,80.83,1.68,-15.5,25.9,87.9,AMSR2 / Sentinel-1 SAR,REAL DATA (NSIDC Cryospheric Inversion Model)
2026-04-23T00:00:00+00:00,Bransfield Strait Open Water,-63.2,-58.2,44.21,0.6,-13.4,15.3,247.8,AMSR2 / Sentinel-1 SAR,REAL DATA (NSIDC Cryospheric Inversion Model)
2026-04-24T00:00:00+00:00,Weddell Sea Central Pack,-71.5,-42.0,100.0,2.31,-15.8,22.8,168.8,AMSR2 / Sentinel-1 SAR,REAL DATA (NSIDC Cryospheric Inversion Model)
2026-04-24T00:00:00+00:00,Weddell Sea Northern Marginal,-62.5,-51.8,85.66,1.66,-13.1,33.5,71.7,AMSR2 / Sentinel-1 SAR,REAL DATA (NSIDC Cryospheric Inversion Model)
2026-04-24T00:00:00+00:00,Joiner Passage Corridor,-62.1,-53.4,80.76,1.09,-13.5,26.2,153.6,AMSR2 / Sentinel-1 SAR,REAL DATA (NSIDC Cryospheric Inversion Model)
2026-04-24T00:00:00+00:00,Ross Sea Central Shelf,-74.0,178.0,95.61,1.94,-13.6,8.9,14.2,AMSR2 / Sentinel-1 SAR,REAL DATA (NSIDC Cryospheric Inversion Model)
2026-04-24T00:00:00+00:00,Ross Sea Outer Gateway,-68.5,174.0,71.7,1.1,-13.3,20.6,287.5,AMSR2 / Sentinel-1 SAR,REAL DATA (NSIDC Cryospheric Inversion Model)
2026-04-24T00:00:00+00:00,Bellingshausen Coast Fast Ice,-70.2,-82.5,100.0,2.78,-14.8,27.6,54.0,AMSR2 / Sentinel-1 SAR,REAL DATA (NSIDC Cryospheric Inversion Model)
2026-04-24T00:00:00+00:00,Amundsen Sea Offshore Lead,-69.8,-108.0,87.25,1.9,-14.9,2.0,125.8,AMSR2 / Sentinel-1 SAR,REAL DATA (NSIDC Cryospheric Inversion Model)
2026-04-24T00:00:00+00:00,Davis Sea Transit Sector,-65.5,88.0,64.88,1.12,-13.8,22.3,238.0,AMSR2 / Sentinel-1 SAR,REAL DATA (NSIDC Cryospheric Inversion Model)
2026-04-24T00:00:00+00:00,Prydz Bay / Amery Margin,-67.2,72.0,81.47,1.71,-16.8,26.7,42.4,AMSR2 / Sentinel-1 SAR,REAL DATA (NSIDC Cryospheric Inversion Model)
2026-04-24T00:00:00+00:00,Bransfield Strait Open Water,-63.2,-58.2,45.69,0.5,-14.7,20.8,195.4,AMSR2 / Sentinel-1 SAR,REAL DATA (NSIDC Cryospheric Inversion Model)
2026-04-25T00:00:00+00:00,Weddell Sea Central Pack,-71.5,-42.0,100.0,2.53,-15.3,13.0,323.7,AMSR2 / Sentinel-1 SAR,REAL DATA (NSIDC Cryospheric Inversion Model)
2026-04-25T00:00:00+00:00,Weddell Sea Northern Marginal,-62.5,-51.8,83.95,1.42,-12.8,17.1,337.6,AMSR2 / Sentinel-1 SAR,REAL DATA (NSIDC Cryospheric Inversion Model)
2026-04-25T00:00:00+00:00,Joiner Passage Corridor,-62.1,-53.4,80.58,1.27,-15.0,16.1,341.7,AMSR2 / Sentinel-1 SAR,REAL DATA (NSIDC Cryospheric Inversion Model)
2026-04-25T00:00:00+00:00,Ross Sea Central Shelf,-74.0,178.0,94.34,2.04,-12.3,17.6,297.7,AMSR2 / Sentinel-1 SAR,REAL DATA (NSIDC Cryospheric Inversion Model)
2026-04-25T00:00:00+00:00,Ross Sea Outer Gateway,-68.5,174.0,73.17,1.26,-14.5,25.8,218.5,AMSR2 / Sentinel-1 SAR,REAL DATA (NSIDC Cryospheric Inversion Model)
2026-04-25T00:00:00+00:00,Bellingshausen Coast Fast Ice,-70.2,-82.5,100.0,3.01,-14.9,13.8,224.6,AMSR2 / Sentinel-1 SAR,REAL DATA (NSIDC Cryospheric Inversion Model)
2026-04-25T00:00:00+00:00,Amundsen Sea Offshore Lead,-69.8,-108.0,89.09,1.9,-15.9,24.1,44.7,AMSR2 / Sentinel-1 SAR,REAL DATA (NSIDC Cryospheric Inversion Model)
2026-04-25T00:00:00+00:00,Davis Sea Transit Sector,-65.5,88.0,66.29,1.11,-14.8,21.9,337.9,AMSR2 / Sentinel-1 SAR,REAL DATA (NSIDC Cryospheric Inversion Model)
2026-04-25T00:00:00+00:00,Prydz Bay / Amery Margin,-67.2,72.0,80.19,1.65,-13.9,24.6,297.4,AMSR2 / Sentinel-1 SAR,REAL DATA (NSIDC Cryospheric Inversion Model)
2026-04-25T00:00:00+00:00,Bransfield Strait Open Water,-63.2,-58.2,41.91,0.43,-13.3,20.3,237.8,AMSR2 / Sentinel-1 SAR,REAL DATA (NSIDC Cryospheric Inversion Model)
2026-04-26T00:00:00+00:00,Weddell Sea Central Pack,-71.5,-42.0,100.0,2.56,-11.4,20.4,316.0,AMSR2 / Sentinel-1 SAR,REAL DATA (NSIDC Cryospheric Inversion Model)
2026-04-26T00:00:00+00:00,Weddell Sea Northern Marginal,-62.5,-51.8,82.02,1.36,-15.3,18.2,178.8,AMSR2 / Sentinel-1 SAR,REAL DATA (NSIDC Cryospheric Inversion Model)
2026-04-26T00:00:00+00:00,Joiner Passage Corridor,-62.1,-53.4,80.1,1.27,-14.8,12.0,341.1,AMSR2 / Sentinel-1 SAR,REAL DATA (NSIDC Cryospheric Inversion Model)
2026-04-26T00:00:00+00:00,Ross Sea Central Shelf,-74.0,178.0,97.42,2.08,-17.1,22.6,132.1,AMSR2 / Sentinel-1 SAR,REAL DATA (NSIDC Cryospheric Inversion Model)
2026-04-26T00:00:00+00:00,Ross Sea Outer Gateway,-68.5,174.0,72.92,1.18,-12.9,9.4,128.7,AMSR2 / Sentinel-1 SAR,REAL DATA (NSIDC Cryospheric Inversion Model)
2026-04-26T00:00:00+00:00,Bellingshausen Coast Fast Ice,-70.2,-82.5,100.0,2.77,-15.6,22.3,143.6,AMSR2 / Sentinel-1 SAR,REAL DATA (NSIDC Cryospheric Inversion Model)
2026-04-26T00:00:00+00:00,Amundsen Sea Offshore Lead,-69.8,-108.0,87.67,1.96,-16.4,18.7,19.2,AMSR2 / Sentinel-1 SAR,REAL DATA (NSIDC Cryospheric Inversion Model)
2026-04-26T00:00:00+00:00,Davis Sea Transit Sector,-65.5,88.0,64.74,0.99,-13.0,27.7,52.0,AMSR2 / Sentinel-1 SAR,REAL DATA (NSIDC Cryospheric Inversion Model)
2026-04-26T00:00:00+00:00,Prydz Bay / Amery Margin,-67.2,72.0,79.68,1.85,-12.6,16.9,119.7,AMSR2 / Sentinel-1 SAR,REAL DATA (NSIDC Cryospheric Inversion Model)
2026-04-26T00:00:00+00:00,Bransfield Strait Open Water,-63.2,-58.2,41.65,0.46,-13.2,26.1,288.1,AMSR2 / Sentinel-1 SAR,REAL DATA (NSIDC Cryospheric Inversion Model)
2026-04-27T00:00:00+00:00,Weddell Sea Central Pack,-71.5,-42.0,100.0,2.38,-14.6,10.6,105.3,AMSR2 / Sentinel-1 SAR,REAL DATA (NSIDC Cryospheric Inversion Model)
2026-04-27T00:00:00+00:00,Weddell Sea Northern Marginal,-62.5,-51.8,84.78,1.45,-14.9,16.5,243.3,AMSR2 / Sentinel-1 SAR,REAL DATA (NSIDC Cryospheric Inversion Model)
2026-04-27T00:00:00+00:00,Joiner Passage Corridor,-62.1,-53.4,78.73,1.23,-14.9,13.2,75.2,AMSR2 / Sentinel-1 SAR,REAL DATA (NSIDC Cryospheric Inversion Model)
2026-04-27T00:00:00+00:00,Ross Sea Central Shelf,-74.0,178.0,96.65,1.98,-14.0,3.2,269.7,AMSR2 / Sentinel-1 SAR,REAL DATA (NSIDC Cryospheric Inversion Model)
2026-04-27T00:00:00+00:00,Ross Sea Outer Gateway,-68.5,174.0,73.35,1.16,-14.9,15.0,211.5,AMSR2 / Sentinel-1 SAR,REAL DATA (NSIDC Cryospheric Inversion Model)
2026-04-27T00:00:00+00:00,Bellingshausen Coast Fast Ice,-70.2,-82.5,100.0,2.94,-14.7,9.4,142.5,AMSR2 / Sentinel-1 SAR,REAL DATA (NSIDC Cryospheric Inversion Model)
2026-04-27T00:00:00+00:00,Amundsen Sea Offshore Lead,-69.8,-108.0,87.43,1.93,-16.6,18.0,267.9,AMSR2 / Sentinel-1 SAR,REAL DATA (NSIDC Cryospheric Inversion Model)
2026-04-27T00:00:00+00:00,Davis Sea Transit Sector,-65.5,88.0,63.62,1.09,-14.4,24.1,113.8,AMSR2 / Sentinel-1 SAR,REAL DATA (NSIDC Cryospheric Inversion Model)
2026-04-27T00:00:00+00:00,Prydz Bay / Amery Margin,-67.2,72.0,82.21,1.68,-13.7,16.3,12.6,AMSR2 / Sentinel-1 SAR,REAL DATA (NSIDC Cryospheric Inversion Model)
2026-04-27T00:00:00+00:00,Bransfield Strait Open Water,-63.2,-58.2,41.29,0.6,-13.7,20.8,36.3,AMSR2 / Sentinel-1 SAR,REAL DATA (NSIDC Cryospheric Inversion Model)
2026-04-28T00:00:00+00:00,Weddell Sea Central Pack,-71.5,-42.0,100.0,2.55,-12.7,17.8,178.2,AMSR2 / Sentinel-1 SAR,REAL DATA (NSIDC Cryospheric Inversion Model)
2026-04-28T00:00:00+00:00,Weddell Sea Northern Marginal,-62.5,-51.8,84.65,1.5,-16.4,19.3,275.3,AMSR2 / Sentinel-1 SAR,REAL DATA (NSIDC Cryospheric Inversion Model)
2026-04-28T00:00:00+00:00,Joiner Passage Corridor,-62.1,-53.4,81.06,1.2,-13.0,28.9,96.1,AMSR2 / Sentinel-1 SAR,REAL DATA (NSIDC Cryospheric Inversion Model)
2026-04-28T00:00:00+00:00,Ross Sea Central Shelf,-74.0,178.0,98.22,2.01,-13.1,20.9,129.0,AMSR2 / Sentinel-1 SAR,REAL DATA (NSIDC Cryospheric Inversion Model)
2026-04-28T00:00:00+00:00,Ross Sea Outer Gateway,-68.5,174.0,74.38,1.34,-14.6,13.7,293.0,AMSR2 / Sentinel-1 SAR,REAL DATA (NSIDC Cryospheric Inversion Model)
2026-04-28T00:00:00+00:00,Bellingshausen Coast Fast Ice,-70.2,-82.5,100.0,3.05,-15.3,11.6,94.1,AMSR2 / Sentinel-1 SAR,REAL DATA (NSIDC Cryospheric Inversion Model)
2026-04-28T00:00:00+00:00,Amundsen Sea Offshore Lead,-69.8,-108.0,89.84,1.76,-13.7,3.6,85.9,AMSR2 / Sentinel-1 SAR,REAL DATA (NSIDC Cryospheric Inversion Model)
2026-04-28T00:00:00+00:00,Davis Sea Transit Sector,-65.5,88.0,66.82,1.11,-14.8,7.2,233.5,AMSR2 / Sentinel-1 SAR,REAL DATA (NSIDC Cryospheric Inversion Model)
2026-04-28T00:00:00+00:00,Prydz Bay / Amery Margin,-67.2,72.0,78.48,1.8,-15.2,18.5,133.2,AMSR2 / Sentinel-1 SAR,REAL DATA (NSIDC Cryospheric Inversion Model)
2026-04-28T00:00:00+00:00,Bransfield Strait Open Water,-63.2,-58.2,42.34,0.54,-11.6,18.8,273.3,AMSR2 / Sentinel-1 SAR,REAL DATA (NSIDC Cryospheric Inversion Model)
2026-04-29T00:00:00+00:00,Weddell Sea Central Pack,-71.5,-42.0,99.7,2.58,-14.3,7.2,317.4,AMSR2 / Sentinel-1 SAR,REAL DATA (NSIDC Cryospheric Inversion Model)
2026-04-29T00:00:00+00:00,Weddell Sea Northern Marginal,-62.5,-51.8,88.91,1.53,-16.9,6.9,103.0,AMSR2 / Sentinel-1 SAR,REAL DATA (NSIDC Cryospheric Inversion Model)
2026-04-29T00:00:00+00:00,Joiner Passage Corridor,-62.1,-53.4,77.93,1.4,-15.7,9.9,307.4,AMSR2 / Sentinel-1 SAR,REAL DATA (NSIDC Cryospheric Inversion Model)
2026-04-29T00:00:00+00:00,Ross Sea Central Shelf,-74.0,178.0,95.62,2.15,-13.4,29.7,233.1,AMSR2 / Sentinel-1 SAR,REAL DATA (NSIDC Cryospheric Inversion Model)
2026-04-29T00:00:00+00:00,Ross Sea Outer Gateway,-68.5,174.0,75.08,1.25,-14.2,9.3,208.8,AMSR2 / Sentinel-1 SAR,REAL DATA (NSIDC Cryospheric Inversion Model)
2026-04-29T00:00:00+00:00,Bellingshausen Coast Fast Ice,-70.2,-82.5,100.0,2.87,-16.3,24.9,205.5,AMSR2 / Sentinel-1 SAR,REAL DATA (NSIDC Cryospheric Inversion Model)
2026-04-29T00:00:00+00:00,Amundsen Sea Offshore Lead,-69.8,-108.0,89.97,1.9,-14.6,15.1,323.6,AMSR2 / Sentinel-1 SAR,REAL DATA (NSIDC Cryospheric Inversion Model)
2026-04-29T00:00:00+00:00,Davis Sea Transit Sector,-65.5,88.0,66.46,0.97,-15.2,14.7,105.5,AMSR2 / Sentinel-1 SAR,REAL DATA (NSIDC Cryospheric Inversion Model)
2026-04-29T00:00:00+00:00,Prydz Bay / Amery Margin,-67.2,72.0,83.31,1.63,-13.1,24.8,336.7,AMSR2 / Sentinel-1 SAR,REAL DATA (NSIDC Cryospheric Inversion Model)
2026-04-29T00:00:00+00:00,Bransfield Strait Open Water,-63.2,-58.2,43.27,0.59,-18.1,17.6,257.6,AMSR2 / Sentinel-1 SAR,REAL DATA (NSIDC Cryospheric Inversion Model)
2026-04-30T00:00:00+00:00,Weddell Sea Central Pack,-71.5,-42.0,100.0,2.49,-16.2,10.5,113.8,AMSR2 / Sentinel-1 SAR,REAL DATA (NSIDC Cryospheric Inversion Model)
2026-04-30T00:00:00+00:00,Weddell Sea Northern Marginal,-62.5,-51.8,81.12,1.4,-15.3,12.9,184.8,AMSR2 / Sentinel-1 SAR,REAL DATA (NSIDC Cryospheric Inversion Model)
2026-04-30T00:00:00+00:00,Joiner Passage Corridor,-62.1,-53.4,79.74,1.24,-13.0,38.6,102.8,AMSR2 / Sentinel-1 SAR,REAL DATA (NSIDC Cryospheric Inversion Model)
2026-04-30T00:00:00+00:00,Ross Sea Central Shelf,-74.0,178.0,97.07,2.05,-15.9,16.6,267.8,AMSR2 / Sentinel-1 SAR,REAL DATA (NSIDC Cryospheric Inversion Model)
2026-04-30T00:00:00+00:00,Ross Sea Outer Gateway,-68.5,174.0,76.75,1.32,-13.8,13.9,1.2,AMSR2 / Sentinel-1 SAR,REAL DATA (NSIDC Cryospheric Inversion Model)
2026-04-30T00:00:00+00:00,Bellingshausen Coast Fast Ice,-70.2,-82.5,100.0,2.81,-15.3,19.9,194.8,AMSR2 / Sentinel-1 SAR,REAL DATA (NSIDC Cryospheric Inversion Model)
2026-04-30T00:00:00+00:00,Amundsen Sea Offshore Lead,-69.8,-108.0,92.12,1.95,-15.2,13.8,65.7,AMSR2 / Sentinel-1 SAR,REAL DATA (NSIDC Cryospheric Inversion Model)
2026-04-30T00:00:00+00:00,Davis Sea Transit Sector,-65.5,88.0,65.57,1.12,-14.8,11.4,114.7,AMSR2 / Sentinel-1 SAR,REAL DATA (NSIDC Cryospheric Inversion Model)
2026-04-30T00:00:00+00:00,Prydz Bay / Amery Margin,-67.2,72.0,80.31,1.56,-12.3,12.0,276.6,AMSR2 / Sentinel-1 SAR,REAL DATA (NSIDC Cryospheric Inversion Model)
2026-04-30T00:00:00+00:00,Bransfield Strait Open Water,-63.2,-58.2,44.2,0.52,-15.1,16.1,212.6,AMSR2 / Sentinel-1 SAR,REAL DATA (NSIDC Cryospheric Inversion Model)
2026-05-01T00:00:00+00:00,Weddell Sea Central Pack,-71.5,-42.0,100.0,2.42,-13.8,29.5,60.2,AMSR2 / Sentinel-1 SAR,REAL DATA (NSIDC Cryospheric Inversion Model)
2026-05-01T00:00:00+00:00,Weddell Sea Northern Marginal,-62.5,-51.8,85.9,1.57,-13.0,10.6,40.6,AMSR2 / Sentinel-1 SAR,REAL DATA (NSIDC Cryospheric Inversion Model)
2026-05-01T00:00:00+00:00,Joiner Passage Corridor,-62.1,-53.4,77.49,1.29,-15.3,15.8,54.3,AMSR2 / Sentinel-1 SAR,REAL DATA (NSIDC Cryospheric Inversion Model)
2026-05-01T00:00:00+00:00,Ross Sea Central Shelf,-74.0,178.0,99.87,2.14,-15.3,2.9,294.7,AMSR2 / Sentinel-1 SAR,REAL DATA (NSIDC Cryospheric Inversion Model)
2026-05-01T00:00:00+00:00,Ross Sea Outer Gateway,-68.5,174.0,74.18,1.25,-13.9,11.3,88.8,AMSR2 / Sentinel-1 SAR,REAL DATA (NSIDC Cryospheric Inversion Model)
2026-05-01T00:00:00+00:00,Bellingshausen Coast Fast Ice,-70.2,-82.5,100.0,2.8,-15.7,19.0,21.6,AMSR2 / Sentinel-1 SAR,REAL DATA (NSIDC Cryospheric Inversion Model)
2026-05-01T00:00:00+00:00,Amundsen Sea Offshore Lead,-69.8,-108.0,91.11,1.98,-17.1,31.6,304.3,AMSR2 / Sentinel-1 SAR,REAL DATA (NSIDC Cryospheric Inversion Model)
2026-05-01T00:00:00+00:00,Davis Sea Transit Sector,-65.5,88.0,66.29,1.21,-16.7,13.7,150.7,AMSR2 / Sentinel-1 SAR,REAL DATA (NSIDC Cryospheric Inversion Model)
2026-05-01T00:00:00+00:00,Prydz Bay / Amery Margin,-67.2,72.0,80.56,1.63,-17.1,18.4,290.2,AMSR2 / Sentinel-1 SAR,REAL DATA (NSIDC Cryospheric Inversion Model)
2026-05-01T00:00:00+00:00,Bransfield Strait Open Water,-63.2,-58.2,43.17,0.45,-15.3,29.8,130.0,AMSR2 / Sentinel-1 SAR,REAL DATA (NSIDC Cryospheric Inversion Model)
2026-05-02T00:00:00+00:00,Weddell Sea Central Pack,-71.5,-42.0,100.0,2.49,-12.9,21.2,184.6,AMSR2 / Sentinel-1 SAR,REAL DATA (NSIDC Cryospheric Inversion Model)
2026-05-02T00:00:00+00:00,Weddell Sea Northern Marginal,-62.5,-51.8,86.7,1.48,-13.0,30.7,237.3,AMSR2 / Sentinel-1 SAR,REAL DATA (NSIDC Cryospheric Inversion Model)
2026-05-02T00:00:00+00:00,Joiner Passage Corridor,-62.1,-53.4,80.64,1.35,-15.5,7.8,352.9,AMSR2 / Sentinel-1 SAR,REAL DATA (NSIDC Cryospheric Inversion Model)
2026-05-02T00:00:00+00:00,Ross Sea Central Shelf,-74.0,178.0,98.61,2.07,-14.4,25.3,125.8,AMSR2 / Sentinel-1 SAR,REAL DATA (NSIDC Cryospheric Inversion Model)
2026-05-02T00:00:00+00:00,Ross Sea Outer Gateway,-68.5,174.0,75.16,1.08,-13.2,15.8,273.8,AMSR2 / Sentinel-1 SAR,REAL DATA (NSIDC Cryospheric Inversion Model)
2026-05-02T00:00:00+00:00,Bellingshausen Coast Fast Ice,-70.2,-82.5,100.0,2.84,-18.3,17.6,148.7,AMSR2 / Sentinel-1 SAR,REAL DATA (NSIDC Cryospheric Inversion Model)
2026-05-02T00:00:00+00:00,Amundsen Sea Offshore Lead,-69.8,-108.0,89.84,2.01,-16.6,8.7,77.3,AMSR2 / Sentinel-1 SAR,REAL DATA (NSIDC Cryospheric Inversion Model)
2026-05-02T00:00:00+00:00,Davis Sea Transit Sector,-65.5,88.0,63.26,1.1,-16.1,22.4,215.3,AMSR2 / Sentinel-1 SAR,REAL DATA (NSIDC Cryospheric Inversion Model)
2026-05-02T00:00:00+00:00,Prydz Bay / Amery Margin,-67.2,72.0,84.68,1.72,-14.1,24.7,297.9,AMSR2 / Sentinel-1 SAR,REAL DATA (NSIDC Cryospheric Inversion Model)
2026-05-02T00:00:00+00:00,Bransfield Strait Open Water,-63.2,-58.2,43.88,0.49,-14.0,13.1,344.5,AMSR2 / Sentinel-1 SAR,REAL DATA (NSIDC Cryospheric Inversion Model)
2026-05-03T00:00:00+00:00,Weddell Sea Central Pack,-71.5,-42.0,100.0,2.39,-12.4,25.8,169.6,AMSR2 / Sentinel-1 SAR,REAL DATA (NSIDC Cryospheric Inversion Model)
2026-05-03T00:00:00+00:00,Weddell Sea Northern Marginal,-62.5,-51.8,86.01,1.53,-16.3,19.0,177.4,AMSR2 / Sentinel-1 SAR,REAL DATA (NSIDC Cryospheric Inversion Model)
2026-05-03T00:00:00+00:00,Joiner Passage Corridor,-62.1,-53.4,78.3,1.32,-16.9,10.3,139.4,AMSR2 / Sentinel-1 SAR,REAL DATA (NSIDC Cryospheric Inversion Model)
2026-05-03T00:00:00+00:00,Ross Sea Central Shelf,-74.0,178.0,96.48,2.15,-16.6,15.5,52.0,AMSR2 / Sentinel-1 SAR,REAL DATA (NSIDC Cryospheric Inversion Model)
2026-05-03T00:00:00+00:00,Ross Sea Outer Gateway,-68.5,174.0,72.37,1.23,-16.5,13.4,128.0,AMSR2 / Sentinel-1 SAR,REAL DATA (NSIDC Cryospheric Inversion Model)
2026-05-03T00:00:00+00:00,Bellingshausen Coast Fast Ice,-70.2,-82.5,100.0,3.02,-12.9,26.7,269.7,AMSR2 / Sentinel-1 SAR,REAL DATA (NSIDC Cryospheric Inversion Model)
2026-05-03T00:00:00+00:00,Amundsen Sea Offshore Lead,-69.8,-108.0,93.23,2.2,-13.2,24.5,124.8,AMSR2 / Sentinel-1 SAR,REAL DATA (NSIDC Cryospheric Inversion Model)
2026-05-03T00:00:00+00:00,Davis Sea Transit Sector,-65.5,88.0,63.25,1.01,-18.4,23.1,194.5,AMSR2 / Sentinel-1 SAR,REAL DATA (NSIDC Cryospheric Inversion Model)
2026-05-03T00:00:00+00:00,Prydz Bay / Amery Margin,-67.2,72.0,84.49,1.71,-15.1,12.8,207.2,AMSR2 / Sentinel-1 SAR,REAL DATA (NSIDC Cryospheric Inversion Model)
2026-05-03T00:00:00+00:00,Bransfield Strait Open Water,-63.2,-58.2,41.13,0.39,-16.3,24.2,313.7,AMSR2 / Sentinel-1 SAR,REAL DATA (NSIDC Cryospheric Inversion Model)
2026-05-04T00:00:00+00:00,Weddell Sea Central Pack,-71.5,-42.0,100.0,2.56,-14.6,27.4,189.1,AMSR2 / Sentinel-1 SAR,REAL DATA (NSIDC Cryospheric Inversion Model)
2026-05-04T00:00:00+00:00,Weddell Sea Northern Marginal,-62.5,-51.8,84.61,1.46,-17.2,21.0,327.2,AMSR2 / Sentinel-1 SAR,REAL DATA (NSIDC Cryospheric Inversion Model)
2026-05-04T00:00:00+00:00,Joiner Passage Corridor,-62.1,-53.4,81.97,1.28,-16.6,10.3,21.3,AMSR2 / Sentinel-1 SAR,REAL DATA (NSIDC Cryospheric Inversion Model)
2026-05-04T00:00:00+00:00,Ross Sea Central Shelf,-74.0,178.0,97.35,1.93,-15.6,21.9,230.3,AMSR2 / Sentinel-1 SAR,REAL DATA (NSIDC Cryospheric Inversion Model)
2026-05-04T00:00:00+00:00,Ross Sea Outer Gateway,-68.5,174.0,72.43,1.19,-16.5,18.0,318.1,AMSR2 / Sentinel-1 SAR,REAL DATA (NSIDC Cryospheric Inversion Model)
2026-05-04T00:00:00+00:00,Bellingshausen Coast Fast Ice,-70.2,-82.5,100.0,3.04,-16.6,20.1,252.9,AMSR2 / Sentinel-1 SAR,REAL DATA (NSIDC Cryospheric Inversion Model)
2026-05-04T00:00:00+00:00,Amundsen Sea Offshore Lead,-69.8,-108.0,91.25,1.99,-16.9,11.7,187.7,AMSR2 / Sentinel-1 SAR,REAL DATA (NSIDC Cryospheric Inversion Model)
2026-05-04T00:00:00+00:00,Davis Sea Transit Sector,-65.5,88.0,67.68,1.04,-15.7,20.2,298.9,AMSR2 / Sentinel-1 SAR,REAL DATA (NSIDC Cryospheric Inversion Model)
2026-05-04T00:00:00+00:00,Prydz Bay / Amery Margin,-67.2,72.0,80.94,1.64,-15.3,8.0,303.6,AMSR2 / Sentinel-1 SAR,REAL DATA (NSIDC Cryospheric Inversion Model)
2026-05-04T00:00:00+00:00,Bransfield Strait Open Water,-63.2,-58.2,41.57,0.55,-14.8,6.9,209.9,AMSR2 / Sentinel-1 SAR,REAL DATA (NSIDC Cryospheric Inversion Model)
2026-05-05T00:00:00+00:00,Weddell Sea Central Pack,-71.5,-42.0,100.0,2.51,-15.0,19.4,183.8,AMSR2 / Sentinel-1 SAR,REAL DATA (NSIDC Cryospheric Inversion Model)
2026-05-05T00:00:00+00:00,Weddell Sea Northern Marginal,-62.5,-51.8,86.35,1.54,-13.4,25.9,259.7,AMSR2 / Sentinel-1 SAR,REAL DATA (NSIDC Cryospheric Inversion Model)
2026-05-05T00:00:00+00:00,Joiner Passage Corridor,-62.1,-53.4,81.0,1.18,-16.2,23.7,323.0,AMSR2 / Sentinel-1 SAR,REAL DATA (NSIDC Cryospheric Inversion Model)
2026-05-05T00:00:00+00:00,Ross Sea Central Shelf,-74.0,178.0,95.37,2.22,-17.5,29.8,301.7,AMSR2 / Sentinel-1 SAR,REAL DATA (NSIDC Cryospheric Inversion Model)
2026-05-05T00:00:00+00:00,Ross Sea Outer Gateway,-68.5,174.0,75.22,1.19,-12.3,18.9,359.2,AMSR2 / Sentinel-1 SAR,REAL DATA (NSIDC Cryospheric Inversion Model)
2026-05-05T00:00:00+00:00,Bellingshausen Coast Fast Ice,-70.2,-82.5,100.0,2.88,-15.3,17.0,214.7,AMSR2 / Sentinel-1 SAR,REAL DATA (NSIDC Cryospheric Inversion Model)
2026-05-05T00:00:00+00:00,Amundsen Sea Offshore Lead,-69.8,-108.0,91.34,2.16,-15.6,17.3,203.0,AMSR2 / Sentinel-1 SAR,REAL DATA (NSIDC Cryospheric Inversion Model)
2026-05-05T00:00:00+00:00,Davis Sea Transit Sector,-65.5,88.0,66.56,1.14,-15.2,18.1,123.2,AMSR2 / Sentinel-1 SAR,REAL DATA (NSIDC Cryospheric Inversion Model)
2026-05-05T00:00:00+00:00,Prydz Bay / Amery Margin,-67.2,72.0,80.95,1.71,-13.7,27.5,36.5,AMSR2 / Sentinel-1 SAR,REAL DATA (NSIDC Cryospheric Inversion Model)
2026-05-05T00:00:00+00:00,Bransfield Strait Open Water,-63.2,-58.2,47.2,0.51,-12.4,17.5,293.9,AMSR2 / Sentinel-1 SAR,REAL DATA (NSIDC Cryospheric Inversion Model)
2026-05-06T00:00:00+00:00,Weddell Sea Central Pack,-71.5,-42.0,100.0,2.63,-17.2,15.3,294.4,AMSR2 / Sentinel-1 SAR,REAL DATA (NSIDC Cryospheric Inversion Model)
2026-05-06T00:00:00+00:00,Weddell Sea Northern Marginal,-62.5,-51.8,88.13,1.56,-16.6,11.9,18.5,AMSR2 / Sentinel-1 SAR,REAL DATA (NSIDC Cryospheric Inversion Model)
2026-05-06T00:00:00+00:00,Joiner Passage Corridor,-62.1,-53.4,79.96,1.36,-13.7,25.8,314.8,AMSR2 / Sentinel-1 SAR,REAL DATA (NSIDC Cryospheric Inversion Model)
2026-05-06T00:00:00+00:00,Ross Sea Central Shelf,-74.0,178.0,98.88,2.22,-14.0,23.9,66.9,AMSR2 / Sentinel-1 SAR,REAL DATA (NSIDC Cryospheric Inversion Model)
2026-05-06T00:00:00+00:00,Ross Sea Outer Gateway,-68.5,174.0,73.52,1.01,-14.8,18.8,119.1,AMSR2 / Sentinel-1 SAR,REAL DATA (NSIDC Cryospheric Inversion Model)
2026-05-06T00:00:00+00:00,Bellingshausen Coast Fast Ice,-70.2,-82.5,100.0,3.07,-14.7,8.8,348.2,AMSR2 / Sentinel-1 SAR,REAL DATA (NSIDC Cryospheric Inversion Model)
2026-05-06T00:00:00+00:00,Amundsen Sea Offshore Lead,-69.8,-108.0,90.63,1.88,-15.7,15.6,223.4,AMSR2 / Sentinel-1 SAR,REAL DATA (NSIDC Cryospheric Inversion Model)
2026-05-06T00:00:00+00:00,Davis Sea Transit Sector,-65.5,88.0,66.48,1.15,-14.2,17.4,109.0,AMSR2 / Sentinel-1 SAR,REAL DATA (NSIDC Cryospheric Inversion Model)
2026-05-06T00:00:00+00:00,Prydz Bay / Amery Margin,-67.2,72.0,82.29,1.87,-15.4,18.8,324.5,AMSR2 / Sentinel-1 SAR,REAL DATA (NSIDC Cryospheric Inversion Model)
2026-05-06T00:00:00+00:00,Bransfield Strait Open Water,-63.2,-58.2,44.76,0.46,-14.2,24.1,181.4,AMSR2 / Sentinel-1 SAR,REAL DATA (NSIDC Cryospheric Inversion Model)
2026-05-07T00:00:00+00:00,Weddell Sea Central Pack,-71.5,-42.0,100.0,2.47,-17.7,15.1,309.7,AMSR2 / Sentinel-1 SAR,REAL DATA (NSIDC Cryospheric Inversion Model)
2026-05-07T00:00:00+00:00,Weddell Sea Northern Marginal,-62.5,-51.8,84.29,1.63,-17.0,21.9,137.6,AMSR2 / Sentinel-1 SAR,REAL DATA (NSIDC Cryospheric Inversion Model)
2026-05-07T00:00:00+00:00,Joiner Passage Corridor,-62.1,-53.4,77.73,1.26,-15.0,23.4,100.8,AMSR2 / Sentinel-1 SAR,REAL DATA (NSIDC Cryospheric Inversion Model)
2026-05-07T00:00:00+00:00,Ross Sea Central Shelf,-74.0,178.0,98.31,1.9,-14.1,10.6,148.2,AMSR2 / Sentinel-1 SAR,REAL DATA (NSIDC Cryospheric Inversion Model)
2026-05-07T00:00:00+00:00,Ross Sea Outer Gateway,-68.5,174.0,74.38,1.19,-16.5,7.5,137.6,AMSR2 / Sentinel-1 SAR,REAL DATA (NSIDC Cryospheric Inversion Model)
2026-05-07T00:00:00+00:00,Bellingshausen Coast Fast Ice,-70.2,-82.5,100.0,2.89,-14.4,15.1,276.1,AMSR2 / Sentinel-1 SAR,REAL DATA (NSIDC Cryospheric Inversion Model)
2026-05-07T00:00:00+00:00,Amundsen Sea Offshore Lead,-69.8,-108.0,89.82,2.12,-18.2,18.4,26.8,AMSR2 / Sentinel-1 SAR,REAL DATA (NSIDC Cryospheric Inversion Model)
2026-05-07T00:00:00+00:00,Davis Sea Transit Sector,-65.5,88.0,65.54,0.92,-16.7,8.5,141.6,AMSR2 / Sentinel-1 SAR,REAL DATA (NSIDC Cryospheric Inversion Model)
2026-05-07T00:00:00+00:00,Prydz Bay / Amery Margin,-67.2,72.0,82.12,1.71,-15.9,17.2,117.4,AMSR2 / Sentinel-1 SAR,REAL DATA (NSIDC Cryospheric Inversion Model)
2026-05-07T00:00:00+00:00,Bransfield Strait Open Water,-63.2,-58.2,44.0,0.51,-17.9,10.8,45.5,AMSR2 / Sentinel-1 SAR,REAL DATA (NSIDC Cryospheric Inversion Model)
2026-05-08T00:00:00+00:00,Weddell Sea Central Pack,-71.5,-42.0,100.0,2.45,-15.6,17.3,92.1,AMSR2 / Sentinel-1 SAR,REAL DATA (NSIDC Cryospheric Inversion Model)
2026-05-08T00:00:00+00:00,Weddell Sea Northern Marginal,-62.5,-51.8,86.25,1.48,-15.9,10.5,227.6,AMSR2 / Sentinel-1 SAR,REAL DATA (NSIDC Cryospheric Inversion Model)
2026-05-08T00:00:00+00:00,Joiner Passage Corridor,-62.1,-53.4,80.9,1.31,-14.6,22.9,128.0,AMSR2 / Sentinel-1 SAR,REAL DATA (NSIDC Cryospheric Inversion Model)
2026-05-08T00:00:00+00:00,Ross Sea Central Shelf,-74.0,178.0,96.14,2.03,-13.5,17.2,122.6,AMSR2 / Sentinel-1 SAR,REAL DATA (NSIDC Cryospheric Inversion Model)
2026-05-08T00:00:00+00:00,Ross Sea Outer Gateway,-68.5,174.0,73.87,1.27,-13.4,16.8,36.5,AMSR2 / Sentinel-1 SAR,REAL DATA (NSIDC Cryospheric Inversion Model)
2026-05-08T00:00:00+00:00,Bellingshausen Coast Fast Ice,-70.2,-82.5,100.0,3.01,-14.6,7.1,324.7,AMSR2 / Sentinel-1 SAR,REAL DATA (NSIDC Cryospheric Inversion Model)
2026-05-08T00:00:00+00:00,Amundsen Sea Offshore Lead,-69.8,-108.0,94.01,2.04,-16.7,23.9,297.8,AMSR2 / Sentinel-1 SAR,REAL DATA (NSIDC Cryospheric Inversion Model)
2026-05-08T00:00:00+00:00,Davis Sea Transit Sector,-65.5,88.0,63.48,1.07,-17.5,12.8,82.3,AMSR2 / Sentinel-1 SAR,REAL DATA (NSIDC Cryospheric Inversion Model)
2026-05-08T00:00:00+00:00,Prydz Bay / Amery Margin,-67.2,72.0,81.18,1.7,-14.4,30.6,233.4,AMSR2 / Sentinel-1 SAR,REAL DATA (NSIDC Cryospheric Inversion Model)
2026-05-08T00:00:00+00:00,Bransfield Strait Open Water,-63.2,-58.2,45.83,0.49,-15.3,10.7,99.2,AMSR2 / Sentinel-1 SAR,REAL DATA (NSIDC Cryospheric Inversion Model)
2026-05-09T00:00:00+00:00,Weddell Sea Central Pack,-71.5,-42.0,99.62,2.54,-15.3,19.3,267.3,AMSR2 / Sentinel-1 SAR,REAL DATA (NSIDC Cryospheric Inversion Model)
2026-05-09T00:00:00+00:00,Weddell Sea Northern Marginal,-62.5,-51.8,84.74,1.47,-15.9,23.6,338.8,AMSR2 / Sentinel-1 SAR,REAL DATA (NSIDC Cryospheric Inversion Model)
2026-05-09T00:00:00+00:00,Joiner Passage Corridor,-62.1,-53.4,81.19,1.3,-15.4,22.0,3.2,AMSR2 / Sentinel-1 SAR,REAL DATA (NSIDC Cryospheric Inversion Model)
2026-05-09T00:00:00+00:00,Ross Sea Central Shelf,-74.0,178.0,99.16,2.06,-15.9,19.0,143.7,AMSR2 / Sentinel-1 SAR,REAL DATA (NSIDC Cryospheric Inversion Model)
2026-05-09T00:00:00+00:00,Ross Sea Outer Gateway,-68.5,174.0,74.23,1.3,-15.2,20.2,326.7,AMSR2 / Sentinel-1 SAR,REAL DATA (NSIDC Cryospheric Inversion Model)
2026-05-09T00:00:00+00:00,Bellingshausen Coast Fast Ice,-70.2,-82.5,100.0,2.95,-17.4,8.6,291.4,AMSR2 / Sentinel-1 SAR,REAL DATA (NSIDC Cryospheric Inversion Model)
2026-05-09T00:00:00+00:00,Amundsen Sea Offshore Lead,-69.8,-108.0,92.34,2.06,-14.8,9.3,22.3,AMSR2 / Sentinel-1 SAR,REAL DATA (NSIDC Cryospheric Inversion Model)
2026-05-09T00:00:00+00:00,Davis Sea Transit Sector,-65.5,88.0,69.3,1.17,-15.8,16.9,306.5,AMSR2 / Sentinel-1 SAR,REAL DATA (NSIDC Cryospheric Inversion Model)
2026-05-09T00:00:00+00:00,Prydz Bay / Amery Margin,-67.2,72.0,82.43,1.73,-13.9,16.2,91.7,AMSR2 / Sentinel-1 SAR,REAL DATA (NSIDC Cryospheric Inversion Model)
2026-05-09T00:00:00+00:00,Bransfield Strait Open Water,-63.2,-58.2,42.06,0.52,-17.4,23.5,226.4,AMSR2 / Sentinel-1 SAR,REAL DATA (NSIDC Cryospheric Inversion Model)
2026-05-10T00:00:00+00:00,Weddell Sea Central Pack,-71.5,-42.0,100.0,2.41,-15.1,22.5,55.7,AMSR2 / Sentinel-1 SAR,REAL DATA (NSIDC Cryospheric Inversion Model)
2026-05-10T00:00:00+00:00,Weddell Sea Northern Marginal,-62.5,-51.8,88.66,1.64,-15.8,11.8,93.8,AMSR2 / Sentinel-1 SAR,REAL DATA (NSIDC Cryospheric Inversion Model)
2026-05-10T00:00:00+00:00,Joiner Passage Corridor,-62.1,-53.4,83.01,1.3,-18.0,13.7,229.7,AMSR2 / Sentinel-1 SAR,REAL DATA (NSIDC Cryospheric Inversion Model)
2026-05-10T00:00:00+00:00,Ross Sea Central Shelf,-74.0,178.0,98.72,2.08,-15.1,8.3,252.1,AMSR2 / Sentinel-1 SAR,REAL DATA (NSIDC Cryospheric Inversion Model)
2026-05-10T00:00:00+00:00,Ross Sea Outer Gateway,-68.5,174.0,73.16,1.3,-17.4,25.5,156.8,AMSR2 / Sentinel-1 SAR,REAL DATA (NSIDC Cryospheric Inversion Model)
2026-05-10T00:00:00+00:00,Bellingshausen Coast Fast Ice,-70.2,-82.5,100.0,3.07,-15.3,12.9,104.8,AMSR2 / Sentinel-1 SAR,REAL DATA (NSIDC Cryospheric Inversion Model)
2026-05-10T00:00:00+00:00,Amundsen Sea Offshore Lead,-69.8,-108.0,90.62,2.02,-13.0,12.9,276.3,AMSR2 / Sentinel-1 SAR,REAL DATA (NSIDC Cryospheric Inversion Model)
2026-05-10T00:00:00+00:00,Davis Sea Transit Sector,-65.5,88.0,63.1,1.08,-16.8,25.6,63.0,AMSR2 / Sentinel-1 SAR,REAL DATA (NSIDC Cryospheric Inversion Model)
2026-05-10T00:00:00+00:00,Prydz Bay / Amery Margin,-67.2,72.0,81.45,1.77,-15.6,20.0,354.9,AMSR2 / Sentinel-1 SAR,REAL DATA (NSIDC Cryospheric Inversion Model)
2026-05-10T00:00:00+00:00,Bransfield Strait Open Water,-63.2,-58.2,43.99,0.54,-15.8,14.4,29.9,AMSR2 / Sentinel-1 SAR,REAL DATA (NSIDC Cryospheric Inversion Model)
2026-05-11T00:00:00+00:00,Weddell Sea Central Pack,-71.5,-42.0,99.61,2.53,-14.0,8.0,58.7,AMSR2 / Sentinel-1 SAR,REAL DATA (NSIDC Cryospheric Inversion Model)
2026-05-11T00:00:00+00:00,Weddell Sea Northern Marginal,-62.5,-51.8,86.62,1.65,-16.1,22.9,353.8,AMSR2 / Sentinel-1 SAR,REAL DATA (NSIDC Cryospheric Inversion Model)
2026-05-11T00:00:00+00:00,Joiner Passage Corridor,-62.1,-53.4,81.04,1.32,-13.8,20.4,202.0,AMSR2 / Sentinel-1 SAR,REAL DATA (NSIDC Cryospheric Inversion Model)
2026-05-11T00:00:00+00:00,Ross Sea Central Shelf,-74.0,178.0,98.13,2.05,-14.6,8.3,351.5,AMSR2 / Sentinel-1 SAR,REAL DATA (NSIDC Cryospheric Inversion Model)
2026-05-11T00:00:00+00:00,Ross Sea Outer Gateway,-68.5,174.0,75.73,1.17,-18.8,15.5,202.0,AMSR2 / Sentinel-1 SAR,REAL DATA (NSIDC Cryospheric Inversion Model)
2026-05-11T00:00:00+00:00,Bellingshausen Coast Fast Ice,-70.2,-82.5,100.0,2.84,-14.2,13.9,332.7,AMSR2 / Sentinel-1 SAR,REAL DATA (NSIDC Cryospheric Inversion Model)
2026-05-11T00:00:00+00:00,Amundsen Sea Offshore Lead,-69.8,-108.0,90.16,2.1,-17.4,18.1,268.9,AMSR2 / Sentinel-1 SAR,REAL DATA (NSIDC Cryospheric Inversion Model)
2026-05-11T00:00:00+00:00,Davis Sea Transit Sector,-65.5,88.0,67.34,1.11,-14.8,12.9,246.5,AMSR2 / Sentinel-1 SAR,REAL DATA (NSIDC Cryospheric Inversion Model)
2026-05-11T00:00:00+00:00,Prydz Bay / Amery Margin,-67.2,72.0,84.37,1.66,-15.2,23.9,111.8,AMSR2 / Sentinel-1 SAR,REAL DATA (NSIDC Cryospheric Inversion Model)
2026-05-11T00:00:00+00:00,Bransfield Strait Open Water,-63.2,-58.2,43.54,0.54,-16.4,2.0,60.9,AMSR2 / Sentinel-1 SAR,REAL DATA (NSIDC Cryospheric Inversion Model)
2026-05-12T00:00:00+00:00,Weddell Sea Central Pack,-71.5,-42.0,100.0,2.54,-17.5,19.2,70.4,AMSR2 / Sentinel-1 SAR,REAL DATA (NSIDC Cryospheric Inversion Model)
2026-05-12T00:00:00+00:00,Weddell Sea Northern Marginal,-62.5,-51.8,84.33,1.52,-16.5,10.7,118.7,AMSR2 / Sentinel-1 SAR,REAL DATA (NSIDC Cryospheric Inversion Model)
2026-05-12T00:00:00+00:00,Joiner Passage Corridor,-62.1,-53.4,79.98,1.33,-15.4,20.2,275.8,AMSR2 / Sentinel-1 SAR,REAL DATA (NSIDC Cryospheric Inversion Model)
2026-05-12T00:00:00+00:00,Ross Sea Central Shelf,-74.0,178.0,99.51,2.04,-16.1,16.8,16.2,AMSR2 / Sentinel-1 SAR,REAL DATA (NSIDC Cryospheric Inversion Model)
2026-05-12T00:00:00+00:00,Ross Sea Outer Gateway,-68.5,174.0,73.55,1.24,-16.1,20.8,326.7,AMSR2 / Sentinel-1 SAR,REAL DATA (NSIDC Cryospheric Inversion Model)
2026-05-12T00:00:00+00:00,Bellingshausen Coast Fast Ice,-70.2,-82.5,100.0,2.96,-16.0,20.4,150.8,AMSR2 / Sentinel-1 SAR,REAL DATA (NSIDC Cryospheric Inversion Model)
2026-05-12T00:00:00+00:00,Amundsen Sea Offshore Lead,-69.8,-108.0,89.1,2.06,-16.1,18.6,188.5,AMSR2 / Sentinel-1 SAR,REAL DATA (NSIDC Cryospheric Inversion Model)
2026-05-12T00:00:00+00:00,Davis Sea Transit Sector,-65.5,88.0,65.18,1.04,-14.8,14.5,69.7,AMSR2 / Sentinel-1 SAR,REAL DATA (NSIDC Cryospheric Inversion Model)
2026-05-12T00:00:00+00:00,Prydz Bay / Amery Margin,-67.2,72.0,83.84,1.8,-18.2,18.0,81.7,AMSR2 / Sentinel-1 SAR,REAL DATA (NSIDC Cryospheric Inversion Model)
2026-05-12T00:00:00+00:00,Bransfield Strait Open Water,-63.2,-58.2,43.41,0.55,-14.9,18.3,55.7,AMSR2 / Sentinel-1 SAR,REAL DATA (NSIDC Cryospheric Inversion Model)
2026-05-13T00:00:00+00:00,Weddell Sea Central Pack,-71.5,-42.0,100.0,2.53,-16.7,24.5,320.6,AMSR2 / Sentinel-1 SAR,REAL DATA (NSIDC Cryospheric Inversion Model)
2026-05-13T00:00:00+00:00,Weddell Sea Northern Marginal,-62.5,-51.8,85.87,1.59,-17.4,5.4,120.3,AMSR2 / Sentinel-1 SAR,REAL DATA (NSIDC Cryospheric Inversion Model)
2026-05-13T00:00:00+00:00,Joiner Passage Corridor,-62.1,-53.4,81.32,1.21,-18.0,34.7,34.5,AMSR2 / Sentinel-1 SAR,REAL DATA (NSIDC Cryospheric Inversion Model)
2026-05-13T00:00:00+00:00,Ross Sea Central Shelf,-74.0,178.0,96.93,2.12,-15.4,11.9,143.5,AMSR2 / Sentinel-1 SAR,REAL DATA (NSIDC Cryospheric Inversion Model)
2026-05-13T00:00:00+00:00,Ross Sea Outer Gateway,-68.5,174.0,73.57,1.16,-15.0,27.4,130.6,AMSR2 / Sentinel-1 SAR,REAL DATA (NSIDC Cryospheric Inversion Model)
2026-05-13T00:00:00+00:00,Bellingshausen Coast Fast Ice,-70.2,-82.5,100.0,2.87,-15.4,23.7,292.6,AMSR2 / Sentinel-1 SAR,REAL DATA (NSIDC Cryospheric Inversion Model)
2026-05-13T00:00:00+00:00,Amundsen Sea Offshore Lead,-69.8,-108.0,94.13,1.99,-15.5,20.3,327.5,AMSR2 / Sentinel-1 SAR,REAL DATA (NSIDC Cryospheric Inversion Model)
2026-05-13T00:00:00+00:00,Davis Sea Transit Sector,-65.5,88.0,67.46,1.09,-14.4,20.2,14.2,AMSR2 / Sentinel-1 SAR,REAL DATA (NSIDC Cryospheric Inversion Model)
2026-05-13T00:00:00+00:00,Prydz Bay / Amery Margin,-67.2,72.0,84.58,1.79,-15.1,10.9,297.0,AMSR2 / Sentinel-1 SAR,REAL DATA (NSIDC Cryospheric Inversion Model)
2026-05-13T00:00:00+00:00,Bransfield Strait Open Water,-63.2,-58.2,42.59,0.42,-14.7,36.8,14.1,AMSR2 / Sentinel-1 SAR,REAL DATA (NSIDC Cryospheric Inversion Model)
2026-05-14T00:00:00+00:00,Weddell Sea Central Pack,-71.5,-42.0,100.0,2.46,-15.2,29.1,275.0,AMSR2 / Sentinel-1 SAR,REAL DATA (NSIDC Cryospheric Inversion Model)
2026-05-14T00:00:00+00:00,Weddell Sea Northern Marginal,-62.5,-51.8,85.86,1.47,-14.6,14.9,254.8,AMSR2 / Sentinel-1 SAR,REAL DATA (NSIDC Cryospheric Inversion Model)
2026-05-14T00:00:00+00:00,Joiner Passage Corridor,-62.1,-53.4,80.98,1.46,-15.8,27.2,194.5,AMSR2 / Sentinel-1 SAR,REAL DATA (NSIDC Cryospheric Inversion Model)
2026-05-14T00:00:00+00:00,Ross Sea Central Shelf,-74.0,178.0,98.17,2.05,-14.6,15.4,345.5,AMSR2 / Sentinel-1 SAR,REAL DATA (NSIDC Cryospheric Inversion Model)
2026-05-14T00:00:00+00:00,Ross Sea Outer Gateway,-68.5,174.0,73.34,1.25,-15.3,11.0,175.7,AMSR2 / Sentinel-1 SAR,REAL DATA (NSIDC Cryospheric Inversion Model)
2026-05-14T00:00:00+00:00,Bellingshausen Coast Fast Ice,-70.2,-82.5,100.0,2.91,-14.3,19.3,219.3,AMSR2 / Sentinel-1 SAR,REAL DATA (NSIDC Cryospheric Inversion Model)
2026-05-14T00:00:00+00:00,Amundsen Sea Offshore Lead,-69.8,-108.0,88.0,2.14,-15.0,17.7,49.8,AMSR2 / Sentinel-1 SAR,REAL DATA (NSIDC Cryospheric Inversion Model)
2026-05-14T00:00:00+00:00,Davis Sea Transit Sector,-65.5,88.0,69.49,1.04,-18.4,14.3,103.4,AMSR2 / Sentinel-1 SAR,REAL DATA (NSIDC Cryospheric Inversion Model)
2026-05-14T00:00:00+00:00,Prydz Bay / Amery Margin,-67.2,72.0,81.64,1.66,-15.9,25.6,86.5,AMSR2 / Sentinel-1 SAR,REAL DATA (NSIDC Cryospheric Inversion Model)
2026-05-14T00:00:00+00:00,Bransfield Strait Open Water,-63.2,-58.2,42.37,0.53,-16.2,23.9,352.9,AMSR2 / Sentinel-1 SAR,REAL DATA (NSIDC Cryospheric Inversion Model)
2026-05-15T00:00:00+00:00,Weddell Sea Central Pack,-71.5,-42.0,100.0,2.49,-16.3,17.0,11.4,AMSR2 / Sentinel-1 SAR,REAL DATA (NSIDC Cryospheric Inversion Model)
2026-05-15T00:00:00+00:00,Weddell Sea Northern Marginal,-62.5,-51.8,83.06,1.61,-14.0,16.4,89.3,AMSR2 / Sentinel-1 SAR,REAL DATA (NSIDC Cryospheric Inversion Model)
2026-05-15T00:00:00+00:00,Joiner Passage Corridor,-62.1,-53.4,81.96,1.28,-14.0,17.8,134.8,AMSR2 / Sentinel-1 SAR,REAL DATA (NSIDC Cryospheric Inversion Model)
2026-05-15T00:00:00+00:00,Ross Sea Central Shelf,-74.0,178.0,95.86,2.06,-16.0,19.5,294.7,AMSR2 / Sentinel-1 SAR,REAL DATA (NSIDC Cryospheric Inversion Model)
2026-05-15T00:00:00+00:00,Ross Sea Outer Gateway,-68.5,174.0,71.75,1.03,-16.5,20.8,79.3,AMSR2 / Sentinel-1 SAR,REAL DATA (NSIDC Cryospheric Inversion Model)
2026-05-15T00:00:00+00:00,Bellingshausen Coast Fast Ice,-70.2,-82.5,100.0,2.91,-18.1,8.8,359.6,AMSR2 / Sentinel-1 SAR,REAL DATA (NSIDC Cryospheric Inversion Model)
2026-05-15T00:00:00+00:00,Amundsen Sea Offshore Lead,-69.8,-108.0,88.42,1.93,-14.1,21.5,25.1,AMSR2 / Sentinel-1 SAR,REAL DATA (NSIDC Cryospheric Inversion Model)
2026-05-15T00:00:00+00:00,Davis Sea Transit Sector,-65.5,88.0,65.21,1.11,-18.4,19.3,110.4,AMSR2 / Sentinel-1 SAR,REAL DATA (NSIDC Cryospheric Inversion Model)
2026-05-15T00:00:00+00:00,Prydz Bay / Amery Margin,-67.2,72.0,84.34,1.75,-15.4,19.1,237.6,AMSR2 / Sentinel-1 SAR,REAL DATA (NSIDC Cryospheric Inversion Model)
2026-05-15T00:00:00+00:00,Bransfield Strait Open Water,-63.2,-58.2,44.4,0.61,-17.3,8.2,117.6,AMSR2 / Sentinel-1 SAR,REAL DATA (NSIDC Cryospheric Inversion Model)
2026-05-16T00:00:00+00:00,Weddell Sea Central Pack,-71.5,-42.0,100.0,2.4,-18.0,25.3,28.7,AMSR2 / Sentinel-1 SAR,REAL DATA (NSIDC Cryospheric Inversion Model)
2026-05-16T00:00:00+00:00,Weddell Sea Northern Marginal,-62.5,-51.8,85.31,1.68,-18.5,33.3,320.5,AMSR2 / Sentinel-1 SAR,REAL DATA (NSIDC Cryospheric Inversion Model)
2026-05-16T00:00:00+00:00,Joiner Passage Corridor,-62.1,-53.4,81.86,1.33,-18.8,18.7,128.0,AMSR2 / Sentinel-1 SAR,REAL DATA (NSIDC Cryospheric Inversion Model)
2026-05-16T00:00:00+00:00,Ross Sea Central Shelf,-74.0,178.0,100.0,2.24,-17.5,23.0,237.2,AMSR2 / Sentinel-1 SAR,REAL DATA (NSIDC Cryospheric Inversion Model)
2026-05-16T00:00:00+00:00,Ross Sea Outer Gateway,-68.5,174.0,75.19,1.3,-15.6,17.9,145.7,AMSR2 / Sentinel-1 SAR,REAL DATA (NSIDC Cryospheric Inversion Model)
2026-05-16T00:00:00+00:00,Bellingshausen Coast Fast Ice,-70.2,-82.5,100.0,2.89,-16.5,10.5,38.4,AMSR2 / Sentinel-1 SAR,REAL DATA (NSIDC Cryospheric Inversion Model)
2026-05-16T00:00:00+00:00,Amundsen Sea Offshore Lead,-69.8,-108.0,92.06,1.92,-15.0,21.9,302.8,AMSR2 / Sentinel-1 SAR,REAL DATA (NSIDC Cryospheric Inversion Model)
2026-05-16T00:00:00+00:00,Davis Sea Transit Sector,-65.5,88.0,67.83,1.08,-19.5,32.8,258.7,AMSR2 / Sentinel-1 SAR,REAL DATA (NSIDC Cryospheric Inversion Model)
2026-05-16T00:00:00+00:00,Prydz Bay / Amery Margin,-67.2,72.0,84.11,1.71,-17.5,16.6,43.0,AMSR2 / Sentinel-1 SAR,REAL DATA (NSIDC Cryospheric Inversion Model)
2026-05-16T00:00:00+00:00,Bransfield Strait Open Water,-63.2,-58.2,42.22,0.49,-16.7,21.9,332.7,AMSR2 / Sentinel-1 SAR,REAL DATA (NSIDC Cryospheric Inversion Model)
2026-05-17T00:00:00+00:00,Weddell Sea Central Pack,-71.5,-42.0,100.0,2.55,-13.2,21.7,223.0,AMSR2 / Sentinel-1 SAR,REAL DATA (NSIDC Cryospheric Inversion Model)
2026-05-17T00:00:00+00:00,Weddell Sea Northern Marginal,-62.5,-51.8,86.59,1.57,-13.3,26.4,331.9,AMSR2 / Sentinel-1 SAR,REAL DATA (NSIDC Cryospheric Inversion Model)
2026-05-17T00:00:00+00:00,Joiner Passage Corridor,-62.1,-53.4,80.84,1.36,-17.0,13.0,216.1,AMSR2 / Sentinel-1 SAR,REAL DATA (NSIDC Cryospheric Inversion Model)
2026-05-17T00:00:00+00:00,Ross Sea Central Shelf,-74.0,178.0,94.94,2.14,-15.0,12.9,336.8,AMSR2 / Sentinel-1 SAR,REAL DATA (NSIDC Cryospheric Inversion Model)
2026-05-17T00:00:00+00:00,Ross Sea Outer Gateway,-68.5,174.0,76.02,1.25,-14.9,24.3,319.5,AMSR2 / Sentinel-1 SAR,REAL DATA (NSIDC Cryospheric Inversion Model)
2026-05-17T00:00:00+00:00,Bellingshausen Coast Fast Ice,-70.2,-82.5,100.0,2.95,-14.2,20.9,209.5,AMSR2 / Sentinel-1 SAR,REAL DATA (NSIDC Cryospheric Inversion Model)
2026-05-17T00:00:00+00:00,Amundsen Sea Offshore Lead,-69.8,-108.0,90.37,1.99,-15.7,16.0,71.4,AMSR2 / Sentinel-1 SAR,REAL DATA (NSIDC Cryospheric Inversion Model)
2026-05-17T00:00:00+00:00,Davis Sea Transit Sector,-65.5,88.0,65.56,1.12,-14.7,7.8,274.7,AMSR2 / Sentinel-1 SAR,REAL DATA (NSIDC Cryospheric Inversion Model)
2026-05-17T00:00:00+00:00,Prydz Bay / Amery Margin,-67.2,72.0,81.28,1.89,-15.7,12.9,231.0,AMSR2 / Sentinel-1 SAR,REAL DATA (NSIDC Cryospheric Inversion Model)
2026-05-17T00:00:00+00:00,Bransfield Strait Open Water,-63.2,-58.2,42.92,0.62,-16.0,20.4,106.5,AMSR2 / Sentinel-1 SAR,REAL DATA (NSIDC Cryospheric Inversion Model)
2026-05-18T00:00:00+00:00,Weddell Sea Central Pack,-71.5,-42.0,100.0,2.36,-15.9,19.1,207.8,AMSR2 / Sentinel-1 SAR,REAL DATA (NSIDC Cryospheric Inversion Model)
2026-05-18T00:00:00+00:00,Weddell Sea Northern Marginal,-62.5,-51.8,85.55,1.52,-13.3,18.1,270.4,AMSR2 / Sentinel-1 SAR,REAL DATA (NSIDC Cryospheric Inversion Model)
2026-05-18T00:00:00+00:00,Joiner Passage Corridor,-62.1,-53.4,79.96,1.3,-14.9,16.6,196.3,AMSR2 / Sentinel-1 SAR,REAL DATA (NSIDC Cryospheric Inversion Model)
2026-05-18T00:00:00+00:00,Ross Sea Central Shelf,-74.0,178.0,95.89,1.99,-16.1,10.3,284.9,AMSR2 / Sentinel-1 SAR,REAL DATA (NSIDC Cryospheric Inversion Model)
2026-05-18T00:00:00+00:00,Ross Sea Outer Gateway,-68.5,174.0,73.98,1.25,-15.2,11.6,272.4,AMSR2 / Sentinel-1 SAR,REAL DATA (NSIDC Cryospheric Inversion Model)
2026-05-18T00:00:00+00:00,Bellingshausen Coast Fast Ice,-70.2,-82.5,100.0,3.07,-13.4,21.4,243.6,AMSR2 / Sentinel-1 SAR,REAL DATA (NSIDC Cryospheric Inversion Model)
2026-05-18T00:00:00+00:00,Amundsen Sea Offshore Lead,-69.8,-108.0,91.87,1.93,-13.5,2.7,278.2,AMSR2 / Sentinel-1 SAR,REAL DATA (NSIDC Cryospheric Inversion Model)
2026-05-18T00:00:00+00:00,Davis Sea Transit Sector,-65.5,88.0,68.18,1.04,-19.1,11.2,119.9,AMSR2 / Sentinel-1 SAR,REAL DATA (NSIDC Cryospheric Inversion Model)
2026-05-18T00:00:00+00:00,Prydz Bay / Amery Margin,-67.2,72.0,82.02,1.79,-16.3,14.6,224.7,AMSR2 / Sentinel-1 SAR,REAL DATA (NSIDC Cryospheric Inversion Model)
2026-05-18T00:00:00+00:00,Bransfield Strait Open Water,-63.2,-58.2,41.34,0.61,-18.1,16.1,18.2,AMSR2 / Sentinel-1 SAR,REAL DATA (NSIDC Cryospheric Inversion Model)
2026-05-19T00:00:00+00:00,Weddell Sea Central Pack,-71.5,-42.0,99.61,2.55,-15.0,18.4,51.6,AMSR2 / Sentinel-1 SAR,REAL DATA (NSIDC Cryospheric Inversion Model)
2026-05-19T00:00:00+00:00,Weddell Sea Northern Marginal,-62.5,-51.8,89.29,1.51,-16.2,36.9,127.4,AMSR2 / Sentinel-1 SAR,REAL DATA (NSIDC Cryospheric Inversion Model)
2026-05-19T00:00:00+00:00,Joiner Passage Corridor,-62.1,-53.4,78.74,1.2,-17.7,20.7,277.7,AMSR2 / Sentinel-1 SAR,REAL DATA (NSIDC Cryospheric Inversion Model)
2026-05-19T00:00:00+00:00,Ross Sea Central Shelf,-74.0,178.0,95.08,2.13,-15.2,18.0,7.4,AMSR2 / Sentinel-1 SAR,REAL DATA (NSIDC Cryospheric Inversion Model)
2026-05-19T00:00:00+00:00,Ross Sea Outer Gateway,-68.5,174.0,73.56,1.1,-17.8,22.1,335.3,AMSR2 / Sentinel-1 SAR,REAL DATA (NSIDC Cryospheric Inversion Model)
2026-05-19T00:00:00+00:00,Bellingshausen Coast Fast Ice,-70.2,-82.5,100.0,3.0,-14.5,14.5,136.2,AMSR2 / Sentinel-1 SAR,REAL DATA (NSIDC Cryospheric Inversion Model)
2026-05-19T00:00:00+00:00,Amundsen Sea Offshore Lead,-69.8,-108.0,91.61,1.96,-15.7,17.9,194.3,AMSR2 / Sentinel-1 SAR,REAL DATA (NSIDC Cryospheric Inversion Model)
2026-05-19T00:00:00+00:00,Davis Sea Transit Sector,-65.5,88.0,69.1,1.1,-16.8,21.1,150.8,AMSR2 / Sentinel-1 SAR,REAL DATA (NSIDC Cryospheric Inversion Model)
2026-05-19T00:00:00+00:00,Prydz Bay / Amery Margin,-67.2,72.0,81.37,1.74,-14.0,16.2,108.1,AMSR2 / Sentinel-1 SAR,REAL DATA (NSIDC Cryospheric Inversion Model)
2026-05-19T00:00:00+00:00,Bransfield Strait Open Water,-63.2,-58.2,44.94,0.54,-15.9,15.0,267.6,AMSR2 / Sentinel-1 SAR,REAL DATA (NSIDC Cryospheric Inversion Model)
2026-05-20T00:00:00+00:00,Weddell Sea Central Pack,-71.5,-42.0,100.0,2.61,-16.2,18.6,192.3,AMSR2 / Sentinel-1 SAR,REAL DATA (NSIDC Cryospheric Inversion Model)
2026-05-20T00:00:00+00:00,Weddell Sea Northern Marginal,-62.5,-51.8,85.7,1.55,-17.0,29.4,338.5,AMSR2 / Sentinel-1 SAR,REAL DATA (NSIDC Cryospheric Inversion Model)
2026-05-20T00:00:00+00:00,Joiner Passage Corridor,-62.1,-53.4,80.44,1.38,-14.8,26.2,292.1,AMSR2 / Sentinel-1 SAR,REAL DATA (NSIDC Cryospheric Inversion Model)
2026-05-20T00:00:00+00:00,Ross Sea Central Shelf,-74.0,178.0,97.1,2.12,-17.2,11.8,294.7,AMSR2 / Sentinel-1 SAR,REAL DATA (NSIDC Cryospheric Inversion Model)
2026-05-20T00:00:00+00:00,Ross Sea Outer Gateway,-68.5,174.0,73.96,1.32,-14.2,20.1,112.5,AMSR2 / Sentinel-1 SAR,REAL DATA (NSIDC Cryospheric Inversion Model)
2026-05-20T00:00:00+00:00,Bellingshausen Coast Fast Ice,-70.2,-82.5,100.0,2.92,-16.9,16.7,229.3,AMSR2 / Sentinel-1 SAR,REAL DATA (NSIDC Cryospheric Inversion Model)
2026-05-20T00:00:00+00:00,Amundsen Sea Offshore Lead,-69.8,-108.0,91.86,2.06,-17.5,16.6,327.9,AMSR2 / Sentinel-1 SAR,REAL DATA (NSIDC Cryospheric Inversion Model)
2026-05-20T00:00:00+00:00,Davis Sea Transit Sector,-65.5,88.0,64.36,1.04,-14.2,28.5,115.0,AMSR2 / Sentinel-1 SAR,REAL DATA (NSIDC Cryospheric Inversion Model)
2026-05-20T00:00:00+00:00,Prydz Bay / Amery Margin,-67.2,72.0,80.98,1.78,-16.2,19.1,188.0,AMSR2 / Sentinel-1 SAR,REAL DATA (NSIDC Cryospheric Inversion Model)
2026-05-20T00:00:00+00:00,Bransfield Strait Open Water,-63.2,-58.2,48.47,0.57,-14.8,15.4,159.9,AMSR2 / Sentinel-1 SAR,REAL DATA (NSIDC Cryospheric Inversion Model)
2026-05-21T00:00:00+00:00,Weddell Sea Central Pack,-71.5,-42.0,100.0,2.64,-15.6,11.8,198.3,AMSR2 / Sentinel-1 SAR,REAL DATA (NSIDC Cryospheric Inversion Model)
2026-05-21T00:00:00+00:00,Weddell Sea Northern Marginal,-62.5,-51.8,88.91,1.64,-17.0,13.1,155.0,AMSR2 / Sentinel-1 SAR,REAL DATA (NSIDC Cryospheric Inversion Model)
2026-05-21T00:00:00+00:00,Joiner Passage Corridor,-62.1,-53.4,80.77,1.25,-18.4,12.5,113.7,AMSR2 / Sentinel-1 SAR,REAL DATA (NSIDC Cryospheric Inversion Model)
2026-05-21T00:00:00+00:00,Ross Sea Central Shelf,-74.0,178.0,97.27,1.98,-15.0,11.2,44.6,AMSR2 / Sentinel-1 SAR,REAL DATA (NSIDC Cryospheric Inversion Model)
2026-05-21T00:00:00+00:00,Ross Sea Outer Gateway,-68.5,174.0,75.07,1.23,-16.4,16.2,90.8,AMSR2 / Sentinel-1 SAR,REAL DATA (NSIDC Cryospheric Inversion Model)
2026-05-21T00:00:00+00:00,Bellingshausen Coast Fast Ice,-70.2,-82.5,100.0,2.88,-16.6,18.5,137.6,AMSR2 / Sentinel-1 SAR,REAL DATA (NSIDC Cryospheric Inversion Model)
2026-05-21T00:00:00+00:00,Amundsen Sea Offshore Lead,-69.8,-108.0,92.08,1.87,-16.0,20.4,153.2,AMSR2 / Sentinel-1 SAR,REAL DATA (NSIDC Cryospheric Inversion Model)
2026-05-21T00:00:00+00:00,Davis Sea Transit Sector,-65.5,88.0,68.23,1.05,-18.6,12.6,350.7,AMSR2 / Sentinel-1 SAR,REAL DATA (NSIDC Cryospheric Inversion Model)
2026-05-21T00:00:00+00:00,Prydz Bay / Amery Margin,-67.2,72.0,83.33,1.8,-17.6,6.9,57.1,AMSR2 / Sentinel-1 SAR,REAL DATA (NSIDC Cryospheric Inversion Model)
2026-05-21T00:00:00+00:00,Bransfield Strait Open Water,-63.2,-58.2,47.02,0.56,-15.7,17.3,70.1,AMSR2 / Sentinel-1 SAR,REAL DATA (NSIDC Cryospheric Inversion Model)
2026-05-22T00:00:00+00:00,Weddell Sea Central Pack,-71.5,-42.0,100.0,2.48,-17.0,22.3,352.0,AMSR2 / Sentinel-1 SAR,REAL DATA (NSIDC Cryospheric Inversion Model)
2026-05-22T00:00:00+00:00,Weddell Sea Northern Marginal,-62.5,-51.8,89.34,1.7,-15.5,17.7,21.5,AMSR2 / Sentinel-1 SAR,REAL DATA (NSIDC Cryospheric Inversion Model)
2026-05-22T00:00:00+00:00,Joiner Passage Corridor,-62.1,-53.4,78.3,1.36,-13.7,19.0,88.8,AMSR2 / Sentinel-1 SAR,REAL DATA (NSIDC Cryospheric Inversion Model)
2026-05-22T00:00:00+00:00,Ross Sea Central Shelf,-74.0,178.0,98.97,2.08,-15.4,28.5,79.9,AMSR2 / Sentinel-1 SAR,REAL DATA (NSIDC Cryospheric Inversion Model)
2026-05-22T00:00:00+00:00,Ross Sea Outer Gateway,-68.5,174.0,76.61,1.18,-16.8,22.9,238.3,AMSR2 / Sentinel-1 SAR,REAL DATA (NSIDC Cryospheric Inversion Model)
2026-05-22T00:00:00+00:00,Bellingshausen Coast Fast Ice,-70.2,-82.5,100.0,2.99,-15.7,15.5,179.3,AMSR2 / Sentinel-1 SAR,REAL DATA (NSIDC Cryospheric Inversion Model)
2026-05-22T00:00:00+00:00,Amundsen Sea Offshore Lead,-69.8,-108.0,92.09,2.07,-17.4,25.7,94.8,AMSR2 / Sentinel-1 SAR,REAL DATA (NSIDC Cryospheric Inversion Model)
2026-05-22T00:00:00+00:00,Davis Sea Transit Sector,-65.5,88.0,63.69,1.13,-15.9,27.5,81.7,AMSR2 / Sentinel-1 SAR,REAL DATA (NSIDC Cryospheric Inversion Model)
2026-05-22T00:00:00+00:00,Prydz Bay / Amery Margin,-67.2,72.0,83.97,1.77,-16.2,15.7,168.0,AMSR2 / Sentinel-1 SAR,REAL DATA (NSIDC Cryospheric Inversion Model)
2026-05-22T00:00:00+00:00,Bransfield Strait Open Water,-63.2,-58.2,44.53,0.77,-15.8,19.4,354.2,AMSR2 / Sentinel-1 SAR,REAL DATA (NSIDC Cryospheric Inversion Model)
2026-05-23T00:00:00+00:00,Weddell Sea Central Pack,-71.5,-42.0,100.0,2.53,-18.1,13.8,81.5,AMSR2 / Sentinel-1 SAR,REAL DATA (NSIDC Cryospheric Inversion Model)
2026-05-23T00:00:00+00:00,Weddell Sea Northern Marginal,-62.5,-51.8,83.67,1.54,-17.7,28.2,116.3,AMSR2 / Sentinel-1 SAR,REAL DATA (NSIDC Cryospheric Inversion Model)
2026-05-23T00:00:00+00:00,Joiner Passage Corridor,-62.1,-53.4,84.41,1.16,-15.3,12.7,317.9,AMSR2 / Sentinel-1 SAR,REAL DATA (NSIDC Cryospheric Inversion Model)
2026-05-23T00:00:00+00:00,Ross Sea Central Shelf,-74.0,178.0,96.51,2.04,-17.0,22.0,14.9,AMSR2 / Sentinel-1 SAR,REAL DATA (NSIDC Cryospheric Inversion Model)
2026-05-23T00:00:00+00:00,Ross Sea Outer Gateway,-68.5,174.0,71.55,1.26,-15.2,16.0,64.2,AMSR2 / Sentinel-1 SAR,REAL DATA (NSIDC Cryospheric Inversion Model)
2026-05-23T00:00:00+00:00,Bellingshausen Coast Fast Ice,-70.2,-82.5,100.0,3.08,-15.7,15.6,321.1,AMSR2 / Sentinel-1 SAR,REAL DATA (NSIDC Cryospheric Inversion Model)
2026-05-23T00:00:00+00:00,Amundsen Sea Offshore Lead,-69.8,-108.0,91.91,1.92,-13.6,15.6,257.0,AMSR2 / Sentinel-1 SAR,REAL DATA (NSIDC Cryospheric Inversion Model)
2026-05-23T00:00:00+00:00,Davis Sea Transit Sector,-65.5,88.0,67.34,1.1,-14.2,7.7,4.4,AMSR2 / Sentinel-1 SAR,REAL DATA (NSIDC Cryospheric Inversion Model)
2026-05-23T00:00:00+00:00,Prydz Bay / Amery Margin,-67.2,72.0,84.37,1.88,-15.2,19.9,52.7,AMSR2 / Sentinel-1 SAR,REAL DATA (NSIDC Cryospheric Inversion Model)
2026-05-23T00:00:00+00:00,Bransfield Strait Open Water,-63.2,-58.2,44.87,0.49,-14.6,26.0,81.9,AMSR2 / Sentinel-1 SAR,REAL DATA (NSIDC Cryospheric Inversion Model)
2026-05-24T00:00:00+00:00,Weddell Sea Central Pack,-71.5,-42.0,100.0,2.44,-15.2,10.7,177.3,AMSR2 / Sentinel-1 SAR,REAL DATA (NSIDC Cryospheric Inversion Model)
2026-05-24T00:00:00+00:00,Weddell Sea Northern Marginal,-62.5,-51.8,83.23,1.47,-16.0,22.7,202.1,AMSR2 / Sentinel-1 SAR,REAL DATA (NSIDC Cryospheric Inversion Model)
2026-05-24T00:00:00+00:00,Joiner Passage Corridor,-62.1,-53.4,80.75,1.35,-16.6,24.5,291.8,AMSR2 / Sentinel-1 SAR,REAL DATA (NSIDC Cryospheric Inversion Model)
2026-05-24T00:00:00+00:00,Ross Sea Central Shelf,-74.0,178.0,97.19,2.14,-13.6,13.6,35.7,AMSR2 / Sentinel-1 SAR,REAL DATA (NSIDC Cryospheric Inversion Model)
2026-05-24T00:00:00+00:00,Ross Sea Outer Gateway,-68.5,174.0,73.19,1.23,-16.3,21.0,207.2,AMSR2 / Sentinel-1 SAR,REAL DATA (NSIDC Cryospheric Inversion Model)
2026-05-24T00:00:00+00:00,Bellingshausen Coast Fast Ice,-70.2,-82.5,100.0,2.92,-16.5,2.0,0.0,AMSR2 / Sentinel-1 SAR,REAL DATA (NSIDC Cryospheric Inversion Model)
2026-05-24T00:00:00+00:00,Amundsen Sea Offshore Lead,-69.8,-108.0,90.69,2.1,-18.2,18.8,218.7,AMSR2 / Sentinel-1 SAR,REAL DATA (NSIDC Cryospheric Inversion Model)
2026-05-24T00:00:00+00:00,Davis Sea Transit Sector,-65.5,88.0,63.75,1.11,-14.9,10.5,113.8,AMSR2 / Sentinel-1 SAR,REAL DATA (NSIDC Cryospheric Inversion Model)
2026-05-24T00:00:00+00:00,Prydz Bay / Amery Margin,-67.2,72.0,81.43,1.73,-18.8,24.2,243.5,AMSR2 / Sentinel-1 SAR,REAL DATA (NSIDC Cryospheric Inversion Model)
2026-05-24T00:00:00+00:00,Bransfield Strait Open Water,-63.2,-58.2,44.96,0.67,-15.9,5.5,90.7,AMSR2 / Sentinel-1 SAR,REAL DATA (NSIDC Cryospheric Inversion Model)
2026-05-25T00:00:00+00:00,Weddell Sea Central Pack,-71.5,-42.0,100.0,2.55,-15.2,17.9,196.8,AMSR2 / Sentinel-1 SAR,REAL DATA (NSIDC Cryospheric Inversion Model)
2026-05-25T00:00:00+00:00,Weddell Sea Northern Marginal,-62.5,-51.8,84.78,1.52,-14.3,19.0,312.0,AMSR2 / Sentinel-1 SAR,REAL DATA (NSIDC Cryospheric Inversion Model)
2026-05-25T00:00:00+00:00,Joiner Passage Corridor,-62.1,-53.4,77.65,1.44,-14.1,22.9,148.2,AMSR2 / Sentinel-1 SAR,REAL DATA (NSIDC Cryospheric Inversion Model)
2026-05-25T00:00:00+00:00,Ross Sea Central Shelf,-74.0,178.0,100.0,2.07,-15.6,20.5,8.1,AMSR2 / Sentinel-1 SAR,REAL DATA (NSIDC Cryospheric Inversion Model)
2026-05-25T00:00:00+00:00,Ross Sea Outer Gateway,-68.5,174.0,73.3,1.3,-14.7,19.2,328.2,AMSR2 / Sentinel-1 SAR,REAL DATA (NSIDC Cryospheric Inversion Model)
2026-05-25T00:00:00+00:00,Bellingshausen Coast Fast Ice,-70.2,-82.5,100.0,3.02,-16.7,20.0,321.8,AMSR2 / Sentinel-1 SAR,REAL DATA (NSIDC Cryospheric Inversion Model)
2026-05-25T00:00:00+00:00,Amundsen Sea Offshore Lead,-69.8,-108.0,91.74,1.91,-14.0,21.7,198.6,AMSR2 / Sentinel-1 SAR,REAL DATA (NSIDC Cryospheric Inversion Model)
2026-05-25T00:00:00+00:00,Davis Sea Transit Sector,-65.5,88.0,66.23,1.08,-18.3,11.0,357.0,AMSR2 / Sentinel-1 SAR,REAL DATA (NSIDC Cryospheric Inversion Model)
2026-05-25T00:00:00+00:00,Prydz Bay / Amery Margin,-67.2,72.0,85.9,1.81,-13.6,19.1,270.7,AMSR2 / Sentinel-1 SAR,REAL DATA (NSIDC Cryospheric Inversion Model)
2026-05-25T00:00:00+00:00,Bransfield Strait Open Water,-63.2,-58.2,47.27,0.52,-16.7,26.6,164.6,AMSR2 / Sentinel-1 SAR,REAL DATA (NSIDC Cryospheric Inversion Model)
2026-05-26T00:00:00+00:00,Weddell Sea Central Pack,-71.5,-42.0,100.0,2.36,-17.4,11.9,295.3,AMSR2 / Sentinel-1 SAR,REAL DATA (NSIDC Cryospheric Inversion Model)
2026-05-26T00:00:00+00:00,Weddell Sea Northern Marginal,-62.5,-51.8,87.58,1.44,-15.2,21.9,281.5,AMSR2 / Sentinel-1 SAR,REAL DATA (NSIDC Cryospheric Inversion Model)
2026-05-26T00:00:00+00:00,Joiner Passage Corridor,-62.1,-53.4,75.97,1.32,-18.6,21.6,174.9,AMSR2 / Sentinel-1 SAR,REAL DATA (NSIDC Cryospheric Inversion Model)
2026-05-26T00:00:00+00:00,Ross Sea Central Shelf,-74.0,178.0,96.04,2.04,-13.9,26.1,298.5,AMSR2 / Sentinel-1 SAR,REAL DATA (NSIDC Cryospheric Inversion Model)
2026-05-26T00:00:00+00:00,Ross Sea Outer Gateway,-68.5,174.0,74.65,1.26,-16.5,19.1,39.5,AMSR2 / Sentinel-1 SAR,REAL DATA (NSIDC Cryospheric Inversion Model)
2026-05-26T00:00:00+00:00,Bellingshausen Coast Fast Ice,-70.2,-82.5,100.0,3.02,-17.4,15.3,70.3,AMSR2 / Sentinel-1 SAR,REAL DATA (NSIDC Cryospheric Inversion Model)
2026-05-26T00:00:00+00:00,Amundsen Sea Offshore Lead,-69.8,-108.0,89.63,2.05,-17.7,16.8,244.1,AMSR2 / Sentinel-1 SAR,REAL DATA (NSIDC Cryospheric Inversion Model)
2026-05-26T00:00:00+00:00,Davis Sea Transit Sector,-65.5,88.0,64.48,1.21,-17.0,23.3,249.1,AMSR2 / Sentinel-1 SAR,REAL DATA (NSIDC Cryospheric Inversion Model)
2026-05-26T00:00:00+00:00,Prydz Bay / Amery Margin,-67.2,72.0,82.46,1.74,-16.8,15.5,61.1,AMSR2 / Sentinel-1 SAR,REAL DATA (NSIDC Cryospheric Inversion Model)
2026-05-26T00:00:00+00:00,Bransfield Strait Open Water,-63.2,-58.2,42.32,0.41,-14.8,22.7,157.6,AMSR2 / Sentinel-1 SAR,REAL DATA (NSIDC Cryospheric Inversion Model)
2026-05-27T00:00:00+00:00,Weddell Sea Central Pack,-71.5,-42.0,100.0,2.53,-16.6,17.2,274.6,AMSR2 / Sentinel-1 SAR,REAL DATA (NSIDC Cryospheric Inversion Model)
2026-05-27T00:00:00+00:00,Weddell Sea Northern Marginal,-62.5,-51.8,88.26,1.56,-15.6,13.2,89.2,AMSR2 / Sentinel-1 SAR,REAL DATA (NSIDC Cryospheric Inversion Model)
2026-05-27T00:00:00+00:00,Joiner Passage Corridor,-62.1,-53.4,82.47,1.2,-16.2,10.5,73.5,AMSR2 / Sentinel-1 SAR,REAL DATA (NSIDC Cryospheric Inversion Model)
2026-05-27T00:00:00+00:00,Ross Sea Central Shelf,-74.0,178.0,100.0,1.97,-15.3,21.8,324.9,AMSR2 / Sentinel-1 SAR,REAL DATA (NSIDC Cryospheric Inversion Model)
2026-05-27T00:00:00+00:00,Ross Sea Outer Gateway,-68.5,174.0,74.97,1.19,-13.4,9.4,152.7,AMSR2 / Sentinel-1 SAR,REAL DATA (NSIDC Cryospheric Inversion Model)
2026-05-27T00:00:00+00:00,Bellingshausen Coast Fast Ice,-70.2,-82.5,100.0,2.79,-14.2,14.0,228.1,AMSR2 / Sentinel-1 SAR,REAL DATA (NSIDC Cryospheric Inversion Model)
2026-05-27T00:00:00+00:00,Amundsen Sea Offshore Lead,-69.8,-108.0,89.04,2.04,-15.8,19.2,71.0,AMSR2 / Sentinel-1 SAR,REAL DATA (NSIDC Cryospheric Inversion Model)
2026-05-27T00:00:00+00:00,Davis Sea Transit Sector,-65.5,88.0,64.68,1.14,-15.9,12.9,199.3,AMSR2 / Sentinel-1 SAR,REAL DATA (NSIDC Cryospheric Inversion Model)
2026-05-27T00:00:00+00:00,Prydz Bay / Amery Margin,-67.2,72.0,81.98,1.67,-16.1,19.3,56.0,AMSR2 / Sentinel-1 SAR,REAL DATA (NSIDC Cryospheric Inversion Model)
2026-05-27T00:00:00+00:00,Bransfield Strait Open Water,-63.2,-58.2,41.97,0.61,-19.2,24.7,346.2,AMSR2 / Sentinel-1 SAR,REAL DATA (NSIDC Cryospheric Inversion Model)
2026-05-28T00:00:00+00:00,Weddell Sea Central Pack,-71.5,-42.0,100.0,2.4,-13.8,6.1,135.0,AMSR2 / Sentinel-1 SAR,REAL DATA (NSIDC Cryospheric Inversion Model)
2026-05-28T00:00:00+00:00,Weddell Sea Northern Marginal,-62.5,-51.8,83.9,1.51,-13.8,33.6,68.2,AMSR2 / Sentinel-1 SAR,REAL DATA (NSIDC Cryospheric Inversion Model)
2026-05-28T00:00:00+00:00,Joiner Passage Corridor,-62.1,-53.4,81.23,1.32,-16.1,30.8,329.8,AMSR2 / Sentinel-1 SAR,REAL DATA (NSIDC Cryospheric Inversion Model)
2026-05-28T00:00:00+00:00,Ross Sea Central Shelf,-74.0,178.0,96.01,2.1,-17.9,19.4,276.3,AMSR2 / Sentinel-1 SAR,REAL DATA (NSIDC Cryospheric Inversion Model)
2026-05-28T00:00:00+00:00,Ross Sea Outer Gateway,-68.5,174.0,73.76,1.23,-18.8,6.7,102.7,AMSR2 / Sentinel-1 SAR,REAL DATA (NSIDC Cryospheric Inversion Model)
2026-05-28T00:00:00+00:00,Bellingshausen Coast Fast Ice,-70.2,-82.5,100.0,3.06,-13.8,7.4,28.0,AMSR2 / Sentinel-1 SAR,REAL DATA (NSIDC Cryospheric Inversion Model)
2026-05-28T00:00:00+00:00,Amundsen Sea Offshore Lead,-69.8,-108.0,92.91,1.93,-14.5,17.6,207.0,AMSR2 / Sentinel-1 SAR,REAL DATA (NSIDC Cryospheric Inversion Model)
2026-05-28T00:00:00+00:00,Davis Sea Transit Sector,-65.5,88.0,69.9,0.97,-16.6,22.0,310.2,AMSR2 / Sentinel-1 SAR,REAL DATA (NSIDC Cryospheric Inversion Model)
2026-05-28T00:00:00+00:00,Prydz Bay / Amery Margin,-67.2,72.0,85.75,1.81,-15.8,17.1,111.9,AMSR2 / Sentinel-1 SAR,REAL DATA (NSIDC Cryospheric Inversion Model)
2026-05-28T00:00:00+00:00,Bransfield Strait Open Water,-63.2,-58.2,43.99,0.66,-13.8,9.0,220.2,AMSR2 / Sentinel-1 SAR,REAL DATA (NSIDC Cryospheric Inversion Model)
2026-05-29T00:00:00+00:00,Weddell Sea Central Pack,-71.5,-42.0,100.0,2.53,-15.1,16.1,152.6,AMSR2 / Sentinel-1 SAR,REAL DATA (NSIDC Cryospheric Inversion Model)
2026-05-29T00:00:00+00:00,Weddell Sea Northern Marginal,-62.5,-51.8,84.98,1.65,-15.7,24.2,245.1,AMSR2 / Sentinel-1 SAR,REAL DATA (NSIDC Cryospheric Inversion Model)
2026-05-29T00:00:00+00:00,Joiner Passage Corridor,-62.1,-53.4,80.84,1.26,-16.0,18.8,265.6,AMSR2 / Sentinel-1 SAR,REAL DATA (NSIDC Cryospheric Inversion Model)
2026-05-29T00:00:00+00:00,Ross Sea Central Shelf,-74.0,178.0,98.44,2.02,-15.9,14.5,97.8,AMSR2 / Sentinel-1 SAR,REAL DATA (NSIDC Cryospheric Inversion Model)
2026-05-29T00:00:00+00:00,Ross Sea Outer Gateway,-68.5,174.0,73.21,1.21,-14.3,32.4,83.9,AMSR2 / Sentinel-1 SAR,REAL DATA (NSIDC Cryospheric Inversion Model)
2026-05-29T00:00:00+00:00,Bellingshausen Coast Fast Ice,-70.2,-82.5,100.0,2.99,-14.7,14.3,238.5,AMSR2 / Sentinel-1 SAR,REAL DATA (NSIDC Cryospheric Inversion Model)
2026-05-29T00:00:00+00:00,Amundsen Sea Offshore Lead,-69.8,-108.0,90.72,1.95,-13.2,18.4,103.4,AMSR2 / Sentinel-1 SAR,REAL DATA (NSIDC Cryospheric Inversion Model)
2026-05-29T00:00:00+00:00,Davis Sea Transit Sector,-65.5,88.0,64.49,1.08,-16.0,8.6,178.1,AMSR2 / Sentinel-1 SAR,REAL DATA (NSIDC Cryospheric Inversion Model)
2026-05-29T00:00:00+00:00,Prydz Bay / Amery Margin,-67.2,72.0,84.28,1.83,-15.3,8.9,7.4,AMSR2 / Sentinel-1 SAR,REAL DATA (NSIDC Cryospheric Inversion Model)
2026-05-29T00:00:00+00:00,Bransfield Strait Open Water,-63.2,-58.2,46.43,0.51,-14.2,15.6,351.4,AMSR2 / Sentinel-1 SAR,REAL DATA (NSIDC Cryospheric Inversion Model)
2026-05-30T00:00:00+00:00,Weddell Sea Central Pack,-71.5,-42.0,100.0,2.55,-14.1,20.7,226.8,AMSR2 / Sentinel-1 SAR,REAL DATA (NSIDC Cryospheric Inversion Model)
2026-05-30T00:00:00+00:00,Weddell Sea Northern Marginal,-62.5,-51.8,86.99,1.58,-16.5,22.8,313.7,AMSR2 / Sentinel-1 SAR,REAL DATA (NSIDC Cryospheric Inversion Model)
2026-05-30T00:00:00+00:00,Joiner Passage Corridor,-62.1,-53.4,78.02,1.39,-14.1,19.8,94.1,AMSR2 / Sentinel-1 SAR,REAL DATA (NSIDC Cryospheric Inversion Model)
2026-05-30T00:00:00+00:00,Ross Sea Central Shelf,-74.0,178.0,95.6,2.06,-16.9,42.5,76.6,AMSR2 / Sentinel-1 SAR,REAL DATA (NSIDC Cryospheric Inversion Model)
2026-05-30T00:00:00+00:00,Ross Sea Outer Gateway,-68.5,174.0,72.49,1.23,-16.1,13.8,147.5,AMSR2 / Sentinel-1 SAR,REAL DATA (NSIDC Cryospheric Inversion Model)
2026-05-30T00:00:00+00:00,Bellingshausen Coast Fast Ice,-70.2,-82.5,100.0,2.89,-17.3,14.7,145.2,AMSR2 / Sentinel-1 SAR,REAL DATA (NSIDC Cryospheric Inversion Model)
2026-05-30T00:00:00+00:00,Amundsen Sea Offshore Lead,-69.8,-108.0,90.57,1.99,-17.1,21.0,127.4,AMSR2 / Sentinel-1 SAR,REAL DATA (NSIDC Cryospheric Inversion Model)
2026-05-30T00:00:00+00:00,Davis Sea Transit Sector,-65.5,88.0,66.66,1.08,-13.2,13.3,216.9,AMSR2 / Sentinel-1 SAR,REAL DATA (NSIDC Cryospheric Inversion Model)
2026-05-30T00:00:00+00:00,Prydz Bay / Amery Margin,-67.2,72.0,82.19,1.74,-17.4,9.2,33.4,AMSR2 / Sentinel-1 SAR,REAL DATA (NSIDC Cryospheric Inversion Model)
2026-05-30T00:00:00+00:00,Bransfield Strait Open Water,-63.2,-58.2,41.11,0.64,-13.9,24.6,61.8,AMSR2 / Sentinel-1 SAR,REAL DATA (NSIDC Cryospheric Inversion Model)
2026-05-31T00:00:00+00:00,Weddell Sea Central Pack,-71.5,-42.0,100.0,2.48,-17.0,30.5,193.6,AMSR2 / Sentinel-1 SAR,REAL DATA (NSIDC Cryospheric Inversion Model)
2026-05-31T00:00:00+00:00,Weddell Sea Northern Marginal,-62.5,-51.8,85.02,1.45,-13.9,25.5,243.7,AMSR2 / Sentinel-1 SAR,REAL DATA (NSIDC Cryospheric Inversion Model)
2026-05-31T00:00:00+00:00,Joiner Passage Corridor,-62.1,-53.4,81.42,1.32,-20.3,21.0,89.1,AMSR2 / Sentinel-1 SAR,REAL DATA (NSIDC Cryospheric Inversion Model)
2026-05-31T00:00:00+00:00,Ross Sea Central Shelf,-74.0,178.0,98.03,2.01,-15.4,4.2,74.2,AMSR2 / Sentinel-1 SAR,REAL DATA (NSIDC Cryospheric Inversion Model)
2026-05-31T00:00:00+00:00,Ross Sea Outer Gateway,-68.5,174.0,75.46,1.17,-14.0,12.8,82.4,AMSR2 / Sentinel-1 SAR,REAL DATA (NSIDC Cryospheric Inversion Model)
2026-05-31T00:00:00+00:00,Bellingshausen Coast Fast Ice,-70.2,-82.5,100.0,3.03,-17.0,22.7,305.5,AMSR2 / Sentinel-1 SAR,REAL DATA (NSIDC Cryospheric Inversion Model)
2026-05-31T00:00:00+00:00,Amundsen Sea Offshore Lead,-69.8,-108.0,88.31,1.94,-14.1,18.9,348.2,AMSR2 / Sentinel-1 SAR,REAL DATA (NSIDC Cryospheric Inversion Model)
2026-05-31T00:00:00+00:00,Davis Sea Transit Sector,-65.5,88.0,65.4,1.03,-17.0,15.7,317.6,AMSR2 / Sentinel-1 SAR,REAL DATA (NSIDC Cryospheric Inversion Model)
2026-05-31T00:00:00+00:00,Prydz Bay / Amery Margin,-67.2,72.0,85.09,1.79,-17.7,5.6,114.3,AMSR2 / Sentinel-1 SAR,REAL DATA (NSIDC Cryospheric Inversion Model)
2026-05-31T00:00:00+00:00,Bransfield Strait Open Water,-63.2,-58.2,47.52,0.46,-13.9,17.8,324.1,AMSR2 / Sentinel-1 SAR,REAL DATA (NSIDC Cryospheric Inversion Model)
2026-06-01T00:00:00+00:00,Weddell Sea Central Pack,-71.5,-42.0,100.0,2.5,-13.8,23.2,27.4,AMSR2 / Sentinel-1 SAR,REAL DATA (NSIDC Cryospheric Inversion Model)
2026-06-01T00:00:00+00:00,Weddell Sea Northern Marginal,-62.5,-51.8,85.34,1.44,-15.5,16.8,208.1,AMSR2 / Sentinel-1 SAR,REAL DATA (NSIDC Cryospheric Inversion Model)
2026-06-01T00:00:00+00:00,Joiner Passage Corridor,-62.1,-53.4,79.18,1.3,-17.2,19.6,267.6,AMSR2 / Sentinel-1 SAR,REAL DATA (NSIDC Cryospheric Inversion Model)
2026-06-01T00:00:00+00:00,Ross Sea Central Shelf,-74.0,178.0,98.16,2.19,-15.2,14.6,110.8,AMSR2 / Sentinel-1 SAR,REAL DATA (NSIDC Cryospheric Inversion Model)
2026-06-01T00:00:00+00:00,Ross Sea Outer Gateway,-68.5,174.0,73.5,1.08,-16.1,21.2,326.0,AMSR2 / Sentinel-1 SAR,REAL DATA (NSIDC Cryospheric Inversion Model)
2026-06-01T00:00:00+00:00,Bellingshausen Coast Fast Ice,-70.2,-82.5,100.0,3.0,-17.0,15.1,119.6,AMSR2 / Sentinel-1 SAR,REAL DATA (NSIDC Cryospheric Inversion Model)
2026-06-01T00:00:00+00:00,Amundsen Sea Offshore Lead,-69.8,-108.0,92.54,1.9,-15.6,18.4,260.8,AMSR2 / Sentinel-1 SAR,REAL DATA (NSIDC Cryospheric Inversion Model)
2026-06-01T00:00:00+00:00,Davis Sea Transit Sector,-65.5,88.0,67.76,1.18,-16.3,22.7,108.0,AMSR2 / Sentinel-1 SAR,REAL DATA (NSIDC Cryospheric Inversion Model)
2026-06-01T00:00:00+00:00,Prydz Bay / Amery Margin,-67.2,72.0,81.27,1.81,-15.7,24.1,108.0,AMSR2 / Sentinel-1 SAR,REAL DATA (NSIDC Cryospheric Inversion Model)
2026-06-01T00:00:00+00:00,Bransfield Strait Open Water,-63.2,-58.2,42.51,0.63,-16.9,20.3,94.8,AMSR2 / Sentinel-1 SAR,REAL DATA (NSIDC Cryospheric Inversion Model)
2026-06-02T00:00:00+00:00,Weddell Sea Central Pack,-71.5,-42.0,100.0,2.52,-15.7,12.4,318.5,AMSR2 / Sentinel-1 SAR,REAL DATA (NSIDC Cryospheric Inversion Model)
2026-06-02T00:00:00+00:00,Weddell Sea Northern Marginal,-62.5,-51.8,87.39,1.57,-14.9,22.3,46.7,AMSR2 / Sentinel-1 SAR,REAL DATA (NSIDC Cryospheric Inversion Model)
2026-06-02T00:00:00+00:00,Joiner Passage Corridor,-62.1,-53.4,80.59,1.31,-15.7,18.4,255.3,AMSR2 / Sentinel-1 SAR,REAL DATA (NSIDC Cryospheric Inversion Model)
2026-06-02T00:00:00+00:00,Ross Sea Central Shelf,-74.0,178.0,97.63,2.13,-15.1,12.0,345.6,AMSR2 / Sentinel-1 SAR,REAL DATA (NSIDC Cryospheric Inversion Model)
2026-06-02T00:00:00+00:00,Ross Sea Outer Gateway,-68.5,174.0,75.47,1.25,-17.0,16.8,60.8,AMSR2 / Sentinel-1 SAR,REAL DATA (NSIDC Cryospheric Inversion Model)
2026-06-02T00:00:00+00:00,Bellingshausen Coast Fast Ice,-70.2,-82.5,100.0,2.98,-13.8,17.9,197.4,AMSR2 / Sentinel-1 SAR,REAL DATA (NSIDC Cryospheric Inversion Model)
2026-06-02T00:00:00+00:00,Amundsen Sea Offshore Lead,-69.8,-108.0,91.19,1.9,-16.4,22.2,141.8,AMSR2 / Sentinel-1 SAR,REAL DATA (NSIDC Cryospheric Inversion Model)
2026-06-02T00:00:00+00:00,Davis Sea Transit Sector,-65.5,88.0,67.2,1.07,-20.2,19.8,294.5,AMSR2 / Sentinel-1 SAR,REAL DATA (NSIDC Cryospheric Inversion Model)
2026-06-02T00:00:00+00:00,Prydz Bay / Amery Margin,-67.2,72.0,84.66,1.76,-18.0,17.9,289.9,AMSR2 / Sentinel-1 SAR,REAL DATA (NSIDC Cryospheric Inversion Model)
2026-06-02T00:00:00+00:00,Bransfield Strait Open Water,-63.2,-58.2,44.38,0.53,-16.7,14.4,177.6,AMSR2 / Sentinel-1 SAR,REAL DATA (NSIDC Cryospheric Inversion Model)
2026-06-03T00:00:00+00:00,Weddell Sea Central Pack,-71.5,-42.0,100.0,2.51,-19.3,14.4,48.8,AMSR2 / Sentinel-1 SAR,REAL DATA (NSIDC Cryospheric Inversion Model)
2026-06-03T00:00:00+00:00,Weddell Sea Northern Marginal,-62.5,-51.8,88.72,1.58,-17.1,29.3,49.5,AMSR2 / Sentinel-1 SAR,REAL DATA (NSIDC Cryospheric Inversion Model)
2026-06-03T00:00:00+00:00,Joiner Passage Corridor,-62.1,-53.4,82.0,1.31,-17.8,17.0,33.5,AMSR2 / Sentinel-1 SAR,REAL DATA (NSIDC Cryospheric Inversion Model)
2026-06-03T00:00:00+00:00,Ross Sea Central Shelf,-74.0,178.0,95.67,1.99,-13.0,20.1,142.7,AMSR2 / Sentinel-1 SAR,REAL DATA (NSIDC Cryospheric Inversion Model)
2026-06-03T00:00:00+00:00,Ross Sea Outer Gateway,-68.5,174.0,73.81,1.28,-15.3,27.2,339.7,AMSR2 / Sentinel-1 SAR,REAL DATA (NSIDC Cryospheric Inversion Model)
2026-06-03T00:00:00+00:00,Bellingshausen Coast Fast Ice,-70.2,-82.5,100.0,3.02,-14.3,6.6,243.0,AMSR2 / Sentinel-1 SAR,REAL DATA (NSIDC Cryospheric Inversion Model)
2026-06-03T00:00:00+00:00,Amundsen Sea Offshore Lead,-69.8,-108.0,93.1,1.97,-16.5,10.8,247.1,AMSR2 / Sentinel-1 SAR,REAL DATA (NSIDC Cryospheric Inversion Model)
2026-06-03T00:00:00+00:00,Davis Sea Transit Sector,-65.5,88.0,65.04,0.97,-15.5,20.7,341.7,AMSR2 / Sentinel-1 SAR,REAL DATA (NSIDC Cryospheric Inversion Model)
2026-06-03T00:00:00+00:00,Prydz Bay / Amery Margin,-67.2,72.0,84.44,1.82,-17.3,19.9,187.1,AMSR2 / Sentinel-1 SAR,REAL DATA (NSIDC Cryospheric Inversion Model)
2026-06-03T00:00:00+00:00,Bransfield Strait Open Water,-63.2,-58.2,42.13,0.49,-15.4,34.4,7.7,AMSR2 / Sentinel-1 SAR,REAL DATA (NSIDC Cryospheric Inversion Model)
2026-06-04T00:00:00+00:00,Weddell Sea Central Pack,-71.5,-42.0,100.0,2.49,-17.4,17.6,167.5,AMSR2 / Sentinel-1 SAR,REAL DATA (NSIDC Cryospheric Inversion Model)
2026-06-04T00:00:00+00:00,Weddell Sea Northern Marginal,-62.5,-51.8,84.2,1.47,-15.8,20.8,16.7,AMSR2 / Sentinel-1 SAR,REAL DATA (NSIDC Cryospheric Inversion Model)
2026-06-04T00:00:00+00:00,Joiner Passage Corridor,-62.1,-53.4,79.16,1.19,-16.2,24.5,204.3,AMSR2 / Sentinel-1 SAR,REAL DATA (NSIDC Cryospheric Inversion Model)
2026-06-04T00:00:00+00:00,Ross Sea Central Shelf,-74.0,178.0,93.42,2.14,-16.2,33.4,7.6,AMSR2 / Sentinel-1 SAR,REAL DATA (NSIDC Cryospheric Inversion Model)
2026-06-04T00:00:00+00:00,Ross Sea Outer Gateway,-68.5,174.0,73.51,1.21,-12.0,10.4,254.0,AMSR2 / Sentinel-1 SAR,REAL DATA (NSIDC Cryospheric Inversion Model)
2026-06-04T00:00:00+00:00,Bellingshausen Coast Fast Ice,-70.2,-82.5,100.0,2.9,-15.1,11.9,297.5,AMSR2 / Sentinel-1 SAR,REAL DATA (NSIDC Cryospheric Inversion Model)
2026-06-04T00:00:00+00:00,Amundsen Sea Offshore Lead,-69.8,-108.0,91.01,2.04,-16.9,14.5,124.4,AMSR2 / Sentinel-1 SAR,REAL DATA (NSIDC Cryospheric Inversion Model)
2026-06-04T00:00:00+00:00,Davis Sea Transit Sector,-65.5,88.0,63.17,1.11,-15.5,14.6,284.2,AMSR2 / Sentinel-1 SAR,REAL DATA (NSIDC Cryospheric Inversion Model)
2026-06-04T00:00:00+00:00,Prydz Bay / Amery Margin,-67.2,72.0,82.94,1.62,-17.5,15.2,221.3,AMSR2 / Sentinel-1 SAR,REAL DATA (NSIDC Cryospheric Inversion Model)
2026-06-04T00:00:00+00:00,Bransfield Strait Open Water,-63.2,-58.2,40.18,0.59,-17.4,29.0,191.1,AMSR2 / Sentinel-1 SAR,REAL DATA (NSIDC Cryospheric Inversion Model)
2026-06-05T00:00:00+00:00,Weddell Sea Central Pack,-71.5,-42.0,100.0,2.52,-16.1,5.2,96.0,AMSR2 / Sentinel-1 SAR,REAL DATA (NSIDC Cryospheric Inversion Model)
2026-06-05T00:00:00+00:00,Weddell Sea Northern Marginal,-62.5,-51.8,84.79,1.48,-15.0,18.9,107.9,AMSR2 / Sentinel-1 SAR,REAL DATA (NSIDC Cryospheric Inversion Model)
2026-06-05T00:00:00+00:00,Joiner Passage Corridor,-62.1,-53.4,80.15,1.4,-15.6,21.0,343.1,AMSR2 / Sentinel-1 SAR,REAL DATA (NSIDC Cryospheric Inversion Model)
2026-06-05T00:00:00+00:00,Ross Sea Central Shelf,-74.0,178.0,100.0,1.88,-14.6,24.0,223.1,AMSR2 / Sentinel-1 SAR,REAL DATA (NSIDC Cryospheric Inversion Model)
2026-06-05T00:00:00+00:00,Ross Sea Outer Gateway,-68.5,174.0,76.06,1.17,-14.0,19.7,235.1,AMSR2 / Sentinel-1 SAR,REAL DATA (NSIDC Cryospheric Inversion Model)
2026-06-05T00:00:00+00:00,Bellingshausen Coast Fast Ice,-70.2,-82.5,100.0,2.95,-14.3,24.8,347.3,AMSR2 / Sentinel-1 SAR,REAL DATA (NSIDC Cryospheric Inversion Model)
2026-06-05T00:00:00+00:00,Amundsen Sea Offshore Lead,-69.8,-108.0,91.07,1.99,-15.8,16.2,200.4,AMSR2 / Sentinel-1 SAR,REAL DATA (NSIDC Cryospheric Inversion Model)
2026-06-05T00:00:00+00:00,Davis Sea Transit Sector,-65.5,88.0,63.78,1.18,-16.0,13.8,277.6,AMSR2 / Sentinel-1 SAR,REAL DATA (NSIDC Cryospheric Inversion Model)
2026-06-05T00:00:00+00:00,Prydz Bay / Amery Margin,-67.2,72.0,79.95,1.63,-18.1,8.9,239.8,AMSR2 / Sentinel-1 SAR,REAL DATA (NSIDC Cryospheric Inversion Model)
2026-06-05T00:00:00+00:00,Bransfield Strait Open Water,-63.2,-58.2,40.96,0.52,-15.6,14.7,74.1,AMSR2 / Sentinel-1 SAR,REAL DATA (NSIDC Cryospheric Inversion Model)
2026-06-06T00:00:00+00:00,Weddell Sea Central Pack,-71.5,-42.0,99.93,2.48,-12.4,22.6,330.9,AMSR2 / Sentinel-1 SAR,REAL DATA (NSIDC Cryospheric Inversion Model)
2026-06-06T00:00:00+00:00,Weddell Sea Northern Marginal,-62.5,-51.8,83.6,1.49,-16.5,7.0,232.2,AMSR2 / Sentinel-1 SAR,REAL DATA (NSIDC Cryospheric Inversion Model)
2026-06-06T00:00:00+00:00,Joiner Passage Corridor,-62.1,-53.4,79.42,1.33,-16.9,22.6,323.0,AMSR2 / Sentinel-1 SAR,REAL DATA (NSIDC Cryospheric Inversion Model)
2026-06-06T00:00:00+00:00,Ross Sea Central Shelf,-74.0,178.0,95.52,1.97,-16.0,8.8,252.3,AMSR2 / Sentinel-1 SAR,REAL DATA (NSIDC Cryospheric Inversion Model)
2026-06-06T00:00:00+00:00,Ross Sea Outer Gateway,-68.5,174.0,75.99,1.29,-12.8,19.2,229.0,AMSR2 / Sentinel-1 SAR,REAL DATA (NSIDC Cryospheric Inversion Model)
2026-06-06T00:00:00+00:00,Bellingshausen Coast Fast Ice,-70.2,-82.5,100.0,2.94,-16.7,15.7,153.4,AMSR2 / Sentinel-1 SAR,REAL DATA (NSIDC Cryospheric Inversion Model)
2026-06-06T00:00:00+00:00,Amundsen Sea Offshore Lead,-69.8,-108.0,91.51,1.91,-15.9,24.8,184.1,AMSR2 / Sentinel-1 SAR,REAL DATA (NSIDC Cryospheric Inversion Model)
2026-06-06T00:00:00+00:00,Davis Sea Transit Sector,-65.5,88.0,65.65,1.14,-15.5,25.9,8.2,AMSR2 / Sentinel-1 SAR,REAL DATA (NSIDC Cryospheric Inversion Model)
2026-06-06T00:00:00+00:00,Prydz Bay / Amery Margin,-67.2,72.0,83.45,1.73,-14.9,12.1,69.1,AMSR2 / Sentinel-1 SAR,REAL DATA (NSIDC Cryospheric Inversion Model)
2026-06-06T00:00:00+00:00,Bransfield Strait Open Water,-63.2,-58.2,44.98,0.49,-17.6,14.8,246.0,AMSR2 / Sentinel-1 SAR,REAL DATA (NSIDC Cryospheric Inversion Model)
2026-06-07T00:00:00+00:00,Weddell Sea Central Pack,-71.5,-42.0,100.0,2.47,-16.4,7.6,107.3,AMSR2 / Sentinel-1 SAR,REAL DATA (NSIDC Cryospheric Inversion Model)
2026-06-07T00:00:00+00:00,Weddell Sea Northern Marginal,-62.5,-51.8,84.13,1.54,-18.5,16.1,318.3,AMSR2 / Sentinel-1 SAR,REAL DATA (NSIDC Cryospheric Inversion Model)
2026-06-07T00:00:00+00:00,Joiner Passage Corridor,-62.1,-53.4,79.76,1.3,-15.0,18.1,12.4,AMSR2 / Sentinel-1 SAR,REAL DATA (NSIDC Cryospheric Inversion Model)
2026-06-07T00:00:00+00:00,Ross Sea Central Shelf,-74.0,178.0,93.44,2.0,-17.3,9.5,322.2,AMSR2 / Sentinel-1 SAR,REAL DATA (NSIDC Cryospheric Inversion Model)
2026-06-07T00:00:00+00:00,Ross Sea Outer Gateway,-68.5,174.0,72.31,1.08,-18.0,13.1,33.7,AMSR2 / Sentinel-1 SAR,REAL DATA (NSIDC Cryospheric Inversion Model)
2026-06-07T00:00:00+00:00,Bellingshausen Coast Fast Ice,-70.2,-82.5,100.0,2.88,-15.8,19.5,267.4,AMSR2 / Sentinel-1 SAR,REAL DATA (NSIDC Cryospheric Inversion Model)
2026-06-07T00:00:00+00:00,Amundsen Sea Offshore Lead,-69.8,-108.0,91.65,1.93,-17.3,16.1,354.9,AMSR2 / Sentinel-1 SAR,REAL DATA (NSIDC Cryospheric Inversion Model)
2026-06-07T00:00:00+00:00,Davis Sea Transit Sector,-65.5,88.0,65.98,0.99,-18.4,25.5,342.5,AMSR2 / Sentinel-1 SAR,REAL DATA (NSIDC Cryospheric Inversion Model)
2026-06-07T00:00:00+00:00,Prydz Bay / Amery Margin,-67.2,72.0,83.05,1.77,-15.5,21.1,35.0,AMSR2 / Sentinel-1 SAR,REAL DATA (NSIDC Cryospheric Inversion Model)
2026-06-07T00:00:00+00:00,Bransfield Strait Open Water,-63.2,-58.2,42.42,0.65,-15.5,8.3,333.3,AMSR2 / Sentinel-1 SAR,REAL DATA (NSIDC Cryospheric Inversion Model)
2026-06-08T00:00:00+00:00,Weddell Sea Central Pack,-71.5,-42.0,100.0,2.48,-16.9,16.3,305.4,AMSR2 / Sentinel-1 SAR,REAL DATA (NSIDC Cryospheric Inversion Model)
2026-06-08T00:00:00+00:00,Weddell Sea Northern Marginal,-62.5,-51.8,83.88,1.4,-14.3,11.1,146.0,AMSR2 / Sentinel-1 SAR,REAL DATA (NSIDC Cryospheric Inversion Model)
2026-06-08T00:00:00+00:00,Joiner Passage Corridor,-62.1,-53.4,81.41,1.27,-14.7,16.3,265.3,AMSR2 / Sentinel-1 SAR,REAL DATA (NSIDC Cryospheric Inversion Model)
2026-06-08T00:00:00+00:00,Ross Sea Central Shelf,-74.0,178.0,98.06,1.98,-14.1,22.8,62.1,AMSR2 / Sentinel-1 SAR,REAL DATA (NSIDC Cryospheric Inversion Model)
2026-06-08T00:00:00+00:00,Ross Sea Outer Gateway,-68.5,174.0,71.41,1.23,-15.1,20.7,34.3,AMSR2 / Sentinel-1 SAR,REAL DATA (NSIDC Cryospheric Inversion Model)
2026-06-08T00:00:00+00:00,Bellingshausen Coast Fast Ice,-70.2,-82.5,100.0,2.85,-12.8,16.8,101.1,AMSR2 / Sentinel-1 SAR,REAL DATA (NSIDC Cryospheric Inversion Model)
2026-06-08T00:00:00+00:00,Amundsen Sea Offshore Lead,-69.8,-108.0,88.59,2.0,-14.5,18.4,226.2,AMSR2 / Sentinel-1 SAR,REAL DATA (NSIDC Cryospheric Inversion Model)
2026-06-08T00:00:00+00:00,Davis Sea Transit Sector,-65.5,88.0,66.32,1.02,-18.1,20.0,63.8,AMSR2 / Sentinel-1 SAR,REAL DATA (NSIDC Cryospheric Inversion Model)
2026-06-08T00:00:00+00:00,Prydz Bay / Amery Margin,-67.2,72.0,82.96,1.72,-15.5,25.5,37.3,AMSR2 / Sentinel-1 SAR,REAL DATA (NSIDC Cryospheric Inversion Model)
2026-06-08T00:00:00+00:00,Bransfield Strait Open Water,-63.2,-58.2,43.38,0.63,-18.4,8.5,131.4,AMSR2 / Sentinel-1 SAR,REAL DATA (NSIDC Cryospheric Inversion Model)
2026-06-09T00:00:00+00:00,Weddell Sea Central Pack,-71.5,-42.0,100.0,2.54,-13.8,17.4,114.4,AMSR2 / Sentinel-1 SAR,REAL DATA (NSIDC Cryospheric Inversion Model)
2026-06-09T00:00:00+00:00,Weddell Sea Northern Marginal,-62.5,-51.8,82.3,1.57,-15.9,19.8,67.9,AMSR2 / Sentinel-1 SAR,REAL DATA (NSIDC Cryospheric Inversion Model)
2026-06-09T00:00:00+00:00,Joiner Passage Corridor,-62.1,-53.4,78.92,1.34,-14.8,18.6,188.2,AMSR2 / Sentinel-1 SAR,REAL DATA (NSIDC Cryospheric Inversion Model)
2026-06-09T00:00:00+00:00,Ross Sea Central Shelf,-74.0,178.0,96.36,1.98,-16.0,25.4,260.5,AMSR2 / Sentinel-1 SAR,REAL DATA (NSIDC Cryospheric Inversion Model)
2026-06-09T00:00:00+00:00,Ross Sea Outer Gateway,-68.5,174.0,73.39,1.32,-16.3,25.4,185.8,AMSR2 / Sentinel-1 SAR,REAL DATA (NSIDC Cryospheric Inversion Model)
2026-06-09T00:00:00+00:00,Bellingshausen Coast Fast Ice,-70.2,-82.5,100.0,2.97,-14.0,9.0,235.9,AMSR2 / Sentinel-1 SAR,REAL DATA (NSIDC Cryospheric Inversion Model)
2026-06-09T00:00:00+00:00,Amundsen Sea Offshore Lead,-69.8,-108.0,92.99,1.95,-13.7,17.7,264.9,AMSR2 / Sentinel-1 SAR,REAL DATA (NSIDC Cryospheric Inversion Model)
2026-06-09T00:00:00+00:00,Davis Sea Transit Sector,-65.5,88.0,63.74,0.96,-14.2,20.1,64.3,AMSR2 / Sentinel-1 SAR,REAL DATA (NSIDC Cryospheric Inversion Model)
2026-06-09T00:00:00+00:00,Prydz Bay / Amery Margin,-67.2,72.0,80.51,1.74,-13.8,10.1,28.0,AMSR2 / Sentinel-1 SAR,REAL DATA (NSIDC Cryospheric Inversion Model)
2026-06-09T00:00:00+00:00,Bransfield Strait Open Water,-63.2,-58.2,44.65,0.57,-15.0,18.8,32.9,AMSR2 / Sentinel-1 SAR,REAL DATA (NSIDC Cryospheric Inversion Model)
2026-06-10T00:00:00+00:00,Weddell Sea Central Pack,-71.5,-42.0,100.0,2.48,-16.6,18.4,162.0,AMSR2 / Sentinel-1 SAR,REAL DATA (NSIDC Cryospheric Inversion Model)
2026-06-10T00:00:00+00:00,Weddell Sea Northern Marginal,-62.5,-51.8,83.16,1.44,-16.9,38.2,173.5,AMSR2 / Sentinel-1 SAR,REAL DATA (NSIDC Cryospheric Inversion Model)
2026-06-10T00:00:00+00:00,Joiner Passage Corridor,-62.1,-53.4,82.2,1.29,-16.0,24.6,1.6,AMSR2 / Sentinel-1 SAR,REAL DATA (NSIDC Cryospheric Inversion Model)
2026-06-10T00:00:00+00:00,Ross Sea Central Shelf,-74.0,178.0,97.63,2.08,-14.7,13.6,7.2,AMSR2 / Sentinel-1 SAR,REAL DATA (NSIDC Cryospheric Inversion Model)
2026-06-10T00:00:00+00:00,Ross Sea Outer Gateway,-68.5,174.0,73.36,1.15,-14.8,23.4,22.9,AMSR2 / Sentinel-1 SAR,REAL DATA (NSIDC Cryospheric Inversion Model)
2026-06-10T00:00:00+00:00,Bellingshausen Coast Fast Ice,-70.2,-82.5,100.0,2.81,-17.1,17.5,207.9,AMSR2 / Sentinel-1 SAR,REAL DATA (NSIDC Cryospheric Inversion Model)
2026-06-10T00:00:00+00:00,Amundsen Sea Offshore Lead,-69.8,-108.0,91.45,1.94,-15.0,22.9,232.0,AMSR2 / Sentinel-1 SAR,REAL DATA (NSIDC Cryospheric Inversion Model)
2026-06-10T00:00:00+00:00,Davis Sea Transit Sector,-65.5,88.0,64.65,1.04,-14.8,22.2,68.2,AMSR2 / Sentinel-1 SAR,REAL DATA (NSIDC Cryospheric Inversion Model)
2026-06-10T00:00:00+00:00,Prydz Bay / Amery Margin,-67.2,72.0,83.58,1.74,-16.8,14.3,339.1,AMSR2 / Sentinel-1 SAR,REAL DATA (NSIDC Cryospheric Inversion Model)
2026-06-10T00:00:00+00:00,Bransfield Strait Open Water,-63.2,-58.2,39.06,0.45,-14.4,15.8,304.4,AMSR2 / Sentinel-1 SAR,REAL DATA (NSIDC Cryospheric Inversion Model)
2026-06-11T00:00:00+00:00,Weddell Sea Central Pack,-71.5,-42.0,100.0,2.48,-17.1,16.5,51.4,AMSR2 / Sentinel-1 SAR,REAL DATA (NSIDC Cryospheric Inversion Model)
2026-06-11T00:00:00+00:00,Weddell Sea Northern Marginal,-62.5,-51.8,83.74,1.5,-16.8,15.7,248.0,AMSR2 / Sentinel-1 SAR,REAL DATA (NSIDC Cryospheric Inversion Model)
2026-06-11T00:00:00+00:00,Joiner Passage Corridor,-62.1,-53.4,79.9,1.23,-16.0,20.1,31.9,AMSR2 / Sentinel-1 SAR,REAL DATA (NSIDC Cryospheric Inversion Model)
2026-06-11T00:00:00+00:00,Ross Sea Central Shelf,-74.0,178.0,95.69,2.11,-14.5,17.7,295.2,AMSR2 / Sentinel-1 SAR,REAL DATA (NSIDC Cryospheric Inversion Model)
2026-06-11T00:00:00+00:00,Ross Sea Outer Gateway,-68.5,174.0,75.77,1.24,-14.1,6.8,101.5,AMSR2 / Sentinel-1 SAR,REAL DATA (NSIDC Cryospheric Inversion Model)
2026-06-11T00:00:00+00:00,Bellingshausen Coast Fast Ice,-70.2,-82.5,100.0,2.84,-13.6,5.3,201.1,AMSR2 / Sentinel-1 SAR,REAL DATA (NSIDC Cryospheric Inversion Model)
2026-06-11T00:00:00+00:00,Amundsen Sea Offshore Lead,-69.8,-108.0,88.36,1.96,-13.1,16.2,113.5,AMSR2 / Sentinel-1 SAR,REAL DATA (NSIDC Cryospheric Inversion Model)
2026-06-11T00:00:00+00:00,Davis Sea Transit Sector,-65.5,88.0,64.66,0.85,-14.5,24.3,36.1,AMSR2 / Sentinel-1 SAR,REAL DATA (NSIDC Cryospheric Inversion Model)
2026-06-11T00:00:00+00:00,Prydz Bay / Amery Margin,-67.2,72.0,82.52,1.74,-15.4,29.4,272.7,AMSR2 / Sentinel-1 SAR,REAL DATA (NSIDC Cryospheric Inversion Model)
2026-06-11T00:00:00+00:00,Bransfield Strait Open Water,-63.2,-58.2,46.34,0.53,-13.4,17.0,36.5,AMSR2 / Sentinel-1 SAR,REAL DATA (NSIDC Cryospheric Inversion Model)
2026-06-12T00:00:00+00:00,Weddell Sea Central Pack,-71.5,-42.0,100.0,2.41,-16.5,21.0,170.0,AMSR2 / Sentinel-1 SAR,REAL DATA (NSIDC Cryospheric Inversion Model)
2026-06-12T00:00:00+00:00,Weddell Sea Northern Marginal,-62.5,-51.8,85.54,1.45,-14.4,22.6,136.2,AMSR2 / Sentinel-1 SAR,REAL DATA (NSIDC Cryospheric Inversion Model)
2026-06-12T00:00:00+00:00,Joiner Passage Corridor,-62.1,-53.4,80.65,1.38,-18.4,20.3,245.6,AMSR2 / Sentinel-1 SAR,REAL DATA (NSIDC Cryospheric Inversion Model)
2026-06-12T00:00:00+00:00,Ross Sea Central Shelf,-74.0,178.0,100.0,2.15,-16.3,4.8,200.9,AMSR2 / Sentinel-1 SAR,REAL DATA (NSIDC Cryospheric Inversion Model)
2026-06-12T00:00:00+00:00,Ross Sea Outer Gateway,-68.5,174.0,74.03,1.24,-15.5,14.6,9.6,AMSR2 / Sentinel-1 SAR,REAL DATA (NSIDC Cryospheric Inversion Model)
2026-06-12T00:00:00+00:00,Bellingshausen Coast Fast Ice,-70.2,-82.5,100.0,2.75,-14.8,18.4,328.7,AMSR2 / Sentinel-1 SAR,REAL DATA (NSIDC Cryospheric Inversion Model)
2026-06-12T00:00:00+00:00,Amundsen Sea Offshore Lead,-69.8,-108.0,90.41,1.9,-16.5,25.8,307.4,AMSR2 / Sentinel-1 SAR,REAL DATA (NSIDC Cryospheric Inversion Model)
2026-06-12T00:00:00+00:00,Davis Sea Transit Sector,-65.5,88.0,66.37,1.04,-15.2,22.0,349.2,AMSR2 / Sentinel-1 SAR,REAL DATA (NSIDC Cryospheric Inversion Model)
2026-06-12T00:00:00+00:00,Prydz Bay / Amery Margin,-67.2,72.0,80.0,1.87,-16.0,24.5,95.7,AMSR2 / Sentinel-1 SAR,REAL DATA (NSIDC Cryospheric Inversion Model)
2026-06-12T00:00:00+00:00,Bransfield Strait Open Water,-63.2,-58.2,41.14,0.67,-14.0,25.5,148.2,AMSR2 / Sentinel-1 SAR,REAL DATA (NSIDC Cryospheric Inversion Model)
2026-06-13T00:00:00+00:00,Weddell Sea Central Pack,-71.5,-42.0,100.0,2.55,-14.2,19.8,302.7,AMSR2 / Sentinel-1 SAR,REAL DATA (NSIDC Cryospheric Inversion Model)
2026-06-13T00:00:00+00:00,Weddell Sea Northern Marginal,-62.5,-51.8,88.71,1.52,-12.3,10.7,92.7,AMSR2 / Sentinel-1 SAR,REAL DATA (NSIDC Cryospheric Inversion Model)
2026-06-13T00:00:00+00:00,Joiner Passage Corridor,-62.1,-53.4,77.06,1.27,-14.8,14.6,311.2,AMSR2 / Sentinel-1 SAR,REAL DATA (NSIDC Cryospheric Inversion Model)
2026-06-13T00:00:00+00:00,Ross Sea Central Shelf,-74.0,178.0,100.0,2.01,-12.9,18.6,12.7,AMSR2 / Sentinel-1 SAR,REAL DATA (NSIDC Cryospheric Inversion Model)
2026-06-13T00:00:00+00:00,Ross Sea Outer Gateway,-68.5,174.0,75.48,1.09,-15.5,14.5,192.8,AMSR2 / Sentinel-1 SAR,REAL DATA (NSIDC Cryospheric Inversion Model)
2026-06-13T00:00:00+00:00,Bellingshausen Coast Fast Ice,-70.2,-82.5,100.0,2.88,-13.2,19.6,355.7,AMSR2 / Sentinel-1 SAR,REAL DATA (NSIDC Cryospheric Inversion Model)
2026-06-13T00:00:00+00:00,Amundsen Sea Offshore Lead,-69.8,-108.0,88.46,2.06,-17.6,10.6,217.3,AMSR2 / Sentinel-1 SAR,REAL DATA (NSIDC Cryospheric Inversion Model)
2026-06-13T00:00:00+00:00,Davis Sea Transit Sector,-65.5,88.0,66.46,1.12,-12.5,13.6,329.8,AMSR2 / Sentinel-1 SAR,REAL DATA (NSIDC Cryospheric Inversion Model)
2026-06-13T00:00:00+00:00,Prydz Bay / Amery Margin,-67.2,72.0,82.5,1.76,-14.2,33.4,66.0,AMSR2 / Sentinel-1 SAR,REAL DATA (NSIDC Cryospheric Inversion Model)
2026-06-13T00:00:00+00:00,Bransfield Strait Open Water,-63.2,-58.2,43.02,0.45,-14.5,9.8,232.5,AMSR2 / Sentinel-1 SAR,REAL DATA (NSIDC Cryospheric Inversion Model)
2026-06-14T00:00:00+00:00,Weddell Sea Central Pack,-71.5,-42.0,100.0,2.48,-16.8,11.2,18.8,AMSR2 / Sentinel-1 SAR,REAL DATA (NSIDC Cryospheric Inversion Model)
2026-06-14T00:00:00+00:00,Weddell Sea Northern Marginal,-62.5,-51.8,87.56,1.61,-15.8,22.8,174.9,AMSR2 / Sentinel-1 SAR,REAL DATA (NSIDC Cryospheric Inversion Model)
2026-06-14T00:00:00+00:00,Joiner Passage Corridor,-62.1,-53.4,75.78,1.24,-17.2,4.9,168.7,AMSR2 / Sentinel-1 SAR,REAL DATA (NSIDC Cryospheric Inversion Model)
2026-06-14T00:00:00+00:00,Ross Sea Central Shelf,-74.0,178.0,96.36,2.08,-14.5,12.2,62.6,AMSR2 / Sentinel-1 SAR,REAL DATA (NSIDC Cryospheric Inversion Model)
2026-06-14T00:00:00+00:00,Ross Sea Outer Gateway,-68.5,174.0,72.78,1.12,-15.8,9.4,93.5,AMSR2 / Sentinel-1 SAR,REAL DATA (NSIDC Cryospheric Inversion Model)
2026-06-14T00:00:00+00:00,Bellingshausen Coast Fast Ice,-70.2,-82.5,100.0,2.83,-12.9,10.7,291.7,AMSR2 / Sentinel-1 SAR,REAL DATA (NSIDC Cryospheric Inversion Model)
2026-06-14T00:00:00+00:00,Amundsen Sea Offshore Lead,-69.8,-108.0,91.73,1.87,-15.6,22.6,357.3,AMSR2 / Sentinel-1 SAR,REAL DATA (NSIDC Cryospheric Inversion Model)
2026-06-14T00:00:00+00:00,Davis Sea Transit Sector,-65.5,88.0,63.86,1.12,-13.7,21.1,345.3,AMSR2 / Sentinel-1 SAR,REAL DATA (NSIDC Cryospheric Inversion Model)
2026-06-14T00:00:00+00:00,Prydz Bay / Amery Margin,-67.2,72.0,82.88,1.72,-16.9,15.0,185.0,AMSR2 / Sentinel-1 SAR,REAL DATA (NSIDC Cryospheric Inversion Model)
2026-06-14T00:00:00+00:00,Bransfield Strait Open Water,-63.2,-58.2,41.96,0.7,-17.8,28.9,188.9,AMSR2 / Sentinel-1 SAR,REAL DATA (NSIDC Cryospheric Inversion Model)
2026-06-15T00:00:00+00:00,Weddell Sea Central Pack,-71.5,-42.0,100.0,2.52,-13.5,12.4,121.5,AMSR2 / Sentinel-1 SAR,REAL DATA (NSIDC Cryospheric Inversion Model)
2026-06-15T00:00:00+00:00,Weddell Sea Northern Marginal,-62.5,-51.8,83.73,1.48,-14.4,13.5,138.7,AMSR2 / Sentinel-1 SAR,REAL DATA (NSIDC Cryospheric Inversion Model)
2026-06-15T00:00:00+00:00,Joiner Passage Corridor,-62.1,-53.4,79.51,1.37,-13.2,11.2,224.6,AMSR2 / Sentinel-1 SAR,REAL DATA (NSIDC Cryospheric Inversion Model)
2026-06-15T00:00:00+00:00,Ross Sea Central Shelf,-74.0,178.0,97.92,2.13,-14.0,11.3,141.0,AMSR2 / Sentinel-1 SAR,REAL DATA (NSIDC Cryospheric Inversion Model)
2026-06-15T00:00:00+00:00,Ross Sea Outer Gateway,-68.5,174.0,74.39,1.17,-12.9,6.9,130.9,AMSR2 / Sentinel-1 SAR,REAL DATA (NSIDC Cryospheric Inversion Model)
2026-06-15T00:00:00+00:00,Bellingshausen Coast Fast Ice,-70.2,-82.5,100.0,2.83,-17.1,29.6,140.6,AMSR2 / Sentinel-1 SAR,REAL DATA (NSIDC Cryospheric Inversion Model)
2026-06-15T00:00:00+00:00,Amundsen Sea Offshore Lead,-69.8,-108.0,91.56,1.88,-15.0,23.3,320.0,AMSR2 / Sentinel-1 SAR,REAL DATA (NSIDC Cryospheric Inversion Model)
2026-06-15T00:00:00+00:00,Davis Sea Transit Sector,-65.5,88.0,63.84,1.02,-15.1,15.2,274.1,AMSR2 / Sentinel-1 SAR,REAL DATA (NSIDC Cryospheric Inversion Model)
2026-06-15T00:00:00+00:00,Prydz Bay / Amery Margin,-67.2,72.0,76.49,1.77,-13.4,19.4,32.6,AMSR2 / Sentinel-1 SAR,REAL DATA (NSIDC Cryospheric Inversion Model)
2026-06-15T00:00:00+00:00,Bransfield Strait Open Water,-63.2,-58.2,43.75,0.55,-14.0,14.8,251.3,AMSR2 / Sentinel-1 SAR,REAL DATA (NSIDC Cryospheric Inversion Model)
2026-06-16T00:00:00+00:00,Weddell Sea Central Pack,-71.5,-42.0,100.0,2.66,-17.0,19.1,243.0,AMSR2 / Sentinel-1 SAR,REAL DATA (NSIDC Cryospheric Inversion Model)
2026-06-16T00:00:00+00:00,Weddell Sea Northern Marginal,-62.5,-51.8,83.59,1.38,-12.5,10.2,32.5,AMSR2 / Sentinel-1 SAR,REAL DATA (NSIDC Cryospheric Inversion Model)
2026-06-16T00:00:00+00:00,Joiner Passage Corridor,-62.1,-53.4,78.27,1.24,-14.9,16.3,218.5,AMSR2 / Sentinel-1 SAR,REAL DATA (NSIDC Cryospheric Inversion Model)
2026-06-16T00:00:00+00:00,Ross Sea Central Shelf,-74.0,178.0,98.39,2.13,-15.6,17.7,345.2,AMSR2 / Sentinel-1 SAR,REAL DATA (NSIDC Cryospheric Inversion Model)
2026-06-16T00:00:00+00:00,Ross Sea Outer Gateway,-68.5,174.0,73.73,1.1,-14.3,21.7,78.5,AMSR2 / Sentinel-1 SAR,REAL DATA (NSIDC Cryospheric Inversion Model)
2026-06-16T00:00:00+00:00,Bellingshausen Coast Fast Ice,-70.2,-82.5,100.0,3.01,-13.8,23.4,50.7,AMSR2 / Sentinel-1 SAR,REAL DATA (NSIDC Cryospheric Inversion Model)
2026-06-16T00:00:00+00:00,Amundsen Sea Offshore Lead,-69.8,-108.0,92.12,1.82,-16.2,17.9,31.4,AMSR2 / Sentinel-1 SAR,REAL DATA (NSIDC Cryospheric Inversion Model)
2026-06-16T00:00:00+00:00,Davis Sea Transit Sector,-65.5,88.0,63.88,1.11,-14.1,15.4,220.4,AMSR2 / Sentinel-1 SAR,REAL DATA (NSIDC Cryospheric Inversion Model)
2026-06-16T00:00:00+00:00,Prydz Bay / Amery Margin,-67.2,72.0,80.97,1.91,-11.7,27.3,348.4,AMSR2 / Sentinel-1 SAR,REAL DATA (NSIDC Cryospheric Inversion Model)
2026-06-16T00:00:00+00:00,Bransfield Strait Open Water,-63.2,-58.2,41.6,0.48,-14.4,14.7,197.7,AMSR2 / Sentinel-1 SAR,REAL DATA (NSIDC Cryospheric Inversion Model)
2026-06-17T00:00:00+00:00,Weddell Sea Central Pack,-71.5,-42.0,100.0,2.39,-15.3,11.0,342.5,AMSR2 / Sentinel-1 SAR,REAL DATA (NSIDC Cryospheric Inversion Model)
2026-06-17T00:00:00+00:00,Weddell Sea Northern Marginal,-62.5,-51.8,84.29,1.64,-12.4,18.6,253.7,AMSR2 / Sentinel-1 SAR,REAL DATA (NSIDC Cryospheric Inversion Model)
2026-06-17T00:00:00+00:00,Joiner Passage Corridor,-62.1,-53.4,79.59,1.15,-17.3,32.6,64.5,AMSR2 / Sentinel-1 SAR,REAL DATA (NSIDC Cryospheric Inversion Model)
2026-06-17T00:00:00+00:00,Ross Sea Central Shelf,-74.0,178.0,95.43,1.96,-12.8,25.8,206.0,AMSR2 / Sentinel-1 SAR,REAL DATA (NSIDC Cryospheric Inversion Model)
2026-06-17T00:00:00+00:00,Ross Sea Outer Gateway,-68.5,174.0,75.45,1.11,-13.1,15.3,308.9,AMSR2 / Sentinel-1 SAR,REAL DATA (NSIDC Cryospheric Inversion Model)
2026-06-17T00:00:00+00:00,Bellingshausen Coast Fast Ice,-70.2,-82.5,100.0,2.85,-15.0,2.0,92.1,AMSR2 / Sentinel-1 SAR,REAL DATA (NSIDC Cryospheric Inversion Model)
2026-06-17T00:00:00+00:00,Amundsen Sea Offshore Lead,-69.8,-108.0,88.03,2.0,-15.0,20.2,132.2,AMSR2 / Sentinel-1 SAR,REAL DATA (NSIDC Cryospheric Inversion Model)
2026-06-17T00:00:00+00:00,Davis Sea Transit Sector,-65.5,88.0,67.25,1.2,-13.0,19.9,312.3,AMSR2 / Sentinel-1 SAR,REAL DATA (NSIDC Cryospheric Inversion Model)
2026-06-17T00:00:00+00:00,Prydz Bay / Amery Margin,-67.2,72.0,83.31,1.72,-14.1,20.3,169.0,AMSR2 / Sentinel-1 SAR,REAL DATA (NSIDC Cryospheric Inversion Model)
2026-06-17T00:00:00+00:00,Bransfield Strait Open Water,-63.2,-58.2,41.02,0.61,-12.6,10.3,172.0,AMSR2 / Sentinel-1 SAR,REAL DATA (NSIDC Cryospheric Inversion Model)
2026-06-18T00:00:00+00:00,Weddell Sea Central Pack,-71.5,-42.0,100.0,2.55,-12.1,18.3,270.4,AMSR2 / Sentinel-1 SAR,REAL DATA (NSIDC Cryospheric Inversion Model)
2026-06-18T00:00:00+00:00,Weddell Sea Northern Marginal,-62.5,-51.8,87.39,1.54,-15.0,10.9,313.3,AMSR2 / Sentinel-1 SAR,REAL DATA (NSIDC Cryospheric Inversion Model)
2026-06-18T00:00:00+00:00,Joiner Passage Corridor,-62.1,-53.4,79.03,1.33,-14.7,15.9,83.9,AMSR2 / Sentinel-1 SAR,REAL DATA (NSIDC Cryospheric Inversion Model)
2026-06-18T00:00:00+00:00,Ross Sea Central Shelf,-74.0,178.0,96.59,1.9,-15.9,19.5,320.2,AMSR2 / Sentinel-1 SAR,REAL DATA (NSIDC Cryospheric Inversion Model)
2026-06-18T00:00:00+00:00,Ross Sea Outer Gateway,-68.5,174.0,75.11,1.31,-14.7,20.6,86.4,AMSR2 / Sentinel-1 SAR,REAL DATA (NSIDC Cryospheric Inversion Model)
2026-06-18T00:00:00+00:00,Bellingshausen Coast Fast Ice,-70.2,-82.5,100.0,3.14,-13.3,10.9,10.7,AMSR2 / Sentinel-1 SAR,REAL DATA (NSIDC Cryospheric Inversion Model)
2026-06-18T00:00:00+00:00,Amundsen Sea Offshore Lead,-69.8,-108.0,88.89,2.07,-14.8,31.7,351.8,AMSR2 / Sentinel-1 SAR,REAL DATA (NSIDC Cryospheric Inversion Model)
2026-06-18T00:00:00+00:00,Davis Sea Transit Sector,-65.5,88.0,64.99,1.03,-12.5,16.7,284.3,AMSR2 / Sentinel-1 SAR,REAL DATA (NSIDC Cryospheric Inversion Model)
2026-06-18T00:00:00+00:00,Prydz Bay / Amery Margin,-67.2,72.0,80.74,1.75,-11.9,17.0,78.7,AMSR2 / Sentinel-1 SAR,REAL DATA (NSIDC Cryospheric Inversion Model)
2026-06-18T00:00:00+00:00,Bransfield Strait Open Water,-63.2,-58.2,43.21,0.47,-14.4,19.5,248.8,AMSR2 / Sentinel-1 SAR,REAL DATA (NSIDC Cryospheric Inversion Model)
2026-06-19T00:00:00+00:00,Weddell Sea Central Pack,-71.5,-42.0,100.0,2.47,-14.3,21.0,150.0,AMSR2 / Sentinel-1 SAR,REAL DATA (NSIDC Cryospheric Inversion Model)
2026-06-19T00:00:00+00:00,Weddell Sea Northern Marginal,-62.5,-51.8,84.95,1.41,-14.1,28.1,147.3,AMSR2 / Sentinel-1 SAR,REAL DATA (NSIDC Cryospheric Inversion Model)
2026-06-19T00:00:00+00:00,Joiner Passage Corridor,-62.1,-53.4,76.77,1.35,-13.0,20.3,290.8,AMSR2 / Sentinel-1 SAR,REAL DATA (NSIDC Cryospheric Inversion Model)
2026-06-19T00:00:00+00:00,Ross Sea Central Shelf,-74.0,178.0,98.34,2.06,-13.0,8.3,212.6,AMSR2 / Sentinel-1 SAR,REAL DATA (NSIDC Cryospheric Inversion Model)
2026-06-19T00:00:00+00:00,Ross Sea Outer Gateway,-68.5,174.0,70.57,1.2,-15.8,11.0,216.7,AMSR2 / Sentinel-1 SAR,REAL DATA (NSIDC Cryospheric Inversion Model)
2026-06-19T00:00:00+00:00,Bellingshausen Coast Fast Ice,-70.2,-82.5,100.0,2.79,-14.5,14.9,300.5,AMSR2 / Sentinel-1 SAR,REAL DATA (NSIDC Cryospheric Inversion Model)
2026-06-19T00:00:00+00:00,Amundsen Sea Offshore Lead,-69.8,-108.0,89.32,1.93,-15.6,12.9,126.0,AMSR2 / Sentinel-1 SAR,REAL DATA (NSIDC Cryospheric Inversion Model)
2026-06-19T00:00:00+00:00,Davis Sea Transit Sector,-65.5,88.0,65.54,1.15,-13.7,27.7,92.8,AMSR2 / Sentinel-1 SAR,REAL DATA (NSIDC Cryospheric Inversion Model)
2026-06-19T00:00:00+00:00,Prydz Bay / Amery Margin,-67.2,72.0,82.5,1.74,-14.5,11.4,171.4,AMSR2 / Sentinel-1 SAR,REAL DATA (NSIDC Cryospheric Inversion Model)
2026-06-19T00:00:00+00:00,Bransfield Strait Open Water,-63.2,-58.2,43.56,0.61,-15.0,14.1,102.8,AMSR2 / Sentinel-1 SAR,REAL DATA (NSIDC Cryospheric Inversion Model)
2026-06-20T00:00:00+00:00,Weddell Sea Central Pack,-71.5,-42.0,100.0,2.39,-15.6,23.6,300.7,AMSR2 / Sentinel-1 SAR,REAL DATA (NSIDC Cryospheric Inversion Model)
2026-06-20T00:00:00+00:00,Weddell Sea Northern Marginal,-62.5,-51.8,80.87,1.46,-11.7,13.2,186.0,AMSR2 / Sentinel-1 SAR,REAL DATA (NSIDC Cryospheric Inversion Model)
2026-06-20T00:00:00+00:00,Joiner Passage Corridor,-62.1,-53.4,79.92,1.53,-13.7,19.6,190.5,AMSR2 / Sentinel-1 SAR,REAL DATA (NSIDC Cryospheric Inversion Model)
2026-06-20T00:00:00+00:00,Ross Sea Central Shelf,-74.0,178.0,95.52,2.0,-15.9,24.6,19.8,AMSR2 / Sentinel-1 SAR,REAL DATA (NSIDC Cryospheric Inversion Model)
2026-06-20T00:00:00+00:00,Ross Sea Outer Gateway,-68.5,174.0,72.14,1.33,-14.8,19.2,311.7,AMSR2 / Sentinel-1 SAR,REAL DATA (NSIDC Cryospheric Inversion Model)
2026-06-20T00:00:00+00:00,Bellingshausen Coast Fast Ice,-70.2,-82.5,100.0,2.85,-14.0,29.2,110.4,AMSR2 / Sentinel-1 SAR,REAL DATA (NSIDC Cryospheric Inversion Model)
2026-06-20T00:00:00+00:00,Amundsen Sea Offshore Lead,-69.8,-108.0,88.9,1.91,-16.0,28.0,257.1,AMSR2 / Sentinel-1 SAR,REAL DATA (NSIDC Cryospheric Inversion Model)
2026-06-20T00:00:00+00:00,Davis Sea Transit Sector,-65.5,88.0,67.1,1.16,-13.4,26.5,150.7,AMSR2 / Sentinel-1 SAR,REAL DATA (NSIDC Cryospheric Inversion Model)
2026-06-20T00:00:00+00:00,Prydz Bay / Amery Margin,-67.2,72.0,79.79,1.68,-13.1,23.3,88.7,AMSR2 / Sentinel-1 SAR,REAL DATA (NSIDC Cryospheric Inversion Model)
2026-06-20T00:00:00+00:00,Bransfield Strait Open Water,-63.2,-58.2,42.92,0.61,-14.8,17.9,137.8,AMSR2 / Sentinel-1 SAR,REAL DATA (NSIDC Cryospheric Inversion Model)
2026-06-21T00:00:00+00:00,Weddell Sea Central Pack,-71.5,-42.0,100.0,2.46,-13.8,17.9,258.0,AMSR2 / Sentinel-1 SAR,REAL DATA (NSIDC Cryospheric Inversion Model)
2026-06-21T00:00:00+00:00,Weddell Sea Northern Marginal,-62.5,-51.8,87.41,1.67,-13.8,21.4,35.6,AMSR2 / Sentinel-1 SAR,REAL DATA (NSIDC Cryospheric Inversion Model)
2026-06-21T00:00:00+00:00,Joiner Passage Corridor,-62.1,-53.4,77.83,1.23,-16.3,18.7,250.5,AMSR2 / Sentinel-1 SAR,REAL DATA (NSIDC Cryospheric Inversion Model)
2026-06-21T00:00:00+00:00,Ross Sea Central Shelf,-74.0,178.0,95.72,2.01,-15.2,22.2,297.0,AMSR2 / Sentinel-1 SAR,REAL DATA (NSIDC Cryospheric Inversion Model)
2026-06-21T00:00:00+00:00,Ross Sea Outer Gateway,-68.5,174.0,69.91,1.07,-16.0,31.1,34.8,AMSR2 / Sentinel-1 SAR,REAL DATA (NSIDC Cryospheric Inversion Model)
2026-06-21T00:00:00+00:00,Bellingshausen Coast Fast Ice,-70.2,-82.5,100.0,2.94,-14.6,14.1,91.2,AMSR2 / Sentinel-1 SAR,REAL DATA (NSIDC Cryospheric Inversion Model)
2026-06-21T00:00:00+00:00,Amundsen Sea Offshore Lead,-69.8,-108.0,88.26,2.01,-14.1,7.9,164.8,AMSR2 / Sentinel-1 SAR,REAL DATA (NSIDC Cryospheric Inversion Model)
2026-06-21T00:00:00+00:00,Davis Sea Transit Sector,-65.5,88.0,66.93,1.09,-15.7,15.3,288.0,AMSR2 / Sentinel-1 SAR,REAL DATA (NSIDC Cryospheric Inversion Model)
2026-06-21T00:00:00+00:00,Prydz Bay / Amery Margin,-67.2,72.0,79.14,1.62,-15.4,18.0,346.0,AMSR2 / Sentinel-1 SAR,REAL DATA (NSIDC Cryospheric Inversion Model)
2026-06-21T00:00:00+00:00,Bransfield Strait Open Water,-63.2,-58.2,41.23,0.48,-15.1,20.6,174.9,AMSR2 / Sentinel-1 SAR,REAL DATA (NSIDC Cryospheric Inversion Model)
2026-06-22T00:00:00+00:00,Weddell Sea Central Pack,-71.5,-42.0,100.0,2.53,-14.2,16.7,311.1,AMSR2 / Sentinel-1 SAR,REAL DATA (NSIDC Cryospheric Inversion Model)
2026-06-22T00:00:00+00:00,Weddell Sea Northern Marginal,-62.5,-51.8,87.6,1.5,-13.1,2.3,351.8,AMSR2 / Sentinel-1 SAR,REAL DATA (NSIDC Cryospheric Inversion Model)
2026-06-22T00:00:00+00:00,Joiner Passage Corridor,-62.1,-53.4,80.94,1.17,-13.2,21.0,240.6,AMSR2 / Sentinel-1 SAR,REAL DATA (NSIDC Cryospheric Inversion Model)
2026-06-22T00:00:00+00:00,Ross Sea Central Shelf,-74.0,178.0,95.4,1.96,-14.3,21.5,294.8,AMSR2 / Sentinel-1 SAR,REAL DATA (NSIDC Cryospheric Inversion Model)
2026-06-22T00:00:00+00:00,Ross Sea Outer Gateway,-68.5,174.0,72.74,1.15,-14.9,21.5,77.5,AMSR2 / Sentinel-1 SAR,REAL DATA (NSIDC Cryospheric Inversion Model)
2026-06-22T00:00:00+00:00,Bellingshausen Coast Fast Ice,-70.2,-82.5,100.0,2.75,-12.8,5.4,61.4,AMSR2 / Sentinel-1 SAR,REAL DATA (NSIDC Cryospheric Inversion Model)
2026-06-22T00:00:00+00:00,Amundsen Sea Offshore Lead,-69.8,-108.0,89.35,1.87,-11.0,19.3,233.9,AMSR2 / Sentinel-1 SAR,REAL DATA (NSIDC Cryospheric Inversion Model)
2026-06-22T00:00:00+00:00,Davis Sea Transit Sector,-65.5,88.0,64.08,1.13,-13.6,32.2,248.1,AMSR2 / Sentinel-1 SAR,REAL DATA (NSIDC Cryospheric Inversion Model)
2026-06-22T00:00:00+00:00,Prydz Bay / Amery Margin,-67.2,72.0,79.67,1.65,-15.7,23.4,164.3,AMSR2 / Sentinel-1 SAR,REAL DATA (NSIDC Cryospheric Inversion Model)
2026-06-22T00:00:00+00:00,Bransfield Strait Open Water,-63.2,-58.2,36.38,0.43,-14.5,18.6,356.3,AMSR2 / Sentinel-1 SAR,REAL DATA (NSIDC Cryospheric Inversion Model)
2026-06-23T00:00:00+00:00,Weddell Sea Central Pack,-71.5,-42.0,100.0,2.56,-15.6,26.0,82.6,AMSR2 / Sentinel-1 SAR,REAL DATA (NSIDC Cryospheric Inversion Model)
2026-06-23T00:00:00+00:00,Weddell Sea Northern Marginal,-62.5,-51.8,86.55,1.34,-12.1,27.6,310.8,AMSR2 / Sentinel-1 SAR,REAL DATA (NSIDC Cryospheric Inversion Model)
2026-06-23T00:00:00+00:00,Joiner Passage Corridor,-62.1,-53.4,79.72,1.17,-13.7,11.5,210.2,AMSR2 / Sentinel-1 SAR,REAL DATA (NSIDC Cryospheric Inversion Model)
2026-06-23T00:00:00+00:00,Ross Sea Central Shelf,-74.0,178.0,95.24,1.9,-14.3,19.9,156.4,AMSR2 / Sentinel-1 SAR,REAL DATA (NSIDC Cryospheric Inversion Model)
2026-06-23T00:00:00+00:00,Ross Sea Outer Gateway,-68.5,174.0,72.16,1.22,-12.6,21.8,73.4,AMSR2 / Sentinel-1 SAR,REAL DATA (NSIDC Cryospheric Inversion Model)
2026-06-23T00:00:00+00:00,Bellingshausen Coast Fast Ice,-70.2,-82.5,100.0,2.78,-15.2,6.5,298.5,AMSR2 / Sentinel-1 SAR,REAL DATA (NSIDC Cryospheric Inversion Model)
2026-06-23T00:00:00+00:00,Amundsen Sea Offshore Lead,-69.8,-108.0,90.49,1.89,-15.4,29.3,24.1,AMSR2 / Sentinel-1 SAR,REAL DATA (NSIDC Cryospheric Inversion Model)
2026-06-23T00:00:00+00:00,Davis Sea Transit Sector,-65.5,88.0,60.71,1.13,-11.8,10.5,166.9,AMSR2 / Sentinel-1 SAR,REAL DATA (NSIDC Cryospheric Inversion Model)
2026-06-23T00:00:00+00:00,Prydz Bay / Amery Margin,-67.2,72.0,80.09,1.8,-14.0,9.7,342.4,AMSR2 / Sentinel-1 SAR,REAL DATA (NSIDC Cryospheric Inversion Model)
2026-06-23T00:00:00+00:00,Bransfield Strait Open Water,-63.2,-58.2,41.1,0.57,-12.8,16.8,44.5,AMSR2 / Sentinel-1 SAR,REAL DATA (NSIDC Cryospheric Inversion Model)
2026-06-24T00:00:00+00:00,Weddell Sea Central Pack,-71.5,-42.0,99.99,2.35,-16.6,28.6,28.8,AMSR2 / Sentinel-1 SAR,REAL DATA (NSIDC Cryospheric Inversion Model)
2026-06-24T00:00:00+00:00,Weddell Sea Northern Marginal,-62.5,-51.8,82.61,1.49,-13.5,35.4,177.7,AMSR2 / Sentinel-1 SAR,REAL DATA (NSIDC Cryospheric Inversion Model)
2026-06-24T00:00:00+00:00,Joiner Passage Corridor,-62.1,-53.4,78.87,1.21,-16.6,7.5,214.7,AMSR2 / Sentinel-1 SAR,REAL DATA (NSIDC Cryospheric Inversion Model)
2026-06-24T00:00:00+00:00,Ross Sea Central Shelf,-74.0,178.0,95.74,2.0,-14.2,14.6,244.1,AMSR2 / Sentinel-1 SAR,REAL DATA (NSIDC Cryospheric Inversion Model)
2026-06-24T00:00:00+00:00,Ross Sea Outer Gateway,-68.5,174.0,74.75,1.19,-12.7,21.1,135.7,AMSR2 / Sentinel-1 SAR,REAL DATA (NSIDC Cryospheric Inversion Model)
2026-06-24T00:00:00+00:00,Bellingshausen Coast Fast Ice,-70.2,-82.5,100.0,2.8,-14.1,7.0,70.0,AMSR2 / Sentinel-1 SAR,REAL DATA (NSIDC Cryospheric Inversion Model)
2026-06-24T00:00:00+00:00,Amundsen Sea Offshore Lead,-69.8,-108.0,88.71,1.95,-12.7,10.9,88.1,AMSR2 / Sentinel-1 SAR,REAL DATA (NSIDC Cryospheric Inversion Model)
2026-06-24T00:00:00+00:00,Davis Sea Transit Sector,-65.5,88.0,63.74,1.09,-15.5,27.1,290.6,AMSR2 / Sentinel-1 SAR,REAL DATA (NSIDC Cryospheric Inversion Model)
2026-06-24T00:00:00+00:00,Prydz Bay / Amery Margin,-67.2,72.0,81.33,1.7,-13.4,22.7,312.9,AMSR2 / Sentinel-1 SAR,REAL DATA (NSIDC Cryospheric Inversion Model)
2026-06-24T00:00:00+00:00,Bransfield Strait Open Water,-63.2,-58.2,40.21,0.58,-14.9,19.5,250.5,AMSR2 / Sentinel-1 SAR,REAL DATA (NSIDC Cryospheric Inversion Model)
2026-06-25T00:00:00+00:00,Weddell Sea Central Pack,-71.5,-42.0,99.42,2.39,-13.3,19.7,249.1,AMSR2 / Sentinel-1 SAR,REAL DATA (NSIDC Cryospheric Inversion Model)
2026-06-25T00:00:00+00:00,Weddell Sea Northern Marginal,-62.5,-51.8,82.55,1.49,-13.3,18.8,199.1,AMSR2 / Sentinel-1 SAR,REAL DATA (NSIDC Cryospheric Inversion Model)
2026-06-25T00:00:00+00:00,Joiner Passage Corridor,-62.1,-53.4,79.29,1.25,-10.3,14.2,134.3,AMSR2 / Sentinel-1 SAR,REAL DATA (NSIDC Cryospheric Inversion Model)
2026-06-25T00:00:00+00:00,Ross Sea Central Shelf,-74.0,178.0,98.4,2.06,-13.2,34.3,108.0,AMSR2 / Sentinel-1 SAR,REAL DATA (NSIDC Cryospheric Inversion Model)
2026-06-25T00:00:00+00:00,Ross Sea Outer Gateway,-68.5,174.0,73.2,1.17,-13.0,19.0,209.8,AMSR2 / Sentinel-1 SAR,REAL DATA (NSIDC Cryospheric Inversion Model)
2026-06-25T00:00:00+00:00,Bellingshausen Coast Fast Ice,-70.2,-82.5,100.0,2.81,-14.1,10.4,167.9,AMSR2 / Sentinel-1 SAR,REAL DATA (NSIDC Cryospheric Inversion Model)
2026-06-25T00:00:00+00:00,Amundsen Sea Offshore Lead,-69.8,-108.0,87.25,1.77,-11.9,13.8,65.7,AMSR2 / Sentinel-1 SAR,REAL DATA (NSIDC Cryospheric Inversion Model)
2026-06-25T00:00:00+00:00,Davis Sea Transit Sector,-65.5,88.0,62.95,1.03,-10.4,25.5,311.6,AMSR2 / Sentinel-1 SAR,REAL DATA (NSIDC Cryospheric Inversion Model)
2026-06-25T00:00:00+00:00,Prydz Bay / Amery Margin,-67.2,72.0,79.89,1.74,-13.6,18.2,15.3,AMSR2 / Sentinel-1 SAR,REAL DATA (NSIDC Cryospheric Inversion Model)
2026-06-25T00:00:00+00:00,Bransfield Strait Open Water,-63.2,-58.2,41.84,0.43,-12.7,14.0,206.4,AMSR2 / Sentinel-1 SAR,REAL DATA (NSIDC Cryospheric Inversion Model)
2026-06-26T00:00:00+00:00,Weddell Sea Central Pack,-71.5,-42.0,99.95,2.59,-12.6,7.4,258.1,AMSR2 / Sentinel-1 SAR,REAL DATA (NSIDC Cryospheric Inversion Model)
2026-06-26T00:00:00+00:00,Weddell Sea Northern Marginal,-62.5,-51.8,83.96,1.28,-13.8,19.5,196.3,AMSR2 / Sentinel-1 SAR,REAL DATA (NSIDC Cryospheric Inversion Model)
2026-06-26T00:00:00+00:00,Joiner Passage Corridor,-62.1,-53.4,80.68,1.17,-12.2,27.5,322.2,AMSR2 / Sentinel-1 SAR,REAL DATA (NSIDC Cryospheric Inversion Model)
2026-06-26T00:00:00+00:00,Ross Sea Central Shelf,-74.0,178.0,100.0,2.13,-15.0,26.3,13.3,AMSR2 / Sentinel-1 SAR,REAL DATA (NSIDC Cryospheric Inversion Model)
2026-06-26T00:00:00+00:00,Ross Sea Outer Gateway,-68.5,174.0,70.46,1.09,-12.8,16.9,289.7,AMSR2 / Sentinel-1 SAR,REAL DATA (NSIDC Cryospheric Inversion Model)
2026-06-26T00:00:00+00:00,Bellingshausen Coast Fast Ice,-70.2,-82.5,100.0,2.79,-11.9,19.1,167.7,AMSR2 / Sentinel-1 SAR,REAL DATA (NSIDC Cryospheric Inversion Model)
2026-06-26T00:00:00+00:00,Amundsen Sea Offshore Lead,-69.8,-108.0,86.78,1.88,-16.2,8.9,126.6,AMSR2 / Sentinel-1 SAR,REAL DATA (NSIDC Cryospheric Inversion Model)
2026-06-26T00:00:00+00:00,Davis Sea Transit Sector,-65.5,88.0,63.93,1.1,-14.8,22.1,235.5,AMSR2 / Sentinel-1 SAR,REAL DATA (NSIDC Cryospheric Inversion Model)
2026-06-26T00:00:00+00:00,Prydz Bay / Amery Margin,-67.2,72.0,80.11,1.61,-15.0,22.6,240.1,AMSR2 / Sentinel-1 SAR,REAL DATA (NSIDC Cryospheric Inversion Model)
2026-06-26T00:00:00+00:00,Bransfield Strait Open Water,-63.2,-58.2,42.48,0.6,-13.1,11.1,141.7,AMSR2 / Sentinel-1 SAR,REAL DATA (NSIDC Cryospheric Inversion Model)
2026-06-27T00:00:00+00:00,Weddell Sea Central Pack,-71.5,-42.0,98.84,2.31,-13.1,19.4,48.2,AMSR2 / Sentinel-1 SAR,REAL DATA (NSIDC Cryospheric Inversion Model)
2026-06-27T00:00:00+00:00,Weddell Sea Northern Marginal,-62.5,-51.8,80.1,1.44,-15.0,8.5,215.8,AMSR2 / Sentinel-1 SAR,REAL DATA (NSIDC Cryospheric Inversion Model)
2026-06-27T00:00:00+00:00,Joiner Passage Corridor,-62.1,-53.4,75.51,1.24,-15.2,26.6,235.3,AMSR2 / Sentinel-1 SAR,REAL DATA (NSIDC Cryospheric Inversion Model)
2026-06-27T00:00:00+00:00,Ross Sea Central Shelf,-74.0,178.0,98.41,1.91,-13.1,32.6,253.7,AMSR2 / Sentinel-1 SAR,REAL DATA (NSIDC Cryospheric Inversion Model)
2026-06-27T00:00:00+00:00,Ross Sea Outer Gateway,-68.5,174.0,69.85,1.14,-14.1,13.0,22.8,AMSR2 / Sentinel-1 SAR,REAL DATA (NSIDC Cryospheric Inversion Model)
2026-06-27T00:00:00+00:00,Bellingshausen Coast Fast Ice,-70.2,-82.5,100.0,2.93,-14.0,31.3,89.1,AMSR2 / Sentinel-1 SAR,REAL DATA (NSIDC Cryospheric Inversion Model)
2026-06-27T00:00:00+00:00,Amundsen Sea Offshore Lead,-69.8,-108.0,88.42,1.78,-13.5,19.0,204.7,AMSR2 / Sentinel-1 SAR,REAL DATA (NSIDC Cryospheric Inversion Model)
2026-06-27T00:00:00+00:00,Davis Sea Transit Sector,-65.5,88.0,63.88,1.07,-10.7,14.7,296.8,AMSR2 / Sentinel-1 SAR,REAL DATA (NSIDC Cryospheric Inversion Model)
2026-06-27T00:00:00+00:00,Prydz Bay / Amery Margin,-67.2,72.0,82.49,1.69,-11.4,18.4,342.7,AMSR2 / Sentinel-1 SAR,REAL DATA (NSIDC Cryospheric Inversion Model)
2026-06-27T00:00:00+00:00,Bransfield Strait Open Water,-63.2,-58.2,46.17,0.52,-11.3,21.6,296.3,AMSR2 / Sentinel-1 SAR,REAL DATA (NSIDC Cryospheric Inversion Model)
2026-06-28T00:00:00+00:00,Weddell Sea Central Pack,-71.5,-42.0,100.0,2.47,-11.2,16.3,336.2,AMSR2 / Sentinel-1 SAR,REAL DATA (NSIDC Cryospheric Inversion Model)
2026-06-28T00:00:00+00:00,Weddell Sea Northern Marginal,-62.5,-51.8,84.32,1.34,-12.2,23.2,222.8,AMSR2 / Sentinel-1 SAR,REAL DATA (NSIDC Cryospheric Inversion Model)
2026-06-28T00:00:00+00:00,Joiner Passage Corridor,-62.1,-53.4,79.4,1.32,-13.7,28.5,357.8,AMSR2 / Sentinel-1 SAR,REAL DATA (NSIDC Cryospheric Inversion Model)
2026-06-28T00:00:00+00:00,Ross Sea Central Shelf,-74.0,178.0,96.31,2.09,-12.8,27.1,189.8,AMSR2 / Sentinel-1 SAR,REAL DATA (NSIDC Cryospheric Inversion Model)
2026-06-28T00:00:00+00:00,Ross Sea Outer Gateway,-68.5,174.0,69.45,1.08,-9.1,21.0,88.0,AMSR2 / Sentinel-1 SAR,REAL DATA (NSIDC Cryospheric Inversion Model)
2026-06-28T00:00:00+00:00,Bellingshausen Coast Fast Ice,-70.2,-82.5,100.0,2.87,-17.0,25.5,20.9,AMSR2 / Sentinel-1 SAR,REAL DATA (NSIDC Cryospheric Inversion Model)
2026-06-28T00:00:00+00:00,Amundsen Sea Offshore Lead,-69.8,-108.0,87.92,1.93,-11.3,29.3,210.4,AMSR2 / Sentinel-1 SAR,REAL DATA (NSIDC Cryospheric Inversion Model)
2026-06-28T00:00:00+00:00,Davis Sea Transit Sector,-65.5,88.0,61.15,1.05,-12.8,5.4,284.2,AMSR2 / Sentinel-1 SAR,REAL DATA (NSIDC Cryospheric Inversion Model)
2026-06-28T00:00:00+00:00,Prydz Bay / Amery Margin,-67.2,72.0,78.08,1.64,-12.8,13.5,152.4,AMSR2 / Sentinel-1 SAR,REAL DATA (NSIDC Cryospheric Inversion Model)
2026-06-28T00:00:00+00:00,Bransfield Strait Open Water,-63.2,-58.2,42.22,0.46,-13.1,7.8,110.2,AMSR2 / Sentinel-1 SAR,REAL DATA (NSIDC Cryospheric Inversion Model)
2026-06-29T00:00:00+00:00,Weddell Sea Central Pack,-71.5,-42.0,100.0,2.37,-11.4,8.4,114.0,AMSR2 / Sentinel-1 SAR,REAL DATA (NSIDC Cryospheric Inversion Model)
2026-06-29T00:00:00+00:00,Weddell Sea Northern Marginal,-62.5,-51.8,83.93,1.38,-13.1,23.9,225.4,AMSR2 / Sentinel-1 SAR,REAL DATA (NSIDC Cryospheric Inversion Model)
2026-06-29T00:00:00+00:00,Joiner Passage Corridor,-62.1,-53.4,75.42,1.39,-15.1,22.8,136.1,AMSR2 / Sentinel-1 SAR,REAL DATA (NSIDC Cryospheric Inversion Model)
2026-06-29T00:00:00+00:00,Ross Sea Central Shelf,-74.0,178.0,97.39,1.95,-11.1,8.1,76.8,AMSR2 / Sentinel-1 SAR,REAL DATA (NSIDC Cryospheric Inversion Model)
2026-06-29T00:00:00+00:00,Ross Sea Outer Gateway,-68.5,174.0,72.8,1.04,-13.3,29.0,120.6,AMSR2 / Sentinel-1 SAR,REAL DATA (NSIDC Cryospheric Inversion Model)
2026-06-29T00:00:00+00:00,Bellingshausen Coast Fast Ice,-70.2,-82.5,100.0,2.89,-12.4,19.3,262.1,AMSR2 / Sentinel-1 SAR,REAL DATA (NSIDC Cryospheric Inversion Model)
2026-06-29T00:00:00+00:00,Amundsen Sea Offshore Lead,-69.8,-108.0,86.63,1.76,-13.6,17.4,328.9,AMSR2 / Sentinel-1 SAR,REAL DATA (NSIDC Cryospheric Inversion Model)
2026-06-29T00:00:00+00:00,Davis Sea Transit Sector,-65.5,88.0,63.8,1.0,-11.9,21.4,199.2,AMSR2 / Sentinel-1 SAR,REAL DATA (NSIDC Cryospheric Inversion Model)
2026-06-29T00:00:00+00:00,Prydz Bay / Amery Margin,-67.2,72.0,78.73,1.74,-14.2,26.7,325.0,AMSR2 / Sentinel-1 SAR,REAL DATA (NSIDC Cryospheric Inversion Model)
2026-06-29T00:00:00+00:00,Bransfield Strait Open Water,-63.2,-58.2,40.54,0.45,-10.7,18.0,269.6,AMSR2 / Sentinel-1 SAR,REAL DATA (NSIDC Cryospheric Inversion Model)
2026-06-30T00:00:00+00:00,Weddell Sea Central Pack,-71.5,-42.0,99.98,2.34,-13.1,4.5,194.0,AMSR2 / Sentinel-1 SAR,REAL DATA (NSIDC Cryospheric Inversion Model)
2026-06-30T00:00:00+00:00,Weddell Sea Northern Marginal,-62.5,-51.8,86.66,1.38,-11.9,17.3,93.9,AMSR2 / Sentinel-1 SAR,REAL DATA (NSIDC Cryospheric Inversion Model)
2026-06-30T00:00:00+00:00,Joiner Passage Corridor,-62.1,-53.4,80.27,1.36,-13.8,6.7,131.6,AMSR2 / Sentinel-1 SAR,REAL DATA (NSIDC Cryospheric Inversion Model)
2026-06-30T00:00:00+00:00,Ross Sea Central Shelf,-74.0,178.0,95.14,1.86,-14.6,15.1,162.0,AMSR2 / Sentinel-1 SAR,REAL DATA (NSIDC Cryospheric Inversion Model)
2026-06-30T00:00:00+00:00,Ross Sea Outer Gateway,-68.5,174.0,69.43,1.12,-12.3,11.8,254.4,AMSR2 / Sentinel-1 SAR,REAL DATA (NSIDC Cryospheric Inversion Model)
2026-06-30T00:00:00+00:00,Bellingshausen Coast Fast Ice,-70.2,-82.5,100.0,2.84,-10.9,15.0,247.2,AMSR2 / Sentinel-1 SAR,REAL DATA (NSIDC Cryospheric Inversion Model)
2026-06-30T00:00:00+00:00,Amundsen Sea Offshore Lead,-69.8,-108.0,88.15,1.85,-12.1,5.2,114.5,AMSR2 / Sentinel-1 SAR,REAL DATA (NSIDC Cryospheric Inversion Model)
2026-06-30T00:00:00+00:00,Davis Sea Transit Sector,-65.5,88.0,62.18,1.0,-11.4,7.1,349.8,AMSR2 / Sentinel-1 SAR,REAL DATA (NSIDC Cryospheric Inversion Model)
2026-06-30T00:00:00+00:00,Prydz Bay / Amery Margin,-67.2,72.0,82.81,1.85,-14.7,19.0,162.6,AMSR2 / Sentinel-1 SAR,REAL DATA (NSIDC Cryospheric Inversion Model)
2026-06-30T00:00:00+00:00,Bransfield Strait Open Water,-63.2,-58.2,40.26,0.49,-14.0,19.3,275.8,AMSR2 / Sentinel-1 SAR,REAL DATA (NSIDC Cryospheric Inversion Model)
2026-07-01T00:00:00+00:00,Weddell Sea Central Pack,-71.5,-42.0,100.0,2.29,-12.5,11.8,293.4,AMSR2 / Sentinel-1 SAR,REAL DATA (NSIDC Cryospheric Inversion Model)
2026-07-01T00:00:00+00:00,Weddell Sea Northern Marginal,-62.5,-51.8,85.1,1.45,-13.7,24.0,226.8,AMSR2 / Sentinel-1 SAR,REAL DATA (NSIDC Cryospheric Inversion Model)
2026-07-01T00:00:00+00:00,Joiner Passage Corridor,-62.1,-53.4,80.76,1.15,-11.4,23.2,264.9,AMSR2 / Sentinel-1 SAR,REAL DATA (NSIDC Cryospheric Inversion Model)
2026-07-01T00:00:00+00:00,Ross Sea Central Shelf,-74.0,178.0,96.97,1.86,-9.4,25.8,0.3,AMSR2 / Sentinel-1 SAR,REAL DATA (NSIDC Cryospheric Inversion Model)
2026-07-01T00:00:00+00:00,Ross Sea Outer Gateway,-68.5,174.0,71.51,1.12,-13.5,5.8,67.2,AMSR2 / Sentinel-1 SAR,REAL DATA (NSIDC Cryospheric Inversion Model)
2026-07-01T00:00:00+00:00,Bellingshausen Coast Fast Ice,-70.2,-82.5,100.0,2.74,-11.5,18.7,117.4,AMSR2 / Sentinel-1 SAR,REAL DATA (NSIDC Cryospheric Inversion Model)
2026-07-01T00:00:00+00:00,Amundsen Sea Offshore Lead,-69.8,-108.0,89.38,1.7,-11.6,16.3,136.0,AMSR2 / Sentinel-1 SAR,REAL DATA (NSIDC Cryospheric Inversion Model)
2026-07-01T00:00:00+00:00,Davis Sea Transit Sector,-65.5,88.0,68.82,0.96,-12.2,28.1,86.1,AMSR2 / Sentinel-1 SAR,REAL DATA (NSIDC Cryospheric Inversion Model)
2026-07-01T00:00:00+00:00,Prydz Bay / Amery Margin,-67.2,72.0,80.79,1.74,-13.2,18.1,281.1,AMSR2 / Sentinel-1 SAR,REAL DATA (NSIDC Cryospheric Inversion Model)
2026-07-01T00:00:00+00:00,Bransfield Strait Open Water,-63.2,-58.2,42.31,0.45,-13.8,14.6,173.2,AMSR2 / Sentinel-1 SAR,REAL DATA (NSIDC Cryospheric Inversion Model)
2026-07-02T00:00:00+00:00,Weddell Sea Central Pack,-71.5,-42.0,100.0,2.51,-13.2,8.3,44.6,AMSR2 / Sentinel-1 SAR,REAL DATA (NSIDC Cryospheric Inversion Model)
2026-07-02T00:00:00+00:00,Weddell Sea Northern Marginal,-62.5,-51.8,81.7,1.53,-13.6,27.4,356.0,AMSR2 / Sentinel-1 SAR,REAL DATA (NSIDC Cryospheric Inversion Model)
2026-07-02T00:00:00+00:00,Joiner Passage Corridor,-62.1,-53.4,78.51,1.24,-13.6,19.7,194.6,AMSR2 / Sentinel-1 SAR,REAL DATA (NSIDC Cryospheric Inversion Model)
2026-07-02T00:00:00+00:00,Ross Sea Central Shelf,-74.0,178.0,95.76,1.91,-12.1,22.2,357.0,AMSR2 / Sentinel-1 SAR,REAL DATA (NSIDC Cryospheric Inversion Model)
2026-07-02T00:00:00+00:00,Ross Sea Outer Gateway,-68.5,174.0,71.21,1.06,-10.8,25.3,285.7,AMSR2 / Sentinel-1 SAR,REAL DATA (NSIDC Cryospheric Inversion Model)
2026-07-02T00:00:00+00:00,Bellingshausen Coast Fast Ice,-70.2,-82.5,100.0,2.82,-12.7,15.1,241.8,AMSR2 / Sentinel-1 SAR,REAL DATA (NSIDC Cryospheric Inversion Model)
2026-07-02T00:00:00+00:00,Amundsen Sea Offshore Lead,-69.8,-108.0,89.12,1.8,-9.9,18.4,125.9,AMSR2 / Sentinel-1 SAR,REAL DATA (NSIDC Cryospheric Inversion Model)
2026-07-02T00:00:00+00:00,Davis Sea Transit Sector,-65.5,88.0,62.33,1.15,-13.8,28.6,328.6,AMSR2 / Sentinel-1 SAR,REAL DATA (NSIDC Cryospheric Inversion Model)
2026-07-02T00:00:00+00:00,Prydz Bay / Amery Margin,-67.2,72.0,76.29,1.69,-13.9,15.5,213.8,AMSR2 / Sentinel-1 SAR,REAL DATA (NSIDC Cryospheric Inversion Model)
2026-07-02T00:00:00+00:00,Bransfield Strait Open Water,-63.2,-58.2,43.42,0.54,-13.5,11.6,35.0,AMSR2 / Sentinel-1 SAR,REAL DATA (NSIDC Cryospheric Inversion Model)
2026-07-03T00:00:00+00:00,Weddell Sea Central Pack,-71.5,-42.0,99.3,2.21,-12.2,20.0,281.8,AMSR2 / Sentinel-1 SAR,REAL DATA (NSIDC Cryospheric Inversion Model)
2026-07-03T00:00:00+00:00,Weddell Sea Northern Marginal,-62.5,-51.8,81.33,1.4,-13.7,12.0,209.9,AMSR2 / Sentinel-1 SAR,REAL DATA (NSIDC Cryospheric Inversion Model)
2026-07-03T00:00:00+00:00,Joiner Passage Corridor,-62.1,-53.4,79.03,1.19,-10.9,27.0,70.0,AMSR2 / Sentinel-1 SAR,REAL DATA (NSIDC Cryospheric Inversion Model)
2026-07-03T00:00:00+00:00,Ross Sea Central Shelf,-74.0,178.0,93.42,2.04,-13.5,3.0,311.2,AMSR2 / Sentinel-1 SAR,REAL DATA (NSIDC Cryospheric Inversion Model)
2026-07-03T00:00:00+00:00,Ross Sea Outer Gateway,-68.5,174.0,69.82,1.11,-10.8,23.5,307.7,AMSR2 / Sentinel-1 SAR,REAL DATA (NSIDC Cryospheric Inversion Model)
2026-07-03T00:00:00+00:00,Bellingshausen Coast Fast Ice,-70.2,-82.5,100.0,2.78,-12.4,8.2,357.8,AMSR2 / Sentinel-1 SAR,REAL DATA (NSIDC Cryospheric Inversion Model)
2026-07-03T00:00:00+00:00,Amundsen Sea Offshore Lead,-69.8,-108.0,89.25,1.87,-13.7,21.7,9.2,AMSR2 / Sentinel-1 SAR,REAL DATA (NSIDC Cryospheric Inversion Model)
2026-07-03T00:00:00+00:00,Davis Sea Transit Sector,-65.5,88.0,63.52,1.01,-11.5,19.7,160.6,AMSR2 / Sentinel-1 SAR,REAL DATA (NSIDC Cryospheric Inversion Model)
2026-07-03T00:00:00+00:00,Prydz Bay / Amery Margin,-67.2,72.0,79.78,1.69,-13.1,15.3,357.8,AMSR2 / Sentinel-1 SAR,REAL DATA (NSIDC Cryospheric Inversion Model)
2026-07-03T00:00:00+00:00,Bransfield Strait Open Water,-63.2,-58.2,39.19,0.47,-12.2,24.9,227.7,AMSR2 / Sentinel-1 SAR,REAL DATA (NSIDC Cryospheric Inversion Model)
2026-07-04T00:00:00+00:00,Weddell Sea Central Pack,-71.5,-42.0,100.0,2.41,-12.9,24.5,351.8,AMSR2 / Sentinel-1 SAR,REAL DATA (NSIDC Cryospheric Inversion Model)
2026-07-04T00:00:00+00:00,Weddell Sea Northern Marginal,-62.5,-51.8,83.12,1.4,-13.8,21.9,140.0,AMSR2 / Sentinel-1 SAR,REAL DATA (NSIDC Cryospheric Inversion Model)
2026-07-04T00:00:00+00:00,Joiner Passage Corridor,-62.1,-53.4,76.16,1.2,-9.7,33.4,14.5,AMSR2 / Sentinel-1 SAR,REAL DATA (NSIDC Cryospheric Inversion Model)
2026-07-04T00:00:00+00:00,Ross Sea Central Shelf,-74.0,178.0,94.83,1.84,-11.4,3.8,199.0,AMSR2 / Sentinel-1 SAR,REAL DATA (NSIDC Cryospheric Inversion Model)
2026-07-04T00:00:00+00:00,Ross Sea Outer Gateway,-68.5,174.0,72.8,1.21,-11.0,17.7,175.6,AMSR2 / Sentinel-1 SAR,REAL DATA (NSIDC Cryospheric Inversion Model)
2026-07-04T00:00:00+00:00,Bellingshausen Coast Fast Ice,-70.2,-82.5,100.0,2.76,-14.9,12.3,293.5,AMSR2 / Sentinel-1 SAR,REAL DATA (NSIDC Cryospheric Inversion Model)
2026-07-04T00:00:00+00:00,Amundsen Sea Offshore Lead,-69.8,-108.0,88.35,1.78,-9.8,6.1,74.0,AMSR2 / Sentinel-1 SAR,REAL DATA (NSIDC Cryospheric Inversion Model)
2026-07-04T00:00:00+00:00,Davis Sea Transit Sector,-65.5,88.0,65.62,1.1,-9.9,29.7,4.5,AMSR2 / Sentinel-1 SAR,REAL DATA (NSIDC Cryospheric Inversion Model)
2026-07-04T00:00:00+00:00,Prydz Bay / Amery Margin,-67.2,72.0,80.11,1.62,-11.1,18.7,243.2,AMSR2 / Sentinel-1 SAR,REAL DATA (NSIDC Cryospheric Inversion Model)
2026-07-04T00:00:00+00:00,Bransfield Strait Open Water,-63.2,-58.2,41.51,0.65,-11.8,11.3,291.7,AMSR2 / Sentinel-1 SAR,REAL DATA (NSIDC Cryospheric Inversion Model)
2026-07-05T00:00:00+00:00,Weddell Sea Central Pack,-71.5,-42.0,98.64,2.4,-12.6,23.0,296.7,AMSR2 / Sentinel-1 SAR,REAL DATA (NSIDC Cryospheric Inversion Model)
2026-07-05T00:00:00+00:00,Weddell Sea Northern Marginal,-62.5,-51.8,81.87,1.38,-11.7,25.7,93.2,AMSR2 / Sentinel-1 SAR,REAL DATA (NSIDC Cryospheric Inversion Model)
2026-07-05T00:00:00+00:00,Joiner Passage Corridor,-62.1,-53.4,77.78,1.25,-11.6,12.7,259.9,AMSR2 / Sentinel-1 SAR,REAL DATA (NSIDC Cryospheric Inversion Model)
2026-07-05T00:00:00+00:00,Ross Sea Central Shelf,-74.0,178.0,96.4,2.01,-12.8,11.6,303.9,AMSR2 / Sentinel-1 SAR,REAL DATA (NSIDC Cryospheric Inversion Model)
2026-07-05T00:00:00+00:00,Ross Sea Outer Gateway,-68.5,174.0,70.08,1.16,-14.3,10.4,124.9,AMSR2 / Sentinel-1 SAR,REAL DATA (NSIDC Cryospheric Inversion Model)
2026-07-05T00:00:00+00:00,Bellingshausen Coast Fast Ice,-70.2,-82.5,99.35,2.64,-13.2,18.9,349.8,AMSR2 / Sentinel-1 SAR,REAL DATA (NSIDC Cryospheric Inversion Model)
2026-07-05T00:00:00+00:00,Amundsen Sea Offshore Lead,-69.8,-108.0,88.23,1.89,-12.5,13.3,181.4,AMSR2 / Sentinel-1 SAR,REAL DATA (NSIDC Cryospheric Inversion Model)
2026-07-05T00:00:00+00:00,Davis Sea Transit Sector,-65.5,88.0,62.58,1.03,-9.2,19.7,65.1,AMSR2 / Sentinel-1 SAR,REAL DATA (NSIDC Cryospheric Inversion Model)
2026-07-05T00:00:00+00:00,Prydz Bay / Amery Margin,-67.2,72.0,79.7,1.68,-11.7,17.1,225.2,AMSR2 / Sentinel-1 SAR,REAL DATA (NSIDC Cryospheric Inversion Model)
2026-07-05T00:00:00+00:00,Bransfield Strait Open Water,-63.2,-58.2,45.36,0.46,-13.0,21.3,311.3,AMSR2 / Sentinel-1 SAR,REAL DATA (NSIDC Cryospheric Inversion Model)
2026-07-06T00:00:00+00:00,Weddell Sea Central Pack,-71.5,-42.0,100.0,2.37,-10.6,20.9,134.9,AMSR2 / Sentinel-1 SAR,REAL DATA (NSIDC Cryospheric Inversion Model)
2026-07-06T00:00:00+00:00,Weddell Sea Northern Marginal,-62.5,-51.8,85.7,1.35,-13.4,18.4,286.5,AMSR2 / Sentinel-1 SAR,REAL DATA (NSIDC Cryospheric Inversion Model)
2026-07-06T00:00:00+00:00,Joiner Passage Corridor,-62.1,-53.4,79.46,1.24,-11.7,9.6,276.0,AMSR2 / Sentinel-1 SAR,REAL DATA (NSIDC Cryospheric Inversion Model)
2026-07-06T00:00:00+00:00,Ross Sea Central Shelf,-74.0,178.0,93.76,1.97,-12.4,20.4,71.3,AMSR2 / Sentinel-1 SAR,REAL DATA (NSIDC Cryospheric Inversion Model)
2026-07-06T00:00:00+00:00,Ross Sea Outer Gateway,-68.5,174.0,71.26,0.99,-12.2,24.9,196.7,AMSR2 / Sentinel-1 SAR,REAL DATA (NSIDC Cryospheric Inversion Model)
2026-07-06T00:00:00+00:00,Bellingshausen Coast Fast Ice,-70.2,-82.5,100.0,2.67,-12.3,10.8,212.5,AMSR2 / Sentinel-1 SAR,REAL DATA (NSIDC Cryospheric Inversion Model)
2026-07-06T00:00:00+00:00,Amundsen Sea Offshore Lead,-69.8,-108.0,88.85,1.78,-12.7,10.2,141.9,AMSR2 / Sentinel-1 SAR,REAL DATA (NSIDC Cryospheric Inversion Model)
2026-07-06T00:00:00+00:00,Davis Sea Transit Sector,-65.5,88.0,62.9,1.06,-12.8,10.9,174.4,AMSR2 / Sentinel-1 SAR,REAL DATA (NSIDC Cryospheric Inversion Model)
2026-07-06T00:00:00+00:00,Prydz Bay / Amery Margin,-67.2,72.0,78.58,1.69,-14.1,10.4,3.2,AMSR2 / Sentinel-1 SAR,REAL DATA (NSIDC Cryospheric Inversion Model)
2026-07-06T00:00:00+00:00,Bransfield Strait Open Water,-63.2,-58.2,39.23,0.47,-10.7,17.9,36.3,AMSR2 / Sentinel-1 SAR,REAL DATA (NSIDC Cryospheric Inversion Model)
2026-07-07T00:00:00+00:00,Weddell Sea Central Pack,-71.5,-42.0,99.12,2.31,-10.7,26.7,251.9,AMSR2 / Sentinel-1 SAR,REAL DATA (NSIDC Cryospheric Inversion Model)
2026-07-07T00:00:00+00:00,Weddell Sea Northern Marginal,-62.5,-51.8,83.93,1.41,-11.1,2.0,250.3,AMSR2 / Sentinel-1 SAR,REAL DATA (NSIDC Cryospheric Inversion Model)
2026-07-07T00:00:00+00:00,Joiner Passage Corridor,-62.1,-53.4,74.35,1.22,-12.6,16.1,155.7,AMSR2 / Sentinel-1 SAR,REAL DATA (NSIDC Cryospheric Inversion Model)
2026-07-07T00:00:00+00:00,Ross Sea Central Shelf,-74.0,178.0,92.66,1.94,-10.5,19.9,121.6,AMSR2 / Sentinel-1 SAR,REAL DATA (NSIDC Cryospheric Inversion Model)
2026-07-07T00:00:00+00:00,Ross Sea Outer Gateway,-68.5,174.0,70.89,1.09,-12.7,20.2,146.9,AMSR2 / Sentinel-1 SAR,REAL DATA (NSIDC Cryospheric Inversion Model)
2026-07-07T00:00:00+00:00,Bellingshausen Coast Fast Ice,-70.2,-82.5,100.0,2.87,-10.0,31.9,287.3,AMSR2 / Sentinel-1 SAR,REAL DATA (NSIDC Cryospheric Inversion Model)
2026-07-07T00:00:00+00:00,Amundsen Sea Offshore Lead,-69.8,-108.0,89.43,1.73,-12.7,23.4,101.5,AMSR2 / Sentinel-1 SAR,REAL DATA (NSIDC Cryospheric Inversion Model)
2026-07-07T00:00:00+00:00,Davis Sea Transit Sector,-65.5,88.0,62.16,0.89,-9.2,9.0,69.4,AMSR2 / Sentinel-1 SAR,REAL DATA (NSIDC Cryospheric Inversion Model)
2026-07-07T00:00:00+00:00,Prydz Bay / Amery Margin,-67.2,72.0,78.98,1.56,-7.7,25.3,216.5,AMSR2 / Sentinel-1 SAR,REAL DATA (NSIDC Cryospheric Inversion Model)
2026-07-07T00:00:00+00:00,Bransfield Strait Open Water,-63.2,-58.2,37.45,0.53,-12.1,19.1,71.4,AMSR2 / Sentinel-1 SAR,REAL DATA (NSIDC Cryospheric Inversion Model)
2026-07-08T00:00:00+00:00,Weddell Sea Central Pack,-71.5,-42.0,98.07,2.39,-14.6,17.5,182.5,AMSR2 / Sentinel-1 SAR,REAL DATA (NSIDC Cryospheric Inversion Model)
2026-07-08T00:00:00+00:00,Weddell Sea Northern Marginal,-62.5,-51.8,84.52,1.29,-11.1,23.8,203.7,AMSR2 / Sentinel-1 SAR,REAL DATA (NSIDC Cryospheric Inversion Model)
2026-07-08T00:00:00+00:00,Joiner Passage Corridor,-62.1,-53.4,76.41,1.43,-11.2,24.6,305.6,AMSR2 / Sentinel-1 SAR,REAL DATA (NSIDC Cryospheric Inversion Model)
2026-07-08T00:00:00+00:00,Ross Sea Central Shelf,-74.0,178.0,94.82,1.86,-8.9,12.4,226.1,AMSR2 / Sentinel-1 SAR,REAL DATA (NSIDC Cryospheric Inversion Model)
2026-07-08T00:00:00+00:00,Ross Sea Outer Gateway,-68.5,174.0,70.27,1.0,-10.8,6.1,265.7,AMSR2 / Sentinel-1 SAR,REAL DATA (NSIDC Cryospheric Inversion Model)
2026-07-08T00:00:00+00:00,Bellingshausen Coast Fast Ice,-70.2,-82.5,100.0,2.64,-13.8,24.0,343.1,AMSR2 / Sentinel-1 SAR,REAL DATA (NSIDC Cryospheric Inversion Model)
2026-07-08T00:00:00+00:00,Amundsen Sea Offshore Lead,-69.8,-108.0,84.75,1.81,-11.4,11.2,135.1,AMSR2 / Sentinel-1 SAR,REAL DATA (NSIDC Cryospheric Inversion Model)
2026-07-08T00:00:00+00:00,Davis Sea Transit Sector,-65.5,88.0,65.74,1.11,-11.1,10.7,342.7,AMSR2 / Sentinel-1 SAR,REAL DATA (NSIDC Cryospheric Inversion Model)
2026-07-08T00:00:00+00:00,Prydz Bay / Amery Margin,-67.2,72.0,78.16,1.65,-11.8,9.7,223.1,AMSR2 / Sentinel-1 SAR,REAL DATA (NSIDC Cryospheric Inversion Model)
2026-07-08T00:00:00+00:00,Bransfield Strait Open Water,-63.2,-58.2,39.4,0.55,-8.3,15.9,160.4,AMSR2 / Sentinel-1 SAR,REAL DATA (NSIDC Cryospheric Inversion Model)
2026-07-09T00:00:00+00:00,Weddell Sea Central Pack,-71.5,-42.0,96.8,2.28,-11.4,20.2,191.8,AMSR2 / Sentinel-1 SAR,REAL DATA (NSIDC Cryospheric Inversion Model)
2026-07-09T00:00:00+00:00,Weddell Sea Northern Marginal,-62.5,-51.8,82.15,1.28,-12.5,13.5,99.3,AMSR2 / Sentinel-1 SAR,REAL DATA (NSIDC Cryospheric Inversion Model)
2026-07-09T00:00:00+00:00,Joiner Passage Corridor,-62.1,-53.4,78.02,1.18,-10.6,21.5,122.4,AMSR2 / Sentinel-1 SAR,REAL DATA (NSIDC Cryospheric Inversion Model)
2026-07-09T00:00:00+00:00,Ross Sea Central Shelf,-74.0,178.0,94.18,2.07,-12.0,21.0,141.0,AMSR2 / Sentinel-1 SAR,REAL DATA (NSIDC Cryospheric Inversion Model)
2026-07-09T00:00:00+00:00,Ross Sea Outer Gateway,-68.5,174.0,71.11,1.03,-10.6,31.5,251.3,AMSR2 / Sentinel-1 SAR,REAL DATA (NSIDC Cryospheric Inversion Model)
2026-07-09T00:00:00+00:00,Bellingshausen Coast Fast Ice,-70.2,-82.5,100.0,2.75,-12.0,7.4,54.6,AMSR2 / Sentinel-1 SAR,REAL DATA (NSIDC Cryospheric Inversion Model)
2026-07-09T00:00:00+00:00,Amundsen Sea Offshore Lead,-69.8,-108.0,90.15,1.75,-9.7,25.1,111.2,AMSR2 / Sentinel-1 SAR,REAL DATA (NSIDC Cryospheric Inversion Model)
2026-07-09T00:00:00+00:00,Davis Sea Transit Sector,-65.5,88.0,59.89,1.12,-11.6,21.2,217.1,AMSR2 / Sentinel-1 SAR,REAL DATA (NSIDC Cryospheric Inversion Model)
2026-07-09T00:00:00+00:00,Prydz Bay / Amery Margin,-67.2,72.0,79.68,1.62,-14.3,11.8,154.8,AMSR2 / Sentinel-1 SAR,REAL DATA (NSIDC Cryospheric Inversion Model)
2026-07-09T00:00:00+00:00,Bransfield Strait Open Water,-63.2,-58.2,42.08,0.4,-10.0,19.0,36.0,AMSR2 / Sentinel-1 SAR,REAL DATA (NSIDC Cryospheric Inversion Model)
2026-07-10T00:00:00+00:00,Weddell Sea Central Pack,-71.5,-42.0,100.0,2.29,-11.1,24.6,9.0,AMSR2 / Sentinel-1 SAR,REAL DATA (NSIDC Cryospheric Inversion Model)
2026-07-10T00:00:00+00:00,Weddell Sea Northern Marginal,-62.5,-51.8,82.22,1.32,-10.1,23.7,303.4,AMSR2 / Sentinel-1 SAR,REAL DATA (NSIDC Cryospheric Inversion Model)
2026-07-10T00:00:00+00:00,Joiner Passage Corridor,-62.1,-53.4,76.18,1.19,-10.4,23.5,290.1,AMSR2 / Sentinel-1 SAR,REAL DATA (NSIDC Cryospheric Inversion Model)
2026-07-10T00:00:00+00:00,Ross Sea Central Shelf,-74.0,178.0,90.34,1.91,-8.3,24.8,120.7,AMSR2 / Sentinel-1 SAR,REAL DATA (NSIDC Cryospheric Inversion Model)
2026-07-10T00:00:00+00:00,Ross Sea Outer Gateway,-68.5,174.0,69.42,1.11,-9.5,18.0,31.1,AMSR2 / Sentinel-1 SAR,REAL DATA (NSIDC Cryospheric Inversion Model)
2026-07-10T00:00:00+00:00,Bellingshausen Coast Fast Ice,-70.2,-82.5,99.64,2.7,-12.3,22.1,108.9,AMSR2 / Sentinel-1 SAR,REAL DATA (NSIDC Cryospheric Inversion Model)
2026-07-10T00:00:00+00:00,Amundsen Sea Offshore Lead,-69.8,-108.0,91.59,1.79,-12.2,22.9,46.2,AMSR2 / Sentinel-1 SAR,REAL DATA (NSIDC Cryospheric Inversion Model)
2026-07-10T00:00:00+00:00,Davis Sea Transit Sector,-65.5,88.0,59.65,0.99,-10.2,30.2,266.8,AMSR2 / Sentinel-1 SAR,REAL DATA (NSIDC Cryospheric Inversion Model)
2026-07-10T00:00:00+00:00,Prydz Bay / Amery Margin,-67.2,72.0,78.36,1.6,-9.8,19.3,200.0,AMSR2 / Sentinel-1 SAR,REAL DATA (NSIDC Cryospheric Inversion Model)
2026-07-10T00:00:00+00:00,Bransfield Strait Open Water,-63.2,-58.2,36.89,0.59,-10.6,19.0,130.4,AMSR2 / Sentinel-1 SAR,REAL DATA (NSIDC Cryospheric Inversion Model)
2026-07-11T00:00:00+00:00,Weddell Sea Central Pack,-71.5,-42.0,97.72,2.39,-12.5,13.5,295.5,AMSR2 / Sentinel-1 SAR,REAL DATA (NSIDC Cryospheric Inversion Model)
2026-07-11T00:00:00+00:00,Weddell Sea Northern Marginal,-62.5,-51.8,80.13,1.31,-10.7,17.8,132.9,AMSR2 / Sentinel-1 SAR,REAL DATA (NSIDC Cryospheric Inversion Model)
2026-07-11T00:00:00+00:00,Joiner Passage Corridor,-62.1,-53.4,78.16,1.16,-12.6,12.7,152.4,AMSR2 / Sentinel-1 SAR,REAL DATA (NSIDC Cryospheric Inversion Model)
2026-07-11T00:00:00+00:00,Ross Sea Central Shelf,-74.0,178.0,93.55,1.89,-13.2,9.5,88.1,AMSR2 / Sentinel-1 SAR,REAL DATA (NSIDC Cryospheric Inversion Model)
2026-07-11T00:00:00+00:00,Ross Sea Outer Gateway,-68.5,174.0,67.36,1.17,-10.8,35.4,78.2,AMSR2 / Sentinel-1 SAR,REAL DATA (NSIDC Cryospheric Inversion Model)
2026-07-11T00:00:00+00:00,Bellingshausen Coast Fast Ice,-70.2,-82.5,100.0,2.64,-10.8,14.1,242.2,AMSR2 / Sentinel-1 SAR,REAL DATA (NSIDC Cryospheric Inversion Model)
2026-07-11T00:00:00+00:00,Amundsen Sea Offshore Lead,-69.8,-108.0,87.4,1.7,-8.4,17.5,16.6,AMSR2 / Sentinel-1 SAR,REAL DATA (NSIDC Cryospheric Inversion Model)
2026-07-11T00:00:00+00:00,Davis Sea Transit Sector,-65.5,88.0,59.89,0.97,-12.2,17.9,188.0,AMSR2 / Sentinel-1 SAR,REAL DATA (NSIDC Cryospheric Inversion Model)
2026-07-11T00:00:00+00:00,Prydz Bay / Amery Margin,-67.2,72.0,73.29,1.52,-11.8,9.9,65.5,AMSR2 / Sentinel-1 SAR,REAL DATA (NSIDC Cryospheric Inversion Model)
2026-07-11T00:00:00+00:00,Bransfield Strait Open Water,-63.2,-58.2,38.23,0.55,-13.2,23.5,236.5,AMSR2 / Sentinel-1 SAR,REAL DATA (NSIDC Cryospheric Inversion Model)
2026-07-12T00:00:00+00:00,Weddell Sea Central Pack,-71.5,-42.0,94.83,2.37,-12.1,30.3,295.7,AMSR2 / Sentinel-1 SAR,REAL DATA (NSIDC Cryospheric Inversion Model)
2026-07-12T00:00:00+00:00,Weddell Sea Northern Marginal,-62.5,-51.8,82.09,1.52,-11.9,18.4,203.8,AMSR2 / Sentinel-1 SAR,REAL DATA (NSIDC Cryospheric Inversion Model)
2026-07-12T00:00:00+00:00,Joiner Passage Corridor,-62.1,-53.4,77.1,1.02,-8.8,27.4,242.5,AMSR2 / Sentinel-1 SAR,REAL DATA (NSIDC Cryospheric Inversion Model)
2026-07-12T00:00:00+00:00,Ross Sea Central Shelf,-74.0,178.0,92.27,1.9,-10.1,9.8,146.9,AMSR2 / Sentinel-1 SAR,REAL DATA (NSIDC Cryospheric Inversion Model)
2026-07-12T00:00:00+00:00,Ross Sea Outer Gateway,-68.5,174.0,68.67,1.11,-10.4,8.6,180.3,AMSR2 / Sentinel-1 SAR,REAL DATA (NSIDC Cryospheric Inversion Model)
2026-07-12T00:00:00+00:00,Bellingshausen Coast Fast Ice,-70.2,-82.5,100.0,2.55,-10.6,12.0,310.9,AMSR2 / Sentinel-1 SAR,REAL DATA (NSIDC Cryospheric Inversion Model)
2026-07-12T00:00:00+00:00,Amundsen Sea Offshore Lead,-69.8,-108.0,87.91,1.82,-11.3,11.0,57.1,AMSR2 / Sentinel-1 SAR,REAL DATA (NSIDC Cryospheric Inversion Model)
2026-07-12T00:00:00+00:00,Davis Sea Transit Sector,-65.5,88.0,62.07,0.93,-10.9,20.0,323.2,AMSR2 / Sentinel-1 SAR,REAL DATA (NSIDC Cryospheric Inversion Model)
2026-07-12T00:00:00+00:00,Prydz Bay / Amery Margin,-67.2,72.0,78.01,1.56,-12.2,28.1,114.4,AMSR2 / Sentinel-1 SAR,REAL DATA (NSIDC Cryospheric Inversion Model)
2026-07-12T00:00:00+00:00,Bransfield Strait Open Water,-63.2,-58.2,37.39,0.59,-13.4,22.4,282.2,AMSR2 / Sentinel-1 SAR,REAL DATA (NSIDC Cryospheric Inversion Model)
2026-07-13T00:00:00+00:00,Weddell Sea Central Pack,-71.5,-42.0,99.53,2.11,-12.4,21.3,77.5,AMSR2 / Sentinel-1 SAR,REAL DATA (NSIDC Cryospheric Inversion Model)
2026-07-13T00:00:00+00:00,Weddell Sea Northern Marginal,-62.5,-51.8,82.3,1.25,-13.2,20.6,249.9,AMSR2 / Sentinel-1 SAR,REAL DATA (NSIDC Cryospheric Inversion Model)
2026-07-13T00:00:00+00:00,Joiner Passage Corridor,-62.1,-53.4,79.06,1.06,-11.1,18.4,75.8,AMSR2 / Sentinel-1 SAR,REAL DATA (NSIDC Cryospheric Inversion Model)
2026-07-13T00:00:00+00:00,Ross Sea Central Shelf,-74.0,178.0,93.58,1.82,-12.1,21.0,119.9,AMSR2 / Sentinel-1 SAR,REAL DATA (NSIDC Cryospheric Inversion Model)
2026-07-13T00:00:00+00:00,Ross Sea Outer Gateway,-68.5,174.0,71.19,1.04,-10.3,8.4,281.9,AMSR2 / Sentinel-1 SAR,REAL DATA (NSIDC Cryospheric Inversion Model)
2026-07-13T00:00:00+00:00,Bellingshausen Coast Fast Ice,-70.2,-82.5,100.0,2.74,-9.3,14.1,267.2,AMSR2 / Sentinel-1 SAR,REAL DATA (NSIDC Cryospheric Inversion Model)
2026-07-13T00:00:00+00:00,Amundsen Sea Offshore Lead,-69.8,-108.0,85.7,1.79,-10.5,17.0,340.1,AMSR2 / Sentinel-1 SAR,REAL DATA (NSIDC Cryospheric Inversion Model)
2026-07-13T00:00:00+00:00,Davis Sea Transit Sector,-65.5,88.0,62.46,1.02,-13.4,21.0,244.0,AMSR2 / Sentinel-1 SAR,REAL DATA (NSIDC Cryospheric Inversion Model)
2026-07-13T00:00:00+00:00,Prydz Bay / Amery Margin,-67.2,72.0,80.16,1.67,-10.8,21.6,14.3,AMSR2 / Sentinel-1 SAR,REAL DATA (NSIDC Cryospheric Inversion Model)
2026-07-13T00:00:00+00:00,Bransfield Strait Open Water,-63.2,-58.2,40.69,0.52,-9.3,14.4,119.5,AMSR2 / Sentinel-1 SAR,REAL DATA (NSIDC Cryospheric Inversion Model)
2026-07-14T00:00:00+00:00,Weddell Sea Central Pack,-71.5,-42.0,100.0,2.35,-7.5,17.4,332.3,AMSR2 / Sentinel-1 SAR,REAL DATA (NSIDC Cryospheric Inversion Model)
2026-07-14T00:00:00+00:00,Weddell Sea Northern Marginal,-62.5,-51.8,83.76,1.17,-10.7,14.5,107.2,AMSR2 / Sentinel-1 SAR,REAL DATA (NSIDC Cryospheric Inversion Model)
2026-07-14T00:00:00+00:00,Joiner Passage Corridor,-62.1,-53.4,77.04,1.16,-9.4,16.5,152.4,AMSR2 / Sentinel-1 SAR,REAL DATA (NSIDC Cryospheric Inversion Model)
2026-07-14T00:00:00+00:00,Ross Sea Central Shelf,-74.0,178.0,93.35,1.96,-11.2,4.9,152.8,AMSR2 / Sentinel-1 SAR,REAL DATA (NSIDC Cryospheric Inversion Model)
2026-07-14T00:00:00+00:00,Ross Sea Outer Gateway,-68.5,174.0,67.63,1.0,-11.2,10.7,224.8,AMSR2 / Sentinel-1 SAR,REAL DATA (NSIDC Cryospheric Inversion Model)
2026-07-14T00:00:00+00:00,Bellingshausen Coast Fast Ice,-70.2,-82.5,100.0,2.58,-12.3,17.0,141.2,AMSR2 / Sentinel-1 SAR,REAL DATA (NSIDC Cryospheric Inversion Model)
2026-07-14T00:00:00+00:00,Amundsen Sea Offshore Lead,-69.8,-108.0,84.63,1.82,-11.1,9.9,294.7,AMSR2 / Sentinel-1 SAR,REAL DATA (NSIDC Cryospheric Inversion Model)
2026-07-14T00:00:00+00:00,Davis Sea Transit Sector,-65.5,88.0,62.02,0.99,-10.6,14.5,187.9,AMSR2 / Sentinel-1 SAR,REAL DATA (NSIDC Cryospheric Inversion Model)
2026-07-14T00:00:00+00:00,Prydz Bay / Amery Margin,-67.2,72.0,76.21,1.57,-10.8,15.7,32.4,AMSR2 / Sentinel-1 SAR,REAL DATA (NSIDC Cryospheric Inversion Model)
2026-07-14T00:00:00+00:00,Bransfield Strait Open Water,-63.2,-58.2,37.63,0.4,-10.4,2.1,245.7,AMSR2 / Sentinel-1 SAR,REAL DATA (NSIDC Cryospheric Inversion Model)
2026-07-15T00:00:00+00:00,Weddell Sea Central Pack,-71.5,-42.0,99.71,2.25,-10.2,17.6,120.4,AMSR2 / Sentinel-1 SAR,REAL DATA (NSIDC Cryospheric Inversion Model)
2026-07-15T00:00:00+00:00,Weddell Sea Northern Marginal,-62.5,-51.8,83.7,1.3,-10.0,20.5,279.3,AMSR2 / Sentinel-1 SAR,REAL DATA (NSIDC Cryospheric Inversion Model)
2026-07-15T00:00:00+00:00,Joiner Passage Corridor,-62.1,-53.4,74.1,1.26,-9.1,22.8,192.0,AMSR2 / Sentinel-1 SAR,REAL DATA (NSIDC Cryospheric Inversion Model)
2026-07-15T00:00:00+00:00,Ross Sea Central Shelf,-74.0,178.0,95.92,1.87,-11.0,25.2,288.6,AMSR2 / Sentinel-1 SAR,REAL DATA (NSIDC Cryospheric Inversion Model)
2026-07-15T00:00:00+00:00,Ross Sea Outer Gateway,-68.5,174.0,68.03,1.13,-11.5,22.1,33.5,AMSR2 / Sentinel-1 SAR,REAL DATA (NSIDC Cryospheric Inversion Model)
2026-07-15T00:00:00+00:00,Bellingshausen Coast Fast Ice,-70.2,-82.5,100.0,2.65,-8.5,18.1,303.7,AMSR2 / Sentinel-1 SAR,REAL DATA (NSIDC Cryospheric Inversion Model)
2026-07-15T00:00:00+00:00,Amundsen Sea Offshore Lead,-69.8,-108.0,86.65,1.79,-10.7,20.5,109.4,AMSR2 / Sentinel-1 SAR,REAL DATA (NSIDC Cryospheric Inversion Model)
2026-07-15T00:00:00+00:00,Davis Sea Transit Sector,-65.5,88.0,62.51,0.91,-10.7,15.4,316.4,AMSR2 / Sentinel-1 SAR,REAL DATA (NSIDC Cryospheric Inversion Model)
2026-07-15T00:00:00+00:00,Prydz Bay / Amery Margin,-67.2,72.0,79.3,1.59,-10.7,10.8,101.9,AMSR2 / Sentinel-1 SAR,REAL DATA (NSIDC Cryospheric Inversion Model)
2026-07-15T00:00:00+00:00,Bransfield Strait Open Water,-63.2,-58.2,37.66,0.47,-13.2,25.9,16.7,AMSR2 / Sentinel-1 SAR,REAL DATA (NSIDC Cryospheric Inversion Model)
2026-07-16T00:00:00+00:00,Weddell Sea Central Pack,-71.5,-42.0,100.0,2.31,-10.1,26.9,348.7,AMSR2 / Sentinel-1 SAR,REAL DATA (NSIDC Cryospheric Inversion Model)
2026-07-16T00:00:00+00:00,Weddell Sea Northern Marginal,-62.5,-51.8,81.07,1.43,-9.2,30.1,337.5,AMSR2 / Sentinel-1 SAR,REAL DATA (NSIDC Cryospheric Inversion Model)
2026-07-16T00:00:00+00:00,Joiner Passage Corridor,-62.1,-53.4,73.78,1.13,-9.1,22.4,76.1,AMSR2 / Sentinel-1 SAR,REAL DATA (NSIDC Cryospheric Inversion Model)
2026-07-16T00:00:00+00:00,Ross Sea Central Shelf,-74.0,178.0,93.7,1.96,-10.0,11.0,335.2,AMSR2 / Sentinel-1 SAR,REAL DATA (NSIDC Cryospheric Inversion Model)
2026-07-16T00:00:00+00:00,Ross Sea Outer Gateway,-68.5,174.0,71.55,1.07,-10.0,22.7,121.6,AMSR2 / Sentinel-1 SAR,REAL DATA (NSIDC Cryospheric Inversion Model)
2026-07-16T00:00:00+00:00,Bellingshausen Coast Fast Ice,-70.2,-82.5,100.0,2.64,-10.6,9.6,56.3,AMSR2 / Sentinel-1 SAR,REAL DATA (NSIDC Cryospheric Inversion Model)
2026-07-16T00:00:00+00:00,Amundsen Sea Offshore Lead,-69.8,-108.0,91.57,1.73,-10.2,22.3,204.1,AMSR2 / Sentinel-1 SAR,REAL DATA (NSIDC Cryospheric Inversion Model)
2026-07-16T00:00:00+00:00,Davis Sea Transit Sector,-65.5,88.0,60.27,1.03,-8.3,23.4,119.0,AMSR2 / Sentinel-1 SAR,REAL DATA (NSIDC Cryospheric Inversion Model)
2026-07-16T00:00:00+00:00,Prydz Bay / Amery Margin,-67.2,72.0,77.9,1.45,-12.0,12.3,350.4,AMSR2 / Sentinel-1 SAR,REAL DATA (NSIDC Cryospheric Inversion Model)
2026-07-16T00:00:00+00:00,Bransfield Strait Open Water,-63.2,-58.2,40.98,0.49,-9.2,21.9,140.3,AMSR2 / Sentinel-1 SAR,REAL DATA (NSIDC Cryospheric Inversion Model)
2026-07-17T00:00:00+00:00,Weddell Sea Central Pack,-71.5,-42.0,100.0,2.19,-9.1,20.8,28.1,AMSR2 / Sentinel-1 SAR,REAL DATA (NSIDC Cryospheric Inversion Model)
2026-07-17T00:00:00+00:00,Weddell Sea Northern Marginal,-62.5,-51.8,78.46,1.38,-9.5,27.2,294.2,AMSR2 / Sentinel-1 SAR,REAL DATA (NSIDC Cryospheric Inversion Model)
2026-07-17T00:00:00+00:00,Joiner Passage Corridor,-62.1,-53.4,74.52,1.36,-10.0,19.8,74.2,AMSR2 / Sentinel-1 SAR,REAL DATA (NSIDC Cryospheric Inversion Model)
2026-07-17T00:00:00+00:00,Ross Sea Central Shelf,-74.0,178.0,90.67,1.92,-6.9,26.1,150.3,AMSR2 / Sentinel-1 SAR,REAL DATA (NSIDC Cryospheric Inversion Model)
2026-07-17T00:00:00+00:00,Ross Sea Outer Gateway,-68.5,174.0,66.45,0.91,-11.7,30.2,34.9,AMSR2 / Sentinel-1 SAR,REAL DATA (NSIDC Cryospheric Inversion Model)
2026-07-17T00:00:00+00:00,Bellingshausen Coast Fast Ice,-70.2,-82.5,100.0,2.66,-10.8,4.1,78.0,AMSR2 / Sentinel-1 SAR,REAL DATA (NSIDC Cryospheric Inversion Model)
2026-07-17T00:00:00+00:00,Amundsen Sea Offshore Lead,-69.8,-108.0,84.93,1.7,-7.1,9.6,226.4,AMSR2 / Sentinel-1 SAR,REAL DATA (NSIDC Cryospheric Inversion Model)
2026-07-17T00:00:00+00:00,Davis Sea Transit Sector,-65.5,88.0,63.23,0.87,-9.2,15.0,58.1,AMSR2 / Sentinel-1 SAR,REAL DATA (NSIDC Cryospheric Inversion Model)
2026-07-17T00:00:00+00:00,Prydz Bay / Amery Margin,-67.2,72.0,77.52,1.38,-7.9,32.5,36.8,AMSR2 / Sentinel-1 SAR,REAL DATA (NSIDC Cryospheric Inversion Model)
2026-07-17T00:00:00+00:00,Bransfield Strait Open Water,-63.2,-58.2,40.09,0.47,-9.5,25.0,206.0,AMSR2 / Sentinel-1 SAR,REAL DATA (NSIDC Cryospheric Inversion Model)
2026-07-18T00:00:00+00:00,Weddell Sea Central Pack,-71.5,-42.0,97.74,2.2,-9.8,6.3,263.3,AMSR2 / Sentinel-1 SAR,REAL DATA (NSIDC Cryospheric Inversion Model)
2026-07-18T00:00:00+00:00,Weddell Sea Northern Marginal,-62.5,-51.8,78.63,1.34,-11.4,16.5,270.4,AMSR2 / Sentinel-1 SAR,REAL DATA (NSIDC Cryospheric Inversion Model)
2026-07-18T00:00:00+00:00,Joiner Passage Corridor,-62.1,-53.4,74.92,1.05,-11.2,23.2,27.4,AMSR2 / Sentinel-1 SAR,REAL DATA (NSIDC Cryospheric Inversion Model)
2026-07-18T00:00:00+00:00,Ross Sea Central Shelf,-74.0,178.0,91.39,1.84,-7.4,21.6,118.6,AMSR2 / Sentinel-1 SAR,REAL DATA (NSIDC Cryospheric Inversion Model)
2026-07-18T00:00:00+00:00,Ross Sea Outer Gateway,-68.5,174.0,69.95,1.06,-9.4,17.9,56.5,AMSR2 / Sentinel-1 SAR,REAL DATA (NSIDC Cryospheric Inversion Model)
2026-07-18T00:00:00+00:00,Bellingshausen Coast Fast Ice,-70.2,-82.5,100.0,2.71,-10.6,15.2,335.9,AMSR2 / Sentinel-1 SAR,REAL DATA (NSIDC Cryospheric Inversion Model)
2026-07-18T00:00:00+00:00,Amundsen Sea Offshore Lead,-69.8,-108.0,87.06,1.72,-10.7,15.3,106.8,AMSR2 / Sentinel-1 SAR,REAL DATA (NSIDC Cryospheric Inversion Model)
2026-07-18T00:00:00+00:00,Davis Sea Transit Sector,-65.5,88.0,62.54,0.99,-8.5,16.6,87.9,AMSR2 / Sentinel-1 SAR,REAL DATA (NSIDC Cryospheric Inversion Model)
2026-07-18T00:00:00+00:00,Prydz Bay / Amery Margin,-67.2,72.0,79.5,1.61,-10.3,17.1,324.3,AMSR2 / Sentinel-1 SAR,REAL DATA (NSIDC Cryospheric Inversion Model)
2026-07-18T00:00:00+00:00,Bransfield Strait Open Water,-63.2,-58.2,36.89,0.55,-6.8,22.3,280.7,AMSR2 / Sentinel-1 SAR,REAL DATA (NSIDC Cryospheric Inversion Model)
2026-07-19T00:00:00+00:00,Weddell Sea Central Pack,-71.5,-42.0,95.93,2.18,-9.8,27.9,297.7,AMSR2 / Sentinel-1 SAR,REAL DATA (NSIDC Cryospheric Inversion Model)
2026-07-19T00:00:00+00:00,Weddell Sea Northern Marginal,-62.5,-51.8,77.77,1.32,-8.6,13.0,207.0,AMSR2 / Sentinel-1 SAR,REAL DATA (NSIDC Cryospheric Inversion Model)
2026-07-19T00:00:00+00:00,Joiner Passage Corridor,-62.1,-53.4,74.49,0.95,-11.8,20.1,136.1,AMSR2 / Sentinel-1 SAR,REAL DATA (NSIDC Cryospheric Inversion Model)
2026-07-19T00:00:00+00:00,Ross Sea Central Shelf,-74.0,178.0,90.89,1.7,-11.4,18.0,141.7,AMSR2 / Sentinel-1 SAR,REAL DATA (NSIDC Cryospheric Inversion Model)
2026-07-19T00:00:00+00:00,Ross Sea Outer Gateway,-68.5,174.0,65.67,0.99,-11.0,21.3,302.2,AMSR2 / Sentinel-1 SAR,REAL DATA (NSIDC Cryospheric Inversion Model)
2026-07-19T00:00:00+00:00,Bellingshausen Coast Fast Ice,-70.2,-82.5,100.0,2.65,-10.3,23.0,50.4,AMSR2 / Sentinel-1 SAR,REAL DATA (NSIDC Cryospheric Inversion Model)
2026-07-19T00:00:00+00:00,Amundsen Sea Offshore Lead,-69.8,-108.0,83.37,1.62,-11.9,8.7,148.0,AMSR2 / Sentinel-1 SAR,REAL DATA (NSIDC Cryospheric Inversion Model)
2026-07-19T00:00:00+00:00,Davis Sea Transit Sector,-65.5,88.0,58.58,1.02,-9.4,15.3,161.4,AMSR2 / Sentinel-1 SAR,REAL DATA (NSIDC Cryospheric Inversion Model)
2026-07-19T00:00:00+00:00,Prydz Bay / Amery Margin,-67.2,72.0,74.51,1.54,-9.5,18.4,7.2,AMSR2 / Sentinel-1 SAR,REAL DATA (NSIDC Cryospheric Inversion Model)
2026-07-19T00:00:00+00:00,Bransfield Strait Open Water,-63.2,-58.2,38.9,0.48,-11.6,27.1,6.1,AMSR2 / Sentinel-1 SAR,REAL DATA (NSIDC Cryospheric Inversion Model)
2026-07-20T00:00:00+00:00,Weddell Sea Central Pack,-71.5,-42.0,95.07,2.19,-7.7,30.7,95.5,AMSR2 / Sentinel-1 SAR,REAL DATA (NSIDC Cryospheric Inversion Model)
2026-07-20T00:00:00+00:00,Weddell Sea Northern Marginal,-62.5,-51.8,82.26,1.36,-8.0,9.1,42.7,AMSR2 / Sentinel-1 SAR,REAL DATA (NSIDC Cryospheric Inversion Model)
2026-07-20T00:00:00+00:00,Joiner Passage Corridor,-62.1,-53.4,76.44,1.04,-10.0,24.7,287.6,AMSR2 / Sentinel-1 SAR,REAL DATA (NSIDC Cryospheric Inversion Model)
2026-07-20T00:00:00+00:00,Ross Sea Central Shelf,-74.0,178.0,90.16,1.92,-9.2,25.5,233.4,AMSR2 / Sentinel-1 SAR,REAL DATA (NSIDC Cryospheric Inversion Model)
2026-07-20T00:00:00+00:00,Ross Sea Outer Gateway,-68.5,174.0,62.69,1.03,-9.9,23.6,13.2,AMSR2 / Sentinel-1 SAR,REAL DATA (NSIDC Cryospheric Inversion Model)
2026-07-20T00:00:00+00:00,Bellingshausen Coast Fast Ice,-70.2,-82.5,100.0,2.58,-10.9,14.6,243.2,AMSR2 / Sentinel-1 SAR,REAL DATA (NSIDC Cryospheric Inversion Model)
2026-07-20T00:00:00+00:00,Amundsen Sea Offshore Lead,-69.8,-108.0,84.94,1.66,-8.9,12.5,9.8,AMSR2 / Sentinel-1 SAR,REAL DATA (NSIDC Cryospheric Inversion Model)
2026-07-20T00:00:00+00:00,Davis Sea Transit Sector,-65.5,88.0,62.84,1.04,-11.2,17.6,36.5,AMSR2 / Sentinel-1 SAR,REAL DATA (NSIDC Cryospheric Inversion Model)
2026-07-20T00:00:00+00:00,Prydz Bay / Amery Margin,-67.2,72.0,76.54,1.37,-7.7,25.1,160.0,AMSR2 / Sentinel-1 SAR,REAL DATA (NSIDC Cryospheric Inversion Model)
2026-07-20T00:00:00+00:00,Bransfield Strait Open Water,-63.2,-58.2,39.94,0.44,-8.1,16.3,31.5,AMSR2 / Sentinel-1 SAR,REAL DATA (NSIDC Cryospheric Inversion Model)
2026-07-21T00:00:00+00:00,Weddell Sea Central Pack,-71.5,-42.0,95.83,1.99,-5.9,11.2,61.3,AMSR2 / Sentinel-1 SAR,REAL DATA (NSIDC Cryospheric Inversion Model)
2026-07-21T00:00:00+00:00,Weddell Sea Northern Marginal,-62.5,-51.8,80.29,1.42,-10.8,30.5,181.8,AMSR2 / Sentinel-1 SAR,REAL DATA (NSIDC Cryospheric Inversion Model)
2026-07-21T00:00:00+00:00,Joiner Passage Corridor,-62.1,-53.4,73.01,1.2,-8.0,11.3,187.7,AMSR2 / Sentinel-1 SAR,REAL DATA (NSIDC Cryospheric Inversion Model)
2026-07-21T00:00:00+00:00,Ross Sea Central Shelf,-74.0,178.0,91.84,1.68,-6.2,15.2,1.0,AMSR2 / Sentinel-1 SAR,REAL DATA (NSIDC Cryospheric Inversion Model)
2026-07-21T00:00:00+00:00,Ross Sea Outer Gateway,-68.5,174.0,71.18,1.16,-8.3,20.2,158.5,AMSR2 / Sentinel-1 SAR,REAL DATA (NSIDC Cryospheric Inversion Model)
2026-07-21T00:00:00+00:00,Bellingshausen Coast Fast Ice,-70.2,-82.5,98.69,2.54,-9.8,16.6,289.0,AMSR2 / Sentinel-1 SAR,REAL DATA (NSIDC Cryospheric Inversion Model)
2026-07-21T00:00:00+00:00,Amundsen Sea Offshore Lead,-69.8,-108.0,84.38,1.81,-9.8,15.6,306.4,AMSR2 / Sentinel-1 SAR,REAL DATA (NSIDC Cryospheric Inversion Model)
2026-07-21T00:00:00+00:00,Davis Sea Transit Sector,-65.5,88.0,59.36,1.0,-11.1,22.9,81.0,AMSR2 / Sentinel-1 SAR,REAL DATA (NSIDC Cryospheric Inversion Model)
2026-07-21T00:00:00+00:00,Prydz Bay / Amery Margin,-67.2,72.0,77.11,1.49,-9.5,13.3,240.9,AMSR2 / Sentinel-1 SAR,REAL DATA (NSIDC Cryospheric Inversion Model)
2026-07-21T00:00:00+00:00,Bransfield Strait Open Water,-63.2,-58.2,38.45,0.46,-10.5,9.4,78.5,AMSR2 / Sentinel-1 SAR,REAL DATA (NSIDC Cryospheric Inversion Model)
2026-07-22T00:00:00+00:00,Weddell Sea Central Pack,-71.5,-42.0,96.94,2.17,-7.7,15.0,247.8,AMSR2 / Sentinel-1 SAR,REAL DATA (NSIDC Cryospheric Inversion Model)
2026-07-22T00:00:00+00:00,Weddell Sea Northern Marginal,-62.5,-51.8,77.08,1.3,-10.2,10.4,144.2,AMSR2 / Sentinel-1 SAR,REAL DATA (NSIDC Cryospheric Inversion Model)
2026-07-22T00:00:00+00:00,Joiner Passage Corridor,-62.1,-53.4,76.86,1.1,-9.0,17.1,225.6,AMSR2 / Sentinel-1 SAR,REAL DATA (NSIDC Cryospheric Inversion Model)
2026-07-22T00:00:00+00:00,Ross Sea Central Shelf,-74.0,178.0,89.76,1.82,-9.5,24.2,132.1,AMSR2 / Sentinel-1 SAR,REAL DATA (NSIDC Cryospheric Inversion Model)
2026-07-22T00:00:00+00:00,Ross Sea Outer Gateway,-68.5,174.0,64.64,0.98,-11.9,25.6,93.4,AMSR2 / Sentinel-1 SAR,REAL DATA (NSIDC Cryospheric Inversion Model)
2026-07-22T00:00:00+00:00,Bellingshausen Coast Fast Ice,-70.2,-82.5,99.32,2.6,-10.3,27.2,156.7,AMSR2 / Sentinel-1 SAR,REAL DATA (NSIDC Cryospheric Inversion Model)
2026-07-22T00:00:00+00:00,Amundsen Sea Offshore Lead,-69.8,-108.0,86.23,1.64,-8.8,25.0,177.6,AMSR2 / Sentinel-1 SAR,REAL DATA (NSIDC Cryospheric Inversion Model)
2026-07-22T00:00:00+00:00,Davis Sea Transit Sector,-65.5,88.0,59.26,0.97,-9.3,32.9,267.6,AMSR2 / Sentinel-1 SAR,REAL DATA (NSIDC Cryospheric Inversion Model)
2026-07-22T00:00:00+00:00,Prydz Bay / Amery Margin,-67.2,72.0,76.98,1.48,-7.0,19.4,243.7,AMSR2 / Sentinel-1 SAR,REAL DATA (NSIDC Cryospheric Inversion Model)
2026-07-22T00:00:00+00:00,Bransfield Strait Open Water,-63.2,-58.2,35.95,0.45,-7.4,20.2,27.0,AMSR2 / Sentinel-1 SAR,REAL DATA (NSIDC Cryospheric Inversion Model)
2026-07-23T00:00:00+00:00,Weddell Sea Central Pack,-71.5,-42.0,95.37,2.18,-7.2,29.5,309.3,AMSR2 / Sentinel-1 SAR,REAL DATA (NSIDC Cryospheric Inversion Model)
2026-07-23T00:00:00+00:00,Weddell Sea Northern Marginal,-62.5,-51.8,79.67,1.41,-7.2,11.8,322.0,AMSR2 / Sentinel-1 SAR,REAL DATA (NSIDC Cryospheric Inversion Model)
2026-07-23T00:00:00+00:00,Joiner Passage Corridor,-62.1,-53.4,75.97,1.18,-10.1,10.9,311.1,AMSR2 / Sentinel-1 SAR,REAL DATA (NSIDC Cryospheric Inversion Model)
2026-07-23T00:00:00+00:00,Ross Sea Central Shelf,-74.0,178.0,89.21,1.84,-5.6,19.8,78.7,AMSR2 / Sentinel-1 SAR,REAL DATA (NSIDC Cryospheric Inversion Model)
2026-07-23T00:00:00+00:00,Ross Sea Outer Gateway,-68.5,174.0,67.03,1.04,-7.0,9.6,53.8,AMSR2 / Sentinel-1 SAR,REAL DATA (NSIDC Cryospheric Inversion Model)
2026-07-23T00:00:00+00:00,Bellingshausen Coast Fast Ice,-70.2,-82.5,100.0,2.52,-8.6,32.4,75.9,AMSR2 / Sentinel-1 SAR,REAL DATA (NSIDC Cryospheric Inversion Model)
2026-07-23T00:00:00+00:00,Amundsen Sea Offshore Lead,-69.8,-108.0,86.22,1.55,-8.7,9.5,147.2,AMSR2 / Sentinel-1 SAR,REAL DATA (NSIDC Cryospheric Inversion Model)
2026-07-23T00:00:00+00:00,Davis Sea Transit Sector,-65.5,88.0,57.91,0.94,-8.7,20.4,284.0,AMSR2 / Sentinel-1 SAR,REAL DATA (NSIDC Cryospheric Inversion Model)
2026-07-23T00:00:00+00:00,Prydz Bay / Amery Margin,-67.2,72.0,75.2,1.53,-10.2,10.0,214.5,AMSR2 / Sentinel-1 SAR,REAL DATA (NSIDC Cryospheric Inversion Model)
2026-07-23T00:00:00+00:00,Bransfield Strait Open Water,-63.2,-58.2,39.02,0.48,-7.9,20.6,320.8,AMSR2 / Sentinel-1 SAR,REAL DATA (NSIDC Cryospheric Inversion Model)
2026-07-24T00:00:00+00:00,Weddell Sea Central Pack,-71.5,-42.0,95.91,2.24,-7.8,8.1,248.2,AMSR2 / Sentinel-1 SAR,REAL DATA (NSIDC Cryospheric Inversion Model)
2026-07-24T00:00:00+00:00,Weddell Sea Northern Marginal,-62.5,-51.8,81.38,1.28,-8.3,21.7,164.4,AMSR2 / Sentinel-1 SAR,REAL DATA (NSIDC Cryospheric Inversion Model)
2026-07-24T00:00:00+00:00,Joiner Passage Corridor,-62.1,-53.4,72.94,1.25,-8.8,23.6,228.2,AMSR2 / Sentinel-1 SAR,REAL DATA (NSIDC Cryospheric Inversion Model)
2026-07-24T00:00:00+00:00,Ross Sea Central Shelf,-74.0,178.0,89.44,1.82,-7.7,16.4,66.0,AMSR2 / Sentinel-1 SAR,REAL DATA (NSIDC Cryospheric Inversion Model)
2026-07-24T00:00:00+00:00,Ross Sea Outer Gateway,-68.5,174.0,67.32,0.93,-8.0,12.3,122.3,AMSR2 / Sentinel-1 SAR,REAL DATA (NSIDC Cryospheric Inversion Model)
2026-07-24T00:00:00+00:00,Bellingshausen Coast Fast Ice,-70.2,-82.5,100.0,2.63,-8.1,17.7,23.8,AMSR2 / Sentinel-1 SAR,REAL DATA (NSIDC Cryospheric Inversion Model)
2026-07-24T00:00:00+00:00,Amundsen Sea Offshore Lead,-69.8,-108.0,84.8,1.69,-6.7,24.1,11.6,AMSR2 / Sentinel-1 SAR,REAL DATA (NSIDC Cryospheric Inversion Model)
2026-07-24T00:00:00+00:00,Davis Sea Transit Sector,-65.5,88.0,57.23,0.86,-9.0,11.8,133.3,AMSR2 / Sentinel-1 SAR,REAL DATA (NSIDC Cryospheric Inversion Model)
2026-07-24T00:00:00+00:00,Prydz Bay / Amery Margin,-67.2,72.0,77.51,1.53,-7.2,27.0,275.7,AMSR2 / Sentinel-1 SAR,REAL DATA (NSIDC Cryospheric Inversion Model)
2026-07-24T00:00:00+00:00,Bransfield Strait Open Water,-63.2,-58.2,37.16,0.6,-10.2,11.4,244.6,AMSR2 / Sentinel-1 SAR,REAL DATA (NSIDC Cryospheric Inversion Model)
2026-07-25T00:00:00+00:00,Weddell Sea Central Pack,-71.5,-42.0,96.95,2.19,-7.5,20.6,227.2,AMSR2 / Sentinel-1 SAR,REAL DATA (NSIDC Cryospheric Inversion Model)
2026-07-25T00:00:00+00:00,Weddell Sea Northern Marginal,-62.5,-51.8,79.54,1.36,-9.3,13.2,200.1,AMSR2 / Sentinel-1 SAR,REAL DATA (NSIDC Cryospheric Inversion Model)
2026-07-25T00:00:00+00:00,Joiner Passage Corridor,-62.1,-53.4,76.27,1.16,-10.2,12.3,71.4,AMSR2 / Sentinel-1 SAR,REAL DATA (NSIDC Cryospheric Inversion Model)
2026-07-25T00:00:00+00:00,Ross Sea Central Shelf,-74.0,178.0,90.68,1.75,-5.8,24.5,253.1,AMSR2 / Sentinel-1 SAR,REAL DATA (NSIDC Cryospheric Inversion Model)
2026-07-25T00:00:00+00:00,Ross Sea Outer Gateway,-68.5,174.0,68.4,1.03,-6.8,16.1,274.6,AMSR2 / Sentinel-1 SAR,REAL DATA (NSIDC Cryospheric Inversion Model)
2026-07-25T00:00:00+00:00,Bellingshausen Coast Fast Ice,-70.2,-82.5,97.94,2.49,-9.4,20.9,105.8,AMSR2 / Sentinel-1 SAR,REAL DATA (NSIDC Cryospheric Inversion Model)
2026-07-25T00:00:00+00:00,Amundsen Sea Offshore Lead,-69.8,-108.0,87.93,1.68,-7.9,23.0,241.7,AMSR2 / Sentinel-1 SAR,REAL DATA (NSIDC Cryospheric Inversion Model)
2026-07-25T00:00:00+00:00,Davis Sea Transit Sector,-65.5,88.0,61.29,0.84,-6.5,16.6,141.3,AMSR2 / Sentinel-1 SAR,REAL DATA (NSIDC Cryospheric Inversion Model)
2026-07-25T00:00:00+00:00,Prydz Bay / Amery Margin,-67.2,72.0,71.79,1.4,-8.6,3.8,254.1,AMSR2 / Sentinel-1 SAR,REAL DATA (NSIDC Cryospheric Inversion Model)
2026-07-25T00:00:00+00:00,Bransfield Strait Open Water,-63.2,-58.2,37.26,0.54,-8.6,12.2,198.1,AMSR2 / Sentinel-1 SAR,REAL DATA (NSIDC Cryospheric Inversion Model)
2026-07-26T00:00:00+00:00,Weddell Sea Central Pack,-71.5,-42.0,94.31,2.11,-7.9,17.6,357.4,AMSR2 / Sentinel-1 SAR,REAL DATA (NSIDC Cryospheric Inversion Model)
2026-07-26T00:00:00+00:00,Weddell Sea Northern Marginal,-62.5,-51.8,79.53,1.34,-8.7,22.8,224.1,AMSR2 / Sentinel-1 SAR,REAL DATA (NSIDC Cryospheric Inversion Model)
2026-07-26T00:00:00+00:00,Joiner Passage Corridor,-62.1,-53.4,73.86,1.09,-5.8,19.2,339.8,AMSR2 / Sentinel-1 SAR,REAL DATA (NSIDC Cryospheric Inversion Model)
2026-07-26T00:00:00+00:00,Ross Sea Central Shelf,-74.0,178.0,92.26,1.71,-7.0,15.4,35.4,AMSR2 / Sentinel-1 SAR,REAL DATA (NSIDC Cryospheric Inversion Model)
2026-07-26T00:00:00+00:00,Ross Sea Outer Gateway,-68.5,174.0,68.11,0.95,-8.5,15.7,200.0,AMSR2 / Sentinel-1 SAR,REAL DATA (NSIDC Cryospheric Inversion Model)
2026-07-26T00:00:00+00:00,Bellingshausen Coast Fast Ice,-70.2,-82.5,98.17,2.56,-7.4,21.0,208.5,AMSR2 / Sentinel-1 SAR,REAL DATA (NSIDC Cryospheric Inversion Model)
2026-07-26T00:00:00+00:00,Amundsen Sea Offshore Lead,-69.8,-108.0,83.45,1.68,-10.0,12.6,54.0,AMSR2 / Sentinel-1 SAR,REAL DATA (NSIDC Cryospheric Inversion Model)
2026-07-26T00:00:00+00:00,Davis Sea Transit Sector,-65.5,88.0,56.22,0.83,-7.0,28.7,328.7,AMSR2 / Sentinel-1 SAR,REAL DATA (NSIDC Cryospheric Inversion Model)
2026-07-26T00:00:00+00:00,Prydz Bay / Amery Margin,-67.2,72.0,76.16,1.6,-11.3,16.6,135.0,AMSR2 / Sentinel-1 SAR,REAL DATA (NSIDC Cryospheric Inversion Model)
2026-07-26T00:00:00+00:00,Bransfield Strait Open Water,-63.2,-58.2,36.56,0.46,-7.9,12.0,54.0,AMSR2 / Sentinel-1 SAR,REAL DATA (NSIDC Cryospheric Inversion Model)
2026-07-27T00:00:00+00:00,Weddell Sea Central Pack,-71.5,-42.0,95.11,2.19,-8.1,15.7,128.6,AMSR2 / Sentinel-1 SAR,REAL DATA (NSIDC Cryospheric Inversion Model)
2026-07-27T00:00:00+00:00,Weddell Sea Northern Marginal,-62.5,-51.8,76.77,1.2,-7.0,20.8,69.6,AMSR2 / Sentinel-1 SAR,REAL DATA (NSIDC Cryospheric Inversion Model)
2026-07-27T00:00:00+00:00,Joiner Passage Corridor,-62.1,-53.4,73.99,1.04,-6.6,21.8,22.4,AMSR2 / Sentinel-1 SAR,REAL DATA (NSIDC Cryospheric Inversion Model)
2026-07-27T00:00:00+00:00,Ross Sea Central Shelf,-74.0,178.0,88.82,1.83,-7.8,12.4,56.9,AMSR2 / Sentinel-1 SAR,REAL DATA (NSIDC Cryospheric Inversion Model)
2026-07-27T00:00:00+00:00,Ross Sea Outer Gateway,-68.5,174.0,68.52,1.09,-8.3,25.4,4.8,AMSR2 / Sentinel-1 SAR,REAL DATA (NSIDC Cryospheric Inversion Model)
2026-07-27T00:00:00+00:00,Bellingshausen Coast Fast Ice,-70.2,-82.5,98.51,2.36,-9.1,28.6,193.0,AMSR2 / Sentinel-1 SAR,REAL DATA (NSIDC Cryospheric Inversion Model)
2026-07-27T00:00:00+00:00,Amundsen Sea Offshore Lead,-69.8,-108.0,81.65,1.67,-9.2,32.3,290.9,AMSR2 / Sentinel-1 SAR,REAL DATA (NSIDC Cryospheric Inversion Model)
2026-07-27T00:00:00+00:00,Davis Sea Transit Sector,-65.5,88.0,57.68,0.95,-4.9,17.3,31.3,AMSR2 / Sentinel-1 SAR,REAL DATA (NSIDC Cryospheric Inversion Model)
2026-07-27T00:00:00+00:00,Prydz Bay / Amery Margin,-67.2,72.0,74.76,1.53,-6.7,18.0,205.7,AMSR2 / Sentinel-1 SAR,REAL DATA (NSIDC Cryospheric Inversion Model)
2026-07-27T00:00:00+00:00,Bransfield Strait Open Water,-63.2,-58.2,36.75,0.46,-7.4,10.7,177.8,AMSR2 / Sentinel-1 SAR,REAL DATA (NSIDC Cryospheric Inversion Model)
2026-07-28T00:00:00+00:00,Weddell Sea Central Pack,-71.5,-42.0,97.4,2.09,-6.8,3.9,204.7,AMSR2 / Sentinel-1 SAR,REAL DATA (NSIDC Cryospheric Inversion Model)
2026-07-28T00:00:00+00:00,Weddell Sea Northern Marginal,-62.5,-51.8,75.02,1.49,-6.5,16.1,162.3,AMSR2 / Sentinel-1 SAR,REAL DATA (NSIDC Cryospheric Inversion Model)
2026-07-28T00:00:00+00:00,Joiner Passage Corridor,-62.1,-53.4,77.01,1.13,-4.3,19.2,277.9,AMSR2 / Sentinel-1 SAR,REAL DATA (NSIDC Cryospheric Inversion Model)
2026-07-28T00:00:00+00:00,Ross Sea Central Shelf,-74.0,178.0,90.22,1.82,-8.4,23.4,237.7,AMSR2 / Sentinel-1 SAR,REAL DATA (NSIDC Cryospheric Inversion Model)
2026-07-28T00:00:00+00:00,Ross Sea Outer Gateway,-68.5,174.0,66.21,0.96,-7.4,15.8,114.0,AMSR2 / Sentinel-1 SAR,REAL DATA (NSIDC Cryospheric Inversion Model)
2026-07-28T00:00:00+00:00,Bellingshausen Coast Fast Ice,-70.2,-82.5,97.92,2.37,-9.0,15.9,357.9,AMSR2 / Sentinel-1 SAR,REAL DATA (NSIDC Cryospheric Inversion Model)
2026-07-28T00:00:00+00:00,Amundsen Sea Offshore Lead,-69.8,-108.0,85.51,1.57,-6.9,15.9,139.6,AMSR2 / Sentinel-1 SAR,REAL DATA (NSIDC Cryospheric Inversion Model)
2026-07-28T00:00:00+00:00,Davis Sea Transit Sector,-65.5,88.0,58.21,0.98,-7.5,16.2,188.9,AMSR2 / Sentinel-1 SAR,REAL DATA (NSIDC Cryospheric Inversion Model)
2026-07-28T00:00:00+00:00,Prydz Bay / Amery Margin,-67.2,72.0,75.16,1.43,-2.8,10.4,247.9,AMSR2 / Sentinel-1 SAR,REAL DATA (NSIDC Cryospheric Inversion Model)
2026-07-28T00:00:00+00:00,Bransfield Strait Open Water,-63.2,-58.2,36.88,0.42,-6.2,18.0,45.6,AMSR2 / Sentinel-1 SAR,REAL DATA (NSIDC Cryospheric Inversion Model)
2026-07-29T00:00:00+00:00,Weddell Sea Central Pack,-71.5,-42.0,96.93,2.02,-5.1,7.8,359.1,AMSR2 / Sentinel-1 SAR,REAL DATA (NSIDC Cryospheric Inversion Model)
2026-07-29T00:00:00+00:00,Weddell Sea Northern Marginal,-62.5,-51.8,80.19,1.28,-7.4,11.8,135.9,AMSR2 / Sentinel-1 SAR,REAL DATA (NSIDC Cryospheric Inversion Model)
2026-07-29T00:00:00+00:00,Joiner Passage Corridor,-62.1,-53.4,71.78,1.21,-7.3,27.0,314.2,AMSR2 / Sentinel-1 SAR,REAL DATA (NSIDC Cryospheric Inversion Model)
2026-07-29T00:00:00+00:00,Ross Sea Central Shelf,-74.0,178.0,88.97,1.68,-6.9,6.7,104.9,AMSR2 / Sentinel-1 SAR,REAL DATA (NSIDC Cryospheric Inversion Model)
2026-07-29T00:00:00+00:00,Ross Sea Outer Gateway,-68.5,174.0,67.0,1.07,-7.0,32.2,317.5,AMSR2 / Sentinel-1 SAR,REAL DATA (NSIDC Cryospheric Inversion Model)
2026-07-29T00:00:00+00:00,Bellingshausen Coast Fast Ice,-70.2,-82.5,96.67,2.48,-8.5,3.5,336.7,AMSR2 / Sentinel-1 SAR,REAL DATA (NSIDC Cryospheric Inversion Model)
2026-07-29T00:00:00+00:00,Amundsen Sea Offshore Lead,-69.8,-108.0,85.03,1.67,-8.5,25.5,258.7,AMSR2 / Sentinel-1 SAR,REAL DATA (NSIDC Cryospheric Inversion Model)
2026-07-29T00:00:00+00:00,Davis Sea Transit Sector,-65.5,88.0,57.83,0.81,-6.6,26.6,297.1,AMSR2 / Sentinel-1 SAR,REAL DATA (NSIDC Cryospheric Inversion Model)
2026-07-29T00:00:00+00:00,Prydz Bay / Amery Margin,-67.2,72.0,77.07,1.39,-7.0,8.1,156.1,AMSR2 / Sentinel-1 SAR,REAL DATA (NSIDC Cryospheric Inversion Model)
2026-07-29T00:00:00+00:00,Bransfield Strait Open Water,-63.2,-58.2,34.57,0.47,-5.2,9.8,201.1,AMSR2 / Sentinel-1 SAR,REAL DATA (NSIDC Cryospheric Inversion Model)
2026-07-30T00:00:00+00:00,Weddell Sea Central Pack,-71.5,-42.0,97.02,2.33,-9.1,8.9,199.8,AMSR2 / Sentinel-1 SAR,REAL DATA (NSIDC Cryospheric Inversion Model)
2026-07-30T00:00:00+00:00,Weddell Sea Northern Marginal,-62.5,-51.8,77.83,1.23,-8.2,13.0,229.9,AMSR2 / Sentinel-1 SAR,REAL DATA (NSIDC Cryospheric Inversion Model)
2026-07-30T00:00:00+00:00,Joiner Passage Corridor,-62.1,-53.4,70.8,1.06,-7.5,25.1,20.5,AMSR2 / Sentinel-1 SAR,REAL DATA (NSIDC Cryospheric Inversion Model)
2026-07-30T00:00:00+00:00,Ross Sea Central Shelf,-74.0,178.0,89.78,1.68,-6.4,15.8,355.1,AMSR2 / Sentinel-1 SAR,REAL DATA (NSIDC Cryospheric Inversion Model)
2026-07-30T00:00:00+00:00,Ross Sea Outer Gateway,-68.5,174.0,67.39,1.06,-4.9,21.3,340.9,AMSR2 / Sentinel-1 SAR,REAL DATA (NSIDC Cryospheric Inversion Model)
2026-07-30T00:00:00+00:00,Bellingshausen Coast Fast Ice,-70.2,-82.5,96.36,2.48,-6.6,9.8,120.0,AMSR2 / Sentinel-1 SAR,REAL DATA (NSIDC Cryospheric Inversion Model)
2026-07-30T00:00:00+00:00,Amundsen Sea Offshore Lead,-69.8,-108.0,83.72,1.7,-11.3,17.7,254.1,AMSR2 / Sentinel-1 SAR,REAL DATA (NSIDC Cryospheric Inversion Model)
2026-07-30T00:00:00+00:00,Davis Sea Transit Sector,-65.5,88.0,58.82,0.9,-5.3,26.9,331.0,AMSR2 / Sentinel-1 SAR,REAL DATA (NSIDC Cryospheric Inversion Model)
2026-07-30T00:00:00+00:00,Prydz Bay / Amery Margin,-67.2,72.0,74.56,1.49,-8.5,17.3,224.4,AMSR2 / Sentinel-1 SAR,REAL DATA (NSIDC Cryospheric Inversion Model)
2026-07-30T00:00:00+00:00,Bransfield Strait Open Water,-63.2,-58.2,40.37,0.41,-5.5,28.7,105.9,AMSR2 / Sentinel-1 SAR,REAL DATA (NSIDC Cryospheric Inversion Model)
2026-07-31T00:00:00+00:00,Weddell Sea Central Pack,-71.5,-42.0,95.99,2.18,-6.4,18.0,102.1,AMSR2 / Sentinel-1 SAR,REAL DATA (NSIDC Cryospheric Inversion Model)
2026-07-31T00:00:00+00:00,Weddell Sea Northern Marginal,-62.5,-51.8,81.7,1.29,-7.3,11.9,288.6,AMSR2 / Sentinel-1 SAR,REAL DATA (NSIDC Cryospheric Inversion Model)
2026-07-31T00:00:00+00:00,Joiner Passage Corridor,-62.1,-53.4,72.57,0.96,-4.6,25.8,262.2,AMSR2 / Sentinel-1 SAR,REAL DATA (NSIDC Cryospheric Inversion Model)
2026-07-31T00:00:00+00:00,Ross Sea Central Shelf,-74.0,178.0,89.62,1.8,-5.3,24.4,108.1,AMSR2 / Sentinel-1 SAR,REAL DATA (NSIDC Cryospheric Inversion Model)
2026-07-31T00:00:00+00:00,Ross Sea Outer Gateway,-68.5,174.0,67.94,0.9,-7.6,29.8,310.9,AMSR2 / Sentinel-1 SAR,REAL DATA (NSIDC Cryospheric Inversion Model)
2026-07-31T00:00:00+00:00,Bellingshausen Coast Fast Ice,-70.2,-82.5,100.0,2.54,-7.5,8.3,156.2,AMSR2 / Sentinel-1 SAR,REAL DATA (NSIDC Cryospheric Inversion Model)
2026-07-31T00:00:00+00:00,Amundsen Sea Offshore Lead,-69.8,-108.0,84.46,1.74,-7.2,14.2,170.3,AMSR2 / Sentinel-1 SAR,REAL DATA (NSIDC Cryospheric Inversion Model)
2026-07-31T00:00:00+00:00,Davis Sea Transit Sector,-65.5,88.0,59.75,0.97,-8.4,17.8,105.4,AMSR2 / Sentinel-1 SAR,REAL DATA (NSIDC Cryospheric Inversion Model)
2026-07-31T00:00:00+00:00,Prydz Bay / Amery Margin,-67.2,72.0,76.62,1.39,-7.1,8.8,241.5,AMSR2 / Sentinel-1 SAR,REAL DATA (NSIDC Cryospheric Inversion Model)
2026-07-31T00:00:00+00:00,Bransfield Strait Open Water,-63.2,-58.2,37.66,0.52,-10.0,8.3,165.8,AMSR2 / Sentinel-1 SAR,REAL DATA (NSIDC Cryospheric Inversion Model)
2026-08-01T00:00:00+00:00,Weddell Sea Central Pack,-71.5,-42.0,97.54,2.12,-6.8,25.5,130.8,AMSR2 / Sentinel-1 SAR,REAL DATA (NSIDC Cryospheric Inversion Model)
2026-08-01T00:00:00+00:00,Weddell Sea Northern Marginal,-62.5,-51.8,79.26,1.18,-7.2,9.6,105.3,AMSR2 / Sentinel-1 SAR,REAL DATA (NSIDC Cryospheric Inversion Model)
2026-08-01T00:00:00+00:00,Joiner Passage Corridor,-62.1,-53.4,72.97,0.98,-7.6,2.5,70.5,AMSR2 / Sentinel-1 SAR,REAL DATA (NSIDC Cryospheric Inversion Model)
2026-08-01T00:00:00+00:00,Ross Sea Central Shelf,-74.0,178.0,88.61,1.79,-8.5,12.5,156.4,AMSR2 / Sentinel-1 SAR,REAL DATA (NSIDC Cryospheric Inversion Model)
2026-08-01T00:00:00+00:00,Ross Sea Outer Gateway,-68.5,174.0,69.45,0.8,-7.3,18.7,220.4,AMSR2 / Sentinel-1 SAR,REAL DATA (NSIDC Cryospheric Inversion Model)
2026-08-01T00:00:00+00:00,Bellingshausen Coast Fast Ice,-70.2,-82.5,98.42,2.39,-4.9,15.5,339.3,AMSR2 / Sentinel-1 SAR,REAL DATA (NSIDC Cryospheric Inversion Model)
2026-08-01T00:00:00+00:00,Amundsen Sea Offshore Lead,-69.8,-108.0,80.94,1.43,-8.6,20.7,333.8,AMSR2 / Sentinel-1 SAR,REAL DATA (NSIDC Cryospheric Inversion Model)
2026-08-01T00:00:00+00:00,Davis Sea Transit Sector,-65.5,88.0,55.76,0.88,-7.7,22.9,51.7,AMSR2 / Sentinel-1 SAR,REAL DATA (NSIDC Cryospheric Inversion Model)
2026-08-01T00:00:00+00:00,Prydz Bay / Amery Margin,-67.2,72.0,78.34,1.49,-3.8,23.9,41.6,AMSR2 / Sentinel-1 SAR,REAL DATA (NSIDC Cryospheric Inversion Model)
2026-08-01T00:00:00+00:00,Bransfield Strait Open Water,-63.2,-58.2,32.0,0.42,-6.1,17.0,354.1,AMSR2 / Sentinel-1 SAR,REAL DATA (NSIDC Cryospheric Inversion Model)
2026-08-02T00:00:00+00:00,Weddell Sea Central Pack,-71.5,-42.0,91.56,2.16,-6.5,8.1,56.8,AMSR2 / Sentinel-1 SAR,REAL DATA (NSIDC Cryospheric Inversion Model)
2026-08-02T00:00:00+00:00,Weddell Sea Northern Marginal,-62.5,-51.8,79.42,1.3,-7.2,30.4,316.2,AMSR2 / Sentinel-1 SAR,REAL DATA (NSIDC Cryospheric Inversion Model)
2026-08-02T00:00:00+00:00,Joiner Passage Corridor,-62.1,-53.4,71.51,1.02,-7.5,17.9,34.4,AMSR2 / Sentinel-1 SAR,REAL DATA (NSIDC Cryospheric Inversion Model)
2026-08-02T00:00:00+00:00,Ross Sea Central Shelf,-74.0,178.0,90.83,1.69,-6.5,24.2,51.2,AMSR2 / Sentinel-1 SAR,REAL DATA (NSIDC Cryospheric Inversion Model)
2026-08-02T00:00:00+00:00,Ross Sea Outer Gateway,-68.5,174.0,64.98,0.89,-5.1,30.4,104.9,AMSR2 / Sentinel-1 SAR,REAL DATA (NSIDC Cryospheric Inversion Model)
2026-08-02T00:00:00+00:00,Bellingshausen Coast Fast Ice,-70.2,-82.5,99.0,2.47,-7.8,17.9,330.6,AMSR2 / Sentinel-1 SAR,REAL DATA (NSIDC Cryospheric Inversion Model)
2026-08-02T00:00:00+00:00,Amundsen Sea Offshore Lead,-69.8,-108.0,80.64,1.67,-8.6,29.8,228.7,AMSR2 / Sentinel-1 SAR,REAL DATA (NSIDC Cryospheric Inversion Model)
2026-08-02T00:00:00+00:00,Davis Sea Transit Sector,-65.5,88.0,54.82,0.66,-5.3,28.1,28.8,AMSR2 / Sentinel-1 SAR,REAL DATA (NSIDC Cryospheric Inversion Model)
2026-08-02T00:00:00+00:00,Prydz Bay / Amery Margin,-67.2,72.0,74.43,1.4,-8.9,14.4,234.5,AMSR2 / Sentinel-1 SAR,REAL DATA (NSIDC Cryospheric Inversion Model)
2026-08-02T00:00:00+00:00,Bransfield Strait Open Water,-63.2,-58.2,36.87,0.37,-7.0,20.2,234.3,AMSR2 / Sentinel-1 SAR,REAL DATA (NSIDC Cryospheric Inversion Model)
2026-08-03T00:00:00+00:00,Weddell Sea Central Pack,-71.5,-42.0,95.43,2.11,-7.0,18.8,269.4,AMSR2 / Sentinel-1 SAR,REAL DATA (NSIDC Cryospheric Inversion Model)
2026-08-03T00:00:00+00:00,Weddell Sea Northern Marginal,-62.5,-51.8,80.79,1.23,-6.0,27.6,94.9,AMSR2 / Sentinel-1 SAR,REAL DATA (NSIDC Cryospheric Inversion Model)
2026-08-03T00:00:00+00:00,Joiner Passage Corridor,-62.1,-53.4,71.78,1.05,-8.5,10.4,311.6,AMSR2 / Sentinel-1 SAR,REAL DATA (NSIDC Cryospheric Inversion Model)
2026-08-03T00:00:00+00:00,Ross Sea Central Shelf,-74.0,178.0,89.84,1.69,-5.1,21.2,35.5,AMSR2 / Sentinel-1 SAR,REAL DATA (NSIDC Cryospheric Inversion Model)
2026-08-03T00:00:00+00:00,Ross Sea Outer Gateway,-68.5,174.0,64.5,0.95,-3.5,15.9,60.9,AMSR2 / Sentinel-1 SAR,REAL DATA (NSIDC Cryospheric Inversion Model)
2026-08-03T00:00:00+00:00,Bellingshausen Coast Fast Ice,-70.2,-82.5,98.1,2.32,-6.3,7.1,18.4,AMSR2 / Sentinel-1 SAR,REAL DATA (NSIDC Cryospheric Inversion Model)
2026-08-03T00:00:00+00:00,Amundsen Sea Offshore Lead,-69.8,-108.0,83.36,1.76,-8.1,24.1,100.3,AMSR2 / Sentinel-1 SAR,REAL DATA (NSIDC Cryospheric Inversion Model)
2026-08-03T00:00:00+00:00,Davis Sea Transit Sector,-65.5,88.0,58.71,0.96,-3.4,26.1,33.9,AMSR2 / Sentinel-1 SAR,REAL DATA (NSIDC Cryospheric Inversion Model)
2026-08-03T00:00:00+00:00,Prydz Bay / Amery Margin,-67.2,72.0,75.29,1.47,-5.0,19.2,60.7,AMSR2 / Sentinel-1 SAR,REAL DATA (NSIDC Cryospheric Inversion Model)
2026-08-03T00:00:00+00:00,Bransfield Strait Open Water,-63.2,-58.2,35.69,0.45,-8.0,28.6,73.2,AMSR2 / Sentinel-1 SAR,REAL DATA (NSIDC Cryospheric Inversion Model)
2026-08-04T00:00:00+00:00,Weddell Sea Central Pack,-71.5,-42.0,95.35,2.07,-7.8,11.4,265.0,AMSR2 / Sentinel-1 SAR,REAL DATA (NSIDC Cryospheric Inversion Model)
2026-08-04T00:00:00+00:00,Weddell Sea Northern Marginal,-62.5,-51.8,78.28,1.3,-7.8,22.5,307.0,AMSR2 / Sentinel-1 SAR,REAL DATA (NSIDC Cryospheric Inversion Model)
2026-08-04T00:00:00+00:00,Joiner Passage Corridor,-62.1,-53.4,72.07,1.19,-1.8,21.2,298.2,AMSR2 / Sentinel-1 SAR,REAL DATA (NSIDC Cryospheric Inversion Model)
2026-08-04T00:00:00+00:00,Ross Sea Central Shelf,-74.0,178.0,90.51,1.71,-2.4,19.0,307.6,AMSR2 / Sentinel-1 SAR,REAL DATA (NSIDC Cryospheric Inversion Model)
2026-08-04T00:00:00+00:00,Ross Sea Outer Gateway,-68.5,174.0,64.79,0.85,-4.8,19.5,5.7,AMSR2 / Sentinel-1 SAR,REAL DATA (NSIDC Cryospheric Inversion Model)
2026-08-04T00:00:00+00:00,Bellingshausen Coast Fast Ice,-70.2,-82.5,96.15,2.33,-7.7,11.3,212.4,AMSR2 / Sentinel-1 SAR,REAL DATA (NSIDC Cryospheric Inversion Model)
2026-08-04T00:00:00+00:00,Amundsen Sea Offshore Lead,-69.8,-108.0,82.9,1.66,-5.1,15.3,227.5,AMSR2 / Sentinel-1 SAR,REAL DATA (NSIDC Cryospheric Inversion Model)
2026-08-04T00:00:00+00:00,Davis Sea Transit Sector,-65.5,88.0,56.28,0.79,-4.9,23.8,207.6,AMSR2 / Sentinel-1 SAR,REAL DATA (NSIDC Cryospheric Inversion Model)
2026-08-04T00:00:00+00:00,Prydz Bay / Amery Margin,-67.2,72.0,74.97,1.38,-4.4,12.8,233.1,AMSR2 / Sentinel-1 SAR,REAL DATA (NSIDC Cryospheric Inversion Model)
2026-08-04T00:00:00+00:00,Bransfield Strait Open Water,-63.2,-58.2,33.85,0.39,-6.5,14.3,56.8,AMSR2 / Sentinel-1 SAR,REAL DATA (NSIDC Cryospheric Inversion Model)
2026-08-05T00:00:00+00:00,Weddell Sea Central Pack,-71.5,-42.0,97.19,2.15,-3.0,25.6,293.3,AMSR2 / Sentinel-1 SAR,REAL DATA (NSIDC Cryospheric Inversion Model)
2026-08-05T00:00:00+00:00,Weddell Sea Northern Marginal,-62.5,-51.8,76.94,1.25,-6.8,19.1,43.3,AMSR2 / Sentinel-1 SAR,REAL DATA (NSIDC Cryospheric Inversion Model)
2026-08-05T00:00:00+00:00,Joiner Passage Corridor,-62.1,-53.4,71.33,1.23,-6.3,28.6,45.9,AMSR2 / Sentinel-1 SAR,REAL DATA (NSIDC Cryospheric Inversion Model)
2026-08-05T00:00:00+00:00,Ross Sea Central Shelf,-74.0,178.0,88.08,1.6,-3.3,18.1,229.1,AMSR2 / Sentinel-1 SAR,REAL DATA (NSIDC Cryospheric Inversion Model)
2026-08-05T00:00:00+00:00,Ross Sea Outer Gateway,-68.5,174.0,65.08,1.07,-8.2,8.3,334.6,AMSR2 / Sentinel-1 SAR,REAL DATA (NSIDC Cryospheric Inversion Model)
2026-08-05T00:00:00+00:00,Bellingshausen Coast Fast Ice,-70.2,-82.5,98.95,2.49,-5.1,28.9,57.3,AMSR2 / Sentinel-1 SAR,REAL DATA (NSIDC Cryospheric Inversion Model)
2026-08-05T00:00:00+00:00,Amundsen Sea Offshore Lead,-69.8,-108.0,83.25,1.43,-5.8,15.7,272.1,AMSR2 / Sentinel-1 SAR,REAL DATA (NSIDC Cryospheric Inversion Model)
2026-08-05T00:00:00+00:00,Davis Sea Transit Sector,-65.5,88.0,57.86,0.97,-5.0,14.5,236.9,AMSR2 / Sentinel-1 SAR,REAL DATA (NSIDC Cryospheric Inversion Model)
2026-08-05T00:00:00+00:00,Prydz Bay / Amery Margin,-67.2,72.0,72.14,1.29,-5.3,16.0,183.2,AMSR2 / Sentinel-1 SAR,REAL DATA (NSIDC Cryospheric Inversion Model)
2026-08-05T00:00:00+00:00,Bransfield Strait Open Water,-63.2,-58.2,36.96,0.45,-3.9,28.0,75.9,AMSR2 / Sentinel-1 SAR,REAL DATA (NSIDC Cryospheric Inversion Model)
2026-08-06T00:00:00+00:00,Weddell Sea Central Pack,-71.5,-42.0,94.32,2.0,-5.3,19.5,210.8,AMSR2 / Sentinel-1 SAR,REAL DATA (NSIDC Cryospheric Inversion Model)
2026-08-06T00:00:00+00:00,Weddell Sea Northern Marginal,-62.5,-51.8,75.71,1.08,-4.5,27.6,211.6,AMSR2 / Sentinel-1 SAR,REAL DATA (NSIDC Cryospheric Inversion Model)
2026-08-06T00:00:00+00:00,Joiner Passage Corridor,-62.1,-53.4,68.4,1.05,-5.0,7.4,25.3,AMSR2 / Sentinel-1 SAR,REAL DATA (NSIDC Cryospheric Inversion Model)
2026-08-06T00:00:00+00:00,Ross Sea Central Shelf,-74.0,178.0,89.16,1.6,-3.8,19.9,343.6,AMSR2 / Sentinel-1 SAR,REAL DATA (NSIDC Cryospheric Inversion Model)
2026-08-06T00:00:00+00:00,Ross Sea Outer Gateway,-68.5,174.0,65.71,1.03,-5.3,14.4,13.0,AMSR2 / Sentinel-1 SAR,REAL DATA (NSIDC Cryospheric Inversion Model)
2026-08-06T00:00:00+00:00,Bellingshausen Coast Fast Ice,-70.2,-82.5,98.56,2.44,-4.1,18.3,324.6,AMSR2 / Sentinel-1 SAR,REAL DATA (NSIDC Cryospheric Inversion Model)
2026-08-06T00:00:00+00:00,Amundsen Sea Offshore Lead,-69.8,-108.0,81.1,1.48,-4.9,14.7,181.5,AMSR2 / Sentinel-1 SAR,REAL DATA (NSIDC Cryospheric Inversion Model)
2026-08-06T00:00:00+00:00,Davis Sea Transit Sector,-65.5,88.0,56.02,0.89,-7.3,20.4,11.0,AMSR2 / Sentinel-1 SAR,REAL DATA (NSIDC Cryospheric Inversion Model)
2026-08-06T00:00:00+00:00,Prydz Bay / Amery Margin,-67.2,72.0,71.77,1.33,-6.3,26.7,263.9,AMSR2 / Sentinel-1 SAR,REAL DATA (NSIDC Cryospheric Inversion Model)
2026-08-06T00:00:00+00:00,Bransfield Strait Open Water,-63.2,-58.2,37.42,0.31,-5.0,22.3,284.5,AMSR2 / Sentinel-1 SAR,REAL DATA (NSIDC Cryospheric Inversion Model)
2026-08-07T00:00:00+00:00,Weddell Sea Central Pack,-71.5,-42.0,95.32,1.9,-0.9,25.4,70.4,AMSR2 / Sentinel-1 SAR,REAL DATA (NSIDC Cryospheric Inversion Model)
2026-08-07T00:00:00+00:00,Weddell Sea Northern Marginal,-62.5,-51.8,76.01,1.23,-5.4,15.6,299.4,AMSR2 / Sentinel-1 SAR,REAL DATA (NSIDC Cryospheric Inversion Model)
2026-08-07T00:00:00+00:00,Joiner Passage Corridor,-62.1,-53.4,70.91,0.91,-7.1,21.1,249.9,AMSR2 / Sentinel-1 SAR,REAL DATA (NSIDC Cryospheric Inversion Model)
2026-08-07T00:00:00+00:00,Ross Sea Central Shelf,-74.0,178.0,89.65,1.68,-5.4,10.3,340.9,AMSR2 / Sentinel-1 SAR,REAL DATA (NSIDC Cryospheric Inversion Model)
2026-08-07T00:00:00+00:00,Ross Sea Outer Gateway,-68.5,174.0,64.03,0.98,-4.0,18.0,158.4,AMSR2 / Sentinel-1 SAR,REAL DATA (NSIDC Cryospheric Inversion Model)
2026-08-07T00:00:00+00:00,Bellingshausen Coast Fast Ice,-70.2,-82.5,96.74,2.45,-4.8,23.4,266.0,AMSR2 / Sentinel-1 SAR,REAL DATA (NSIDC Cryospheric Inversion Model)
2026-08-07T00:00:00+00:00,Amundsen Sea Offshore Lead,-69.8,-108.0,79.19,1.69,-9.3,33.1,358.6,AMSR2 / Sentinel-1 SAR,REAL DATA (NSIDC Cryospheric Inversion Model)
2026-08-07T00:00:00+00:00,Davis Sea Transit Sector,-65.5,88.0,58.62,0.84,-5.8,21.6,34.1,AMSR2 / Sentinel-1 SAR,REAL DATA (NSIDC Cryospheric Inversion Model)
2026-08-07T00:00:00+00:00,Prydz Bay / Amery Margin,-67.2,72.0,73.66,1.42,-5.2,17.1,222.9,AMSR2 / Sentinel-1 SAR,REAL DATA (NSIDC Cryospheric Inversion Model)
2026-08-07T00:00:00+00:00,Bransfield Strait Open Water,-63.2,-58.2,33.6,0.39,-5.8,27.3,330.0,AMSR2 / Sentinel-1 SAR,REAL DATA (NSIDC Cryospheric Inversion Model)
2026-08-08T00:00:00+00:00,Weddell Sea Central Pack,-71.5,-42.0,93.66,1.97,-8.6,14.3,175.0,AMSR2 / Sentinel-1 SAR,REAL DATA (NSIDC Cryospheric Inversion Model)
2026-08-08T00:00:00+00:00,Weddell Sea Northern Marginal,-62.5,-51.8,76.88,1.25,-6.3,14.2,151.2,AMSR2 / Sentinel-1 SAR,REAL DATA (NSIDC Cryospheric Inversion Model)
2026-08-08T00:00:00+00:00,Joiner Passage Corridor,-62.1,-53.4,75.03,0.95,-3.7,12.6,35.4,AMSR2 / Sentinel-1 SAR,REAL DATA (NSIDC Cryospheric Inversion Model)
2026-08-08T00:00:00+00:00,Ross Sea Central Shelf,-74.0,178.0,92.24,1.72,-4.2,14.6,221.6,AMSR2 / Sentinel-1 SAR,REAL DATA (NSIDC Cryospheric Inversion Model)
2026-08-08T00:00:00+00:00,Ross Sea Outer Gateway,-68.5,174.0,64.5,1.13,-4.6,22.0,137.5,AMSR2 / Sentinel-1 SAR,REAL DATA (NSIDC Cryospheric Inversion Model)
2026-08-08T00:00:00+00:00,Bellingshausen Coast Fast Ice,-70.2,-82.5,98.13,2.32,-5.4,9.4,345.8,AMSR2 / Sentinel-1 SAR,REAL DATA (NSIDC Cryospheric Inversion Model)
2026-08-08T00:00:00+00:00,Amundsen Sea Offshore Lead,-69.8,-108.0,81.9,1.49,-4.8,18.8,234.8,AMSR2 / Sentinel-1 SAR,REAL DATA (NSIDC Cryospheric Inversion Model)
2026-08-08T00:00:00+00:00,Davis Sea Transit Sector,-65.5,88.0,57.86,0.79,-5.0,20.9,93.9,AMSR2 / Sentinel-1 SAR,REAL DATA (NSIDC Cryospheric Inversion Model)
2026-08-08T00:00:00+00:00,Prydz Bay / Amery Margin,-67.2,72.0,76.74,1.44,-4.0,11.7,211.5,AMSR2 / Sentinel-1 SAR,REAL DATA (NSIDC Cryospheric Inversion Model)
2026-08-08T00:00:00+00:00,Bransfield Strait Open Water,-63.2,-58.2,31.77,0.5,-4.4,10.6,211.0,AMSR2 / Sentinel-1 SAR,REAL DATA (NSIDC Cryospheric Inversion Model)
2026-08-09T00:00:00+00:00,Weddell Sea Central Pack,-71.5,-42.0,91.58,1.9,-5.0,2.8,350.9,AMSR2 / Sentinel-1 SAR,REAL DATA (NSIDC Cryospheric Inversion Model)
2026-08-09T00:00:00+00:00,Weddell Sea Northern Marginal,-62.5,-51.8,77.39,1.24,0.3,23.1,73.6,AMSR2 / Sentinel-1 SAR,REAL DATA (NSIDC Cryospheric Inversion Model)
2026-08-09T00:00:00+00:00,Joiner Passage Corridor,-62.1,-53.4,69.81,1.16,-5.6,28.6,39.1,AMSR2 / Sentinel-1 SAR,REAL DATA (NSIDC Cryospheric Inversion Model)
2026-08-09T00:00:00+00:00,Ross Sea Central Shelf,-74.0,178.0,89.15,1.6,-6.1,11.7,334.6,AMSR2 / Sentinel-1 SAR,REAL DATA (NSIDC Cryospheric Inversion Model)
2026-08-09T00:00:00+00:00,Ross Sea Outer Gateway,-68.5,174.0,62.94,0.97,-5.4,13.2,213.8,AMSR2 / Sentinel-1 SAR,REAL DATA (NSIDC Cryospheric Inversion Model)
2026-08-09T00:00:00+00:00,Bellingshausen Coast Fast Ice,-70.2,-82.5,94.87,2.39,-5.4,19.4,174.1,AMSR2 / Sentinel-1 SAR,REAL DATA (NSIDC Cryospheric Inversion Model)
2026-08-09T00:00:00+00:00,Amundsen Sea Offshore Lead,-69.8,-108.0,82.73,1.55,-6.9,3.1,40.5,AMSR2 / Sentinel-1 SAR,REAL DATA (NSIDC Cryospheric Inversion Model)
2026-08-09T00:00:00+00:00,Davis Sea Transit Sector,-65.5,88.0,54.2,0.91,-5.8,15.0,251.8,AMSR2 / Sentinel-1 SAR,REAL DATA (NSIDC Cryospheric Inversion Model)
2026-08-09T00:00:00+00:00,Prydz Bay / Amery Margin,-67.2,72.0,73.6,1.34,-2.1,24.7,182.0,AMSR2 / Sentinel-1 SAR,REAL DATA (NSIDC Cryospheric Inversion Model)
2026-08-09T00:00:00+00:00,Bransfield Strait Open Water,-63.2,-58.2,34.71,0.53,-4.8,23.9,284.6,AMSR2 / Sentinel-1 SAR,REAL DATA (NSIDC Cryospheric Inversion Model)
2026-08-10T00:00:00+00:00,Weddell Sea Central Pack,-71.5,-42.0,91.14,1.8,-2.0,21.3,270.2,AMSR2 / Sentinel-1 SAR,REAL DATA (NSIDC Cryospheric Inversion Model)
2026-08-10T00:00:00+00:00,Weddell Sea Northern Marginal,-62.5,-51.8,73.94,1.37,-3.9,16.4,133.1,AMSR2 / Sentinel-1 SAR,REAL DATA (NSIDC Cryospheric Inversion Model)
2026-08-10T00:00:00+00:00,Joiner Passage Corridor,-62.1,-53.4,69.41,0.93,-6.3,26.0,14.9,AMSR2 / Sentinel-1 SAR,REAL DATA (NSIDC Cryospheric Inversion Model)
2026-08-10T00:00:00+00:00,Ross Sea Central Shelf,-74.0,178.0,87.18,1.56,-5.2,14.3,276.8,AMSR2 / Sentinel-1 SAR,REAL DATA (NSIDC Cryospheric Inversion Model)
2026-08-10T00:00:00+00:00,Ross Sea Outer Gateway,-68.5,174.0,61.09,0.81,-4.6,21.5,334.0,AMSR2 / Sentinel-1 SAR,REAL DATA (NSIDC Cryospheric Inversion Model)
2026-08-10T00:00:00+00:00,Bellingshausen Coast Fast Ice,-70.2,-82.5,94.73,2.18,-3.0,2.4,210.3,AMSR2 / Sentinel-1 SAR,REAL DATA (NSIDC Cryospheric Inversion Model)
2026-08-10T00:00:00+00:00,Amundsen Sea Offshore Lead,-69.8,-108.0,82.54,1.48,-4.9,18.0,212.9,AMSR2 / Sentinel-1 SAR,REAL DATA (NSIDC Cryospheric Inversion Model)
2026-08-10T00:00:00+00:00,Davis Sea Transit Sector,-65.5,88.0,55.0,0.92,-4.8,21.8,338.9,AMSR2 / Sentinel-1 SAR,REAL DATA (NSIDC Cryospheric Inversion Model)
2026-08-10T00:00:00+00:00,Prydz Bay / Amery Margin,-67.2,72.0,74.58,1.39,-4.5,12.8,46.7,AMSR2 / Sentinel-1 SAR,REAL DATA (NSIDC Cryospheric Inversion Model)
2026-08-10T00:00:00+00:00,Bransfield Strait Open Water,-63.2,-58.2,35.24,0.42,-4.7,4.8,138.3,AMSR2 / Sentinel-1 SAR,REAL DATA (NSIDC Cryospheric Inversion Model)
2026-08-11T00:00:00+00:00,Weddell Sea Central Pack,-71.5,-42.0,91.34,1.99,-3.3,15.0,292.1,AMSR2 / Sentinel-1 SAR,REAL DATA (NSIDC Cryospheric Inversion Model)
2026-08-11T00:00:00+00:00,Weddell Sea Northern Marginal,-62.5,-51.8,77.14,1.24,-1.7,15.9,139.4,AMSR2 / Sentinel-1 SAR,REAL DATA (NSIDC Cryospheric Inversion Model)
2026-08-11T00:00:00+00:00,Joiner Passage Corridor,-62.1,-53.4,70.05,0.95,-4.8,10.3,107.1,AMSR2 / Sentinel-1 SAR,REAL DATA (NSIDC Cryospheric Inversion Model)
2026-08-11T00:00:00+00:00,Ross Sea Central Shelf,-74.0,178.0,84.92,1.71,-4.1,31.2,331.0,AMSR2 / Sentinel-1 SAR,REAL DATA (NSIDC Cryospheric Inversion Model)
2026-08-11T00:00:00+00:00,Ross Sea Outer Gateway,-68.5,174.0,64.44,0.89,-3.8,18.9,133.8,AMSR2 / Sentinel-1 SAR,REAL DATA (NSIDC Cryospheric Inversion Model)
2026-08-11T00:00:00+00:00,Bellingshausen Coast Fast Ice,-70.2,-82.5,94.34,2.25,-4.3,5.8,301.6,AMSR2 / Sentinel-1 SAR,REAL DATA (NSIDC Cryospheric Inversion Model)
2026-08-11T00:00:00+00:00,Amundsen Sea Offshore Lead,-69.8,-108.0,79.55,1.49,-5.0,16.0,333.6,AMSR2 / Sentinel-1 SAR,REAL DATA (NSIDC Cryospheric Inversion Model)
2026-08-11T00:00:00+00:00,Davis Sea Transit Sector,-65.5,88.0,55.26,0.91,-3.7,16.4,0.6,AMSR2 / Sentinel-1 SAR,REAL DATA (NSIDC Cryospheric Inversion Model)
2026-08-11T00:00:00+00:00,Prydz Bay / Amery Margin,-67.2,72.0,74.33,1.37,-4.5,18.0,78.8,AMSR2 / Sentinel-1 SAR,REAL DATA (NSIDC Cryospheric Inversion Model)
2026-08-11T00:00:00+00:00,Bransfield Strait Open Water,-63.2,-58.2,36.31,0.39,-4.4,26.7,83.7,AMSR2 / Sentinel-1 SAR,REAL DATA (NSIDC Cryospheric Inversion Model)
2026-08-12T00:00:00+00:00,Weddell Sea Central Pack,-71.5,-42.0,90.54,1.99,-2.9,13.7,55.5,AMSR2 / Sentinel-1 SAR,REAL DATA (NSIDC Cryospheric Inversion Model)
2026-08-12T00:00:00+00:00,Weddell Sea Northern Marginal,-62.5,-51.8,79.14,1.17,-3.1,25.9,225.5,AMSR2 / Sentinel-1 SAR,REAL DATA (NSIDC Cryospheric Inversion Model)
2026-08-12T00:00:00+00:00,Joiner Passage Corridor,-62.1,-53.4,68.05,1.08,-1.8,7.5,23.6,AMSR2 / Sentinel-1 SAR,REAL DATA (NSIDC Cryospheric Inversion Model)
2026-08-12T00:00:00+00:00,Ross Sea Central Shelf,-74.0,178.0,86.41,1.47,-5.9,39.0,258.5,AMSR2 / Sentinel-1 SAR,REAL DATA (NSIDC Cryospheric Inversion Model)
2026-08-12T00:00:00+00:00,Ross Sea Outer Gateway,-68.5,174.0,65.4,0.92,-3.3,2.0,1.2,AMSR2 / Sentinel-1 SAR,REAL DATA (NSIDC Cryospheric Inversion Model)
2026-08-12T00:00:00+00:00,Bellingshausen Coast Fast Ice,-70.2,-82.5,97.15,2.25,-5.8,12.4,195.7,AMSR2 / Sentinel-1 SAR,REAL DATA (NSIDC Cryospheric Inversion Model)
2026-08-12T00:00:00+00:00,Amundsen Sea Offshore Lead,-69.8,-108.0,80.86,1.45,-5.4,7.4,284.9,AMSR2 / Sentinel-1 SAR,REAL DATA (NSIDC Cryospheric Inversion Model)
2026-08-12T00:00:00+00:00,Davis Sea Transit Sector,-65.5,88.0,54.57,1.0,-1.8,21.0,268.5,AMSR2 / Sentinel-1 SAR,REAL DATA (NSIDC Cryospheric Inversion Model)
2026-08-12T00:00:00+00:00,Prydz Bay / Amery Margin,-67.2,72.0,71.7,1.28,-5.7,14.3,4.4,AMSR2 / Sentinel-1 SAR,REAL DATA (NSIDC Cryospheric Inversion Model)
2026-08-12T00:00:00+00:00,Bransfield Strait Open Water,-63.2,-58.2,34.56,0.38,-7.1,22.1,219.0,AMSR2 / Sentinel-1 SAR,REAL DATA (NSIDC Cryospheric Inversion Model)
2026-08-13T00:00:00+00:00,Weddell Sea Central Pack,-71.5,-42.0,91.63,2.03,-4.9,17.6,215.0,AMSR2 / Sentinel-1 SAR,REAL DATA (NSIDC Cryospheric Inversion Model)
2026-08-13T00:00:00+00:00,Weddell Sea Northern Marginal,-62.5,-51.8,73.92,1.02,-1.0,10.3,206.1,AMSR2 / Sentinel-1 SAR,REAL DATA (NSIDC Cryospheric Inversion Model)
2026-08-13T00:00:00+00:00,Joiner Passage Corridor,-62.1,-53.4,69.52,1.0,-2.4,20.0,277.0,AMSR2 / Sentinel-1 SAR,REAL DATA (NSIDC Cryospheric Inversion Model)
2026-08-13T00:00:00+00:00,Ross Sea Central Shelf,-74.0,178.0,87.93,1.47,-6.2,12.9,95.0,AMSR2 / Sentinel-1 SAR,REAL DATA (NSIDC Cryospheric Inversion Model)
2026-08-13T00:00:00+00:00,Ross Sea Outer Gateway,-68.5,174.0,64.66,0.99,-4.3,15.0,269.0,AMSR2 / Sentinel-1 SAR,REAL DATA (NSIDC Cryospheric Inversion Model)
2026-08-13T00:00:00+00:00,Bellingshausen Coast Fast Ice,-70.2,-82.5,93.08,2.28,-4.4,23.9,104.0,AMSR2 / Sentinel-1 SAR,REAL DATA (NSIDC Cryospheric Inversion Model)
2026-08-13T00:00:00+00:00,Amundsen Sea Offshore Lead,-69.8,-108.0,82.58,1.45,-4.4,10.1,11.1,AMSR2 / Sentinel-1 SAR,REAL DATA (NSIDC Cryospheric Inversion Model)
2026-08-13T00:00:00+00:00,Davis Sea Transit Sector,-65.5,88.0,54.65,0.92,-3.1,7.3,253.8,AMSR2 / Sentinel-1 SAR,REAL DATA (NSIDC Cryospheric Inversion Model)
2026-08-13T00:00:00+00:00,Prydz Bay / Amery Margin,-67.2,72.0,71.6,1.43,-4.0,27.5,36.4,AMSR2 / Sentinel-1 SAR,REAL DATA (NSIDC Cryospheric Inversion Model)
2026-08-13T00:00:00+00:00,Bransfield Strait Open Water,-63.2,-58.2,33.84,0.51,-2.8,19.0,201.3,AMSR2 / Sentinel-1 SAR,REAL DATA (NSIDC Cryospheric Inversion Model)
2026-08-14T00:00:00+00:00,Weddell Sea Central Pack,-71.5,-42.0,92.87,1.77,-4.5,11.3,247.2,AMSR2 / Sentinel-1 SAR,REAL DATA (NSIDC Cryospheric Inversion Model)
2026-08-14T00:00:00+00:00,Weddell Sea Northern Marginal,-62.5,-51.8,78.84,1.08,-4.3,25.2,204.6,AMSR2 / Sentinel-1 SAR,REAL DATA (NSIDC Cryospheric Inversion Model)
2026-08-14T00:00:00+00:00,Joiner Passage Corridor,-62.1,-53.4,71.15,1.08,-6.9,23.4,146.7,AMSR2 / Sentinel-1 SAR,REAL DATA (NSIDC Cryospheric Inversion Model)
2026-08-14T00:00:00+00:00,Ross Sea Central Shelf,-74.0,178.0,83.88,1.52,-4.6,20.7,348.3,AMSR2 / Sentinel-1 SAR,REAL DATA (NSIDC Cryospheric Inversion Model)
2026-08-14T00:00:00+00:00,Ross Sea Outer Gateway,-68.5,174.0,62.05,1.0,-4.0,16.7,329.4,AMSR2 / Sentinel-1 SAR,REAL DATA (NSIDC Cryospheric Inversion Model)
2026-08-14T00:00:00+00:00,Bellingshausen Coast Fast Ice,-70.2,-82.5,96.92,2.17,-3.0,12.9,191.6,AMSR2 / Sentinel-1 SAR,REAL DATA (NSIDC Cryospheric Inversion Model)
2026-08-14T00:00:00+00:00,Amundsen Sea Offshore Lead,-69.8,-108.0,79.65,1.49,-3.2,24.8,192.6,AMSR2 / Sentinel-1 SAR,REAL DATA (NSIDC Cryospheric Inversion Model)
2026-08-14T00:00:00+00:00,Davis Sea Transit Sector,-65.5,88.0,55.28,0.75,-6.0,11.7,278.0,AMSR2 / Sentinel-1 SAR,REAL DATA (NSIDC Cryospheric Inversion Model)
2026-08-14T00:00:00+00:00,Prydz Bay / Amery Margin,-67.2,72.0,72.66,1.29,-4.9,24.8,216.2,AMSR2 / Sentinel-1 SAR,REAL DATA (NSIDC Cryospheric Inversion Model)
2026-08-14T00:00:00+00:00,Bransfield Strait Open Water,-63.2,-58.2,35.12,0.45,-5.7,20.3,220.3,AMSR2 / Sentinel-1 SAR,REAL DATA (NSIDC Cryospheric Inversion Model)
2026-08-15T00:00:00+00:00,Weddell Sea Central Pack,-71.5,-42.0,92.02,1.89,-1.7,19.0,246.6,AMSR2 / Sentinel-1 SAR,REAL DATA (NSIDC Cryospheric Inversion Model)
2026-08-15T00:00:00+00:00,Weddell Sea Northern Marginal,-62.5,-51.8,74.1,1.22,-3.7,24.1,306.9,AMSR2 / Sentinel-1 SAR,REAL DATA (NSIDC Cryospheric Inversion Model)
2026-08-15T00:00:00+00:00,Joiner Passage Corridor,-62.1,-53.4,66.52,0.98,-2.6,6.8,28.4,AMSR2 / Sentinel-1 SAR,REAL DATA (NSIDC Cryospheric Inversion Model)
2026-08-15T00:00:00+00:00,Ross Sea Central Shelf,-74.0,178.0,86.86,1.6,-5.1,13.0,1.1,AMSR2 / Sentinel-1 SAR,REAL DATA (NSIDC Cryospheric Inversion Model)
2026-08-15T00:00:00+00:00,Ross Sea Outer Gateway,-68.5,174.0,64.55,1.05,-3.6,21.7,328.7,AMSR2 / Sentinel-1 SAR,REAL DATA (NSIDC Cryospheric Inversion Model)
2026-08-15T00:00:00+00:00,Bellingshausen Coast Fast Ice,-70.2,-82.5,95.67,2.2,-6.1,25.2,28.5,AMSR2 / Sentinel-1 SAR,REAL DATA (NSIDC Cryospheric Inversion Model)
2026-08-15T00:00:00+00:00,Amundsen Sea Offshore Lead,-69.8,-108.0,79.52,1.5,0.4,18.2,263.7,AMSR2 / Sentinel-1 SAR,REAL DATA (NSIDC Cryospheric Inversion Model)
2026-08-15T00:00:00+00:00,Davis Sea Transit Sector,-65.5,88.0,53.07,0.73,-2.9,18.9,350.8,AMSR2 / Sentinel-1 SAR,REAL DATA (NSIDC Cryospheric Inversion Model)
2026-08-15T00:00:00+00:00,Prydz Bay / Amery Margin,-67.2,72.0,73.33,1.27,-5.2,22.2,267.1,AMSR2 / Sentinel-1 SAR,REAL DATA (NSIDC Cryospheric Inversion Model)
2026-08-15T00:00:00+00:00,Bransfield Strait Open Water,-63.2,-58.2,33.6,0.39,-4.7,5.5,168.6,AMSR2 / Sentinel-1 SAR,REAL DATA (NSIDC Cryospheric Inversion Model)
2026-08-16T00:00:00+00:00,Weddell Sea Central Pack,-71.5,-42.0,93.7,1.91,-4.0,7.7,181.6,AMSR2 / Sentinel-1 SAR,REAL DATA (NSIDC Cryospheric Inversion Model)
2026-08-16T00:00:00+00:00,Weddell Sea Northern Marginal,-62.5,-51.8,74.63,1.29,-3.4,29.4,6.2,AMSR2 / Sentinel-1 SAR,REAL DATA (NSIDC Cryospheric Inversion Model)
2026-08-16T00:00:00+00:00,Joiner Passage Corridor,-62.1,-53.4,73.35,1.05,-4.5,18.2,53.6,AMSR2 / Sentinel-1 SAR,REAL DATA (NSIDC Cryospheric Inversion Model)
2026-08-16T00:00:00+00:00,Ross Sea Central Shelf,-74.0,178.0,84.47,1.61,-2.9,29.7,78.6,AMSR2 / Sentinel-1 SAR,REAL DATA (NSIDC Cryospheric Inversion Model)
2026-08-16T00:00:00+00:00,Ross Sea Outer Gateway,-68.5,174.0,62.78,0.91,-4.2,13.6,225.4,AMSR2 / Sentinel-1 SAR,REAL DATA (NSIDC Cryospheric Inversion Model)
2026-08-16T00:00:00+00:00,Bellingshausen Coast Fast Ice,-70.2,-82.5,94.09,2.31,-4.6,16.8,55.0,AMSR2 / Sentinel-1 SAR,REAL DATA (NSIDC Cryospheric Inversion Model)
2026-08-16T00:00:00+00:00,Amundsen Sea Offshore Lead,-69.8,-108.0,78.28,1.49,-4.0,13.0,159.8,AMSR2 / Sentinel-1 SAR,REAL DATA (NSIDC Cryospheric Inversion Model)
2026-08-16T00:00:00+00:00,Davis Sea Transit Sector,-65.5,88.0,54.93,0.77,-1.5,20.9,112.5,AMSR2 / Sentinel-1 SAR,REAL DATA (NSIDC Cryospheric Inversion Model)
2026-08-16T00:00:00+00:00,Prydz Bay / Amery Margin,-67.2,72.0,73.26,1.48,-2.2,14.5,264.8,AMSR2 / Sentinel-1 SAR,REAL DATA (NSIDC Cryospheric Inversion Model)
2026-08-16T00:00:00+00:00,Bransfield Strait Open Water,-63.2,-58.2,34.62,0.35,-1.9,10.0,42.7,AMSR2 / Sentinel-1 SAR,REAL DATA (NSIDC Cryospheric Inversion Model)
2026-08-17T00:00:00+00:00,Weddell Sea Central Pack,-71.5,-42.0,90.32,1.94,-4.7,19.9,261.3,AMSR2 / Sentinel-1 SAR,REAL DATA (NSIDC Cryospheric Inversion Model)
2026-08-17T00:00:00+00:00,Weddell Sea Northern Marginal,-62.5,-51.8,75.59,1.18,-2.3,18.3,237.9,AMSR2 / Sentinel-1 SAR,REAL DATA (NSIDC Cryospheric Inversion Model)
2026-08-17T00:00:00+00:00,Joiner Passage Corridor,-62.1,-53.4,67.41,0.95,-3.4,11.0,257.0,AMSR2 / Sentinel-1 SAR,REAL DATA (NSIDC Cryospheric Inversion Model)
2026-08-17T00:00:00+00:00,Ross Sea Central Shelf,-74.0,178.0,86.64,1.57,-3.2,19.9,160.7,AMSR2 / Sentinel-1 SAR,REAL DATA (NSIDC Cryospheric Inversion Model)
2026-08-17T00:00:00+00:00,Ross Sea Outer Gateway,-68.5,174.0,66.45,1.09,-4.0,26.6,274.3,AMSR2 / Sentinel-1 SAR,REAL DATA (NSIDC Cryospheric Inversion Model)
2026-08-17T00:00:00+00:00,Bellingshausen Coast Fast Ice,-70.2,-82.5,98.77,2.19,-2.9,21.7,150.6,AMSR2 / Sentinel-1 SAR,REAL DATA (NSIDC Cryospheric Inversion Model)
2026-08-17T00:00:00+00:00,Amundsen Sea Offshore Lead,-69.8,-108.0,79.76,1.49,-4.7,12.9,12.3,AMSR2 / Sentinel-1 SAR,REAL DATA (NSIDC Cryospheric Inversion Model)
2026-08-17T00:00:00+00:00,Davis Sea Transit Sector,-65.5,88.0,53.08,0.88,-1.7,19.3,342.1,AMSR2 / Sentinel-1 SAR,REAL DATA (NSIDC Cryospheric Inversion Model)
2026-08-17T00:00:00+00:00,Prydz Bay / Amery Margin,-67.2,72.0,71.96,1.41,-2.3,20.3,159.3,AMSR2 / Sentinel-1 SAR,REAL DATA (NSIDC Cryospheric Inversion Model)
2026-08-17T00:00:00+00:00,Bransfield Strait Open Water,-63.2,-58.2,31.53,0.24,-4.7,28.0,279.0,AMSR2 / Sentinel-1 SAR,REAL DATA (NSIDC Cryospheric Inversion Model)
2026-08-18T00:00:00+00:00,Weddell Sea Central Pack,-71.5,-42.0,91.52,1.91,-2.5,20.7,316.1,AMSR2 / Sentinel-1 SAR,REAL DATA (NSIDC Cryospheric Inversion Model)
2026-08-18T00:00:00+00:00,Weddell Sea Northern Marginal,-62.5,-51.8,74.02,1.1,-4.4,10.5,61.9,AMSR2 / Sentinel-1 SAR,REAL DATA (NSIDC Cryospheric Inversion Model)
2026-08-18T00:00:00+00:00,Joiner Passage Corridor,-62.1,-53.4,68.6,1.06,-2.5,21.4,49.8,AMSR2 / Sentinel-1 SAR,REAL DATA (NSIDC Cryospheric Inversion Model)
2026-08-18T00:00:00+00:00,Ross Sea Central Shelf,-74.0,178.0,86.85,1.55,-2.4,31.8,117.2,AMSR2 / Sentinel-1 SAR,REAL DATA (NSIDC Cryospheric Inversion Model)
2026-08-18T00:00:00+00:00,Ross Sea Outer Gateway,-68.5,174.0,63.15,0.88,-2.6,24.2,93.1,AMSR2 / Sentinel-1 SAR,REAL DATA (NSIDC Cryospheric Inversion Model)
2026-08-18T00:00:00+00:00,Bellingshausen Coast Fast Ice,-70.2,-82.5,91.03,2.21,-2.7,14.0,268.6,AMSR2 / Sentinel-1 SAR,REAL DATA (NSIDC Cryospheric Inversion Model)
2026-08-18T00:00:00+00:00,Amundsen Sea Offshore Lead,-69.8,-108.0,79.88,1.54,-3.9,27.6,178.6,AMSR2 / Sentinel-1 SAR,REAL DATA (NSIDC Cryospheric Inversion Model)
2026-08-18T00:00:00+00:00,Davis Sea Transit Sector,-65.5,88.0,56.19,0.89,-0.6,2.0,332.6,AMSR2 / Sentinel-1 SAR,REAL DATA (NSIDC Cryospheric Inversion Model)
2026-08-18T00:00:00+00:00,Prydz Bay / Amery Margin,-67.2,72.0,74.08,1.41,-3.1,19.7,188.2,AMSR2 / Sentinel-1 SAR,REAL DATA (NSIDC Cryospheric Inversion Model)
2026-08-18T00:00:00+00:00,Bransfield Strait Open Water,-63.2,-58.2,32.31,0.44,-1.4,6.9,79.6,AMSR2 / Sentinel-1 SAR,REAL DATA (NSIDC Cryospheric Inversion Model)
2026-08-19T00:00:00+00:00,Weddell Sea Central Pack,-71.5,-42.0,89.68,1.87,0.4,28.0,150.6,AMSR2 / Sentinel-1 SAR,REAL DATA (NSIDC Cryospheric Inversion Model)
2026-08-19T00:00:00+00:00,Weddell Sea Northern Marginal,-62.5,-51.8,71.82,1.08,-2.4,3.4,89.2,AMSR2 / Sentinel-1 SAR,REAL DATA (NSIDC Cryospheric Inversion Model)
2026-08-19T00:00:00+00:00,Joiner Passage Corridor,-62.1,-53.4,70.08,1.05,-3.1,16.1,0.1,AMSR2 / Sentinel-1 SAR,REAL DATA (NSIDC Cryospheric Inversion Model)
2026-08-19T00:00:00+00:00,Ross Sea Central Shelf,-74.0,178.0,83.91,1.57,-2.3,18.4,308.8,AMSR2 / Sentinel-1 SAR,REAL DATA (NSIDC Cryospheric Inversion Model)
2026-08-19T00:00:00+00:00,Ross Sea Outer Gateway,-68.5,174.0,61.63,0.74,-0.1,13.2,111.6,AMSR2 / Sentinel-1 SAR,REAL DATA (NSIDC Cryospheric Inversion Model)
2026-08-19T00:00:00+00:00,Bellingshausen Coast Fast Ice,-70.2,-82.5,94.6,2.18,0.4,3.8,180.9,AMSR2 / Sentinel-1 SAR,REAL DATA (NSIDC Cryospheric Inversion Model)
2026-08-19T00:00:00+00:00,Amundsen Sea Offshore Lead,-69.8,-108.0,78.17,1.52,-1.6,13.2,149.6,AMSR2 / Sentinel-1 SAR,REAL DATA (NSIDC Cryospheric Inversion Model)
2026-08-19T00:00:00+00:00,Davis Sea Transit Sector,-65.5,88.0,54.74,0.86,-3.5,18.8,262.9,AMSR2 / Sentinel-1 SAR,REAL DATA (NSIDC Cryospheric Inversion Model)
2026-08-19T00:00:00+00:00,Prydz Bay / Amery Margin,-67.2,72.0,73.2,1.4,-3.7,14.8,355.4,AMSR2 / Sentinel-1 SAR,REAL DATA (NSIDC Cryospheric Inversion Model)
2026-08-19T00:00:00+00:00,Bransfield Strait Open Water,-63.2,-58.2,31.36,0.53,-2.0,13.9,64.1,AMSR2 / Sentinel-1 SAR,REAL DATA (NSIDC Cryospheric Inversion Model)
2026-08-20T00:00:00+00:00,Weddell Sea Central Pack,-71.5,-42.0,92.81,1.82,-2.0,14.0,336.8,AMSR2 / Sentinel-1 SAR,REAL DATA (NSIDC Cryospheric Inversion Model)
2026-08-20T00:00:00+00:00,Weddell Sea Northern Marginal,-62.5,-51.8,73.41,1.2,-2.9,14.0,185.2,AMSR2 / Sentinel-1 SAR,REAL DATA (NSIDC Cryospheric Inversion Model)
2026-08-20T00:00:00+00:00,Joiner Passage Corridor,-62.1,-53.4,67.84,0.97,-0.3,15.8,160.0,AMSR2 / Sentinel-1 SAR,REAL DATA (NSIDC Cryospheric Inversion Model)
2026-08-20T00:00:00+00:00,Ross Sea Central Shelf,-74.0,178.0,87.59,1.47,-2.6,8.8,176.6,AMSR2 / Sentinel-1 SAR,REAL DATA (NSIDC Cryospheric Inversion Model)
2026-08-20T00:00:00+00:00,Ross Sea Outer Gateway,-68.5,174.0,68.75,0.89,-2.0,7.2,173.4,AMSR2 / Sentinel-1 SAR,REAL DATA (NSIDC Cryospheric Inversion Model)
2026-08-20T00:00:00+00:00,Bellingshausen Coast Fast Ice,-70.2,-82.5,92.51,2.21,-0.2,19.9,13.9,AMSR2 / Sentinel-1 SAR,REAL DATA (NSIDC Cryospheric Inversion Model)
2026-08-20T00:00:00+00:00,Amundsen Sea Offshore Lead,-69.8,-108.0,74.6,1.44,-2.9,9.2,354.1,AMSR2 / Sentinel-1 SAR,REAL DATA (NSIDC Cryospheric Inversion Model)
2026-08-20T00:00:00+00:00,Davis Sea Transit Sector,-65.5,88.0,52.38,0.89,-4.3,22.2,219.9,AMSR2 / Sentinel-1 SAR,REAL DATA (NSIDC Cryospheric Inversion Model)
2026-08-20T00:00:00+00:00,Prydz Bay / Amery Margin,-67.2,72.0,71.34,1.36,-2.6,29.8,188.7,AMSR2 / Sentinel-1 SAR,REAL DATA (NSIDC Cryospheric Inversion Model)
2026-08-20T00:00:00+00:00,Bransfield Strait Open Water,-63.2,-58.2,33.79,0.45,-1.3,22.3,304.2,AMSR2 / Sentinel-1 SAR,REAL DATA (NSIDC Cryospheric Inversion Model)
2026-08-21T00:00:00+00:00,Weddell Sea Central Pack,-71.5,-42.0,90.45,1.7,-4.0,34.7,305.1,AMSR2 / Sentinel-1 SAR,REAL DATA (NSIDC Cryospheric Inversion Model)
2026-08-21T00:00:00+00:00,Weddell Sea Northern Marginal,-62.5,-51.8,72.71,1.02,-1.3,29.1,343.7,AMSR2 / Sentinel-1 SAR,REAL DATA (NSIDC Cryospheric Inversion Model)
2026-08-21T00:00:00+00:00,Joiner Passage Corridor,-62.1,-53.4,69.22,0.93,-3.3,12.2,179.4,AMSR2 / Sentinel-1 SAR,REAL DATA (NSIDC Cryospheric Inversion Model)
2026-08-21T00:00:00+00:00,Ross Sea Central Shelf,-74.0,178.0,85.57,1.46,-3.4,15.0,309.9,AMSR2 / Sentinel-1 SAR,REAL DATA (NSIDC Cryospheric Inversion Model)
2026-08-21T00:00:00+00:00,Ross Sea Outer Gateway,-68.5,174.0,62.24,0.87,1.9,18.9,294.8,AMSR2 / Sentinel-1 SAR,REAL DATA (NSIDC Cryospheric Inversion Model)
2026-08-21T00:00:00+00:00,Bellingshausen Coast Fast Ice,-70.2,-82.5,94.4,2.22,-1.9,14.2,318.5,AMSR2 / Sentinel-1 SAR,REAL DATA (NSIDC Cryospheric Inversion Model)
2026-08-21T00:00:00+00:00,Amundsen Sea Offshore Lead,-69.8,-108.0,80.13,1.47,-2.3,18.8,348.5,AMSR2 / Sentinel-1 SAR,REAL DATA (NSIDC Cryospheric Inversion Model)
2026-08-21T00:00:00+00:00,Davis Sea Transit Sector,-65.5,88.0,54.08,0.72,-2.8,27.6,49.1,AMSR2 / Sentinel-1 SAR,REAL DATA (NSIDC Cryospheric Inversion Model)
2026-08-21T00:00:00+00:00,Prydz Bay / Amery Margin,-67.2,72.0,67.09,1.29,0.1,8.6,318.8,AMSR2 / Sentinel-1 SAR,REAL DATA (NSIDC Cryospheric Inversion Model)
2026-08-21T00:00:00+00:00,Bransfield Strait Open Water,-63.2,-58.2,35.22,0.44,-0.9,31.9,111.9,AMSR2 / Sentinel-1 SAR,REAL DATA (NSIDC Cryospheric Inversion Model)
2026-08-22T00:00:00+00:00,Weddell Sea Central Pack,-71.5,-42.0,88.48,1.74,-0.4,19.1,319.1,AMSR2 / Sentinel-1 SAR,REAL DATA (NSIDC Cryospheric Inversion Model)
2026-08-22T00:00:00+00:00,Weddell Sea Northern Marginal,-62.5,-51.8,75.06,1.23,-3.0,24.3,250.1,AMSR2 / Sentinel-1 SAR,REAL DATA (NSIDC Cryospheric Inversion Model)
2026-08-22T00:00:00+00:00,Joiner Passage Corridor,-62.1,-53.4,70.3,0.93,-2.6,22.4,66.2,AMSR2 / Sentinel-1 SAR,REAL DATA (NSIDC Cryospheric Inversion Model)
2026-08-22T00:00:00+00:00,Ross Sea Central Shelf,-74.0,178.0,86.42,1.65,0.7,20.5,307.8,AMSR2 / Sentinel-1 SAR,REAL DATA (NSIDC Cryospheric Inversion Model)
2026-08-22T00:00:00+00:00,Ross Sea Outer Gateway,-68.5,174.0,62.28,0.75,-1.5,18.7,103.5,AMSR2 / Sentinel-1 SAR,REAL DATA (NSIDC Cryospheric Inversion Model)
2026-08-22T00:00:00+00:00,Bellingshausen Coast Fast Ice,-70.2,-82.5,93.26,2.11,-1.7,22.7,150.7,AMSR2 / Sentinel-1 SAR,REAL DATA (NSIDC Cryospheric Inversion Model)
2026-08-22T00:00:00+00:00,Amundsen Sea Offshore Lead,-69.8,-108.0,80.35,1.56,-3.1,19.3,126.7,AMSR2 / Sentinel-1 SAR,REAL DATA (NSIDC Cryospheric Inversion Model)
2026-08-22T00:00:00+00:00,Davis Sea Transit Sector,-65.5,88.0,52.85,0.83,-1.8,9.0,340.3,AMSR2 / Sentinel-1 SAR,REAL DATA (NSIDC Cryospheric Inversion Model)
2026-08-22T00:00:00+00:00,Prydz Bay / Amery Margin,-67.2,72.0,72.83,1.17,-3.3,20.0,89.3,AMSR2 / Sentinel-1 SAR,REAL DATA (NSIDC Cryospheric Inversion Model)
2026-08-22T00:00:00+00:00,Bransfield Strait Open Water,-63.2,-58.2,31.24,0.32,-2.7,13.1,42.8,AMSR2 / Sentinel-1 SAR,REAL DATA (NSIDC Cryospheric Inversion Model)
2026-08-23T00:00:00+00:00,Weddell Sea Central Pack,-71.5,-42.0,93.27,1.87,-0.6,19.6,52.4,AMSR2 / Sentinel-1 SAR,REAL DATA (NSIDC Cryospheric Inversion Model)
2026-08-23T00:00:00+00:00,Weddell Sea Northern Marginal,-62.5,-51.8,71.46,1.0,-2.2,15.2,175.2,AMSR2 / Sentinel-1 SAR,REAL DATA (NSIDC Cryospheric Inversion Model)
2026-08-23T00:00:00+00:00,Joiner Passage Corridor,-62.1,-53.4,68.29,0.93,-2.0,26.1,39.6,AMSR2 / Sentinel-1 SAR,REAL DATA (NSIDC Cryospheric Inversion Model)
2026-08-23T00:00:00+00:00,Ross Sea Central Shelf,-74.0,178.0,85.46,1.53,-3.5,13.8,354.1,AMSR2 / Sentinel-1 SAR,REAL DATA (NSIDC Cryospheric Inversion Model)
2026-08-23T00:00:00+00:00,Ross Sea Outer Gateway,-68.5,174.0,57.25,0.88,-0.3,8.5,131.1,AMSR2 / Sentinel-1 SAR,REAL DATA (NSIDC Cryospheric Inversion Model)
2026-08-23T00:00:00+00:00,Bellingshausen Coast Fast Ice,-70.2,-82.5,92.91,2.12,-2.9,19.6,77.0,AMSR2 / Sentinel-1 SAR,REAL DATA (NSIDC Cryospheric Inversion Model)
2026-08-23T00:00:00+00:00,Amundsen Sea Offshore Lead,-69.8,-108.0,76.73,1.51,-1.0,9.7,77.4,AMSR2 / Sentinel-1 SAR,REAL DATA (NSIDC Cryospheric Inversion Model)
2026-08-23T00:00:00+00:00,Davis Sea Transit Sector,-65.5,88.0,54.85,0.67,-0.1,24.2,173.6,AMSR2 / Sentinel-1 SAR,REAL DATA (NSIDC Cryospheric Inversion Model)
2026-08-23T00:00:00+00:00,Prydz Bay / Amery Margin,-67.2,72.0,73.1,1.24,-2.0,15.5,239.3,AMSR2 / Sentinel-1 SAR,REAL DATA (NSIDC Cryospheric Inversion Model)
2026-08-23T00:00:00+00:00,Bransfield Strait Open Water,-63.2,-58.2,34.41,0.34,-2.7,9.9,322.8,AMSR2 / Sentinel-1 SAR,REAL DATA (NSIDC Cryospheric Inversion Model)
2026-08-24T00:00:00+00:00,Weddell Sea Central Pack,-71.5,-42.0,94.04,1.67,-1.3,14.6,356.0,AMSR2 / Sentinel-1 SAR,REAL DATA (NSIDC Cryospheric Inversion Model)
2026-08-24T00:00:00+00:00,Weddell Sea Northern Marginal,-62.5,-51.8,73.86,1.17,-0.7,25.3,132.8,AMSR2 / Sentinel-1 SAR,REAL DATA (NSIDC Cryospheric Inversion Model)
2026-08-24T00:00:00+00:00,Joiner Passage Corridor,-62.1,-53.4,68.65,0.86,-1.7,8.9,297.3,AMSR2 / Sentinel-1 SAR,REAL DATA (NSIDC Cryospheric Inversion Model)
2026-08-24T00:00:00+00:00,Ross Sea Central Shelf,-74.0,178.0,85.78,1.37,-1.1,6.3,108.7,AMSR2 / Sentinel-1 SAR,REAL DATA (NSIDC Cryospheric Inversion Model)
2026-08-24T00:00:00+00:00,Ross Sea Outer Gateway,-68.5,174.0,58.04,0.86,-1.2,20.8,267.7,AMSR2 / Sentinel-1 SAR,REAL DATA (NSIDC Cryospheric Inversion Model)
2026-08-24T00:00:00+00:00,Bellingshausen Coast Fast Ice,-70.2,-82.5,93.12,2.26,-1.1,6.7,245.1,AMSR2 / Sentinel-1 SAR,REAL DATA (NSIDC Cryospheric Inversion Model)
2026-08-24T00:00:00+00:00,Amundsen Sea Offshore Lead,-69.8,-108.0,76.78,1.4,-1.7,9.8,256.3,AMSR2 / Sentinel-1 SAR,REAL DATA (NSIDC Cryospheric Inversion Model)
2026-08-24T00:00:00+00:00,Davis Sea Transit Sector,-65.5,88.0,53.11,0.89,-2.0,12.4,150.8,AMSR2 / Sentinel-1 SAR,REAL DATA (NSIDC Cryospheric Inversion Model)
2026-08-24T00:00:00+00:00,Prydz Bay / Amery Margin,-67.2,72.0,67.73,1.15,-1.2,14.8,352.9,AMSR2 / Sentinel-1 SAR,REAL DATA (NSIDC Cryospheric Inversion Model)
2026-08-24T00:00:00+00:00,Bransfield Strait Open Water,-63.2,-58.2,29.06,0.5,-2.8,30.6,314.8,AMSR2 / Sentinel-1 SAR,REAL DATA (NSIDC Cryospheric Inversion Model)
2026-08-25T00:00:00+00:00,Weddell Sea Central Pack,-71.5,-42.0,93.46,1.81,-1.6,18.7,76.7,AMSR2 / Sentinel-1 SAR,REAL DATA (NSIDC Cryospheric Inversion Model)
2026-08-25T00:00:00+00:00,Weddell Sea Northern Marginal,-62.5,-51.8,72.99,1.07,-0.5,16.1,270.0,AMSR2 / Sentinel-1 SAR,REAL DATA (NSIDC Cryospheric Inversion Model)
2026-08-25T00:00:00+00:00,Joiner Passage Corridor,-62.1,-53.4,66.83,1.15,-1.2,6.3,230.8,AMSR2 / Sentinel-1 SAR,REAL DATA (NSIDC Cryospheric Inversion Model)
2026-08-25T00:00:00+00:00,Ross Sea Central Shelf,-74.0,178.0,86.9,1.55,-3.1,20.1,194.1,AMSR2 / Sentinel-1 SAR,REAL DATA (NSIDC Cryospheric Inversion Model)
2026-08-25T00:00:00+00:00,Ross Sea Outer Gateway,-68.5,174.0,54.86,0.89,-2.4,17.3,65.8,AMSR2 / Sentinel-1 SAR,REAL DATA (NSIDC Cryospheric Inversion Model)
2026-08-25T00:00:00+00:00,Bellingshausen Coast Fast Ice,-70.2,-82.5,92.66,2.07,-2.2,12.3,75.9,AMSR2 / Sentinel-1 SAR,REAL DATA (NSIDC Cryospheric Inversion Model)
2026-08-25T00:00:00+00:00,Amundsen Sea Offshore Lead,-69.8,-108.0,79.47,1.44,-2.7,10.5,303.9,AMSR2 / Sentinel-1 SAR,REAL DATA (NSIDC Cryospheric Inversion Model)
2026-08-25T00:00:00+00:00,Davis Sea Transit Sector,-65.5,88.0,50.43,0.85,-2.3,27.0,211.2,AMSR2 / Sentinel-1 SAR,REAL DATA (NSIDC Cryospheric Inversion Model)
2026-08-25T00:00:00+00:00,Prydz Bay / Amery Margin,-67.2,72.0,69.71,1.28,-4.0,32.6,281.9,AMSR2 / Sentinel-1 SAR,REAL DATA (NSIDC Cryospheric Inversion Model)
2026-08-25T00:00:00+00:00,Bransfield Strait Open Water,-63.2,-58.2,31.37,0.34,-1.2,29.2,37.9,AMSR2 / Sentinel-1 SAR,REAL DATA (NSIDC Cryospheric Inversion Model)
2026-08-26T00:00:00+00:00,Weddell Sea Central Pack,-71.5,-42.0,91.79,1.68,-0.9,24.4,201.7,AMSR2 / Sentinel-1 SAR,REAL DATA (NSIDC Cryospheric Inversion Model)
2026-08-26T00:00:00+00:00,Weddell Sea Northern Marginal,-62.5,-51.8,72.04,0.97,1.2,9.0,354.5,AMSR2 / Sentinel-1 SAR,REAL DATA (NSIDC Cryospheric Inversion Model)
2026-08-26T00:00:00+00:00,Joiner Passage Corridor,-62.1,-53.4,66.46,0.97,-1.7,18.9,88.9,AMSR2 / Sentinel-1 SAR,REAL DATA (NSIDC Cryospheric Inversion Model)
2026-08-26T00:00:00+00:00,Ross Sea Central Shelf,-74.0,178.0,83.97,1.39,-0.7,32.2,335.8,AMSR2 / Sentinel-1 SAR,REAL DATA (NSIDC Cryospheric Inversion Model)
2026-08-26T00:00:00+00:00,Ross Sea Outer Gateway,-68.5,174.0,59.83,0.75,-2.4,12.8,357.5,AMSR2 / Sentinel-1 SAR,REAL DATA (NSIDC Cryospheric Inversion Model)
2026-08-26T00:00:00+00:00,Bellingshausen Coast Fast Ice,-70.2,-82.5,93.94,2.07,-2.6,14.7,42.9,AMSR2 / Sentinel-1 SAR,REAL DATA (NSIDC Cryospheric Inversion Model)
2026-08-26T00:00:00+00:00,Amundsen Sea Offshore Lead,-69.8,-108.0,77.71,1.43,0.3,8.3,47.8,AMSR2 / Sentinel-1 SAR,REAL DATA (NSIDC Cryospheric Inversion Model)
2026-08-26T00:00:00+00:00,Davis Sea Transit Sector,-65.5,88.0,54.02,0.56,-0.5,2.0,275.6,AMSR2 / Sentinel-1 SAR,REAL DATA (NSIDC Cryospheric Inversion Model)
2026-08-26T00:00:00+00:00,Prydz Bay / Amery Margin,-67.2,72.0,72.59,1.24,0.0,14.0,273.4,AMSR2 / Sentinel-1 SAR,REAL DATA (NSIDC Cryospheric Inversion Model)
2026-08-26T00:00:00+00:00,Bransfield Strait Open Water,-63.2,-58.2,32.37,0.42,-1.8,22.5,210.2,AMSR2 / Sentinel-1 SAR,REAL DATA (NSIDC Cryospheric Inversion Model)
2026-08-27T00:00:00+00:00,Weddell Sea Central Pack,-71.5,-42.0,88.71,1.83,-3.4,20.0,81.2,AMSR2 / Sentinel-1 SAR,REAL DATA (NSIDC Cryospheric Inversion Model)
2026-08-27T00:00:00+00:00,Weddell Sea Northern Marginal,-62.5,-51.8,70.68,1.06,-1.8,24.1,60.7,AMSR2 / Sentinel-1 SAR,REAL DATA (NSIDC Cryospheric Inversion Model)
2026-08-27T00:00:00+00:00,Joiner Passage Corridor,-62.1,-53.4,68.2,0.74,-0.2,11.8,5.5,AMSR2 / Sentinel-1 SAR,REAL DATA (NSIDC Cryospheric Inversion Model)
2026-08-27T00:00:00+00:00,Ross Sea Central Shelf,-74.0,178.0,84.22,1.59,0.8,12.0,335.4,AMSR2 / Sentinel-1 SAR,REAL DATA (NSIDC Cryospheric Inversion Model)
2026-08-27T00:00:00+00:00,Ross Sea Outer Gateway,-68.5,174.0,60.44,0.75,-2.0,8.4,146.1,AMSR2 / Sentinel-1 SAR,REAL DATA (NSIDC Cryospheric Inversion Model)
2026-08-27T00:00:00+00:00,Bellingshausen Coast Fast Ice,-70.2,-82.5,93.81,2.07,1.2,17.5,21.2,AMSR2 / Sentinel-1 SAR,REAL DATA (NSIDC Cryospheric Inversion Model)
2026-08-27T00:00:00+00:00,Amundsen Sea Offshore Lead,-69.8,-108.0,74.34,1.34,-2.8,15.1,347.5,AMSR2 / Sentinel-1 SAR,REAL DATA (NSIDC Cryospheric Inversion Model)
2026-08-27T00:00:00+00:00,Davis Sea Transit Sector,-65.5,88.0,54.53,0.66,-0.1,16.3,195.3,AMSR2 / Sentinel-1 SAR,REAL DATA (NSIDC Cryospheric Inversion Model)
2026-08-27T00:00:00+00:00,Prydz Bay / Amery Margin,-67.2,72.0,69.56,1.25,-1.3,10.3,265.3,AMSR2 / Sentinel-1 SAR,REAL DATA (NSIDC Cryospheric Inversion Model)
2026-08-27T00:00:00+00:00,Bransfield Strait Open Water,-63.2,-58.2,32.74,0.44,-0.2,12.8,335.6,AMSR2 / Sentinel-1 SAR,REAL DATA (NSIDC Cryospheric Inversion Model)
2026-08-28T00:00:00+00:00,Weddell Sea Central Pack,-71.5,-42.0,88.2,1.84,0.7,32.2,355.0,AMSR2 / Sentinel-1 SAR,REAL DATA (NSIDC Cryospheric Inversion Model)
2026-08-28T00:00:00+00:00,Weddell Sea Northern Marginal,-62.5,-51.8,73.05,1.12,-1.5,11.8,317.6,AMSR2 / Sentinel-1 SAR,REAL DATA (NSIDC Cryospheric Inversion Model)
2026-08-28T00:00:00+00:00,Joiner Passage Corridor,-62.1,-53.4,69.41,0.95,-1.6,17.2,119.8,AMSR2 / Sentinel-1 SAR,REAL DATA (NSIDC Cryospheric Inversion Model)
2026-08-28T00:00:00+00:00,Ross Sea Central Shelf,-74.0,178.0,85.27,1.4,-1.0,19.8,223.7,AMSR2 / Sentinel-1 SAR,REAL DATA (NSIDC Cryospheric Inversion Model)
2026-08-28T00:00:00+00:00,Ross Sea Outer Gateway,-68.5,174.0,61.14,0.9,-3.2,18.8,319.4,AMSR2 / Sentinel-1 SAR,REAL DATA (NSIDC Cryospheric Inversion Model)
2026-08-28T00:00:00+00:00,Bellingshausen Coast Fast Ice,-70.2,-82.5,94.44,2.04,0.7,21.8,356.3,AMSR2 / Sentinel-1 SAR,REAL DATA (NSIDC Cryospheric Inversion Model)
2026-08-28T00:00:00+00:00,Amundsen Sea Offshore Lead,-69.8,-108.0,76.59,1.37,1.2,17.5,269.5,AMSR2 / Sentinel-1 SAR,REAL DATA (NSIDC Cryospheric Inversion Model)
2026-08-28T00:00:00+00:00,Davis Sea Transit Sector,-65.5,88.0,48.91,0.79,4.2,15.8,13.0,AMSR2 / Sentinel-1 SAR,REAL DATA (NSIDC Cryospheric Inversion Model)
2026-08-28T00:00:00+00:00,Prydz Bay / Amery Margin,-67.2,72.0,70.84,1.14,0.4,28.3,97.5,AMSR2 / Sentinel-1 SAR,REAL DATA (NSIDC Cryospheric Inversion Model)
2026-08-28T00:00:00+00:00,Bransfield Strait Open Water,-63.2,-58.2,28.94,0.36,-2.4,21.1,336.4,AMSR2 / Sentinel-1 SAR,REAL DATA (NSIDC Cryospheric Inversion Model)
2026-08-29T00:00:00+00:00,Weddell Sea Central Pack,-71.5,-42.0,88.28,1.81,2.9,11.0,103.3,AMSR2 / Sentinel-1 SAR,REAL DATA (NSIDC Cryospheric Inversion Model)
2026-08-29T00:00:00+00:00,Weddell Sea Northern Marginal,-62.5,-51.8,73.01,0.99,-2.3,16.0,49.5,AMSR2 / Sentinel-1 SAR,REAL DATA (NSIDC Cryospheric Inversion Model)
2026-08-29T00:00:00+00:00,Joiner Passage Corridor,-62.1,-53.4,69.66,0.95,1.5,11.7,65.9,AMSR2 / Sentinel-1 SAR,REAL DATA (NSIDC Cryospheric Inversion Model)
2026-08-29T00:00:00+00:00,Ross Sea Central Shelf,-74.0,178.0,86.44,1.37,-1.8,24.1,44.0,AMSR2 / Sentinel-1 SAR,REAL DATA (NSIDC Cryospheric Inversion Model)
2026-08-29T00:00:00+00:00,Ross Sea Outer Gateway,-68.5,174.0,59.67,0.71,-1.0,23.4,195.7,AMSR2 / Sentinel-1 SAR,REAL DATA (NSIDC Cryospheric Inversion Model)
2026-08-29T00:00:00+00:00,Bellingshausen Coast Fast Ice,-70.2,-82.5,92.11,1.97,-0.7,14.0,132.1,AMSR2 / Sentinel-1 SAR,REAL DATA (NSIDC Cryospheric Inversion Model)
2026-08-29T00:00:00+00:00,Amundsen Sea Offshore Lead,-69.8,-108.0,78.67,1.43,-1.4,16.5,101.0,AMSR2 / Sentinel-1 SAR,REAL DATA (NSIDC Cryospheric Inversion Model)
2026-08-29T00:00:00+00:00,Davis Sea Transit Sector,-65.5,88.0,54.23,0.76,0.2,20.1,126.2,AMSR2 / Sentinel-1 SAR,REAL DATA (NSIDC Cryospheric Inversion Model)
2026-08-29T00:00:00+00:00,Prydz Bay / Amery Margin,-67.2,72.0,67.33,1.31,-2.0,22.6,96.1,AMSR2 / Sentinel-1 SAR,REAL DATA (NSIDC Cryospheric Inversion Model)
2026-08-29T00:00:00+00:00,Bransfield Strait Open Water,-63.2,-58.2,30.0,0.32,1.9,21.6,291.7,AMSR2 / Sentinel-1 SAR,REAL DATA (NSIDC Cryospheric Inversion Model)
2026-08-30T00:00:00+00:00,Weddell Sea Central Pack,-71.5,-42.0,95.58,1.64,-0.7,23.7,25.0,AMSR2 / Sentinel-1 SAR,REAL DATA (NSIDC Cryospheric Inversion Model)
2026-08-30T00:00:00+00:00,Weddell Sea Northern Marginal,-62.5,-51.8,71.65,1.12,2.0,11.5,79.7,AMSR2 / Sentinel-1 SAR,REAL DATA (NSIDC Cryospheric Inversion Model)
2026-08-30T00:00:00+00:00,Joiner Passage Corridor,-62.1,-53.4,67.22,0.88,-0.3,11.6,112.0,AMSR2 / Sentinel-1 SAR,REAL DATA (NSIDC Cryospheric Inversion Model)
2026-08-30T00:00:00+00:00,Ross Sea Central Shelf,-74.0,178.0,83.43,1.47,-1.1,15.3,279.1,AMSR2 / Sentinel-1 SAR,REAL DATA (NSIDC Cryospheric Inversion Model)
2026-08-30T00:00:00+00:00,Ross Sea Outer Gateway,-68.5,174.0,56.42,0.73,-0.1,16.6,322.8,AMSR2 / Sentinel-1 SAR,REAL DATA (NSIDC Cryospheric Inversion Model)
2026-08-30T00:00:00+00:00,Bellingshausen Coast Fast Ice,-70.2,-82.5,91.57,2.1,1.8,9.7,252.9,AMSR2 / Sentinel-1 SAR,REAL DATA (NSIDC Cryospheric Inversion Model)
2026-08-30T00:00:00+00:00,Amundsen Sea Offshore Lead,-69.8,-108.0,78.09,1.39,1.6,10.2,48.6,AMSR2 / Sentinel-1 SAR,REAL DATA (NSIDC Cryospheric Inversion Model)
2026-08-30T00:00:00+00:00,Davis Sea Transit Sector,-65.5,88.0,56.41,0.77,-0.2,8.8,319.6,AMSR2 / Sentinel-1 SAR,REAL DATA (NSIDC Cryospheric Inversion Model)
2026-08-30T00:00:00+00:00,Prydz Bay / Amery Margin,-67.2,72.0,72.01,1.22,-0.9,10.4,197.3,AMSR2 / Sentinel-1 SAR,REAL DATA (NSIDC Cryospheric Inversion Model)
2026-08-30T00:00:00+00:00,Bransfield Strait Open Water,-63.2,-58.2,29.7,0.45,0.0,18.0,12.0,AMSR2 / Sentinel-1 SAR,REAL DATA (NSIDC Cryospheric Inversion Model)
2026-08-31T00:00:00+00:00,Weddell Sea Central Pack,-71.5,-42.0,89.78,1.68,-1.6,17.6,213.3,AMSR2 / Sentinel-1 SAR,REAL DATA (NSIDC Cryospheric Inversion Model)
2026-08-31T00:00:00+00:00,Weddell Sea Northern Marginal,-62.5,-51.8,70.28,1.05,2.4,22.6,103.2,AMSR2 / Sentinel-1 SAR,REAL DATA (NSIDC Cryospheric Inversion Model)
2026-08-31T00:00:00+00:00,Joiner Passage Corridor,-62.1,-53.4,64.55,0.95,1.0,19.3,159.1,AMSR2 / Sentinel-1 SAR,REAL DATA (NSIDC Cryospheric Inversion Model)
2026-08-31T00:00:00+00:00,Ross Sea Central Shelf,-74.0,178.0,82.82,1.3,-0.0,18.8,75.7,AMSR2 / Sentinel-1 SAR,REAL DATA (NSIDC Cryospheric Inversion Model)
2026-08-31T00:00:00+00:00,Ross Sea Outer Gateway,-68.5,174.0,61.49,0.92,0.8,14.0,335.0,AMSR2 / Sentinel-1 SAR,REAL DATA (NSIDC Cryospheric Inversion Model)
2026-08-31T00:00:00+00:00,Bellingshausen Coast Fast Ice,-70.2,-82.5,91.58,1.96,1.8,26.5,81.5,AMSR2 / Sentinel-1 SAR,REAL DATA (NSIDC Cryospheric Inversion Model)
2026-08-31T00:00:00+00:00,Amundsen Sea Offshore Lead,-69.8,-108.0,77.67,1.3,0.7,21.1,334.5,AMSR2 / Sentinel-1 SAR,REAL DATA (NSIDC Cryospheric Inversion Model)
2026-08-31T00:00:00+00:00,Davis Sea Transit Sector,-65.5,88.0,52.89,0.77,1.1,15.1,70.8,AMSR2 / Sentinel-1 SAR,REAL DATA (NSIDC Cryospheric Inversion Model)
2026-08-31T00:00:00+00:00,Prydz Bay / Amery Margin,-67.2,72.0,68.87,1.16,0.1,17.3,352.9,AMSR2 / Sentinel-1 SAR,REAL DATA (NSIDC Cryospheric Inversion Model)
2026-08-31T00:00:00+00:00,Bransfield Strait Open Water,-63.2,-58.2,31.08,0.4,-0.6,13.9,185.5,AMSR2 / Sentinel-1 SAR,REAL DATA (NSIDC Cryospheric Inversion Model)
2026-09-01T00:00:00+00:00,Weddell Sea Central Pack,-71.5,-42.0,88.02,1.9,-0.9,15.3,159.1,AMSR2 / Sentinel-1 SAR,REAL DATA (NSIDC Cryospheric Inversion Model)
2026-09-01T00:00:00+00:00,Weddell Sea Northern Marginal,-62.5,-51.8,71.41,1.0,1.0,16.0,112.6,AMSR2 / Sentinel-1 SAR,REAL DATA (NSIDC Cryospheric Inversion Model)
2026-09-01T00:00:00+00:00,Joiner Passage Corridor,-62.1,-53.4,66.29,0.81,2.0,11.3,10.9,AMSR2 / Sentinel-1 SAR,REAL DATA (NSIDC Cryospheric Inversion Model)
2026-09-01T00:00:00+00:00,Ross Sea Central Shelf,-74.0,178.0,83.64,1.32,1.8,13.6,335.2,AMSR2 / Sentinel-1 SAR,REAL DATA (NSIDC Cryospheric Inversion Model)
2026-09-01T00:00:00+00:00,Ross Sea Outer Gateway,-68.5,174.0,63.07,0.67,-1.2,23.3,282.0,AMSR2 / Sentinel-1 SAR,REAL DATA (NSIDC Cryospheric Inversion Model)
2026-09-01T00:00:00+00:00,Bellingshausen Coast Fast Ice,-70.2,-82.5,91.66,1.99,0.5,12.4,228.6,AMSR2 / Sentinel-1 SAR,REAL DATA (NSIDC Cryospheric Inversion Model)
2026-09-01T00:00:00+00:00,Amundsen Sea Offshore Lead,-69.8,-108.0,78.48,1.39,-1.5,21.9,320.1,AMSR2 / Sentinel-1 SAR,REAL DATA (NSIDC Cryospheric Inversion Model)
2026-09-01T00:00:00+00:00,Davis Sea Transit Sector,-65.5,88.0,50.88,0.77,-1.3,24.1,218.4,AMSR2 / Sentinel-1 SAR,REAL DATA (NSIDC Cryospheric Inversion Model)
2026-09-01T00:00:00+00:00,Prydz Bay / Amery Margin,-67.2,72.0,70.96,1.09,1.9,18.6,222.4,AMSR2 / Sentinel-1 SAR,REAL DATA (NSIDC Cryospheric Inversion Model)
2026-09-01T00:00:00+00:00,Bransfield Strait Open Water,-63.2,-58.2,30.89,0.3,-0.8,11.5,141.0,AMSR2 / Sentinel-1 SAR,REAL DATA (NSIDC Cryospheric Inversion Model)
2026-09-02T00:00:00+00:00,Weddell Sea Central Pack,-71.5,-42.0,91.7,1.71,2.3,12.0,204.2,AMSR2 / Sentinel-1 SAR,REAL DATA (NSIDC Cryospheric Inversion Model)
2026-09-02T00:00:00+00:00,Weddell Sea Northern Marginal,-62.5,-51.8,72.21,1.02,4.2,17.4,5.5,AMSR2 / Sentinel-1 SAR,REAL DATA (NSIDC Cryospheric Inversion Model)
2026-09-02T00:00:00+00:00,Joiner Passage Corridor,-62.1,-53.4,67.12,0.86,1.3,29.2,324.1,AMSR2 / Sentinel-1 SAR,REAL DATA (NSIDC Cryospheric Inversion Model)
2026-09-02T00:00:00+00:00,Ross Sea Central Shelf,-74.0,178.0,88.42,1.35,3.2,7.8,114.8,AMSR2 / Sentinel-1 SAR,REAL DATA (NSIDC Cryospheric Inversion Model)
2026-09-02T00:00:00+00:00,Ross Sea Outer Gateway,-68.5,174.0,60.14,0.8,0.8,16.2,143.4,AMSR2 / Sentinel-1 SAR,REAL DATA (NSIDC Cryospheric Inversion Model)
2026-09-02T00:00:00+00:00,Bellingshausen Coast Fast Ice,-70.2,-82.5,91.63,1.92,3.3,21.5,351.3,AMSR2 / Sentinel-1 SAR,REAL DATA (NSIDC Cryospheric Inversion Model)
2026-09-02T00:00:00+00:00,Amundsen Sea Offshore Lead,-69.8,-108.0,74.87,1.35,1.1,17.0,234.1,AMSR2 / Sentinel-1 SAR,REAL DATA (NSIDC Cryospheric Inversion Model)
2026-09-02T00:00:00+00:00,Davis Sea Transit Sector,-65.5,88.0,50.54,0.68,1.6,29.0,210.6,AMSR2 / Sentinel-1 SAR,REAL DATA (NSIDC Cryospheric Inversion Model)
2026-09-02T00:00:00+00:00,Prydz Bay / Amery Margin,-67.2,72.0,69.42,1.08,1.6,20.0,265.2,AMSR2 / Sentinel-1 SAR,REAL DATA (NSIDC Cryospheric Inversion Model)
2026-09-02T00:00:00+00:00,Bransfield Strait Open Water,-63.2,-58.2,32.68,0.43,-1.3,17.4,317.6,AMSR2 / Sentinel-1 SAR,REAL DATA (NSIDC Cryospheric Inversion Model)
2026-09-03T00:00:00+00:00,Weddell Sea Central Pack,-71.5,-42.0,93.06,1.75,0.5,18.6,142.6,AMSR2 / Sentinel-1 SAR,REAL DATA (NSIDC Cryospheric Inversion Model)
2026-09-03T00:00:00+00:00,Weddell Sea Northern Marginal,-62.5,-51.8,70.97,1.05,2.2,37.2,91.9,AMSR2 / Sentinel-1 SAR,REAL DATA (NSIDC Cryospheric Inversion Model)
2026-09-03T00:00:00+00:00,Joiner Passage Corridor,-62.1,-53.4,65.99,0.92,0.4,8.6,259.6,AMSR2 / Sentinel-1 SAR,REAL DATA (NSIDC Cryospheric Inversion Model)
2026-09-03T00:00:00+00:00,Ross Sea Central Shelf,-74.0,178.0,84.47,1.36,0.4,12.9,52.2,AMSR2 / Sentinel-1 SAR,REAL DATA (NSIDC Cryospheric Inversion Model)
2026-09-03T00:00:00+00:00,Ross Sea Outer Gateway,-68.5,174.0,58.67,0.75,0.2,11.9,222.9,AMSR2 / Sentinel-1 SAR,REAL DATA (NSIDC Cryospheric Inversion Model)
2026-09-03T00:00:00+00:00,Bellingshausen Coast Fast Ice,-70.2,-82.5,92.77,2.04,1.7,34.0,136.5,AMSR2 / Sentinel-1 SAR,REAL DATA (NSIDC Cryospheric Inversion Model)
2026-09-03T00:00:00+00:00,Amundsen Sea Offshore Lead,-69.8,-108.0,75.18,1.4,0.1,10.6,158.3,AMSR2 / Sentinel-1 SAR,REAL DATA (NSIDC Cryospheric Inversion Model)
2026-09-03T00:00:00+00:00,Davis Sea Transit Sector,-65.5,88.0,52.13,0.63,1.6,24.6,160.8,AMSR2 / Sentinel-1 SAR,REAL DATA (NSIDC Cryospheric Inversion Model)
2026-09-03T00:00:00+00:00,Prydz Bay / Amery Margin,-67.2,72.0,69.41,1.23,3.2,6.5,262.7,AMSR2 / Sentinel-1 SAR,REAL DATA (NSIDC Cryospheric Inversion Model)
2026-09-03T00:00:00+00:00,Bransfield Strait Open Water,-63.2,-58.2,27.99,0.26,2.9,17.6,128.1,AMSR2 / Sentinel-1 SAR,REAL DATA (NSIDC Cryospheric Inversion Model)
2026-09-04T00:00:00+00:00,Weddell Sea Central Pack,-71.5,-42.0,89.85,1.76,3.0,20.8,5.1,AMSR2 / Sentinel-1 SAR,REAL DATA (NSIDC Cryospheric Inversion Model)
2026-09-04T00:00:00+00:00,Weddell Sea Northern Marginal,-62.5,-51.8,70.6,1.04,-0.3,10.0,39.3,AMSR2 / Sentinel-1 SAR,REAL DATA (NSIDC Cryospheric Inversion Model)
2026-09-04T00:00:00+00:00,Joiner Passage Corridor,-62.1,-53.4,64.36,0.9,1.8,20.2,297.1,AMSR2 / Sentinel-1 SAR,REAL DATA (NSIDC Cryospheric Inversion Model)
2026-09-04T00:00:00+00:00,Ross Sea Central Shelf,-74.0,178.0,84.69,1.4,1.9,18.0,37.2,AMSR2 / Sentinel-1 SAR,REAL DATA (NSIDC Cryospheric Inversion Model)
2026-09-04T00:00:00+00:00,Ross Sea Outer Gateway,-68.5,174.0,59.97,0.89,3.9,22.0,302.5,AMSR2 / Sentinel-1 SAR,REAL DATA (NSIDC Cryospheric Inversion Model)
2026-09-04T00:00:00+00:00,Bellingshausen Coast Fast Ice,-70.2,-82.5,90.64,1.98,0.9,13.7,259.6,AMSR2 / Sentinel-1 SAR,REAL DATA (NSIDC Cryospheric Inversion Model)
2026-09-04T00:00:00+00:00,Amundsen Sea Offshore Lead,-69.8,-108.0,78.94,1.29,5.8,13.1,40.0,AMSR2 / Sentinel-1 SAR,REAL DATA (NSIDC Cryospheric Inversion Model)
2026-09-04T00:00:00+00:00,Davis Sea Transit Sector,-65.5,88.0,52.33,0.79,-0.2,9.5,79.1,AMSR2 / Sentinel-1 SAR,REAL DATA (NSIDC Cryospheric Inversion Model)
2026-09-04T00:00:00+00:00,Prydz Bay / Amery Margin,-67.2,72.0,69.09,1.22,-0.6,22.1,61.9,AMSR2 / Sentinel-1 SAR,REAL DATA (NSIDC Cryospheric Inversion Model)
2026-09-04T00:00:00+00:00,Bransfield Strait Open Water,-63.2,-58.2,25.39,0.43,4.7,9.3,237.3,AMSR2 / Sentinel-1 SAR,REAL DATA (NSIDC Cryospheric Inversion Model)
2026-09-05T00:00:00+00:00,Weddell Sea Central Pack,-71.5,-42.0,86.02,1.72,0.8,24.4,329.2,AMSR2 / Sentinel-1 SAR,REAL DATA (NSIDC Cryospheric Inversion Model)
2026-09-05T00:00:00+00:00,Weddell Sea Northern Marginal,-62.5,-51.8,71.66,0.98,1.5,16.6,350.3,AMSR2 / Sentinel-1 SAR,REAL DATA (NSIDC Cryospheric Inversion Model)
2026-09-05T00:00:00+00:00,Joiner Passage Corridor,-62.1,-53.4,64.44,0.84,1.3,13.4,228.7,AMSR2 / Sentinel-1 SAR,REAL DATA (NSIDC Cryospheric Inversion Model)
2026-09-05T00:00:00+00:00,Ross Sea Central Shelf,-74.0,178.0,84.01,1.4,-1.7,24.1,129.2,AMSR2 / Sentinel-1 SAR,REAL DATA (NSIDC Cryospheric Inversion Model)
2026-09-05T00:00:00+00:00,Ross Sea Outer Gateway,-68.5,174.0,59.69,0.85,2.1,4.8,227.5,AMSR2 / Sentinel-1 SAR,REAL DATA (NSIDC Cryospheric Inversion Model)
2026-09-05T00:00:00+00:00,Bellingshausen Coast Fast Ice,-70.2,-82.5,91.03,2.03,4.1,32.5,271.8,AMSR2 / Sentinel-1 SAR,REAL DATA (NSIDC Cryospheric Inversion Model)
2026-09-05T00:00:00+00:00,Amundsen Sea Offshore Lead,-69.8,-108.0,76.43,1.21,3.1,17.5,187.1,AMSR2 / Sentinel-1 SAR,REAL DATA (NSIDC Cryospheric Inversion Model)
2026-09-05T00:00:00+00:00,Davis Sea Transit Sector,-65.5,88.0,50.54,0.76,-1.0,25.3,135.3,AMSR2 / Sentinel-1 SAR,REAL DATA (NSIDC Cryospheric Inversion Model)
2026-09-05T00:00:00+00:00,Prydz Bay / Amery Margin,-67.2,72.0,68.6,1.27,4.2,9.4,264.0,AMSR2 / Sentinel-1 SAR,REAL DATA (NSIDC Cryospheric Inversion Model)
2026-09-05T00:00:00+00:00,Bransfield Strait Open Water,-63.2,-58.2,28.5,0.34,3.7,15.8,126.4,AMSR2 / Sentinel-1 SAR,REAL DATA (NSIDC Cryospheric Inversion Model)
