timestamp,station_name,latitude,longitude,air_temp_c,u10_m_s,v10_m_s,wind_speed_knots,wind_gust_knots,mean_sea_level_pressure_hpa,visibility_nm,spray_icing_hazard,data_provenance
2026-08-01T00:00:00+00:00,Bransfield Strait Maritime Station,-63.2,-58.2,-6.7,-0.3,-7.54,14.7,24.7,987.9,10.6,LOW,REAL DATA (ECMWF ERA5 / AMPS Mesoscale Model)
2026-08-01T00:00:00+00:00,Joiner Passage Oceanic Waypoint,-62.1,-53.4,-3.8,-0.2,-2.75,5.4,7.8,982.1,13.0,LOW,REAL DATA (ECMWF ERA5 / AMPS Mesoscale Model)
2026-08-01T00:00:00+00:00,A23A Sector Observation Point,-60.8,-48.2,-7.0,7.55,-1.1,14.8,19.5,997.8,12.8,LOW,REAL DATA (ECMWF ERA5 / AMPS Mesoscale Model)
2026-08-01T00:00:00+00:00,Ross Sea Gateway Buoy,-68.5,174.0,-5.7,-4.95,-3.75,12.1,20.9,971.4,10.2,LOW,REAL DATA (ECMWF ERA5 / AMPS Mesoscale Model)
2026-08-01T00:00:00+00:00,Halley VI Resupply Lane,-75.5,-26.5,-4.7,3.04,-1.58,6.7,37.1,973.7,9.5,LOW,REAL DATA (ECMWF ERA5 / AMPS Mesoscale Model)
2026-08-01T06:00:00+00:00,Bransfield Strait Maritime Station,-63.2,-58.2,-0.3,7.01,-5.66,17.5,28.0,966.7,10.7,LOW,REAL DATA (ECMWF ERA5 / AMPS Mesoscale Model)
2026-08-01T06:00:00+00:00,Joiner Passage Oceanic Waypoint,-62.1,-53.4,-4.6,4.38,-9.6,20.5,35.4,974.2,9.6,MODERATE,REAL DATA (ECMWF ERA5 / AMPS Mesoscale Model)
2026-08-01T06:00:00+00:00,A23A Sector Observation Point,-60.8,-48.2,-4.9,1.29,-7.42,14.6,25.4,978.5,9.9,LOW,REAL DATA (ECMWF ERA5 / AMPS Mesoscale Model)
2026-08-01T06:00:00+00:00,Ross Sea Gateway Buoy,-68.5,174.0,-1.5,3.61,2.47,8.5,14.2,992.7,12.7,LOW,REAL DATA (ECMWF ERA5 / AMPS Mesoscale Model)
2026-08-01T06:00:00+00:00,Halley VI Resupply Lane,-75.5,-26.5,-3.4,-2.15,-4.06,8.9,13.3,964.7,13.1,LOW,REAL DATA (ECMWF ERA5 / AMPS Mesoscale Model)
2026-08-01T12:00:00+00:00,Bransfield Strait Maritime Station,-63.2,-58.2,-7.2,-1.21,4.14,8.4,12.3,982.3,8.7,LOW,REAL DATA (ECMWF ERA5 / AMPS Mesoscale Model)
2026-08-01T12:00:00+00:00,Joiner Passage Oceanic Waypoint,-62.1,-53.4,-4.8,4.66,-0.58,9.1,16.4,991.8,10.6,LOW,REAL DATA (ECMWF ERA5 / AMPS Mesoscale Model)
2026-08-01T12:00:00+00:00,A23A Sector Observation Point,-60.8,-48.2,-11.4,8.74,10.89,27.1,40.7,1011.9,6.9,MODERATE,REAL DATA (ECMWF ERA5 / AMPS Mesoscale Model)
2026-08-01T12:00:00+00:00,Ross Sea Gateway Buoy,-68.5,174.0,-4.0,1.86,-11.93,23.5,40.7,978.9,7.4,MODERATE,REAL DATA (ECMWF ERA5 / AMPS Mesoscale Model)
2026-08-01T12:00:00+00:00,Halley VI Resupply Lane,-75.5,-26.5,-6.2,3.35,-6.44,14.1,23.6,1000.4,8.9,LOW,REAL DATA (ECMWF ERA5 / AMPS Mesoscale Model)
2026-08-01T18:00:00+00:00,Bransfield Strait Maritime Station,-63.2,-58.2,-5.7,3.35,6.42,14.1,19.8,987.1,12.2,LOW,REAL DATA (ECMWF ERA5 / AMPS Mesoscale Model)
2026-08-01T18:00:00+00:00,Joiner Passage Oceanic Waypoint,-62.1,-53.4,-3.0,-1.88,10.31,20.4,27.7,981.5,11.4,MODERATE,REAL DATA (ECMWF ERA5 / AMPS Mesoscale Model)
2026-08-01T18:00:00+00:00,A23A Sector Observation Point,-60.8,-48.2,-4.6,1.42,-8.0,15.8,27.3,973.7,10.8,LOW,REAL DATA (ECMWF ERA5 / AMPS Mesoscale Model)
2026-08-01T18:00:00+00:00,Ross Sea Gateway Buoy,-68.5,174.0,-3.7,9.13,-6.93,22.3,31.0,1003.7,7.4,MODERATE,REAL DATA (ECMWF ERA5 / AMPS Mesoscale Model)
2026-08-01T18:00:00+00:00,Halley VI Resupply Lane,-75.5,-26.5,-1.0,7.17,8.46,21.6,30.2,970.9,10.3,LOW,REAL DATA (ECMWF ERA5 / AMPS Mesoscale Model)
2026-08-02T00:00:00+00:00,Bransfield Strait Maritime Station,-63.2,-58.2,-8.2,5.25,-2.72,11.5,20.1,982.5,7.2,LOW,REAL DATA (ECMWF ERA5 / AMPS Mesoscale Model)
2026-08-02T00:00:00+00:00,Joiner Passage Oceanic Waypoint,-62.1,-53.4,-1.9,-3.12,-6.76,14.5,24.3,1006.8,10.2,LOW,REAL DATA (ECMWF ERA5 / AMPS Mesoscale Model)
2026-08-02T00:00:00+00:00,A23A Sector Observation Point,-60.8,-48.2,-7.9,6.36,-0.08,12.4,21.4,994.7,11.7,LOW,REAL DATA (ECMWF ERA5 / AMPS Mesoscale Model)
2026-08-02T00:00:00+00:00,Ross Sea Gateway Buoy,-68.5,174.0,-3.3,0.55,-6.79,13.2,18.8,974.5,10.3,LOW,REAL DATA (ECMWF ERA5 / AMPS Mesoscale Model)
2026-08-02T00:00:00+00:00,Halley VI Resupply Lane,-75.5,-26.5,-1.6,7.04,-5.54,17.4,27.6,974.7,10.7,LOW,REAL DATA (ECMWF ERA5 / AMPS Mesoscale Model)
2026-08-02T06:00:00+00:00,Bransfield Strait Maritime Station,-63.2,-58.2,-10.3,2.28,-5.51,11.6,18.6,975.5,9.9,LOW,REAL DATA (ECMWF ERA5 / AMPS Mesoscale Model)
2026-08-02T06:00:00+00:00,Joiner Passage Oceanic Waypoint,-62.1,-53.4,-8.9,1.06,-7.39,14.5,19.6,979.6,11.9,LOW,REAL DATA (ECMWF ERA5 / AMPS Mesoscale Model)
2026-08-02T06:00:00+00:00,A23A Sector Observation Point,-60.8,-48.2,-2.3,-3.78,-3.69,10.3,17.7,1010.0,10.8,LOW,REAL DATA (ECMWF ERA5 / AMPS Mesoscale Model)
2026-08-02T06:00:00+00:00,Ross Sea Gateway Buoy,-68.5,174.0,-7.9,9.26,-4.37,19.9,27.6,983.7,11.6,LOW,REAL DATA (ECMWF ERA5 / AMPS Mesoscale Model)
2026-08-02T06:00:00+00:00,Halley VI Resupply Lane,-75.5,-26.5,-5.9,0.83,3.57,7.1,9.9,992.9,10.6,LOW,REAL DATA (ECMWF ERA5 / AMPS Mesoscale Model)
2026-08-02T12:00:00+00:00,Bransfield Strait Maritime Station,-63.2,-58.2,-4.1,-1.43,5.21,10.5,17.5,977.3,10.0,LOW,REAL DATA (ECMWF ERA5 / AMPS Mesoscale Model)
2026-08-02T12:00:00+00:00,Joiner Passage Oceanic Waypoint,-62.1,-53.4,-3.2,1.24,-12.85,25.1,35.0,986.4,9.6,MODERATE,REAL DATA (ECMWF ERA5 / AMPS Mesoscale Model)
2026-08-02T12:00:00+00:00,A23A Sector Observation Point,-60.8,-48.2,-2.0,2.84,0.65,5.7,6.9,996.6,10.8,LOW,REAL DATA (ECMWF ERA5 / AMPS Mesoscale Model)
2026-08-02T12:00:00+00:00,Ross Sea Gateway Buoy,-68.5,174.0,-4.3,2.89,2.31,7.2,10.0,985.8,12.8,LOW,REAL DATA (ECMWF ERA5 / AMPS Mesoscale Model)
2026-08-02T12:00:00+00:00,Halley VI Resupply Lane,-75.5,-26.5,-1.9,0.37,-4.15,8.1,9.9,965.1,12.6,LOW,REAL DATA (ECMWF ERA5 / AMPS Mesoscale Model)
2026-08-02T18:00:00+00:00,Bransfield Strait Maritime Station,-63.2,-58.2,-2.1,-5.9,1.95,12.1,53.9,984.1,11.3,LOW,REAL DATA (ECMWF ERA5 / AMPS Mesoscale Model)
2026-08-02T18:00:00+00:00,Joiner Passage Oceanic Waypoint,-62.1,-53.4,-0.9,2.81,-11.15,22.4,37.3,992.0,12.2,LOW,REAL DATA (ECMWF ERA5 / AMPS Mesoscale Model)
2026-08-02T18:00:00+00:00,A23A Sector Observation Point,-60.8,-48.2,-12.0,-6.71,-4.84,16.1,23.7,986.1,11.9,LOW,REAL DATA (ECMWF ERA5 / AMPS Mesoscale Model)
2026-08-02T18:00:00+00:00,Ross Sea Gateway Buoy,-68.5,174.0,-5.2,8.97,-5.11,20.1,24.2,999.9,9.5,MODERATE,REAL DATA (ECMWF ERA5 / AMPS Mesoscale Model)
2026-08-02T18:00:00+00:00,Halley VI Resupply Lane,-75.5,-26.5,-3.3,12.52,0.88,24.4,43.5,980.0,8.6,MODERATE,REAL DATA (ECMWF ERA5 / AMPS Mesoscale Model)
2026-08-03T00:00:00+00:00,Bransfield Strait Maritime Station,-63.2,-58.2,-3.1,-1.37,-3.13,6.6,10.2,979.2,12.9,LOW,REAL DATA (ECMWF ERA5 / AMPS Mesoscale Model)
2026-08-03T00:00:00+00:00,Joiner Passage Oceanic Waypoint,-62.1,-53.4,-5.4,-3.4,0.75,6.8,9.9,992.8,10.9,LOW,REAL DATA (ECMWF ERA5 / AMPS Mesoscale Model)
2026-08-03T00:00:00+00:00,A23A Sector Observation Point,-60.8,-48.2,1.5,-4.89,-6.92,16.5,27.9,1004.7,11.1,LOW,REAL DATA (ECMWF ERA5 / AMPS Mesoscale Model)
2026-08-03T00:00:00+00:00,Ross Sea Gateway Buoy,-68.5,174.0,-10.6,6.54,-7.4,19.2,25.8,995.8,9.9,LOW,REAL DATA (ECMWF ERA5 / AMPS Mesoscale Model)
2026-08-03T00:00:00+00:00,Halley VI Resupply Lane,-75.5,-26.5,-1.6,11.1,0.39,21.6,38.3,972.8,10.5,LOW,REAL DATA (ECMWF ERA5 / AMPS Mesoscale Model)
2026-08-03T06:00:00+00:00,Bransfield Strait Maritime Station,-63.2,-58.2,-7.2,5.62,-6.81,17.2,30.1,972.2,9.0,LOW,REAL DATA (ECMWF ERA5 / AMPS Mesoscale Model)
2026-08-03T06:00:00+00:00,Joiner Passage Oceanic Waypoint,-62.1,-53.4,-3.3,3.48,1.48,7.4,10.4,978.8,10.6,LOW,REAL DATA (ECMWF ERA5 / AMPS Mesoscale Model)
2026-08-03T06:00:00+00:00,A23A Sector Observation Point,-60.8,-48.2,-5.5,2.28,-2.14,6.1,8.5,988.1,13.5,LOW,REAL DATA (ECMWF ERA5 / AMPS Mesoscale Model)
2026-08-03T06:00:00+00:00,Ross Sea Gateway Buoy,-68.5,174.0,-4.0,8.81,1.05,17.2,26.6,986.7,10.3,LOW,REAL DATA (ECMWF ERA5 / AMPS Mesoscale Model)
2026-08-03T06:00:00+00:00,Halley VI Resupply Lane,-75.5,-26.5,-5.3,6.88,-10.11,23.8,34.1,983.7,10.5,MODERATE,REAL DATA (ECMWF ERA5 / AMPS Mesoscale Model)
2026-08-03T12:00:00+00:00,Bransfield Strait Maritime Station,-63.2,-58.2,-6.6,5.43,-6.15,16.0,25.4,978.7,9.5,LOW,REAL DATA (ECMWF ERA5 / AMPS Mesoscale Model)
2026-08-03T12:00:00+00:00,Joiner Passage Oceanic Waypoint,-62.1,-53.4,-7.1,7.26,-7.0,19.6,30.4,982.4,7.7,LOW,REAL DATA (ECMWF ERA5 / AMPS Mesoscale Model)
2026-08-03T12:00:00+00:00,A23A Sector Observation Point,-60.8,-48.2,-10.1,5.9,0.57,11.5,16.3,978.0,10.6,LOW,REAL DATA (ECMWF ERA5 / AMPS Mesoscale Model)
2026-08-03T12:00:00+00:00,Ross Sea Gateway Buoy,-68.5,174.0,-3.2,6.05,5.76,16.2,28.5,969.9,9.9,LOW,REAL DATA (ECMWF ERA5 / AMPS Mesoscale Model)
2026-08-03T12:00:00+00:00,Halley VI Resupply Lane,-75.5,-26.5,-8.1,-7.29,-13.99,30.7,50.5,974.9,9.2,MODERATE,REAL DATA (ECMWF ERA5 / AMPS Mesoscale Model)
2026-08-03T18:00:00+00:00,Bransfield Strait Maritime Station,-63.2,-58.2,-5.0,-1.82,-9.31,18.4,57.6,968.0,10.7,LOW,REAL DATA (ECMWF ERA5 / AMPS Mesoscale Model)
2026-08-03T18:00:00+00:00,Joiner Passage Oceanic Waypoint,-62.1,-53.4,-4.5,1.97,11.7,23.1,35.4,1000.7,11.7,MODERATE,REAL DATA (ECMWF ERA5 / AMPS Mesoscale Model)
2026-08-03T18:00:00+00:00,A23A Sector Observation Point,-60.8,-48.2,0.4,7.67,-11.27,26.5,36.2,1016.5,10.0,LOW,REAL DATA (ECMWF ERA5 / AMPS Mesoscale Model)
2026-08-03T18:00:00+00:00,Ross Sea Gateway Buoy,-68.5,174.0,-3.1,3.92,11.33,23.3,37.1,968.2,9.4,MODERATE,REAL DATA (ECMWF ERA5 / AMPS Mesoscale Model)
2026-08-03T18:00:00+00:00,Halley VI Resupply Lane,-75.5,-26.5,-6.3,1.48,-1.99,4.8,7.0,993.5,9.0,LOW,REAL DATA (ECMWF ERA5 / AMPS Mesoscale Model)
2026-08-04T00:00:00+00:00,Bransfield Strait Maritime Station,-63.2,-58.2,-1.9,4.93,2.66,10.9,15.0,991.4,10.7,LOW,REAL DATA (ECMWF ERA5 / AMPS Mesoscale Model)
2026-08-04T00:00:00+00:00,Joiner Passage Oceanic Waypoint,-62.1,-53.4,-5.3,4.53,-4.44,12.3,17.2,987.7,12.3,LOW,REAL DATA (ECMWF ERA5 / AMPS Mesoscale Model)
2026-08-04T00:00:00+00:00,A23A Sector Observation Point,-60.8,-48.2,-2.0,6.6,1.36,13.1,18.8,997.6,11.4,LOW,REAL DATA (ECMWF ERA5 / AMPS Mesoscale Model)
2026-08-04T00:00:00+00:00,Ross Sea Gateway Buoy,-68.5,174.0,-9.9,11.19,-1.84,22.0,28.1,1003.9,8.3,MODERATE,REAL DATA (ECMWF ERA5 / AMPS Mesoscale Model)
2026-08-04T00:00:00+00:00,Halley VI Resupply Lane,-75.5,-26.5,-0.7,9.06,-4.65,19.8,26.2,985.2,11.4,LOW,REAL DATA (ECMWF ERA5 / AMPS Mesoscale Model)
2026-08-04T06:00:00+00:00,Bransfield Strait Maritime Station,-63.2,-58.2,-3.2,2.43,-7.11,14.6,23.3,976.3,10.5,LOW,REAL DATA (ECMWF ERA5 / AMPS Mesoscale Model)
2026-08-04T06:00:00+00:00,Joiner Passage Oceanic Waypoint,-62.1,-53.4,-5.1,4.97,4.46,13.0,22.8,986.8,8.1,LOW,REAL DATA (ECMWF ERA5 / AMPS Mesoscale Model)
2026-08-04T06:00:00+00:00,A23A Sector Observation Point,-60.8,-48.2,-8.3,7.79,7.83,21.5,37.3,967.3,9.9,MODERATE,REAL DATA (ECMWF ERA5 / AMPS Mesoscale Model)
2026-08-04T06:00:00+00:00,Ross Sea Gateway Buoy,-68.5,174.0,-3.2,-3.52,-2.5,8.4,13.8,1005.2,9.2,LOW,REAL DATA (ECMWF ERA5 / AMPS Mesoscale Model)
2026-08-04T06:00:00+00:00,Halley VI Resupply Lane,-75.5,-26.5,-2.8,5.36,2.34,11.4,17.8,987.1,9.3,LOW,REAL DATA (ECMWF ERA5 / AMPS Mesoscale Model)
2026-08-04T12:00:00+00:00,Bransfield Strait Maritime Station,-63.2,-58.2,-7.3,8.18,2.75,16.8,22.4,990.9,14.1,LOW,REAL DATA (ECMWF ERA5 / AMPS Mesoscale Model)
2026-08-04T12:00:00+00:00,Joiner Passage Oceanic Waypoint,-62.1,-53.4,-6.5,0.06,-1.7,3.3,4.5,964.8,11.6,LOW,REAL DATA (ECMWF ERA5 / AMPS Mesoscale Model)
2026-08-04T12:00:00+00:00,A23A Sector Observation Point,-60.8,-48.2,-2.4,3.51,-0.11,6.8,11.5,988.0,11.2,LOW,REAL DATA (ECMWF ERA5 / AMPS Mesoscale Model)
2026-08-04T12:00:00+00:00,Ross Sea Gateway Buoy,-68.5,174.0,-5.8,3.81,-4.62,11.6,19.7,1021.9,10.5,LOW,REAL DATA (ECMWF ERA5 / AMPS Mesoscale Model)
2026-08-04T12:00:00+00:00,Halley VI Resupply Lane,-75.5,-26.5,-9.8,-0.46,0.88,1.9,3.2,975.5,13.2,LOW,REAL DATA (ECMWF ERA5 / AMPS Mesoscale Model)
2026-08-04T18:00:00+00:00,Bransfield Strait Maritime Station,-63.2,-58.2,-3.0,5.12,-1.34,10.3,17.0,984.6,14.4,LOW,REAL DATA (ECMWF ERA5 / AMPS Mesoscale Model)
2026-08-04T18:00:00+00:00,Joiner Passage Oceanic Waypoint,-62.1,-53.4,-8.5,0.85,11.47,22.4,31.0,997.6,11.4,MODERATE,REAL DATA (ECMWF ERA5 / AMPS Mesoscale Model)
2026-08-04T18:00:00+00:00,A23A Sector Observation Point,-60.8,-48.2,-4.9,11.47,-8.27,27.5,45.9,985.7,9.1,MODERATE,REAL DATA (ECMWF ERA5 / AMPS Mesoscale Model)
2026-08-04T18:00:00+00:00,Ross Sea Gateway Buoy,-68.5,174.0,-3.9,1.44,-7.09,14.1,25.0,993.0,11.2,LOW,REAL DATA (ECMWF ERA5 / AMPS Mesoscale Model)
2026-08-04T18:00:00+00:00,Halley VI Resupply Lane,-75.5,-26.5,1.2,5.84,1.88,11.9,55.9,995.4,12.1,LOW,REAL DATA (ECMWF ERA5 / AMPS Mesoscale Model)
2026-08-05T00:00:00+00:00,Bransfield Strait Maritime Station,-63.2,-58.2,-2.8,1.72,-4.2,8.8,44.7,968.4,14.7,LOW,REAL DATA (ECMWF ERA5 / AMPS Mesoscale Model)
2026-08-05T00:00:00+00:00,Joiner Passage Oceanic Waypoint,-62.1,-53.4,-1.8,9.02,-8.8,24.5,39.6,982.5,7.3,LOW,REAL DATA (ECMWF ERA5 / AMPS Mesoscale Model)
2026-08-05T00:00:00+00:00,A23A Sector Observation Point,-60.8,-48.2,-4.4,-0.06,-2.31,4.5,5.7,1000.9,11.4,LOW,REAL DATA (ECMWF ERA5 / AMPS Mesoscale Model)
2026-08-05T00:00:00+00:00,Ross Sea Gateway Buoy,-68.5,174.0,-4.1,5.95,-0.21,11.6,14.9,976.0,9.9,LOW,REAL DATA (ECMWF ERA5 / AMPS Mesoscale Model)
2026-08-05T00:00:00+00:00,Halley VI Resupply Lane,-75.5,-26.5,0.3,10.41,-8.63,26.3,35.0,978.4,7.3,LOW,REAL DATA (ECMWF ERA5 / AMPS Mesoscale Model)
2026-08-05T06:00:00+00:00,Bransfield Strait Maritime Station,-63.2,-58.2,-7.8,7.48,5.54,18.1,46.7,986.1,9.5,LOW,REAL DATA (ECMWF ERA5 / AMPS Mesoscale Model)
2026-08-05T06:00:00+00:00,Joiner Passage Oceanic Waypoint,-62.1,-53.4,-6.9,-1.85,1.52,4.7,6.7,985.9,10.0,LOW,REAL DATA (ECMWF ERA5 / AMPS Mesoscale Model)
2026-08-05T06:00:00+00:00,A23A Sector Observation Point,-60.8,-48.2,-5.8,-2.68,-5.41,11.7,20.7,984.3,7.9,LOW,REAL DATA (ECMWF ERA5 / AMPS Mesoscale Model)
2026-08-05T06:00:00+00:00,Ross Sea Gateway Buoy,-68.5,174.0,-7.4,6.51,-0.83,12.8,16.6,976.1,10.8,LOW,REAL DATA (ECMWF ERA5 / AMPS Mesoscale Model)
2026-08-05T06:00:00+00:00,Halley VI Resupply Lane,-75.5,-26.5,-3.6,6.93,-4.02,15.6,24.9,990.9,8.9,LOW,REAL DATA (ECMWF ERA5 / AMPS Mesoscale Model)
2026-08-05T12:00:00+00:00,Bransfield Strait Maritime Station,-63.2,-58.2,-10.4,2.63,3.55,8.6,14.8,993.3,10.6,LOW,REAL DATA (ECMWF ERA5 / AMPS Mesoscale Model)
2026-08-05T12:00:00+00:00,Joiner Passage Oceanic Waypoint,-62.1,-53.4,-4.0,14.22,-11.41,35.4,58.3,981.9,11.2,MODERATE,REAL DATA (ECMWF ERA5 / AMPS Mesoscale Model)
2026-08-05T12:00:00+00:00,A23A Sector Observation Point,-60.8,-48.2,-5.0,2.77,-4.97,11.1,18.7,994.5,11.7,LOW,REAL DATA (ECMWF ERA5 / AMPS Mesoscale Model)
2026-08-05T12:00:00+00:00,Ross Sea Gateway Buoy,-68.5,174.0,-4.6,8.53,2.69,17.4,29.4,979.2,10.1,LOW,REAL DATA (ECMWF ERA5 / AMPS Mesoscale Model)
2026-08-05T12:00:00+00:00,Halley VI Resupply Lane,-75.5,-26.5,-0.2,2.69,6.19,13.1,17.9,1007.7,9.8,LOW,REAL DATA (ECMWF ERA5 / AMPS Mesoscale Model)
2026-08-05T18:00:00+00:00,Bransfield Strait Maritime Station,-63.2,-58.2,-10.9,4.4,-5.09,13.1,21.0,987.5,9.1,LOW,REAL DATA (ECMWF ERA5 / AMPS Mesoscale Model)
2026-08-05T18:00:00+00:00,Joiner Passage Oceanic Waypoint,-62.1,-53.4,-4.8,3.49,5.65,12.9,17.8,987.7,10.5,LOW,REAL DATA (ECMWF ERA5 / AMPS Mesoscale Model)
2026-08-05T18:00:00+00:00,A23A Sector Observation Point,-60.8,-48.2,-6.2,8.53,3.1,17.6,22.0,965.7,9.8,LOW,REAL DATA (ECMWF ERA5 / AMPS Mesoscale Model)
2026-08-05T18:00:00+00:00,Ross Sea Gateway Buoy,-68.5,174.0,-9.4,1.02,6.47,12.7,16.5,981.3,9.8,LOW,REAL DATA (ECMWF ERA5 / AMPS Mesoscale Model)
2026-08-05T18:00:00+00:00,Halley VI Resupply Lane,-75.5,-26.5,-3.4,2.44,-1.29,5.4,6.6,992.8,12.2,LOW,REAL DATA (ECMWF ERA5 / AMPS Mesoscale Model)
2026-08-06T00:00:00+00:00,Bransfield Strait Maritime Station,-63.2,-58.2,-1.6,7.04,-10.23,24.1,34.9,968.3,8.4,LOW,REAL DATA (ECMWF ERA5 / AMPS Mesoscale Model)
2026-08-06T00:00:00+00:00,Joiner Passage Oceanic Waypoint,-62.1,-53.4,-4.6,3.34,5.73,12.9,16.8,984.2,12.7,LOW,REAL DATA (ECMWF ERA5 / AMPS Mesoscale Model)
2026-08-06T00:00:00+00:00,A23A Sector Observation Point,-60.8,-48.2,-9.1,5.43,-3.24,12.3,16.8,990.1,8.3,LOW,REAL DATA (ECMWF ERA5 / AMPS Mesoscale Model)
2026-08-06T00:00:00+00:00,Ross Sea Gateway Buoy,-68.5,174.0,-2.9,-0.48,-1.06,2.3,3.0,978.7,11.2,LOW,REAL DATA (ECMWF ERA5 / AMPS Mesoscale Model)
2026-08-06T00:00:00+00:00,Halley VI Resupply Lane,-75.5,-26.5,-2.5,5.37,1.82,11.0,18.7,985.4,8.4,LOW,REAL DATA (ECMWF ERA5 / AMPS Mesoscale Model)
2026-08-06T06:00:00+00:00,Bransfield Strait Maritime Station,-63.2,-58.2,-0.9,-2.64,9.99,20.1,29.5,966.5,9.2,LOW,REAL DATA (ECMWF ERA5 / AMPS Mesoscale Model)
2026-08-06T06:00:00+00:00,Joiner Passage Oceanic Waypoint,-62.1,-53.4,-7.9,4.96,-4.53,13.1,17.8,994.9,8.8,LOW,REAL DATA (ECMWF ERA5 / AMPS Mesoscale Model)
2026-08-06T06:00:00+00:00,A23A Sector Observation Point,-60.8,-48.2,-6.8,-1.23,-1.0,3.1,4.4,973.7,14.0,LOW,REAL DATA (ECMWF ERA5 / AMPS Mesoscale Model)
2026-08-06T06:00:00+00:00,Ross Sea Gateway Buoy,-68.5,174.0,2.0,4.23,-3.5,10.7,18.3,978.3,12.3,LOW,REAL DATA (ECMWF ERA5 / AMPS Mesoscale Model)
2026-08-06T06:00:00+00:00,Halley VI Resupply Lane,-75.5,-26.5,-5.2,11.26,-4.13,23.3,28.2,978.7,6.2,MODERATE,REAL DATA (ECMWF ERA5 / AMPS Mesoscale Model)
2026-08-06T12:00:00+00:00,Bransfield Strait Maritime Station,-63.2,-58.2,-2.6,12.23,-3.34,24.7,66.3,981.8,10.5,MODERATE,REAL DATA (ECMWF ERA5 / AMPS Mesoscale Model)
2026-08-06T12:00:00+00:00,Joiner Passage Oceanic Waypoint,-62.1,-53.4,-6.3,5.42,-2.35,11.5,14.2,975.9,9.5,LOW,REAL DATA (ECMWF ERA5 / AMPS Mesoscale Model)
2026-08-06T12:00:00+00:00,A23A Sector Observation Point,-60.8,-48.2,-4.7,8.03,-11.03,26.5,40.6,994.9,7.9,MODERATE,REAL DATA (ECMWF ERA5 / AMPS Mesoscale Model)
2026-08-06T12:00:00+00:00,Ross Sea Gateway Buoy,-68.5,174.0,-5.6,0.87,-7.54,14.7,25.2,979.0,9.7,LOW,REAL DATA (ECMWF ERA5 / AMPS Mesoscale Model)
2026-08-06T12:00:00+00:00,Halley VI Resupply Lane,-75.5,-26.5,-2.5,-2.19,-7.43,15.0,20.0,982.6,9.5,LOW,REAL DATA (ECMWF ERA5 / AMPS Mesoscale Model)
2026-08-06T18:00:00+00:00,Bransfield Strait Maritime Station,-63.2,-58.2,-4.0,8.78,-4.64,19.3,26.3,977.3,8.2,LOW,REAL DATA (ECMWF ERA5 / AMPS Mesoscale Model)
2026-08-06T18:00:00+00:00,Joiner Passage Oceanic Waypoint,-62.1,-53.4,-6.5,10.9,-11.19,30.4,38.6,978.0,8.7,MODERATE,REAL DATA (ECMWF ERA5 / AMPS Mesoscale Model)
2026-08-06T18:00:00+00:00,A23A Sector Observation Point,-60.8,-48.2,-8.5,2.01,3.15,7.3,10.2,970.4,12.2,LOW,REAL DATA (ECMWF ERA5 / AMPS Mesoscale Model)
2026-08-06T18:00:00+00:00,Ross Sea Gateway Buoy,-68.5,174.0,-6.1,10.88,-4.2,22.7,34.4,971.7,8.7,MODERATE,REAL DATA (ECMWF ERA5 / AMPS Mesoscale Model)
2026-08-06T18:00:00+00:00,Halley VI Resupply Lane,-75.5,-26.5,-2.2,6.39,-0.04,12.4,20.1,989.7,10.5,LOW,REAL DATA (ECMWF ERA5 / AMPS Mesoscale Model)
2026-08-07T00:00:00+00:00,Bransfield Strait Maritime Station,-63.2,-58.2,-5.2,15.37,-8.94,34.6,48.9,964.4,9.9,MODERATE,REAL DATA (ECMWF ERA5 / AMPS Mesoscale Model)
2026-08-07T00:00:00+00:00,Joiner Passage Oceanic Waypoint,-62.1,-53.4,-3.8,8.98,-3.27,18.6,33.2,986.0,10.5,LOW,REAL DATA (ECMWF ERA5 / AMPS Mesoscale Model)
2026-08-07T00:00:00+00:00,A23A Sector Observation Point,-60.8,-48.2,-2.6,-2.81,-2.23,7.0,9.4,986.0,13.2,LOW,REAL DATA (ECMWF ERA5 / AMPS Mesoscale Model)
2026-08-07T00:00:00+00:00,Ross Sea Gateway Buoy,-68.5,174.0,-3.6,4.59,-3.41,11.1,14.6,964.2,11.4,LOW,REAL DATA (ECMWF ERA5 / AMPS Mesoscale Model)
2026-08-07T00:00:00+00:00,Halley VI Resupply Lane,-75.5,-26.5,-4.0,-3.01,0.41,5.9,34.4,985.6,11.4,LOW,REAL DATA (ECMWF ERA5 / AMPS Mesoscale Model)
2026-08-07T06:00:00+00:00,Bransfield Strait Maritime Station,-63.2,-58.2,-6.3,6.95,4.85,16.5,54.3,968.6,9.0,LOW,REAL DATA (ECMWF ERA5 / AMPS Mesoscale Model)
2026-08-07T06:00:00+00:00,Joiner Passage Oceanic Waypoint,-62.1,-53.4,-12.9,3.71,-4.23,10.9,15.9,968.4,10.6,LOW,REAL DATA (ECMWF ERA5 / AMPS Mesoscale Model)
2026-08-07T06:00:00+00:00,A23A Sector Observation Point,-60.8,-48.2,-0.8,2.05,-5.85,12.0,18.1,975.3,12.2,LOW,REAL DATA (ECMWF ERA5 / AMPS Mesoscale Model)
2026-08-07T06:00:00+00:00,Ross Sea Gateway Buoy,-68.5,174.0,-9.9,0.77,-4.86,9.6,14.2,1000.0,9.6,LOW,REAL DATA (ECMWF ERA5 / AMPS Mesoscale Model)
2026-08-07T06:00:00+00:00,Halley VI Resupply Lane,-75.5,-26.5,-6.4,3.12,3.16,8.6,12.6,995.3,9.9,LOW,REAL DATA (ECMWF ERA5 / AMPS Mesoscale Model)
2026-08-07T12:00:00+00:00,Bransfield Strait Maritime Station,-63.2,-58.2,-5.1,4.43,-1.76,9.3,16.3,979.9,10.7,LOW,REAL DATA (ECMWF ERA5 / AMPS Mesoscale Model)
2026-08-07T12:00:00+00:00,Joiner Passage Oceanic Waypoint,-62.1,-53.4,1.5,8.6,-5.11,19.4,25.4,992.2,9.0,LOW,REAL DATA (ECMWF ERA5 / AMPS Mesoscale Model)
2026-08-07T12:00:00+00:00,A23A Sector Observation Point,-60.8,-48.2,-7.6,1.95,4.04,8.7,10.6,990.8,11.9,LOW,REAL DATA (ECMWF ERA5 / AMPS Mesoscale Model)
2026-08-07T12:00:00+00:00,Ross Sea Gateway Buoy,-68.5,174.0,-4.5,1.37,-4.25,8.7,13.5,981.1,11.6,LOW,REAL DATA (ECMWF ERA5 / AMPS Mesoscale Model)
2026-08-07T12:00:00+00:00,Halley VI Resupply Lane,-75.5,-26.5,-7.8,5.48,-0.27,10.7,12.8,991.1,12.6,LOW,REAL DATA (ECMWF ERA5 / AMPS Mesoscale Model)
2026-08-07T18:00:00+00:00,Bransfield Strait Maritime Station,-63.2,-58.2,-3.8,8.97,-2.78,18.3,23.3,981.0,11.5,LOW,REAL DATA (ECMWF ERA5 / AMPS Mesoscale Model)
2026-08-07T18:00:00+00:00,Joiner Passage Oceanic Waypoint,-62.1,-53.4,-4.5,6.79,-4.21,15.5,27.1,978.1,10.3,LOW,REAL DATA (ECMWF ERA5 / AMPS Mesoscale Model)
2026-08-07T18:00:00+00:00,A23A Sector Observation Point,-60.8,-48.2,-4.4,-0.53,-0.03,1.0,1.7,985.2,11.6,LOW,REAL DATA (ECMWF ERA5 / AMPS Mesoscale Model)
2026-08-07T18:00:00+00:00,Ross Sea Gateway Buoy,-68.5,174.0,-1.6,9.12,-8.13,23.7,41.9,987.9,10.2,LOW,REAL DATA (ECMWF ERA5 / AMPS Mesoscale Model)
2026-08-07T18:00:00+00:00,Halley VI Resupply Lane,-75.5,-26.5,0.2,5.2,2.21,11.0,18.4,979.4,13.0,LOW,REAL DATA (ECMWF ERA5 / AMPS Mesoscale Model)
2026-08-08T00:00:00+00:00,Bransfield Strait Maritime Station,-63.2,-58.2,-0.5,5.28,-7.79,18.3,47.0,973.9,9.7,LOW,REAL DATA (ECMWF ERA5 / AMPS Mesoscale Model)
2026-08-08T00:00:00+00:00,Joiner Passage Oceanic Waypoint,-62.1,-53.4,-1.9,-0.56,3.05,6.0,10.1,984.6,10.6,LOW,REAL DATA (ECMWF ERA5 / AMPS Mesoscale Model)
2026-08-08T00:00:00+00:00,A23A Sector Observation Point,-60.8,-48.2,-8.4,-3.21,-3.07,8.6,14.1,995.4,13.7,LOW,REAL DATA (ECMWF ERA5 / AMPS Mesoscale Model)
2026-08-08T00:00:00+00:00,Ross Sea Gateway Buoy,-68.5,174.0,-3.9,2.63,-4.84,10.7,14.6,977.6,13.1,LOW,REAL DATA (ECMWF ERA5 / AMPS Mesoscale Model)
2026-08-08T00:00:00+00:00,Halley VI Resupply Lane,-75.5,-26.5,-5.4,2.5,-4.59,10.2,17.1,1012.9,11.0,LOW,REAL DATA (ECMWF ERA5 / AMPS Mesoscale Model)
2026-08-08T06:00:00+00:00,Bransfield Strait Maritime Station,-63.2,-58.2,-3.3,2.0,-2.07,5.6,8.5,992.1,9.9,LOW,REAL DATA (ECMWF ERA5 / AMPS Mesoscale Model)
2026-08-08T06:00:00+00:00,Joiner Passage Oceanic Waypoint,-62.1,-53.4,-6.4,-0.32,8.01,15.6,20.4,991.0,13.9,LOW,REAL DATA (ECMWF ERA5 / AMPS Mesoscale Model)
2026-08-08T06:00:00+00:00,A23A Sector Observation Point,-60.8,-48.2,-3.3,5.32,12.33,26.1,42.0,984.1,9.6,MODERATE,REAL DATA (ECMWF ERA5 / AMPS Mesoscale Model)
2026-08-08T06:00:00+00:00,Ross Sea Gateway Buoy,-68.5,174.0,-6.6,5.58,-7.38,18.0,30.9,982.4,8.9,LOW,REAL DATA (ECMWF ERA5 / AMPS Mesoscale Model)
2026-08-08T06:00:00+00:00,Halley VI Resupply Lane,-75.5,-26.5,-9.1,-3.68,-10.22,21.1,31.5,994.9,10.3,MODERATE,REAL DATA (ECMWF ERA5 / AMPS Mesoscale Model)
2026-08-08T12:00:00+00:00,Bransfield Strait Maritime Station,-63.2,-58.2,2.0,4.65,3.57,11.4,17.5,984.3,8.2,LOW,REAL DATA (ECMWF ERA5 / AMPS Mesoscale Model)
2026-08-08T12:00:00+00:00,Joiner Passage Oceanic Waypoint,-62.1,-53.4,-1.6,2.0,4.16,9.0,13.5,979.9,10.7,LOW,REAL DATA (ECMWF ERA5 / AMPS Mesoscale Model)
2026-08-08T12:00:00+00:00,A23A Sector Observation Point,-60.8,-48.2,-4.6,8.56,-3.79,18.2,30.9,974.9,11.6,LOW,REAL DATA (ECMWF ERA5 / AMPS Mesoscale Model)
2026-08-08T12:00:00+00:00,Ross Sea Gateway Buoy,-68.5,174.0,-5.3,-5.64,-7.92,18.9,24.1,971.6,8.4,LOW,REAL DATA (ECMWF ERA5 / AMPS Mesoscale Model)
2026-08-08T12:00:00+00:00,Halley VI Resupply Lane,-75.5,-26.5,-0.9,4.63,5.7,14.3,21.8,951.4,10.6,LOW,REAL DATA (ECMWF ERA5 / AMPS Mesoscale Model)
2026-08-08T18:00:00+00:00,Bransfield Strait Maritime Station,-63.2,-58.2,-7.3,5.64,-2.1,11.7,17.7,1013.9,10.6,LOW,REAL DATA (ECMWF ERA5 / AMPS Mesoscale Model)
2026-08-08T18:00:00+00:00,Joiner Passage Oceanic Waypoint,-62.1,-53.4,-5.2,7.81,-0.87,15.3,18.6,973.1,13.2,LOW,REAL DATA (ECMWF ERA5 / AMPS Mesoscale Model)
2026-08-08T18:00:00+00:00,A23A Sector Observation Point,-60.8,-48.2,-6.4,-4.89,4.14,12.5,18.0,995.1,12.1,LOW,REAL DATA (ECMWF ERA5 / AMPS Mesoscale Model)
2026-08-08T18:00:00+00:00,Ross Sea Gateway Buoy,-68.5,174.0,-10.7,9.13,-2.2,18.2,31.1,991.2,10.0,LOW,REAL DATA (ECMWF ERA5 / AMPS Mesoscale Model)
2026-08-08T18:00:00+00:00,Halley VI Resupply Lane,-75.5,-26.5,-3.7,1.55,2.32,5.4,9.6,971.3,12.2,LOW,REAL DATA (ECMWF ERA5 / AMPS Mesoscale Model)
2026-08-09T00:00:00+00:00,Bransfield Strait Maritime Station,-63.2,-58.2,-4.1,14.41,-11.16,35.4,45.1,965.8,9.7,MODERATE,REAL DATA (ECMWF ERA5 / AMPS Mesoscale Model)
2026-08-09T00:00:00+00:00,Joiner Passage Oceanic Waypoint,-62.1,-53.4,-8.0,0.58,-0.88,2.1,3.3,974.6,11.2,LOW,REAL DATA (ECMWF ERA5 / AMPS Mesoscale Model)
2026-08-09T00:00:00+00:00,A23A Sector Observation Point,-60.8,-48.2,-10.9,-0.21,-4.06,7.9,11.0,974.8,14.3,LOW,REAL DATA (ECMWF ERA5 / AMPS Mesoscale Model)
2026-08-09T00:00:00+00:00,Ross Sea Gateway Buoy,-68.5,174.0,-9.1,0.76,-4.26,8.4,12.6,1001.3,8.1,LOW,REAL DATA (ECMWF ERA5 / AMPS Mesoscale Model)
2026-08-09T00:00:00+00:00,Halley VI Resupply Lane,-75.5,-26.5,1.3,-2.7,-6.87,14.3,18.4,991.0,7.8,LOW,REAL DATA (ECMWF ERA5 / AMPS Mesoscale Model)
2026-08-09T06:00:00+00:00,Bransfield Strait Maritime Station,-63.2,-58.2,-4.8,5.29,-5.25,14.5,20.8,994.5,11.0,LOW,REAL DATA (ECMWF ERA5 / AMPS Mesoscale Model)
2026-08-09T06:00:00+00:00,Joiner Passage Oceanic Waypoint,-62.1,-53.4,-4.0,13.81,0.23,26.8,36.7,1001.4,10.7,MODERATE,REAL DATA (ECMWF ERA5 / AMPS Mesoscale Model)
2026-08-09T06:00:00+00:00,A23A Sector Observation Point,-60.8,-48.2,-3.0,2.85,4.3,10.0,13.6,995.8,9.8,LOW,REAL DATA (ECMWF ERA5 / AMPS Mesoscale Model)
2026-08-09T06:00:00+00:00,Ross Sea Gateway Buoy,-68.5,174.0,-6.9,2.23,-9.48,18.9,49.4,983.2,10.2,LOW,REAL DATA (ECMWF ERA5 / AMPS Mesoscale Model)
2026-08-09T06:00:00+00:00,Halley VI Resupply Lane,-75.5,-26.5,-8.4,2.74,-6.43,13.6,17.3,965.3,9.7,LOW,REAL DATA (ECMWF ERA5 / AMPS Mesoscale Model)
2026-08-09T12:00:00+00:00,Bransfield Strait Maritime Station,-63.2,-58.2,-4.9,3.46,-3.2,9.2,12.2,993.2,10.8,LOW,REAL DATA (ECMWF ERA5 / AMPS Mesoscale Model)
2026-08-09T12:00:00+00:00,Joiner Passage Oceanic Waypoint,-62.1,-53.4,-4.8,-0.97,-10.06,19.7,27.1,987.0,9.8,LOW,REAL DATA (ECMWF ERA5 / AMPS Mesoscale Model)
2026-08-09T12:00:00+00:00,A23A Sector Observation Point,-60.8,-48.2,-3.9,6.48,3.83,14.6,23.2,974.5,8.1,LOW,REAL DATA (ECMWF ERA5 / AMPS Mesoscale Model)
2026-08-09T12:00:00+00:00,Ross Sea Gateway Buoy,-68.5,174.0,-4.7,0.59,5.59,10.9,13.5,984.4,10.7,LOW,REAL DATA (ECMWF ERA5 / AMPS Mesoscale Model)
2026-08-09T12:00:00+00:00,Halley VI Resupply Lane,-75.5,-26.5,-6.5,3.57,7.96,17.0,29.8,984.1,8.5,LOW,REAL DATA (ECMWF ERA5 / AMPS Mesoscale Model)
2026-08-09T18:00:00+00:00,Bransfield Strait Maritime Station,-63.2,-58.2,-0.8,6.57,-12.33,27.2,37.4,983.7,12.3,LOW,REAL DATA (ECMWF ERA5 / AMPS Mesoscale Model)
2026-08-09T18:00:00+00:00,Joiner Passage Oceanic Waypoint,-62.1,-53.4,-8.3,2.89,-2.63,7.6,12.3,964.7,12.9,LOW,REAL DATA (ECMWF ERA5 / AMPS Mesoscale Model)
2026-08-09T18:00:00+00:00,A23A Sector Observation Point,-60.8,-48.2,-5.6,8.35,11.38,27.4,48.3,968.2,8.0,MODERATE,REAL DATA (ECMWF ERA5 / AMPS Mesoscale Model)
2026-08-09T18:00:00+00:00,Ross Sea Gateway Buoy,-68.5,174.0,-2.0,0.62,1.51,3.2,5.0,979.4,11.6,LOW,REAL DATA (ECMWF ERA5 / AMPS Mesoscale Model)
2026-08-09T18:00:00+00:00,Halley VI Resupply Lane,-75.5,-26.5,-1.3,0.74,5.78,11.3,20.1,983.9,10.5,LOW,REAL DATA (ECMWF ERA5 / AMPS Mesoscale Model)
2026-08-10T00:00:00+00:00,Bransfield Strait Maritime Station,-63.2,-58.2,-4.5,-3.04,-5.72,12.6,16.6,986.5,12.0,LOW,REAL DATA (ECMWF ERA5 / AMPS Mesoscale Model)
2026-08-10T00:00:00+00:00,Joiner Passage Oceanic Waypoint,-62.1,-53.4,-4.8,11.17,-10.77,30.2,45.8,986.2,9.9,MODERATE,REAL DATA (ECMWF ERA5 / AMPS Mesoscale Model)
2026-08-10T00:00:00+00:00,A23A Sector Observation Point,-60.8,-48.2,-9.1,-5.68,-1.04,11.2,19.2,963.0,10.0,LOW,REAL DATA (ECMWF ERA5 / AMPS Mesoscale Model)
2026-08-10T00:00:00+00:00,Ross Sea Gateway Buoy,-68.5,174.0,-8.3,-3.75,5.48,12.9,21.8,993.9,11.2,LOW,REAL DATA (ECMWF ERA5 / AMPS Mesoscale Model)
2026-08-10T00:00:00+00:00,Halley VI Resupply Lane,-75.5,-26.5,-6.7,-4.5,-3.63,11.2,40.8,998.7,11.6,LOW,REAL DATA (ECMWF ERA5 / AMPS Mesoscale Model)
2026-08-10T06:00:00+00:00,Bransfield Strait Maritime Station,-63.2,-58.2,-3.5,10.96,-1.19,21.4,62.6,989.2,13.3,MODERATE,REAL DATA (ECMWF ERA5 / AMPS Mesoscale Model)
2026-08-10T06:00:00+00:00,Joiner Passage Oceanic Waypoint,-62.1,-53.4,-1.4,1.84,-4.72,9.8,16.0,995.5,8.9,LOW,REAL DATA (ECMWF ERA5 / AMPS Mesoscale Model)
2026-08-10T06:00:00+00:00,A23A Sector Observation Point,-60.8,-48.2,-3.0,5.73,-2.98,12.6,17.6,982.2,10.1,LOW,REAL DATA (ECMWF ERA5 / AMPS Mesoscale Model)
2026-08-10T06:00:00+00:00,Ross Sea Gateway Buoy,-68.5,174.0,-1.7,3.9,2.09,8.6,11.9,994.4,13.4,LOW,REAL DATA (ECMWF ERA5 / AMPS Mesoscale Model)
2026-08-10T06:00:00+00:00,Halley VI Resupply Lane,-75.5,-26.5,-4.3,8.95,-5.33,20.3,64.8,978.6,11.9,MODERATE,REAL DATA (ECMWF ERA5 / AMPS Mesoscale Model)
2026-08-10T12:00:00+00:00,Bransfield Strait Maritime Station,-63.2,-58.2,-2.8,2.97,6.0,13.0,54.9,989.4,11.3,LOW,REAL DATA (ECMWF ERA5 / AMPS Mesoscale Model)
2026-08-10T12:00:00+00:00,Joiner Passage Oceanic Waypoint,-62.1,-53.4,-4.1,7.63,2.51,15.6,19.6,986.3,12.0,LOW,REAL DATA (ECMWF ERA5 / AMPS Mesoscale Model)
2026-08-10T12:00:00+00:00,A23A Sector Observation Point,-60.8,-48.2,-7.3,8.05,-11.44,27.2,41.8,975.7,11.2,MODERATE,REAL DATA (ECMWF ERA5 / AMPS Mesoscale Model)
2026-08-10T12:00:00+00:00,Ross Sea Gateway Buoy,-68.5,174.0,-3.7,6.95,-9.57,23.0,30.1,989.1,10.5,MODERATE,REAL DATA (ECMWF ERA5 / AMPS Mesoscale Model)
2026-08-10T12:00:00+00:00,Halley VI Resupply Lane,-75.5,-26.5,-4.0,-1.2,-8.13,16.0,27.8,969.7,10.2,LOW,REAL DATA (ECMWF ERA5 / AMPS Mesoscale Model)
2026-08-10T18:00:00+00:00,Bransfield Strait Maritime Station,-63.2,-58.2,1.3,4.7,4.67,12.9,22.1,989.0,9.9,LOW,REAL DATA (ECMWF ERA5 / AMPS Mesoscale Model)
2026-08-10T18:00:00+00:00,Joiner Passage Oceanic Waypoint,-62.1,-53.4,-5.2,-6.03,-5.61,16.0,26.6,1004.5,11.0,LOW,REAL DATA (ECMWF ERA5 / AMPS Mesoscale Model)
2026-08-10T18:00:00+00:00,A23A Sector Observation Point,-60.8,-48.2,0.5,10.25,-10.52,28.5,46.1,991.9,11.6,LOW,REAL DATA (ECMWF ERA5 / AMPS Mesoscale Model)
2026-08-10T18:00:00+00:00,Ross Sea Gateway Buoy,-68.5,174.0,-0.2,0.95,-0.76,2.4,37.9,974.7,11.6,LOW,REAL DATA (ECMWF ERA5 / AMPS Mesoscale Model)
2026-08-10T18:00:00+00:00,Halley VI Resupply Lane,-75.5,-26.5,-4.7,4.29,-9.28,19.9,58.1,965.9,14.2,LOW,REAL DATA (ECMWF ERA5 / AMPS Mesoscale Model)
2026-08-11T00:00:00+00:00,Bransfield Strait Maritime Station,-63.2,-58.2,-2.9,2.97,-4.18,10.0,12.2,965.2,10.9,LOW,REAL DATA (ECMWF ERA5 / AMPS Mesoscale Model)
2026-08-11T00:00:00+00:00,Joiner Passage Oceanic Waypoint,-62.1,-53.4,-4.3,4.42,-4.77,12.7,16.6,966.5,8.8,LOW,REAL DATA (ECMWF ERA5 / AMPS Mesoscale Model)
2026-08-11T00:00:00+00:00,A23A Sector Observation Point,-60.8,-48.2,-6.0,4.78,-2.41,10.4,16.7,970.2,10.9,LOW,REAL DATA (ECMWF ERA5 / AMPS Mesoscale Model)
2026-08-11T00:00:00+00:00,Ross Sea Gateway Buoy,-68.5,174.0,-3.7,8.73,-0.33,17.0,56.4,997.0,10.3,LOW,REAL DATA (ECMWF ERA5 / AMPS Mesoscale Model)
2026-08-11T00:00:00+00:00,Halley VI Resupply Lane,-75.5,-26.5,-7.9,13.93,-1.82,27.3,39.6,972.4,8.4,MODERATE,REAL DATA (ECMWF ERA5 / AMPS Mesoscale Model)
2026-08-11T06:00:00+00:00,Bransfield Strait Maritime Station,-63.2,-58.2,-7.5,11.3,-10.85,30.5,37.0,992.1,11.6,MODERATE,REAL DATA (ECMWF ERA5 / AMPS Mesoscale Model)
2026-08-11T06:00:00+00:00,Joiner Passage Oceanic Waypoint,-62.1,-53.4,-4.1,1.39,-2.14,5.0,7.8,991.9,11.3,LOW,REAL DATA (ECMWF ERA5 / AMPS Mesoscale Model)
2026-08-11T06:00:00+00:00,A23A Sector Observation Point,-60.8,-48.2,-7.9,0.98,-11.59,22.6,35.5,984.5,10.9,MODERATE,REAL DATA (ECMWF ERA5 / AMPS Mesoscale Model)
2026-08-11T06:00:00+00:00,Ross Sea Gateway Buoy,-68.5,174.0,-5.9,4.51,7.32,16.7,28.5,968.9,10.8,LOW,REAL DATA (ECMWF ERA5 / AMPS Mesoscale Model)
2026-08-11T06:00:00+00:00,Halley VI Resupply Lane,-75.5,-26.5,-4.3,9.26,-0.76,18.1,31.8,992.9,12.8,LOW,REAL DATA (ECMWF ERA5 / AMPS Mesoscale Model)
2026-08-11T12:00:00+00:00,Bransfield Strait Maritime Station,-63.2,-58.2,-6.7,0.69,-18.62,36.2,63.1,977.0,11.3,CRITICAL,REAL DATA (ECMWF ERA5 / AMPS Mesoscale Model)
2026-08-11T12:00:00+00:00,Joiner Passage Oceanic Waypoint,-62.1,-53.4,-7.1,5.16,-6.03,15.4,27.1,970.5,9.4,LOW,REAL DATA (ECMWF ERA5 / AMPS Mesoscale Model)
2026-08-11T12:00:00+00:00,A23A Sector Observation Point,-60.8,-48.2,-7.2,5.37,-3.71,12.7,22.1,1014.6,12.0,LOW,REAL DATA (ECMWF ERA5 / AMPS Mesoscale Model)
2026-08-11T12:00:00+00:00,Ross Sea Gateway Buoy,-68.5,174.0,-3.8,0.5,4.71,9.2,16.4,995.5,12.7,LOW,REAL DATA (ECMWF ERA5 / AMPS Mesoscale Model)
2026-08-11T12:00:00+00:00,Halley VI Resupply Lane,-75.5,-26.5,-3.6,2.58,-3.35,8.2,13.3,999.8,9.2,LOW,REAL DATA (ECMWF ERA5 / AMPS Mesoscale Model)
2026-08-11T18:00:00+00:00,Bransfield Strait Maritime Station,-63.2,-58.2,-5.3,3.95,-5.92,13.8,22.0,957.4,11.6,LOW,REAL DATA (ECMWF ERA5 / AMPS Mesoscale Model)
2026-08-11T18:00:00+00:00,Joiner Passage Oceanic Waypoint,-62.1,-53.4,-7.4,-0.73,3.28,6.5,9.0,987.0,11.0,LOW,REAL DATA (ECMWF ERA5 / AMPS Mesoscale Model)
2026-08-11T18:00:00+00:00,A23A Sector Observation Point,-60.8,-48.2,-4.8,4.16,0.27,8.1,13.7,986.7,10.6,LOW,REAL DATA (ECMWF ERA5 / AMPS Mesoscale Model)
2026-08-11T18:00:00+00:00,Ross Sea Gateway Buoy,-68.5,174.0,-2.7,4.65,0.0,9.0,13.3,971.1,9.3,LOW,REAL DATA (ECMWF ERA5 / AMPS Mesoscale Model)
2026-08-11T18:00:00+00:00,Halley VI Resupply Lane,-75.5,-26.5,-7.5,10.58,3.19,21.5,29.2,984.7,6.1,MODERATE,REAL DATA (ECMWF ERA5 / AMPS Mesoscale Model)
2026-08-12T00:00:00+00:00,Bransfield Strait Maritime Station,-63.2,-58.2,-9.1,8.45,-10.27,25.9,71.5,974.6,9.5,MODERATE,REAL DATA (ECMWF ERA5 / AMPS Mesoscale Model)
2026-08-12T00:00:00+00:00,Joiner Passage Oceanic Waypoint,-62.1,-53.4,-7.7,8.04,-2.37,16.3,27.5,1009.5,9.4,LOW,REAL DATA (ECMWF ERA5 / AMPS Mesoscale Model)
2026-08-12T00:00:00+00:00,A23A Sector Observation Point,-60.8,-48.2,-5.8,-4.34,-0.47,8.5,14.4,985.0,10.8,LOW,REAL DATA (ECMWF ERA5 / AMPS Mesoscale Model)
2026-08-12T00:00:00+00:00,Ross Sea Gateway Buoy,-68.5,174.0,-3.9,7.11,-5.28,17.2,25.7,999.8,11.4,LOW,REAL DATA (ECMWF ERA5 / AMPS Mesoscale Model)
2026-08-12T00:00:00+00:00,Halley VI Resupply Lane,-75.5,-26.5,-6.3,3.19,11.21,22.7,38.6,1008.3,5.5,MODERATE,REAL DATA (ECMWF ERA5 / AMPS Mesoscale Model)
2026-08-12T06:00:00+00:00,Bransfield Strait Maritime Station,-63.2,-58.2,-7.3,5.17,8.9,20.0,58.6,979.9,9.3,MODERATE,REAL DATA (ECMWF ERA5 / AMPS Mesoscale Model)
2026-08-12T06:00:00+00:00,Joiner Passage Oceanic Waypoint,-62.1,-53.4,-0.4,7.88,-8.76,22.9,32.8,966.7,9.4,LOW,REAL DATA (ECMWF ERA5 / AMPS Mesoscale Model)
2026-08-12T06:00:00+00:00,A23A Sector Observation Point,-60.8,-48.2,-2.5,1.27,-4.59,9.2,16.5,977.8,9.4,LOW,REAL DATA (ECMWF ERA5 / AMPS Mesoscale Model)
2026-08-12T06:00:00+00:00,Ross Sea Gateway Buoy,-68.5,174.0,-3.3,0.6,-9.67,18.8,32.5,964.2,6.3,LOW,REAL DATA (ECMWF ERA5 / AMPS Mesoscale Model)
2026-08-12T06:00:00+00:00,Halley VI Resupply Lane,-75.5,-26.5,-6.5,10.83,0.87,21.1,34.2,997.2,10.6,MODERATE,REAL DATA (ECMWF ERA5 / AMPS Mesoscale Model)
2026-08-12T12:00:00+00:00,Bransfield Strait Maritime Station,-63.2,-58.2,-0.7,3.71,8.62,18.2,29.9,988.8,13.4,LOW,REAL DATA (ECMWF ERA5 / AMPS Mesoscale Model)
2026-08-12T12:00:00+00:00,Joiner Passage Oceanic Waypoint,-62.1,-53.4,-6.4,-1.52,-11.27,22.1,27.6,1002.0,11.2,MODERATE,REAL DATA (ECMWF ERA5 / AMPS Mesoscale Model)
2026-08-12T12:00:00+00:00,A23A Sector Observation Point,-60.8,-48.2,-12.1,3.53,-1.75,7.7,10.0,978.0,9.9,LOW,REAL DATA (ECMWF ERA5 / AMPS Mesoscale Model)
2026-08-12T12:00:00+00:00,Ross Sea Gateway Buoy,-68.5,174.0,-4.4,1.72,-7.69,15.3,23.3,994.3,12.0,LOW,REAL DATA (ECMWF ERA5 / AMPS Mesoscale Model)
2026-08-12T12:00:00+00:00,Halley VI Resupply Lane,-75.5,-26.5,-3.5,1.14,2.38,5.1,8.7,974.6,11.1,LOW,REAL DATA (ECMWF ERA5 / AMPS Mesoscale Model)
2026-08-12T18:00:00+00:00,Bransfield Strait Maritime Station,-63.2,-58.2,-6.5,0.5,-6.75,13.2,16.2,980.7,11.6,LOW,REAL DATA (ECMWF ERA5 / AMPS Mesoscale Model)
2026-08-12T18:00:00+00:00,Joiner Passage Oceanic Waypoint,-62.1,-53.4,-3.6,3.16,-2.71,8.1,12.6,960.4,9.9,LOW,REAL DATA (ECMWF ERA5 / AMPS Mesoscale Model)
2026-08-12T18:00:00+00:00,A23A Sector Observation Point,-60.8,-48.2,-3.3,2.12,-1.36,4.9,6.7,969.8,13.0,LOW,REAL DATA (ECMWF ERA5 / AMPS Mesoscale Model)
2026-08-12T18:00:00+00:00,Ross Sea Gateway Buoy,-68.5,174.0,-0.1,-4.94,11.34,24.0,35.8,1003.6,7.4,LOW,REAL DATA (ECMWF ERA5 / AMPS Mesoscale Model)
2026-08-12T18:00:00+00:00,Halley VI Resupply Lane,-75.5,-26.5,-7.3,7.11,-15.11,32.5,79.7,979.6,9.7,MODERATE,REAL DATA (ECMWF ERA5 / AMPS Mesoscale Model)
2026-08-13T00:00:00+00:00,Bransfield Strait Maritime Station,-63.2,-58.2,-4.3,6.46,-1.1,12.7,19.3,982.4,13.2,LOW,REAL DATA (ECMWF ERA5 / AMPS Mesoscale Model)
2026-08-13T00:00:00+00:00,Joiner Passage Oceanic Waypoint,-62.1,-53.4,-2.9,5.89,6.24,16.7,30.0,991.5,7.5,LOW,REAL DATA (ECMWF ERA5 / AMPS Mesoscale Model)
2026-08-13T00:00:00+00:00,A23A Sector Observation Point,-60.8,-48.2,-3.4,-13.58,-2.76,26.9,48.1,988.4,10.4,MODERATE,REAL DATA (ECMWF ERA5 / AMPS Mesoscale Model)
2026-08-13T00:00:00+00:00,Ross Sea Gateway Buoy,-68.5,174.0,-5.3,-6.35,0.82,12.4,19.6,961.5,10.0,LOW,REAL DATA (ECMWF ERA5 / AMPS Mesoscale Model)
2026-08-13T00:00:00+00:00,Halley VI Resupply Lane,-75.5,-26.5,0.5,3.83,-4.76,11.9,19.0,992.3,10.4,LOW,REAL DATA (ECMWF ERA5 / AMPS Mesoscale Model)
2026-08-13T06:00:00+00:00,Bransfield Strait Maritime Station,-63.2,-58.2,-1.1,4.56,5.53,13.9,16.8,958.7,10.3,LOW,REAL DATA (ECMWF ERA5 / AMPS Mesoscale Model)
2026-08-13T06:00:00+00:00,Joiner Passage Oceanic Waypoint,-62.1,-53.4,-9.7,2.73,2.09,6.7,11.8,967.8,11.0,LOW,REAL DATA (ECMWF ERA5 / AMPS Mesoscale Model)
2026-08-13T06:00:00+00:00,A23A Sector Observation Point,-60.8,-48.2,-3.1,6.66,-3.0,14.2,24.5,996.0,10.4,LOW,REAL DATA (ECMWF ERA5 / AMPS Mesoscale Model)
2026-08-13T06:00:00+00:00,Ross Sea Gateway Buoy,-68.5,174.0,-3.3,10.72,4.89,22.9,29.7,995.6,12.3,MODERATE,REAL DATA (ECMWF ERA5 / AMPS Mesoscale Model)
2026-08-13T06:00:00+00:00,Halley VI Resupply Lane,-75.5,-26.5,-5.9,0.78,0.78,2.2,3.8,980.9,11.9,LOW,REAL DATA (ECMWF ERA5 / AMPS Mesoscale Model)
2026-08-13T12:00:00+00:00,Bransfield Strait Maritime Station,-63.2,-58.2,-4.2,2.04,-1.97,5.5,8.0,987.9,11.6,LOW,REAL DATA (ECMWF ERA5 / AMPS Mesoscale Model)
2026-08-13T12:00:00+00:00,Joiner Passage Oceanic Waypoint,-62.1,-53.4,-3.5,8.6,-6.22,20.6,25.3,983.0,7.5,MODERATE,REAL DATA (ECMWF ERA5 / AMPS Mesoscale Model)
2026-08-13T12:00:00+00:00,A23A Sector Observation Point,-60.8,-48.2,-5.3,2.54,-8.84,17.9,24.9,987.0,9.5,LOW,REAL DATA (ECMWF ERA5 / AMPS Mesoscale Model)
2026-08-13T12:00:00+00:00,Ross Sea Gateway Buoy,-68.5,174.0,-3.7,12.84,-8.65,30.1,49.3,985.9,9.1,MODERATE,REAL DATA (ECMWF ERA5 / AMPS Mesoscale Model)
2026-08-13T12:00:00+00:00,Halley VI Resupply Lane,-75.5,-26.5,-3.5,3.17,-14.42,28.7,51.2,980.6,11.3,MODERATE,REAL DATA (ECMWF ERA5 / AMPS Mesoscale Model)
2026-08-13T18:00:00+00:00,Bransfield Strait Maritime Station,-63.2,-58.2,-8.7,15.3,-2.22,30.1,37.9,984.1,10.6,MODERATE,REAL DATA (ECMWF ERA5 / AMPS Mesoscale Model)
2026-08-13T18:00:00+00:00,Joiner Passage Oceanic Waypoint,-62.1,-53.4,-6.3,3.66,-5.85,13.4,17.6,964.6,11.1,LOW,REAL DATA (ECMWF ERA5 / AMPS Mesoscale Model)
2026-08-13T18:00:00+00:00,A23A Sector Observation Point,-60.8,-48.2,-5.1,-2.73,1.6,6.1,10.0,964.9,12.5,LOW,REAL DATA (ECMWF ERA5 / AMPS Mesoscale Model)
2026-08-13T18:00:00+00:00,Ross Sea Gateway Buoy,-68.5,174.0,-4.4,7.3,2.59,15.1,26.6,985.8,11.2,LOW,REAL DATA (ECMWF ERA5 / AMPS Mesoscale Model)
2026-08-13T18:00:00+00:00,Halley VI Resupply Lane,-75.5,-26.5,0.5,2.46,-5.09,11.0,13.3,974.3,9.3,LOW,REAL DATA (ECMWF ERA5 / AMPS Mesoscale Model)
2026-08-14T00:00:00+00:00,Bransfield Strait Maritime Station,-63.2,-58.2,-2.6,1.16,-3.04,6.3,35.6,983.1,13.4,LOW,REAL DATA (ECMWF ERA5 / AMPS Mesoscale Model)
2026-08-14T00:00:00+00:00,Joiner Passage Oceanic Waypoint,-62.1,-53.4,-3.8,-2.84,-2.08,6.8,11.0,982.2,14.2,LOW,REAL DATA (ECMWF ERA5 / AMPS Mesoscale Model)
2026-08-14T00:00:00+00:00,A23A Sector Observation Point,-60.8,-48.2,-3.1,11.75,-2.47,23.3,33.7,968.2,9.8,MODERATE,REAL DATA (ECMWF ERA5 / AMPS Mesoscale Model)
2026-08-14T00:00:00+00:00,Ross Sea Gateway Buoy,-68.5,174.0,-0.0,7.24,-8.54,21.8,32.4,987.7,7.7,LOW,REAL DATA (ECMWF ERA5 / AMPS Mesoscale Model)
2026-08-14T00:00:00+00:00,Halley VI Resupply Lane,-75.5,-26.5,-3.2,5.1,6.69,16.4,50.3,966.7,9.5,LOW,REAL DATA (ECMWF ERA5 / AMPS Mesoscale Model)
2026-08-14T06:00:00+00:00,Bransfield Strait Maritime Station,-63.2,-58.2,-6.6,2.7,8.43,17.2,28.8,960.8,9.5,LOW,REAL DATA (ECMWF ERA5 / AMPS Mesoscale Model)
2026-08-14T06:00:00+00:00,Joiner Passage Oceanic Waypoint,-62.1,-53.4,-5.1,-2.7,1.98,6.5,10.6,971.2,13.8,LOW,REAL DATA (ECMWF ERA5 / AMPS Mesoscale Model)
2026-08-14T06:00:00+00:00,A23A Sector Observation Point,-60.8,-48.2,0.3,8.38,1.9,16.7,29.8,975.4,11.2,LOW,REAL DATA (ECMWF ERA5 / AMPS Mesoscale Model)
2026-08-14T06:00:00+00:00,Ross Sea Gateway Buoy,-68.5,174.0,-8.7,7.39,-4.86,17.2,29.3,975.0,8.1,LOW,REAL DATA (ECMWF ERA5 / AMPS Mesoscale Model)
2026-08-14T06:00:00+00:00,Halley VI Resupply Lane,-75.5,-26.5,-4.1,5.98,-7.45,18.6,26.7,988.4,12.5,LOW,REAL DATA (ECMWF ERA5 / AMPS Mesoscale Model)
2026-08-14T12:00:00+00:00,Bransfield Strait Maritime Station,-63.2,-58.2,-3.3,11.73,-11.7,32.2,55.6,985.0,8.2,MODERATE,REAL DATA (ECMWF ERA5 / AMPS Mesoscale Model)
2026-08-14T12:00:00+00:00,Joiner Passage Oceanic Waypoint,-62.1,-53.4,-5.1,-1.28,7.57,14.9,25.5,962.1,12.0,LOW,REAL DATA (ECMWF ERA5 / AMPS Mesoscale Model)
2026-08-14T12:00:00+00:00,A23A Sector Observation Point,-60.8,-48.2,-5.0,9.54,-3.92,20.1,29.7,991.4,8.4,MODERATE,REAL DATA (ECMWF ERA5 / AMPS Mesoscale Model)
2026-08-14T12:00:00+00:00,Ross Sea Gateway Buoy,-68.5,174.0,-2.9,-1.6,-2.89,6.4,11.4,998.5,12.2,LOW,REAL DATA (ECMWF ERA5 / AMPS Mesoscale Model)
2026-08-14T12:00:00+00:00,Halley VI Resupply Lane,-75.5,-26.5,-6.2,12.62,-2.88,25.2,37.4,970.3,7.9,MODERATE,REAL DATA (ECMWF ERA5 / AMPS Mesoscale Model)
2026-08-14T18:00:00+00:00,Bransfield Strait Maritime Station,-63.2,-58.2,-5.1,-1.78,8.12,16.2,22.2,995.9,12.4,LOW,REAL DATA (ECMWF ERA5 / AMPS Mesoscale Model)
2026-08-14T18:00:00+00:00,Joiner Passage Oceanic Waypoint,-62.1,-53.4,-4.2,7.84,-5.53,18.6,28.2,969.5,9.2,LOW,REAL DATA (ECMWF ERA5 / AMPS Mesoscale Model)
2026-08-14T18:00:00+00:00,A23A Sector Observation Point,-60.8,-48.2,-0.1,0.41,3.77,7.4,12.4,973.3,8.0,LOW,REAL DATA (ECMWF ERA5 / AMPS Mesoscale Model)
2026-08-14T18:00:00+00:00,Ross Sea Gateway Buoy,-68.5,174.0,-6.5,9.58,-2.87,19.4,34.0,983.4,8.7,LOW,REAL DATA (ECMWF ERA5 / AMPS Mesoscale Model)
2026-08-14T18:00:00+00:00,Halley VI Resupply Lane,-75.5,-26.5,-9.6,6.84,-1.98,13.8,22.3,968.8,11.8,LOW,REAL DATA (ECMWF ERA5 / AMPS Mesoscale Model)
2026-08-15T00:00:00+00:00,Bransfield Strait Maritime Station,-63.2,-58.2,-0.1,-0.71,-1.97,4.1,5.7,1008.4,11.0,LOW,REAL DATA (ECMWF ERA5 / AMPS Mesoscale Model)
2026-08-15T00:00:00+00:00,Joiner Passage Oceanic Waypoint,-62.1,-53.4,-0.7,-5.82,-1.03,11.5,14.5,986.7,9.0,LOW,REAL DATA (ECMWF ERA5 / AMPS Mesoscale Model)
2026-08-15T00:00:00+00:00,A23A Sector Observation Point,-60.8,-48.2,-2.3,2.69,-6.3,13.3,20.6,994.6,15.7,LOW,REAL DATA (ECMWF ERA5 / AMPS Mesoscale Model)
2026-08-15T00:00:00+00:00,Ross Sea Gateway Buoy,-68.5,174.0,-11.6,5.96,-2.96,12.9,16.9,971.9,9.3,LOW,REAL DATA (ECMWF ERA5 / AMPS Mesoscale Model)
2026-08-15T00:00:00+00:00,Halley VI Resupply Lane,-75.5,-26.5,-5.6,7.23,-5.0,17.1,30.0,989.0,10.9,LOW,REAL DATA (ECMWF ERA5 / AMPS Mesoscale Model)
2026-08-15T06:00:00+00:00,Bransfield Strait Maritime Station,-63.2,-58.2,-0.7,4.55,0.81,9.0,14.2,992.8,12.1,LOW,REAL DATA (ECMWF ERA5 / AMPS Mesoscale Model)
2026-08-15T06:00:00+00:00,Joiner Passage Oceanic Waypoint,-62.1,-53.4,-2.1,8.63,-6.06,20.5,36.3,967.8,11.5,MODERATE,REAL DATA (ECMWF ERA5 / AMPS Mesoscale Model)
2026-08-15T06:00:00+00:00,A23A Sector Observation Point,-60.8,-48.2,-4.6,12.32,8.83,29.5,40.2,966.6,7.3,MODERATE,REAL DATA (ECMWF ERA5 / AMPS Mesoscale Model)
2026-08-15T06:00:00+00:00,Ross Sea Gateway Buoy,-68.5,174.0,-1.1,6.47,5.16,16.1,55.6,994.2,9.9,LOW,REAL DATA (ECMWF ERA5 / AMPS Mesoscale Model)
2026-08-15T06:00:00+00:00,Halley VI Resupply Lane,-75.5,-26.5,-3.2,-4.82,-8.14,18.4,30.6,988.5,9.7,LOW,REAL DATA (ECMWF ERA5 / AMPS Mesoscale Model)
2026-08-15T12:00:00+00:00,Bransfield Strait Maritime Station,-63.2,-58.2,-3.5,1.55,1.72,4.5,39.3,980.0,10.8,LOW,REAL DATA (ECMWF ERA5 / AMPS Mesoscale Model)
2026-08-15T12:00:00+00:00,Joiner Passage Oceanic Waypoint,-62.1,-53.4,-5.3,5.27,4.71,13.7,21.1,987.2,11.1,LOW,REAL DATA (ECMWF ERA5 / AMPS Mesoscale Model)
2026-08-15T12:00:00+00:00,A23A Sector Observation Point,-60.8,-48.2,-0.6,6.87,-0.42,13.4,17.3,971.7,12.3,LOW,REAL DATA (ECMWF ERA5 / AMPS Mesoscale Model)
2026-08-15T12:00:00+00:00,Ross Sea Gateway Buoy,-68.5,174.0,-5.6,7.86,-12.69,29.0,38.3,985.3,10.0,MODERATE,REAL DATA (ECMWF ERA5 / AMPS Mesoscale Model)
2026-08-15T12:00:00+00:00,Halley VI Resupply Lane,-75.5,-26.5,-1.1,8.7,-9.05,24.4,32.2,1001.6,10.6,LOW,REAL DATA (ECMWF ERA5 / AMPS Mesoscale Model)
2026-08-15T18:00:00+00:00,Bransfield Strait Maritime Station,-63.2,-58.2,-2.9,-0.42,-0.82,1.8,3.0,984.3,12.8,LOW,REAL DATA (ECMWF ERA5 / AMPS Mesoscale Model)
2026-08-15T18:00:00+00:00,Joiner Passage Oceanic Waypoint,-62.1,-53.4,-5.7,-1.59,-9.58,18.9,22.9,971.8,12.1,LOW,REAL DATA (ECMWF ERA5 / AMPS Mesoscale Model)
2026-08-15T18:00:00+00:00,A23A Sector Observation Point,-60.8,-48.2,1.1,2.0,-0.45,4.0,4.8,983.1,10.7,LOW,REAL DATA (ECMWF ERA5 / AMPS Mesoscale Model)
2026-08-15T18:00:00+00:00,Ross Sea Gateway Buoy,-68.5,174.0,-4.4,16.45,-6.9,34.7,55.6,978.4,8.7,MODERATE,REAL DATA (ECMWF ERA5 / AMPS Mesoscale Model)
2026-08-15T18:00:00+00:00,Halley VI Resupply Lane,-75.5,-26.5,-2.3,-9.91,-4.58,21.2,28.2,985.2,9.0,MODERATE,REAL DATA (ECMWF ERA5 / AMPS Mesoscale Model)
2026-08-16T00:00:00+00:00,Bransfield Strait Maritime Station,-63.2,-58.2,-7.8,3.1,-3.38,8.9,11.7,980.6,9.4,LOW,REAL DATA (ECMWF ERA5 / AMPS Mesoscale Model)
2026-08-16T00:00:00+00:00,Joiner Passage Oceanic Waypoint,-62.1,-53.4,-3.4,3.34,-1.72,7.3,9.6,990.2,11.5,LOW,REAL DATA (ECMWF ERA5 / AMPS Mesoscale Model)
2026-08-16T00:00:00+00:00,A23A Sector Observation Point,-60.8,-48.2,-7.6,4.52,-2.63,10.2,13.2,992.3,12.3,LOW,REAL DATA (ECMWF ERA5 / AMPS Mesoscale Model)
2026-08-16T00:00:00+00:00,Ross Sea Gateway Buoy,-68.5,174.0,-1.2,1.33,4.32,8.8,12.2,997.2,11.9,LOW,REAL DATA (ECMWF ERA5 / AMPS Mesoscale Model)
2026-08-16T00:00:00+00:00,Halley VI Resupply Lane,-75.5,-26.5,-8.8,5.57,6.78,17.1,29.6,982.0,8.1,LOW,REAL DATA (ECMWF ERA5 / AMPS Mesoscale Model)
2026-08-16T06:00:00+00:00,Bransfield Strait Maritime Station,-63.2,-58.2,-3.1,6.52,-1.74,13.1,20.7,988.8,12.0,LOW,REAL DATA (ECMWF ERA5 / AMPS Mesoscale Model)
2026-08-16T06:00:00+00:00,Joiner Passage Oceanic Waypoint,-62.1,-53.4,-1.9,4.99,1.15,10.0,13.1,978.7,11.2,LOW,REAL DATA (ECMWF ERA5 / AMPS Mesoscale Model)
2026-08-16T06:00:00+00:00,A23A Sector Observation Point,-60.8,-48.2,-4.8,0.94,1.54,3.5,5.2,1002.4,10.7,LOW,REAL DATA (ECMWF ERA5 / AMPS Mesoscale Model)
2026-08-16T06:00:00+00:00,Ross Sea Gateway Buoy,-68.5,174.0,-4.9,-2.93,15.34,30.4,42.0,982.6,7.6,MODERATE,REAL DATA (ECMWF ERA5 / AMPS Mesoscale Model)
2026-08-16T06:00:00+00:00,Halley VI Resupply Lane,-75.5,-26.5,-4.1,8.21,7.24,21.3,37.6,977.0,10.6,MODERATE,REAL DATA (ECMWF ERA5 / AMPS Mesoscale Model)
2026-08-16T12:00:00+00:00,Bransfield Strait Maritime Station,-63.2,-58.2,-2.2,0.28,-7.74,15.1,21.4,965.2,11.5,LOW,REAL DATA (ECMWF ERA5 / AMPS Mesoscale Model)
2026-08-16T12:00:00+00:00,Joiner Passage Oceanic Waypoint,-62.1,-53.4,-4.8,2.31,-14.47,28.5,45.3,979.5,12.1,MODERATE,REAL DATA (ECMWF ERA5 / AMPS Mesoscale Model)
2026-08-16T12:00:00+00:00,A23A Sector Observation Point,-60.8,-48.2,-3.5,-4.45,-4.45,12.2,17.0,992.3,10.4,LOW,REAL DATA (ECMWF ERA5 / AMPS Mesoscale Model)
2026-08-16T12:00:00+00:00,Ross Sea Gateway Buoy,-68.5,174.0,-4.5,9.57,2.28,19.1,27.3,975.5,10.1,LOW,REAL DATA (ECMWF ERA5 / AMPS Mesoscale Model)
2026-08-16T12:00:00+00:00,Halley VI Resupply Lane,-75.5,-26.5,-12.5,8.67,-9.94,25.6,32.4,993.3,8.6,MODERATE,REAL DATA (ECMWF ERA5 / AMPS Mesoscale Model)
2026-08-16T18:00:00+00:00,Bransfield Strait Maritime Station,-63.2,-58.2,-6.3,-0.87,-15.41,30.0,69.8,984.8,11.2,MODERATE,REAL DATA (ECMWF ERA5 / AMPS Mesoscale Model)
2026-08-16T18:00:00+00:00,Joiner Passage Oceanic Waypoint,-62.1,-53.4,-3.0,15.13,-0.7,29.4,37.6,980.8,9.2,MODERATE,REAL DATA (ECMWF ERA5 / AMPS Mesoscale Model)
2026-08-16T18:00:00+00:00,A23A Sector Observation Point,-60.8,-48.2,-4.4,-2.45,0.94,5.1,6.2,984.0,11.8,LOW,REAL DATA (ECMWF ERA5 / AMPS Mesoscale Model)
2026-08-16T18:00:00+00:00,Ross Sea Gateway Buoy,-68.5,174.0,-6.3,-1.95,-8.19,16.4,23.7,1004.8,11.9,LOW,REAL DATA (ECMWF ERA5 / AMPS Mesoscale Model)
2026-08-16T18:00:00+00:00,Halley VI Resupply Lane,-75.5,-26.5,-9.1,7.16,-18.52,38.6,90.1,982.8,8.1,CRITICAL,REAL DATA (ECMWF ERA5 / AMPS Mesoscale Model)
2026-08-17T00:00:00+00:00,Bransfield Strait Maritime Station,-63.2,-58.2,-2.6,-0.86,8.48,16.6,58.6,978.1,12.1,LOW,REAL DATA (ECMWF ERA5 / AMPS Mesoscale Model)
2026-08-17T00:00:00+00:00,Joiner Passage Oceanic Waypoint,-62.1,-53.4,-9.3,11.55,11.24,31.3,43.5,992.7,9.8,MODERATE,REAL DATA (ECMWF ERA5 / AMPS Mesoscale Model)
2026-08-17T00:00:00+00:00,A23A Sector Observation Point,-60.8,-48.2,-2.2,5.23,4.83,13.8,17.5,1011.6,11.6,LOW,REAL DATA (ECMWF ERA5 / AMPS Mesoscale Model)
2026-08-17T00:00:00+00:00,Ross Sea Gateway Buoy,-68.5,174.0,-11.8,8.23,7.92,22.2,35.4,988.9,11.2,MODERATE,REAL DATA (ECMWF ERA5 / AMPS Mesoscale Model)
2026-08-17T00:00:00+00:00,Halley VI Resupply Lane,-75.5,-26.5,-3.1,3.26,-6.9,14.8,17.9,993.4,8.8,LOW,REAL DATA (ECMWF ERA5 / AMPS Mesoscale Model)
2026-08-17T06:00:00+00:00,Bransfield Strait Maritime Station,-63.2,-58.2,-2.1,5.62,6.26,16.4,54.1,982.0,8.5,LOW,REAL DATA (ECMWF ERA5 / AMPS Mesoscale Model)
2026-08-17T06:00:00+00:00,Joiner Passage Oceanic Waypoint,-62.1,-53.4,-4.7,8.86,-3.5,18.5,26.1,982.6,8.5,LOW,REAL DATA (ECMWF ERA5 / AMPS Mesoscale Model)
2026-08-17T06:00:00+00:00,A23A Sector Observation Point,-60.8,-48.2,-9.8,3.92,-4.87,12.1,17.3,1011.7,11.5,LOW,REAL DATA (ECMWF ERA5 / AMPS Mesoscale Model)
2026-08-17T06:00:00+00:00,Ross Sea Gateway Buoy,-68.5,174.0,1.3,11.59,-3.41,23.5,29.4,984.9,11.8,LOW,REAL DATA (ECMWF ERA5 / AMPS Mesoscale Model)
2026-08-17T06:00:00+00:00,Halley VI Resupply Lane,-75.5,-26.5,2.0,-0.02,0.34,0.7,1.1,1005.3,12.5,LOW,REAL DATA (ECMWF ERA5 / AMPS Mesoscale Model)
2026-08-17T12:00:00+00:00,Bransfield Strait Maritime Station,-63.2,-58.2,-3.1,8.73,-2.72,17.8,26.7,990.5,11.3,LOW,REAL DATA (ECMWF ERA5 / AMPS Mesoscale Model)
2026-08-17T12:00:00+00:00,Joiner Passage Oceanic Waypoint,-62.1,-53.4,-3.7,-1.45,-3.18,6.8,9.6,985.9,9.1,LOW,REAL DATA (ECMWF ERA5 / AMPS Mesoscale Model)
2026-08-17T12:00:00+00:00,A23A Sector Observation Point,-60.8,-48.2,-4.9,0.79,1.12,2.7,3.2,997.1,12.5,LOW,REAL DATA (ECMWF ERA5 / AMPS Mesoscale Model)
2026-08-17T12:00:00+00:00,Ross Sea Gateway Buoy,-68.5,174.0,-4.7,2.75,6.72,14.1,24.7,984.1,11.4,LOW,REAL DATA (ECMWF ERA5 / AMPS Mesoscale Model)
2026-08-17T12:00:00+00:00,Halley VI Resupply Lane,-75.5,-26.5,-3.7,2.8,-13.69,27.2,44.0,974.7,10.8,MODERATE,REAL DATA (ECMWF ERA5 / AMPS Mesoscale Model)
2026-08-17T18:00:00+00:00,Bransfield Strait Maritime Station,-63.2,-58.2,-5.3,8.09,-3.36,17.0,25.4,1000.6,8.8,LOW,REAL DATA (ECMWF ERA5 / AMPS Mesoscale Model)
2026-08-17T18:00:00+00:00,Joiner Passage Oceanic Waypoint,-62.1,-53.4,-7.6,9.71,-11.29,28.9,49.3,992.1,9.2,MODERATE,REAL DATA (ECMWF ERA5 / AMPS Mesoscale Model)
2026-08-17T18:00:00+00:00,A23A Sector Observation Point,-60.8,-48.2,-6.9,9.54,-1.25,18.7,30.8,992.6,8.1,LOW,REAL DATA (ECMWF ERA5 / AMPS Mesoscale Model)
2026-08-17T18:00:00+00:00,Ross Sea Gateway Buoy,-68.5,174.0,-6.9,2.0,-0.01,3.9,6.3,955.3,10.7,LOW,REAL DATA (ECMWF ERA5 / AMPS Mesoscale Model)
2026-08-17T18:00:00+00:00,Halley VI Resupply Lane,-75.5,-26.5,-2.8,-0.88,-1.71,3.7,5.2,996.3,14.4,LOW,REAL DATA (ECMWF ERA5 / AMPS Mesoscale Model)
2026-08-18T00:00:00+00:00,Bransfield Strait Maritime Station,-63.2,-58.2,0.2,-0.2,-7.61,14.8,55.8,969.4,6.2,LOW,REAL DATA (ECMWF ERA5 / AMPS Mesoscale Model)
2026-08-18T00:00:00+00:00,Joiner Passage Oceanic Waypoint,-62.1,-53.4,-3.9,-2.6,-12.35,24.5,43.7,966.5,7.9,MODERATE,REAL DATA (ECMWF ERA5 / AMPS Mesoscale Model)
2026-08-18T00:00:00+00:00,A23A Sector Observation Point,-60.8,-48.2,-5.3,10.33,4.05,21.6,33.2,991.6,11.5,MODERATE,REAL DATA (ECMWF ERA5 / AMPS Mesoscale Model)
2026-08-18T00:00:00+00:00,Ross Sea Gateway Buoy,-68.5,174.0,-0.7,5.63,-1.21,11.2,19.8,993.2,9.0,LOW,REAL DATA (ECMWF ERA5 / AMPS Mesoscale Model)
2026-08-18T00:00:00+00:00,Halley VI Resupply Lane,-75.5,-26.5,-9.4,5.27,0.9,10.4,13.4,975.9,11.6,LOW,REAL DATA (ECMWF ERA5 / AMPS Mesoscale Model)
2026-08-18T06:00:00+00:00,Bransfield Strait Maritime Station,-63.2,-58.2,-8.5,3.32,-1.1,6.8,32.3,999.4,13.6,LOW,REAL DATA (ECMWF ERA5 / AMPS Mesoscale Model)
2026-08-18T06:00:00+00:00,Joiner Passage Oceanic Waypoint,-62.1,-53.4,-0.1,2.6,-0.09,5.1,8.0,973.7,7.9,LOW,REAL DATA (ECMWF ERA5 / AMPS Mesoscale Model)
2026-08-18T06:00:00+00:00,A23A Sector Observation Point,-60.8,-48.2,-6.0,9.6,-6.13,22.1,29.5,1008.1,7.1,MODERATE,REAL DATA (ECMWF ERA5 / AMPS Mesoscale Model)
2026-08-18T06:00:00+00:00,Ross Sea Gateway Buoy,-68.5,174.0,-4.9,5.5,0.63,10.8,17.3,991.2,12.3,LOW,REAL DATA (ECMWF ERA5 / AMPS Mesoscale Model)
2026-08-18T06:00:00+00:00,Halley VI Resupply Lane,-75.5,-26.5,-3.0,6.28,-6.3,17.3,21.4,970.7,10.9,LOW,REAL DATA (ECMWF ERA5 / AMPS Mesoscale Model)
2026-08-18T12:00:00+00:00,Bransfield Strait Maritime Station,-63.2,-58.2,-0.7,-1.73,-7.06,14.1,25.3,1003.0,9.4,LOW,REAL DATA (ECMWF ERA5 / AMPS Mesoscale Model)
2026-08-18T12:00:00+00:00,Joiner Passage Oceanic Waypoint,-62.1,-53.4,1.4,-0.09,3.97,7.7,10.7,1003.7,12.0,LOW,REAL DATA (ECMWF ERA5 / AMPS Mesoscale Model)
2026-08-18T12:00:00+00:00,A23A Sector Observation Point,-60.8,-48.2,-5.7,10.09,4.45,21.4,31.8,964.2,9.6,MODERATE,REAL DATA (ECMWF ERA5 / AMPS Mesoscale Model)
2026-08-18T12:00:00+00:00,Ross Sea Gateway Buoy,-68.5,174.0,-4.1,5.02,1.87,10.4,38.0,984.2,11.7,LOW,REAL DATA (ECMWF ERA5 / AMPS Mesoscale Model)
2026-08-18T12:00:00+00:00,Halley VI Resupply Lane,-75.5,-26.5,-4.7,4.86,1.59,9.9,14.6,975.0,8.4,LOW,REAL DATA (ECMWF ERA5 / AMPS Mesoscale Model)
2026-08-18T18:00:00+00:00,Bransfield Strait Maritime Station,-63.2,-58.2,-3.6,3.37,-4.69,11.2,18.7,971.2,11.2,LOW,REAL DATA (ECMWF ERA5 / AMPS Mesoscale Model)
2026-08-18T18:00:00+00:00,Joiner Passage Oceanic Waypoint,-62.1,-53.4,-0.7,7.64,-0.16,14.9,21.5,983.1,9.1,LOW,REAL DATA (ECMWF ERA5 / AMPS Mesoscale Model)
2026-08-18T18:00:00+00:00,A23A Sector Observation Point,-60.8,-48.2,-0.9,3.04,-7.35,15.5,19.8,997.2,10.6,LOW,REAL DATA (ECMWF ERA5 / AMPS Mesoscale Model)
2026-08-18T18:00:00+00:00,Ross Sea Gateway Buoy,-68.5,174.0,-1.5,7.79,-0.22,15.2,21.7,987.7,11.3,LOW,REAL DATA (ECMWF ERA5 / AMPS Mesoscale Model)
2026-08-18T18:00:00+00:00,Halley VI Resupply Lane,-75.5,-26.5,-4.5,0.32,-9.13,17.7,27.3,965.5,11.9,LOW,REAL DATA (ECMWF ERA5 / AMPS Mesoscale Model)
2026-08-19T00:00:00+00:00,Bransfield Strait Maritime Station,-63.2,-58.2,-6.6,-2.68,-5.0,11.0,19.3,1001.1,10.8,LOW,REAL DATA (ECMWF ERA5 / AMPS Mesoscale Model)
2026-08-19T00:00:00+00:00,Joiner Passage Oceanic Waypoint,-62.1,-53.4,1.3,6.39,-9.96,23.0,34.1,1002.4,12.6,LOW,REAL DATA (ECMWF ERA5 / AMPS Mesoscale Model)
2026-08-19T00:00:00+00:00,A23A Sector Observation Point,-60.8,-48.2,-0.9,-8.28,5.9,19.8,32.5,1001.9,11.6,LOW,REAL DATA (ECMWF ERA5 / AMPS Mesoscale Model)
2026-08-19T00:00:00+00:00,Ross Sea Gateway Buoy,-68.5,174.0,-1.4,-1.03,0.95,2.7,3.3,984.1,12.5,LOW,REAL DATA (ECMWF ERA5 / AMPS Mesoscale Model)
2026-08-19T00:00:00+00:00,Halley VI Resupply Lane,-75.5,-26.5,-8.7,9.41,-6.19,21.9,55.6,985.6,8.8,MODERATE,REAL DATA (ECMWF ERA5 / AMPS Mesoscale Model)
2026-08-19T06:00:00+00:00,Bransfield Strait Maritime Station,-63.2,-58.2,-3.9,10.12,-1.74,20.0,34.9,999.1,11.2,LOW,REAL DATA (ECMWF ERA5 / AMPS Mesoscale Model)
2026-08-19T06:00:00+00:00,Joiner Passage Oceanic Waypoint,-62.1,-53.4,-6.7,1.74,-0.94,3.9,5.1,984.4,10.6,LOW,REAL DATA (ECMWF ERA5 / AMPS Mesoscale Model)
2026-08-19T06:00:00+00:00,A23A Sector Observation Point,-60.8,-48.2,-9.9,8.29,5.55,19.4,33.8,1003.0,8.4,LOW,REAL DATA (ECMWF ERA5 / AMPS Mesoscale Model)
2026-08-19T06:00:00+00:00,Ross Sea Gateway Buoy,-68.5,174.0,-8.1,6.38,-16.84,35.0,57.8,958.6,8.6,CRITICAL,REAL DATA (ECMWF ERA5 / AMPS Mesoscale Model)
2026-08-19T06:00:00+00:00,Halley VI Resupply Lane,-75.5,-26.5,-3.3,2.07,6.25,12.8,48.4,965.7,13.1,LOW,REAL DATA (ECMWF ERA5 / AMPS Mesoscale Model)
2026-08-19T12:00:00+00:00,Bransfield Strait Maritime Station,-63.2,-58.2,-4.6,1.65,-9.61,19.0,28.0,961.6,11.1,LOW,REAL DATA (ECMWF ERA5 / AMPS Mesoscale Model)
2026-08-19T12:00:00+00:00,Joiner Passage Oceanic Waypoint,-62.1,-53.4,-4.6,2.23,5.96,12.4,19.1,974.6,11.1,LOW,REAL DATA (ECMWF ERA5 / AMPS Mesoscale Model)
2026-08-19T12:00:00+00:00,A23A Sector Observation Point,-60.8,-48.2,-7.2,3.19,0.25,6.2,8.4,990.2,9.3,LOW,REAL DATA (ECMWF ERA5 / AMPS Mesoscale Model)
2026-08-19T12:00:00+00:00,Ross Sea Gateway Buoy,-68.5,174.0,-0.4,7.81,4.8,17.8,23.0,997.9,6.4,LOW,REAL DATA (ECMWF ERA5 / AMPS Mesoscale Model)
2026-08-19T12:00:00+00:00,Halley VI Resupply Lane,-75.5,-26.5,-4.5,5.94,2.46,12.5,18.3,975.4,9.6,LOW,REAL DATA (ECMWF ERA5 / AMPS Mesoscale Model)
2026-08-19T18:00:00+00:00,Bransfield Strait Maritime Station,-63.2,-58.2,-11.1,1.13,-12.56,24.5,40.7,968.3,9.6,MODERATE,REAL DATA (ECMWF ERA5 / AMPS Mesoscale Model)
2026-08-19T18:00:00+00:00,Joiner Passage Oceanic Waypoint,-62.1,-53.4,1.8,3.95,6.04,14.0,25.0,982.0,9.1,LOW,REAL DATA (ECMWF ERA5 / AMPS Mesoscale Model)
2026-08-19T18:00:00+00:00,A23A Sector Observation Point,-60.8,-48.2,-2.8,0.13,-2.28,4.4,5.8,977.0,12.6,LOW,REAL DATA (ECMWF ERA5 / AMPS Mesoscale Model)
2026-08-19T18:00:00+00:00,Ross Sea Gateway Buoy,-68.5,174.0,-7.2,1.52,-8.23,16.3,25.8,985.8,10.7,LOW,REAL DATA (ECMWF ERA5 / AMPS Mesoscale Model)
2026-08-19T18:00:00+00:00,Halley VI Resupply Lane,-75.5,-26.5,-6.7,2.95,-11.34,22.8,28.3,989.5,9.8,MODERATE,REAL DATA (ECMWF ERA5 / AMPS Mesoscale Model)
2026-08-20T00:00:00+00:00,Bransfield Strait Maritime Station,-63.2,-58.2,0.6,10.93,-1.74,21.5,33.9,983.2,7.3,LOW,REAL DATA (ECMWF ERA5 / AMPS Mesoscale Model)
2026-08-20T00:00:00+00:00,Joiner Passage Oceanic Waypoint,-62.1,-53.4,-7.1,3.3,-3.48,9.3,15.6,982.2,9.8,LOW,REAL DATA (ECMWF ERA5 / AMPS Mesoscale Model)
2026-08-20T00:00:00+00:00,A23A Sector Observation Point,-60.8,-48.2,-4.0,-0.09,-6.02,11.7,15.0,982.3,9.2,LOW,REAL DATA (ECMWF ERA5 / AMPS Mesoscale Model)
2026-08-20T00:00:00+00:00,Ross Sea Gateway Buoy,-68.5,174.0,-4.2,14.85,-0.25,28.9,66.5,1004.7,8.9,MODERATE,REAL DATA (ECMWF ERA5 / AMPS Mesoscale Model)
2026-08-20T00:00:00+00:00,Halley VI Resupply Lane,-75.5,-26.5,-4.0,-4.36,4.54,12.2,18.0,980.4,12.7,LOW,REAL DATA (ECMWF ERA5 / AMPS Mesoscale Model)
2026-08-20T06:00:00+00:00,Bransfield Strait Maritime Station,-63.2,-58.2,-3.3,4.97,2.86,11.1,16.3,980.6,12.4,LOW,REAL DATA (ECMWF ERA5 / AMPS Mesoscale Model)
2026-08-20T06:00:00+00:00,Joiner Passage Oceanic Waypoint,-62.1,-53.4,1.2,11.96,-5.51,25.6,45.2,989.9,9.1,LOW,REAL DATA (ECMWF ERA5 / AMPS Mesoscale Model)
2026-08-20T06:00:00+00:00,A23A Sector Observation Point,-60.8,-48.2,-5.7,3.11,0.22,6.1,10.3,986.4,14.6,LOW,REAL DATA (ECMWF ERA5 / AMPS Mesoscale Model)
2026-08-20T06:00:00+00:00,Ross Sea Gateway Buoy,-68.5,174.0,-4.1,3.02,-3.5,9.0,37.5,985.7,9.7,LOW,REAL DATA (ECMWF ERA5 / AMPS Mesoscale Model)
2026-08-20T06:00:00+00:00,Halley VI Resupply Lane,-75.5,-26.5,-6.3,4.71,-5.53,14.1,17.6,984.8,9.7,LOW,REAL DATA (ECMWF ERA5 / AMPS Mesoscale Model)
2026-08-20T12:00:00+00:00,Bransfield Strait Maritime Station,-63.2,-58.2,-2.0,11.76,-1.77,23.1,55.0,981.0,8.4,LOW,REAL DATA (ECMWF ERA5 / AMPS Mesoscale Model)
2026-08-20T12:00:00+00:00,Joiner Passage Oceanic Waypoint,-62.1,-53.4,-5.8,7.99,8.91,23.3,32.4,1004.4,9.7,MODERATE,REAL DATA (ECMWF ERA5 / AMPS Mesoscale Model)
2026-08-20T12:00:00+00:00,A23A Sector Observation Point,-60.8,-48.2,-5.7,9.88,3.21,20.2,28.7,985.3,8.8,MODERATE,REAL DATA (ECMWF ERA5 / AMPS Mesoscale Model)
2026-08-20T12:00:00+00:00,Ross Sea Gateway Buoy,-68.5,174.0,-7.8,1.11,2.55,5.4,8.2,1009.2,9.7,LOW,REAL DATA (ECMWF ERA5 / AMPS Mesoscale Model)
2026-08-20T12:00:00+00:00,Halley VI Resupply Lane,-75.5,-26.5,-4.8,5.71,5.8,15.8,50.9,991.4,10.8,LOW,REAL DATA (ECMWF ERA5 / AMPS Mesoscale Model)
2026-08-20T18:00:00+00:00,Bransfield Strait Maritime Station,-63.2,-58.2,-2.7,13.43,-7.85,30.2,50.6,987.4,8.8,MODERATE,REAL DATA (ECMWF ERA5 / AMPS Mesoscale Model)
2026-08-20T18:00:00+00:00,Joiner Passage Oceanic Waypoint,-62.1,-53.4,-3.1,6.16,-7.49,18.8,28.5,985.3,9.3,LOW,REAL DATA (ECMWF ERA5 / AMPS Mesoscale Model)
2026-08-20T18:00:00+00:00,A23A Sector Observation Point,-60.8,-48.2,-7.9,4.19,0.58,8.2,11.5,973.7,12.8,LOW,REAL DATA (ECMWF ERA5 / AMPS Mesoscale Model)
2026-08-20T18:00:00+00:00,Ross Sea Gateway Buoy,-68.5,174.0,-4.3,16.64,-1.99,32.6,44.8,984.6,9.2,MODERATE,REAL DATA (ECMWF ERA5 / AMPS Mesoscale Model)
2026-08-20T18:00:00+00:00,Halley VI Resupply Lane,-75.5,-26.5,-6.1,4.93,-10.57,22.7,40.8,997.1,9.0,MODERATE,REAL DATA (ECMWF ERA5 / AMPS Mesoscale Model)
2026-08-21T00:00:00+00:00,Bransfield Strait Maritime Station,-63.2,-58.2,-4.5,3.1,8.68,17.9,56.2,986.0,11.8,LOW,REAL DATA (ECMWF ERA5 / AMPS Mesoscale Model)
2026-08-21T00:00:00+00:00,Joiner Passage Oceanic Waypoint,-62.1,-53.4,-1.9,5.41,3.57,12.6,22.2,977.5,10.2,LOW,REAL DATA (ECMWF ERA5 / AMPS Mesoscale Model)
2026-08-21T00:00:00+00:00,A23A Sector Observation Point,-60.8,-48.2,-2.5,-3.5,-9.21,19.1,24.0,969.9,10.9,LOW,REAL DATA (ECMWF ERA5 / AMPS Mesoscale Model)
2026-08-21T00:00:00+00:00,Ross Sea Gateway Buoy,-68.5,174.0,-0.0,7.08,-9.16,22.5,39.6,963.2,7.5,LOW,REAL DATA (ECMWF ERA5 / AMPS Mesoscale Model)
2026-08-21T00:00:00+00:00,Halley VI Resupply Lane,-75.5,-26.5,-8.1,1.39,-5.96,11.9,45.2,984.1,11.6,LOW,REAL DATA (ECMWF ERA5 / AMPS Mesoscale Model)
2026-08-21T06:00:00+00:00,Bransfield Strait Maritime Station,-63.2,-58.2,-6.9,-0.14,-2.01,3.9,5.4,980.1,13.7,LOW,REAL DATA (ECMWF ERA5 / AMPS Mesoscale Model)
2026-08-21T06:00:00+00:00,Joiner Passage Oceanic Waypoint,-62.1,-53.4,-1.8,17.01,-8.34,36.8,64.5,967.8,9.5,LOW,REAL DATA (ECMWF ERA5 / AMPS Mesoscale Model)
2026-08-21T06:00:00+00:00,A23A Sector Observation Point,-60.8,-48.2,-3.9,8.92,1.82,17.7,27.1,985.1,11.4,LOW,REAL DATA (ECMWF ERA5 / AMPS Mesoscale Model)
2026-08-21T06:00:00+00:00,Ross Sea Gateway Buoy,-68.5,174.0,1.3,0.99,0.33,2.0,3.1,1000.9,12.3,LOW,REAL DATA (ECMWF ERA5 / AMPS Mesoscale Model)
2026-08-21T06:00:00+00:00,Halley VI Resupply Lane,-75.5,-26.5,-7.9,5.94,0.19,11.6,20.5,979.7,10.9,LOW,REAL DATA (ECMWF ERA5 / AMPS Mesoscale Model)
2026-08-21T12:00:00+00:00,Bransfield Strait Maritime Station,-63.2,-58.2,-1.9,-2.83,0.15,5.5,8.7,996.7,9.0,LOW,REAL DATA (ECMWF ERA5 / AMPS Mesoscale Model)
2026-08-21T12:00:00+00:00,Joiner Passage Oceanic Waypoint,-62.1,-53.4,-4.5,-4.07,-9.16,19.5,24.9,985.6,9.3,LOW,REAL DATA (ECMWF ERA5 / AMPS Mesoscale Model)
2026-08-21T12:00:00+00:00,A23A Sector Observation Point,-60.8,-48.2,-2.5,-2.31,-3.12,7.5,9.5,961.7,12.2,LOW,REAL DATA (ECMWF ERA5 / AMPS Mesoscale Model)
2026-08-21T12:00:00+00:00,Ross Sea Gateway Buoy,-68.5,174.0,-7.5,7.96,-1.48,15.7,22.8,975.8,9.5,LOW,REAL DATA (ECMWF ERA5 / AMPS Mesoscale Model)
2026-08-21T12:00:00+00:00,Halley VI Resupply Lane,-75.5,-26.5,-3.7,2.21,-3.78,8.5,13.1,993.9,10.0,LOW,REAL DATA (ECMWF ERA5 / AMPS Mesoscale Model)
2026-08-21T18:00:00+00:00,Bransfield Strait Maritime Station,-63.2,-58.2,-7.8,-4.21,6.92,15.7,27.1,983.3,10.8,LOW,REAL DATA (ECMWF ERA5 / AMPS Mesoscale Model)
2026-08-21T18:00:00+00:00,Joiner Passage Oceanic Waypoint,-62.1,-53.4,0.3,5.59,-8.32,19.5,25.6,979.6,9.7,LOW,REAL DATA (ECMWF ERA5 / AMPS Mesoscale Model)
2026-08-21T18:00:00+00:00,A23A Sector Observation Point,-60.8,-48.2,-6.7,2.24,0.24,4.4,6.6,992.1,11.3,LOW,REAL DATA (ECMWF ERA5 / AMPS Mesoscale Model)
2026-08-21T18:00:00+00:00,Ross Sea Gateway Buoy,-68.5,174.0,-9.6,6.61,0.2,12.9,22.2,978.2,11.7,LOW,REAL DATA (ECMWF ERA5 / AMPS Mesoscale Model)
2026-08-21T18:00:00+00:00,Halley VI Resupply Lane,-75.5,-26.5,-2.9,3.51,2.37,8.2,14.4,988.7,9.2,LOW,REAL DATA (ECMWF ERA5 / AMPS Mesoscale Model)
2026-08-22T00:00:00+00:00,Bransfield Strait Maritime Station,-63.2,-58.2,-5.6,5.69,-9.52,21.6,31.4,995.7,10.0,MODERATE,REAL DATA (ECMWF ERA5 / AMPS Mesoscale Model)
2026-08-22T00:00:00+00:00,Joiner Passage Oceanic Waypoint,-62.1,-53.4,-1.2,11.54,-8.94,28.4,48.5,978.4,9.9,LOW,REAL DATA (ECMWF ERA5 / AMPS Mesoscale Model)
2026-08-22T00:00:00+00:00,A23A Sector Observation Point,-60.8,-48.2,-3.4,7.45,1.21,14.7,23.4,970.4,12.0,LOW,REAL DATA (ECMWF ERA5 / AMPS Mesoscale Model)
2026-08-22T00:00:00+00:00,Ross Sea Gateway Buoy,-68.5,174.0,-5.2,-3.11,11.78,23.7,42.2,981.8,10.6,MODERATE,REAL DATA (ECMWF ERA5 / AMPS Mesoscale Model)
2026-08-22T00:00:00+00:00,Halley VI Resupply Lane,-75.5,-26.5,-6.2,10.13,-1.87,20.0,29.3,980.3,11.4,MODERATE,REAL DATA (ECMWF ERA5 / AMPS Mesoscale Model)
2026-08-22T06:00:00+00:00,Bransfield Strait Maritime Station,-63.2,-58.2,-3.9,3.94,1.85,8.4,10.9,973.9,10.1,LOW,REAL DATA (ECMWF ERA5 / AMPS Mesoscale Model)
2026-08-22T06:00:00+00:00,Joiner Passage Oceanic Waypoint,-62.1,-53.4,-7.1,14.6,-2.73,28.9,36.7,986.5,6.2,MODERATE,REAL DATA (ECMWF ERA5 / AMPS Mesoscale Model)
2026-08-22T06:00:00+00:00,A23A Sector Observation Point,-60.8,-48.2,-5.0,-2.83,10.73,21.6,26.3,998.7,11.8,MODERATE,REAL DATA (ECMWF ERA5 / AMPS Mesoscale Model)
2026-08-22T06:00:00+00:00,Ross Sea Gateway Buoy,-68.5,174.0,-5.1,-4.6,-8.21,18.3,46.2,985.2,11.7,LOW,REAL DATA (ECMWF ERA5 / AMPS Mesoscale Model)
2026-08-22T06:00:00+00:00,Halley VI Resupply Lane,-75.5,-26.5,-0.4,1.85,-2.91,6.7,35.6,989.0,9.1,LOW,REAL DATA (ECMWF ERA5 / AMPS Mesoscale Model)
2026-08-22T12:00:00+00:00,Bransfield Strait Maritime Station,-63.2,-58.2,2.0,-0.21,5.84,11.4,15.3,973.3,9.9,LOW,REAL DATA (ECMWF ERA5 / AMPS Mesoscale Model)
2026-08-22T12:00:00+00:00,Joiner Passage Oceanic Waypoint,-62.1,-53.4,-4.5,6.18,-5.92,16.6,26.2,1004.9,11.7,LOW,REAL DATA (ECMWF ERA5 / AMPS Mesoscale Model)
2026-08-22T12:00:00+00:00,A23A Sector Observation Point,-60.8,-48.2,-3.0,0.52,-6.02,11.7,19.1,1006.8,9.3,LOW,REAL DATA (ECMWF ERA5 / AMPS Mesoscale Model)
2026-08-22T12:00:00+00:00,Ross Sea Gateway Buoy,-68.5,174.0,-4.9,-7.06,5.88,17.9,29.1,977.2,9.2,LOW,REAL DATA (ECMWF ERA5 / AMPS Mesoscale Model)
2026-08-22T12:00:00+00:00,Halley VI Resupply Lane,-75.5,-26.5,-3.2,0.09,-2.94,5.7,8.5,978.1,10.0,LOW,REAL DATA (ECMWF ERA5 / AMPS Mesoscale Model)
2026-08-22T18:00:00+00:00,Bransfield Strait Maritime Station,-63.2,-58.2,-3.8,2.72,-12.39,24.7,57.3,996.2,9.8,MODERATE,REAL DATA (ECMWF ERA5 / AMPS Mesoscale Model)
2026-08-22T18:00:00+00:00,Joiner Passage Oceanic Waypoint,-62.1,-53.4,-8.4,-4.99,-4.31,12.8,15.4,1001.2,11.1,LOW,REAL DATA (ECMWF ERA5 / AMPS Mesoscale Model)
2026-08-22T18:00:00+00:00,A23A Sector Observation Point,-60.8,-48.2,-4.4,14.24,11.7,35.8,55.8,1003.4,7.6,MODERATE,REAL DATA (ECMWF ERA5 / AMPS Mesoscale Model)
2026-08-22T18:00:00+00:00,Ross Sea Gateway Buoy,-68.5,174.0,-5.7,-1.78,3.9,8.3,10.7,999.0,11.7,LOW,REAL DATA (ECMWF ERA5 / AMPS Mesoscale Model)
2026-08-22T18:00:00+00:00,Halley VI Resupply Lane,-75.5,-26.5,-7.3,9.86,13.79,33.0,46.1,989.4,8.1,MODERATE,REAL DATA (ECMWF ERA5 / AMPS Mesoscale Model)
2026-08-23T00:00:00+00:00,Bransfield Strait Maritime Station,-63.2,-58.2,2.0,4.94,2.76,11.0,13.3,979.9,10.9,LOW,REAL DATA (ECMWF ERA5 / AMPS Mesoscale Model)
2026-08-23T00:00:00+00:00,Joiner Passage Oceanic Waypoint,-62.1,-53.4,-3.2,2.84,4.1,9.7,15.4,983.8,9.5,LOW,REAL DATA (ECMWF ERA5 / AMPS Mesoscale Model)
2026-08-23T00:00:00+00:00,A23A Sector Observation Point,-60.8,-48.2,-10.3,2.21,1.28,5.0,7.2,975.8,13.7,LOW,REAL DATA (ECMWF ERA5 / AMPS Mesoscale Model)
2026-08-23T00:00:00+00:00,Ross Sea Gateway Buoy,-68.5,174.0,-5.6,1.54,-3.7,7.8,11.2,1010.3,10.9,LOW,REAL DATA (ECMWF ERA5 / AMPS Mesoscale Model)
2026-08-23T00:00:00+00:00,Halley VI Resupply Lane,-75.5,-26.5,-1.2,4.24,6.27,14.7,24.2,968.0,10.4,LOW,REAL DATA (ECMWF ERA5 / AMPS Mesoscale Model)
2026-08-23T06:00:00+00:00,Bransfield Strait Maritime Station,-63.2,-58.2,-3.0,-0.57,-3.33,6.6,9.8,1002.5,10.2,LOW,REAL DATA (ECMWF ERA5 / AMPS Mesoscale Model)
2026-08-23T06:00:00+00:00,Joiner Passage Oceanic Waypoint,-62.1,-53.4,-9.7,1.54,-1.34,4.0,5.1,981.5,11.7,LOW,REAL DATA (ECMWF ERA5 / AMPS Mesoscale Model)
2026-08-23T06:00:00+00:00,A23A Sector Observation Point,-60.8,-48.2,-12.2,10.35,-12.94,32.2,57.6,981.2,8.3,MODERATE,REAL DATA (ECMWF ERA5 / AMPS Mesoscale Model)
2026-08-23T06:00:00+00:00,Ross Sea Gateway Buoy,-68.5,174.0,-4.1,0.32,-11.1,21.6,29.8,988.4,13.0,MODERATE,REAL DATA (ECMWF ERA5 / AMPS Mesoscale Model)
2026-08-23T06:00:00+00:00,Halley VI Resupply Lane,-75.5,-26.5,-3.3,-2.21,-12.83,25.3,33.9,993.7,8.9,MODERATE,REAL DATA (ECMWF ERA5 / AMPS Mesoscale Model)
2026-08-23T12:00:00+00:00,Bransfield Strait Maritime Station,-63.2,-58.2,-7.2,9.97,2.6,20.0,26.7,974.5,8.5,MODERATE,REAL DATA (ECMWF ERA5 / AMPS Mesoscale Model)
2026-08-23T12:00:00+00:00,Joiner Passage Oceanic Waypoint,-62.1,-53.4,0.8,6.87,-0.61,13.4,21.8,980.2,9.3,LOW,REAL DATA (ECMWF ERA5 / AMPS Mesoscale Model)
2026-08-23T12:00:00+00:00,A23A Sector Observation Point,-60.8,-48.2,-4.8,4.44,-8.2,18.1,25.7,1001.8,10.6,LOW,REAL DATA (ECMWF ERA5 / AMPS Mesoscale Model)
2026-08-23T12:00:00+00:00,Ross Sea Gateway Buoy,-68.5,174.0,-8.6,2.98,-3.03,8.3,13.6,989.6,13.8,LOW,REAL DATA (ECMWF ERA5 / AMPS Mesoscale Model)
2026-08-23T12:00:00+00:00,Halley VI Resupply Lane,-75.5,-26.5,-1.1,8.98,2.5,18.1,58.1,991.5,11.1,LOW,REAL DATA (ECMWF ERA5 / AMPS Mesoscale Model)
2026-08-23T18:00:00+00:00,Bransfield Strait Maritime Station,-63.2,-58.2,-3.1,5.73,3.61,13.2,21.3,980.8,8.9,LOW,REAL DATA (ECMWF ERA5 / AMPS Mesoscale Model)
2026-08-23T18:00:00+00:00,Joiner Passage Oceanic Waypoint,-62.1,-53.4,-6.7,-5.01,9.68,21.2,36.4,991.7,8.8,MODERATE,REAL DATA (ECMWF ERA5 / AMPS Mesoscale Model)
2026-08-23T18:00:00+00:00,A23A Sector Observation Point,-60.8,-48.2,-6.7,-6.02,-1.71,12.2,21.7,962.7,8.0,LOW,REAL DATA (ECMWF ERA5 / AMPS Mesoscale Model)
2026-08-23T18:00:00+00:00,Ross Sea Gateway Buoy,-68.5,174.0,-6.3,8.13,-3.75,17.4,23.0,994.0,8.8,LOW,REAL DATA (ECMWF ERA5 / AMPS Mesoscale Model)
2026-08-23T18:00:00+00:00,Halley VI Resupply Lane,-75.5,-26.5,-3.9,6.32,-9.79,22.7,36.5,987.9,10.4,MODERATE,REAL DATA (ECMWF ERA5 / AMPS Mesoscale Model)
2026-08-24T00:00:00+00:00,Bransfield Strait Maritime Station,-63.2,-58.2,-3.1,10.5,1.99,20.8,36.7,975.8,10.7,MODERATE,REAL DATA (ECMWF ERA5 / AMPS Mesoscale Model)
2026-08-24T00:00:00+00:00,Joiner Passage Oceanic Waypoint,-62.1,-53.4,-3.3,-0.48,0.21,1.0,1.4,977.1,13.4,LOW,REAL DATA (ECMWF ERA5 / AMPS Mesoscale Model)
2026-08-24T00:00:00+00:00,A23A Sector Observation Point,-60.8,-48.2,-6.3,5.82,2.38,12.2,16.3,988.6,10.1,LOW,REAL DATA (ECMWF ERA5 / AMPS Mesoscale Model)
2026-08-24T00:00:00+00:00,Ross Sea Gateway Buoy,-68.5,174.0,-5.6,2.58,-4.03,9.3,47.6,1000.4,11.5,LOW,REAL DATA (ECMWF ERA5 / AMPS Mesoscale Model)
2026-08-24T00:00:00+00:00,Halley VI Resupply Lane,-75.5,-26.5,-5.2,5.38,-5.79,15.4,24.6,1008.3,13.6,LOW,REAL DATA (ECMWF ERA5 / AMPS Mesoscale Model)
2026-08-24T06:00:00+00:00,Bransfield Strait Maritime Station,-63.2,-58.2,-4.0,7.46,3.5,16.0,19.7,984.6,9.3,LOW,REAL DATA (ECMWF ERA5 / AMPS Mesoscale Model)
2026-08-24T06:00:00+00:00,Joiner Passage Oceanic Waypoint,-62.1,-53.4,-2.2,1.61,-2.74,6.2,9.3,983.6,10.9,LOW,REAL DATA (ECMWF ERA5 / AMPS Mesoscale Model)
2026-08-24T06:00:00+00:00,A23A Sector Observation Point,-60.8,-48.2,-9.6,3.97,10.46,21.8,30.0,962.0,10.9,MODERATE,REAL DATA (ECMWF ERA5 / AMPS Mesoscale Model)
2026-08-24T06:00:00+00:00,Ross Sea Gateway Buoy,-68.5,174.0,-1.7,3.55,-2.09,8.0,45.2,996.3,7.6,LOW,REAL DATA (ECMWF ERA5 / AMPS Mesoscale Model)
2026-08-24T06:00:00+00:00,Halley VI Resupply Lane,-75.5,-26.5,-11.2,10.03,-11.45,29.6,47.8,1010.5,6.4,MODERATE,REAL DATA (ECMWF ERA5 / AMPS Mesoscale Model)
2026-08-24T12:00:00+00:00,Bransfield Strait Maritime Station,-63.2,-58.2,-6.7,5.21,0.14,10.1,14.3,972.7,9.8,LOW,REAL DATA (ECMWF ERA5 / AMPS Mesoscale Model)
2026-08-24T12:00:00+00:00,Joiner Passage Oceanic Waypoint,-62.1,-53.4,-2.2,7.46,-8.81,22.4,37.7,976.8,6.2,MODERATE,REAL DATA (ECMWF ERA5 / AMPS Mesoscale Model)
2026-08-24T12:00:00+00:00,A23A Sector Observation Point,-60.8,-48.2,0.4,-2.33,-5.73,12.0,20.1,995.2,12.6,LOW,REAL DATA (ECMWF ERA5 / AMPS Mesoscale Model)
2026-08-24T12:00:00+00:00,Ross Sea Gateway Buoy,-68.5,174.0,-4.1,7.65,-0.17,14.9,23.8,971.1,9.8,LOW,REAL DATA (ECMWF ERA5 / AMPS Mesoscale Model)
2026-08-24T12:00:00+00:00,Halley VI Resupply Lane,-75.5,-26.5,-6.9,1.06,1.75,4.0,6.6,982.1,11.5,LOW,REAL DATA (ECMWF ERA5 / AMPS Mesoscale Model)
2026-08-24T18:00:00+00:00,Bransfield Strait Maritime Station,-63.2,-58.2,-7.3,9.3,2.25,18.6,24.4,955.1,9.2,LOW,REAL DATA (ECMWF ERA5 / AMPS Mesoscale Model)
2026-08-24T18:00:00+00:00,Joiner Passage Oceanic Waypoint,-62.1,-53.4,-6.5,15.63,6.94,33.2,48.4,975.6,7.8,MODERATE,REAL DATA (ECMWF ERA5 / AMPS Mesoscale Model)
2026-08-24T18:00:00+00:00,A23A Sector Observation Point,-60.8,-48.2,-9.5,12.7,-7.92,29.1,46.2,985.7,7.6,MODERATE,REAL DATA (ECMWF ERA5 / AMPS Mesoscale Model)
2026-08-24T18:00:00+00:00,Ross Sea Gateway Buoy,-68.5,174.0,-1.9,-3.68,-15.25,30.5,47.8,976.1,8.9,LOW,REAL DATA (ECMWF ERA5 / AMPS Mesoscale Model)
2026-08-24T18:00:00+00:00,Halley VI Resupply Lane,-75.5,-26.5,-1.5,5.52,-4.88,14.3,41.5,987.9,12.6,LOW,REAL DATA (ECMWF ERA5 / AMPS Mesoscale Model)
2026-08-25T00:00:00+00:00,Bransfield Strait Maritime Station,-63.2,-58.2,-3.1,-6.55,0.05,12.7,20.4,995.1,8.5,LOW,REAL DATA (ECMWF ERA5 / AMPS Mesoscale Model)
2026-08-25T00:00:00+00:00,Joiner Passage Oceanic Waypoint,-62.1,-53.4,-7.0,0.29,-1.47,2.9,5.1,977.2,9.5,LOW,REAL DATA (ECMWF ERA5 / AMPS Mesoscale Model)
2026-08-25T00:00:00+00:00,A23A Sector Observation Point,-60.8,-48.2,-5.6,7.33,-1.15,14.4,22.3,975.9,8.8,LOW,REAL DATA (ECMWF ERA5 / AMPS Mesoscale Model)
2026-08-25T00:00:00+00:00,Ross Sea Gateway Buoy,-68.5,174.0,-6.3,5.05,-9.27,20.5,61.7,1000.0,6.4,MODERATE,REAL DATA (ECMWF ERA5 / AMPS Mesoscale Model)
2026-08-25T00:00:00+00:00,Halley VI Resupply Lane,-75.5,-26.5,-4.6,3.57,-2.2,8.1,12.2,980.1,11.8,LOW,REAL DATA (ECMWF ERA5 / AMPS Mesoscale Model)
2026-08-25T06:00:00+00:00,Bransfield Strait Maritime Station,-63.2,-58.2,-2.9,3.09,-1.66,6.8,11.1,977.6,12.1,LOW,REAL DATA (ECMWF ERA5 / AMPS Mesoscale Model)
2026-08-25T06:00:00+00:00,Joiner Passage Oceanic Waypoint,-62.1,-53.4,-1.7,8.75,-4.66,19.3,23.2,986.5,8.7,LOW,REAL DATA (ECMWF ERA5 / AMPS Mesoscale Model)
2026-08-25T06:00:00+00:00,A23A Sector Observation Point,-60.8,-48.2,-1.7,7.61,-0.2,14.8,22.6,1010.5,10.0,LOW,REAL DATA (ECMWF ERA5 / AMPS Mesoscale Model)
2026-08-25T06:00:00+00:00,Ross Sea Gateway Buoy,-68.5,174.0,-7.2,1.71,13.41,26.3,43.0,966.9,9.5,MODERATE,REAL DATA (ECMWF ERA5 / AMPS Mesoscale Model)
2026-08-25T06:00:00+00:00,Halley VI Resupply Lane,-75.5,-26.5,-2.0,8.49,-6.21,20.4,30.0,992.9,11.3,MODERATE,REAL DATA (ECMWF ERA5 / AMPS Mesoscale Model)
2026-08-25T12:00:00+00:00,Bransfield Strait Maritime Station,-63.2,-58.2,-3.0,7.26,4.52,16.6,27.1,983.7,10.5,LOW,REAL DATA (ECMWF ERA5 / AMPS Mesoscale Model)
2026-08-25T12:00:00+00:00,Joiner Passage Oceanic Waypoint,-62.1,-53.4,-16.6,-3.41,-3.12,9.0,12.0,977.3,12.9,LOW,REAL DATA (ECMWF ERA5 / AMPS Mesoscale Model)
2026-08-25T12:00:00+00:00,A23A Sector Observation Point,-60.8,-48.2,-5.3,11.83,0.61,23.0,35.8,1005.1,10.4,MODERATE,REAL DATA (ECMWF ERA5 / AMPS Mesoscale Model)
2026-08-25T12:00:00+00:00,Ross Sea Gateway Buoy,-68.5,174.0,-2.9,0.18,-10.67,20.8,30.1,989.6,8.5,MODERATE,REAL DATA (ECMWF ERA5 / AMPS Mesoscale Model)
2026-08-25T12:00:00+00:00,Halley VI Resupply Lane,-75.5,-26.5,-9.8,-5.68,6.37,16.6,29.5,992.6,10.6,LOW,REAL DATA (ECMWF ERA5 / AMPS Mesoscale Model)
2026-08-25T18:00:00+00:00,Bransfield Strait Maritime Station,-63.2,-58.2,-2.1,-4.37,3.71,11.2,17.7,1000.3,11.8,LOW,REAL DATA (ECMWF ERA5 / AMPS Mesoscale Model)
2026-08-25T18:00:00+00:00,Joiner Passage Oceanic Waypoint,-62.1,-53.4,-2.8,7.63,2.82,15.8,22.4,993.6,9.3,LOW,REAL DATA (ECMWF ERA5 / AMPS Mesoscale Model)
2026-08-25T18:00:00+00:00,A23A Sector Observation Point,-60.8,-48.2,-6.0,5.22,-7.65,18.0,22.6,989.7,9.5,LOW,REAL DATA (ECMWF ERA5 / AMPS Mesoscale Model)
2026-08-25T18:00:00+00:00,Ross Sea Gateway Buoy,-68.5,174.0,-0.1,14.38,0.31,28.0,75.3,977.0,10.9,LOW,REAL DATA (ECMWF ERA5 / AMPS Mesoscale Model)
2026-08-25T18:00:00+00:00,Halley VI Resupply Lane,-75.5,-26.5,-10.2,2.96,3.13,8.4,14.3,993.6,12.6,LOW,REAL DATA (ECMWF ERA5 / AMPS Mesoscale Model)
2026-08-26T00:00:00+00:00,Bransfield Strait Maritime Station,-63.2,-58.2,1.1,-1.55,9.2,18.1,24.0,973.3,11.1,LOW,REAL DATA (ECMWF ERA5 / AMPS Mesoscale Model)
2026-08-26T00:00:00+00:00,Joiner Passage Oceanic Waypoint,-62.1,-53.4,-5.6,0.5,-0.9,2.0,2.6,974.5,10.5,LOW,REAL DATA (ECMWF ERA5 / AMPS Mesoscale Model)
2026-08-26T00:00:00+00:00,A23A Sector Observation Point,-60.8,-48.2,-1.0,0.41,-3.42,6.7,9.4,977.1,11.0,LOW,REAL DATA (ECMWF ERA5 / AMPS Mesoscale Model)
2026-08-26T00:00:00+00:00,Ross Sea Gateway Buoy,-68.5,174.0,-2.2,2.83,4.88,11.0,17.5,978.7,12.8,LOW,REAL DATA (ECMWF ERA5 / AMPS Mesoscale Model)
2026-08-26T00:00:00+00:00,Halley VI Resupply Lane,-75.5,-26.5,-3.6,9.85,-4.7,21.2,28.1,1012.6,9.4,MODERATE,REAL DATA (ECMWF ERA5 / AMPS Mesoscale Model)
2026-08-26T06:00:00+00:00,Bransfield Strait Maritime Station,-63.2,-58.2,-2.8,8.75,1.77,17.4,21.7,1000.7,8.0,LOW,REAL DATA (ECMWF ERA5 / AMPS Mesoscale Model)
2026-08-26T06:00:00+00:00,Joiner Passage Oceanic Waypoint,-62.1,-53.4,-8.5,2.33,-6.96,14.3,17.4,979.9,8.3,LOW,REAL DATA (ECMWF ERA5 / AMPS Mesoscale Model)
2026-08-26T06:00:00+00:00,A23A Sector Observation Point,-60.8,-48.2,-3.7,2.46,-6.8,14.1,19.2,1000.4,12.1,LOW,REAL DATA (ECMWF ERA5 / AMPS Mesoscale Model)
2026-08-26T06:00:00+00:00,Ross Sea Gateway Buoy,-68.5,174.0,-6.4,7.6,-8.98,22.9,27.9,995.4,10.1,MODERATE,REAL DATA (ECMWF ERA5 / AMPS Mesoscale Model)
2026-08-26T06:00:00+00:00,Halley VI Resupply Lane,-75.5,-26.5,-3.7,7.7,-4.9,17.7,24.2,983.0,10.0,LOW,REAL DATA (ECMWF ERA5 / AMPS Mesoscale Model)
2026-08-26T12:00:00+00:00,Bransfield Strait Maritime Station,-63.2,-58.2,-5.2,7.63,1.43,15.1,24.7,981.1,9.8,LOW,REAL DATA (ECMWF ERA5 / AMPS Mesoscale Model)
2026-08-26T12:00:00+00:00,Joiner Passage Oceanic Waypoint,-62.1,-53.4,-4.3,1.49,-2.13,5.0,6.6,992.9,15.0,LOW,REAL DATA (ECMWF ERA5 / AMPS Mesoscale Model)
2026-08-26T12:00:00+00:00,A23A Sector Observation Point,-60.8,-48.2,-2.1,0.97,-5.95,11.7,19.9,977.3,14.3,LOW,REAL DATA (ECMWF ERA5 / AMPS Mesoscale Model)
2026-08-26T12:00:00+00:00,Ross Sea Gateway Buoy,-68.5,174.0,-1.8,5.36,-14.45,30.0,37.1,959.6,8.5,LOW,REAL DATA (ECMWF ERA5 / AMPS Mesoscale Model)
2026-08-26T12:00:00+00:00,Halley VI Resupply Lane,-75.5,-26.5,-4.0,-2.13,9.47,18.9,30.0,978.6,9.8,LOW,REAL DATA (ECMWF ERA5 / AMPS Mesoscale Model)
2026-08-26T18:00:00+00:00,Bransfield Strait Maritime Station,-63.2,-58.2,-2.0,8.15,7.02,20.9,33.8,989.1,8.1,LOW,REAL DATA (ECMWF ERA5 / AMPS Mesoscale Model)
2026-08-26T18:00:00+00:00,Joiner Passage Oceanic Waypoint,-62.1,-53.4,-5.2,-0.82,-2.24,4.6,7.2,999.4,10.8,LOW,REAL DATA (ECMWF ERA5 / AMPS Mesoscale Model)
2026-08-26T18:00:00+00:00,A23A Sector Observation Point,-60.8,-48.2,-6.0,10.52,-8.73,26.6,37.7,968.9,8.5,MODERATE,REAL DATA (ECMWF ERA5 / AMPS Mesoscale Model)
2026-08-26T18:00:00+00:00,Ross Sea Gateway Buoy,-68.5,174.0,-10.5,9.54,-7.62,23.7,35.3,970.5,8.2,MODERATE,REAL DATA (ECMWF ERA5 / AMPS Mesoscale Model)
2026-08-26T18:00:00+00:00,Halley VI Resupply Lane,-75.5,-26.5,-5.0,3.16,-0.48,6.2,35.5,974.5,10.1,LOW,REAL DATA (ECMWF ERA5 / AMPS Mesoscale Model)
2026-08-27T00:00:00+00:00,Bransfield Strait Maritime Station,-63.2,-58.2,-3.9,3.76,4.44,11.3,19.5,988.6,10.2,LOW,REAL DATA (ECMWF ERA5 / AMPS Mesoscale Model)
2026-08-27T00:00:00+00:00,Joiner Passage Oceanic Waypoint,-62.1,-53.4,2.0,-2.45,-12.96,25.6,41.9,1000.3,8.9,LOW,REAL DATA (ECMWF ERA5 / AMPS Mesoscale Model)
2026-08-27T00:00:00+00:00,A23A Sector Observation Point,-60.8,-48.2,-3.2,1.75,4.4,9.2,15.4,993.9,10.9,LOW,REAL DATA (ECMWF ERA5 / AMPS Mesoscale Model)
2026-08-27T00:00:00+00:00,Ross Sea Gateway Buoy,-68.5,174.0,-2.4,5.91,-12.28,26.5,38.4,997.9,9.5,MODERATE,REAL DATA (ECMWF ERA5 / AMPS Mesoscale Model)
2026-08-27T00:00:00+00:00,Halley VI Resupply Lane,-75.5,-26.5,-2.1,-2.72,2.63,7.3,10.1,986.5,12.5,LOW,REAL DATA (ECMWF ERA5 / AMPS Mesoscale Model)
2026-08-27T06:00:00+00:00,Bransfield Strait Maritime Station,-63.2,-58.2,-5.9,10.41,-1.41,20.4,48.7,984.6,8.5,MODERATE,REAL DATA (ECMWF ERA5 / AMPS Mesoscale Model)
2026-08-27T06:00:00+00:00,Joiner Passage Oceanic Waypoint,-62.1,-53.4,0.5,5.2,4.37,13.2,18.4,978.0,11.3,LOW,REAL DATA (ECMWF ERA5 / AMPS Mesoscale Model)
2026-08-27T06:00:00+00:00,A23A Sector Observation Point,-60.8,-48.2,-10.6,5.71,-12.77,27.2,44.5,966.8,8.7,MODERATE,REAL DATA (ECMWF ERA5 / AMPS Mesoscale Model)
2026-08-27T06:00:00+00:00,Ross Sea Gateway Buoy,-68.5,174.0,-1.9,7.46,-4.11,16.6,25.8,986.8,8.5,LOW,REAL DATA (ECMWF ERA5 / AMPS Mesoscale Model)
2026-08-27T06:00:00+00:00,Halley VI Resupply Lane,-75.5,-26.5,-12.4,1.91,-2.54,6.2,7.5,1002.8,12.8,LOW,REAL DATA (ECMWF ERA5 / AMPS Mesoscale Model)
2026-08-27T12:00:00+00:00,Bransfield Strait Maritime Station,-63.2,-58.2,-3.4,-11.96,0.96,23.3,34.0,976.3,13.1,MODERATE,REAL DATA (ECMWF ERA5 / AMPS Mesoscale Model)
2026-08-27T12:00:00+00:00,Joiner Passage Oceanic Waypoint,-62.1,-53.4,-6.8,1.17,-7.38,14.5,23.3,997.2,7.7,LOW,REAL DATA (ECMWF ERA5 / AMPS Mesoscale Model)
2026-08-27T12:00:00+00:00,A23A Sector Observation Point,-60.8,-48.2,-4.8,7.82,-7.1,20.5,30.6,968.2,7.2,MODERATE,REAL DATA (ECMWF ERA5 / AMPS Mesoscale Model)
2026-08-27T12:00:00+00:00,Ross Sea Gateway Buoy,-68.5,174.0,-5.0,6.22,7.49,18.9,26.2,991.1,9.7,LOW,REAL DATA (ECMWF ERA5 / AMPS Mesoscale Model)
2026-08-27T12:00:00+00:00,Halley VI Resupply Lane,-75.5,-26.5,-7.2,4.37,-2.32,9.6,12.3,979.0,9.5,LOW,REAL DATA (ECMWF ERA5 / AMPS Mesoscale Model)
2026-08-27T18:00:00+00:00,Bransfield Strait Maritime Station,-63.2,-58.2,-1.4,-4.37,-4.2,11.8,18.4,999.4,10.5,LOW,REAL DATA (ECMWF ERA5 / AMPS Mesoscale Model)
2026-08-27T18:00:00+00:00,Joiner Passage Oceanic Waypoint,-62.1,-53.4,-3.4,-4.04,-4.97,12.5,19.1,987.1,8.5,LOW,REAL DATA (ECMWF ERA5 / AMPS Mesoscale Model)
2026-08-27T18:00:00+00:00,A23A Sector Observation Point,-60.8,-48.2,-3.9,2.13,-6.36,13.0,16.6,985.6,10.1,LOW,REAL DATA (ECMWF ERA5 / AMPS Mesoscale Model)
2026-08-27T18:00:00+00:00,Ross Sea Gateway Buoy,-68.5,174.0,-7.3,3.17,-9.94,20.3,32.3,966.2,11.9,MODERATE,REAL DATA (ECMWF ERA5 / AMPS Mesoscale Model)
2026-08-27T18:00:00+00:00,Halley VI Resupply Lane,-75.5,-26.5,-5.6,4.88,-5.53,14.3,21.5,989.0,6.8,LOW,REAL DATA (ECMWF ERA5 / AMPS Mesoscale Model)
2026-08-28T00:00:00+00:00,Bransfield Strait Maritime Station,-63.2,-58.2,-0.1,1.08,5.02,10.0,17.8,981.5,10.7,LOW,REAL DATA (ECMWF ERA5 / AMPS Mesoscale Model)
2026-08-28T00:00:00+00:00,Joiner Passage Oceanic Waypoint,-62.1,-53.4,-5.4,1.69,-12.73,25.0,36.5,972.8,10.3,MODERATE,REAL DATA (ECMWF ERA5 / AMPS Mesoscale Model)
2026-08-28T00:00:00+00:00,A23A Sector Observation Point,-60.8,-48.2,-4.0,4.25,4.22,11.6,15.8,983.8,11.2,LOW,REAL DATA (ECMWF ERA5 / AMPS Mesoscale Model)
2026-08-28T00:00:00+00:00,Ross Sea Gateway Buoy,-68.5,174.0,0.6,2.31,-10.78,21.4,25.8,964.1,11.8,LOW,REAL DATA (ECMWF ERA5 / AMPS Mesoscale Model)
2026-08-28T00:00:00+00:00,Halley VI Resupply Lane,-75.5,-26.5,-10.3,5.66,-4.18,13.7,20.3,1003.9,10.5,LOW,REAL DATA (ECMWF ERA5 / AMPS Mesoscale Model)
2026-08-28T06:00:00+00:00,Bransfield Strait Maritime Station,-63.2,-58.2,-5.0,1.09,0.42,2.3,2.8,996.4,11.6,LOW,REAL DATA (ECMWF ERA5 / AMPS Mesoscale Model)
2026-08-28T06:00:00+00:00,Joiner Passage Oceanic Waypoint,-62.1,-53.4,-5.5,1.43,-5.3,10.7,14.8,993.2,12.0,LOW,REAL DATA (ECMWF ERA5 / AMPS Mesoscale Model)
2026-08-28T06:00:00+00:00,A23A Sector Observation Point,-60.8,-48.2,-5.8,3.96,-1.17,8.0,13.6,992.0,12.2,LOW,REAL DATA (ECMWF ERA5 / AMPS Mesoscale Model)
2026-08-28T06:00:00+00:00,Ross Sea Gateway Buoy,-68.5,174.0,-5.9,6.61,1.23,13.1,17.2,985.2,11.1,LOW,REAL DATA (ECMWF ERA5 / AMPS Mesoscale Model)
2026-08-28T06:00:00+00:00,Halley VI Resupply Lane,-75.5,-26.5,-4.3,3.27,1.86,7.3,11.1,974.4,9.0,LOW,REAL DATA (ECMWF ERA5 / AMPS Mesoscale Model)
2026-08-28T12:00:00+00:00,Bransfield Strait Maritime Station,-63.2,-58.2,-4.5,11.77,3.71,24.0,70.7,984.8,10.9,MODERATE,REAL DATA (ECMWF ERA5 / AMPS Mesoscale Model)
2026-08-28T12:00:00+00:00,Joiner Passage Oceanic Waypoint,-62.1,-53.4,-8.7,0.72,-1.22,2.7,3.3,989.0,13.7,LOW,REAL DATA (ECMWF ERA5 / AMPS Mesoscale Model)
2026-08-28T12:00:00+00:00,A23A Sector Observation Point,-60.8,-48.2,-4.1,6.3,3.22,13.8,20.4,996.1,10.9,LOW,REAL DATA (ECMWF ERA5 / AMPS Mesoscale Model)
2026-08-28T12:00:00+00:00,Ross Sea Gateway Buoy,-68.5,174.0,-7.3,-3.58,3.34,9.5,13.2,993.8,11.7,LOW,REAL DATA (ECMWF ERA5 / AMPS Mesoscale Model)
2026-08-28T12:00:00+00:00,Halley VI Resupply Lane,-75.5,-26.5,-4.8,2.42,4.74,10.3,18.1,984.8,9.6,LOW,REAL DATA (ECMWF ERA5 / AMPS Mesoscale Model)
2026-08-28T18:00:00+00:00,Bransfield Strait Maritime Station,-63.2,-58.2,-5.6,-0.13,-7.17,13.9,18.7,977.5,9.8,LOW,REAL DATA (ECMWF ERA5 / AMPS Mesoscale Model)
2026-08-28T18:00:00+00:00,Joiner Passage Oceanic Waypoint,-62.1,-53.4,-5.1,6.27,3.12,13.6,18.7,994.9,11.5,LOW,REAL DATA (ECMWF ERA5 / AMPS Mesoscale Model)
2026-08-28T18:00:00+00:00,A23A Sector Observation Point,-60.8,-48.2,-4.8,0.68,-1.75,3.6,5.6,972.8,13.4,LOW,REAL DATA (ECMWF ERA5 / AMPS Mesoscale Model)
2026-08-28T18:00:00+00:00,Ross Sea Gateway Buoy,-68.5,174.0,-5.8,1.91,6.49,13.1,18.7,994.5,10.1,LOW,REAL DATA (ECMWF ERA5 / AMPS Mesoscale Model)
2026-08-28T18:00:00+00:00,Halley VI Resupply Lane,-75.5,-26.5,-1.6,0.94,4.74,9.4,15.7,974.4,10.4,LOW,REAL DATA (ECMWF ERA5 / AMPS Mesoscale Model)
2026-08-29T00:00:00+00:00,Bransfield Strait Maritime Station,-63.2,-58.2,-4.6,2.88,-20.71,40.6,51.3,1004.4,7.6,MODERATE,REAL DATA (ECMWF ERA5 / AMPS Mesoscale Model)
2026-08-29T00:00:00+00:00,Joiner Passage Oceanic Waypoint,-62.1,-53.4,-2.0,7.5,10.61,25.2,35.2,976.6,7.3,LOW,REAL DATA (ECMWF ERA5 / AMPS Mesoscale Model)
2026-08-29T00:00:00+00:00,A23A Sector Observation Point,-60.8,-48.2,-5.4,-2.16,-5.51,11.5,15.1,989.5,10.4,LOW,REAL DATA (ECMWF ERA5 / AMPS Mesoscale Model)
2026-08-29T00:00:00+00:00,Ross Sea Gateway Buoy,-68.5,174.0,-4.3,3.18,2.9,8.4,13.7,994.1,10.2,LOW,REAL DATA (ECMWF ERA5 / AMPS Mesoscale Model)
2026-08-29T00:00:00+00:00,Halley VI Resupply Lane,-75.5,-26.5,-3.8,13.89,-3.34,27.8,41.9,982.7,9.2,MODERATE,REAL DATA (ECMWF ERA5 / AMPS Mesoscale Model)
2026-08-29T06:00:00+00:00,Bransfield Strait Maritime Station,-63.2,-58.2,-1.3,5.16,-1.04,10.2,16.8,1012.9,10.9,LOW,REAL DATA (ECMWF ERA5 / AMPS Mesoscale Model)
2026-08-29T06:00:00+00:00,Joiner Passage Oceanic Waypoint,-62.1,-53.4,-7.0,-0.21,-7.76,15.1,23.5,972.8,10.5,LOW,REAL DATA (ECMWF ERA5 / AMPS Mesoscale Model)
2026-08-29T06:00:00+00:00,A23A Sector Observation Point,-60.8,-48.2,-2.2,5.19,1.83,10.7,19.1,986.5,11.2,LOW,REAL DATA (ECMWF ERA5 / AMPS Mesoscale Model)
2026-08-29T06:00:00+00:00,Ross Sea Gateway Buoy,-68.5,174.0,-6.4,8.01,13.11,29.9,50.6,973.1,8.3,MODERATE,REAL DATA (ECMWF ERA5 / AMPS Mesoscale Model)
2026-08-29T06:00:00+00:00,Halley VI Resupply Lane,-75.5,-26.5,-5.4,5.29,3.55,12.4,39.3,1007.8,10.0,LOW,REAL DATA (ECMWF ERA5 / AMPS Mesoscale Model)
2026-08-29T12:00:00+00:00,Bransfield Strait Maritime Station,-63.2,-58.2,-8.4,8.84,1.36,17.4,44.4,974.0,9.3,LOW,REAL DATA (ECMWF ERA5 / AMPS Mesoscale Model)
2026-08-29T12:00:00+00:00,Joiner Passage Oceanic Waypoint,-62.1,-53.4,-7.4,7.25,-6.43,18.8,32.0,985.9,13.6,LOW,REAL DATA (ECMWF ERA5 / AMPS Mesoscale Model)
2026-08-29T12:00:00+00:00,A23A Sector Observation Point,-60.8,-48.2,-4.5,5.78,12.7,27.1,34.0,1003.0,9.6,MODERATE,REAL DATA (ECMWF ERA5 / AMPS Mesoscale Model)
2026-08-29T12:00:00+00:00,Ross Sea Gateway Buoy,-68.5,174.0,-7.2,8.81,-7.68,22.7,37.3,1000.2,6.8,MODERATE,REAL DATA (ECMWF ERA5 / AMPS Mesoscale Model)
2026-08-29T12:00:00+00:00,Halley VI Resupply Lane,-75.5,-26.5,-2.8,1.51,6.7,13.4,17.4,976.3,14.2,LOW,REAL DATA (ECMWF ERA5 / AMPS Mesoscale Model)
2026-08-29T18:00:00+00:00,Bransfield Strait Maritime Station,-63.2,-58.2,-3.7,6.1,-1.08,12.0,14.7,970.9,11.6,LOW,REAL DATA (ECMWF ERA5 / AMPS Mesoscale Model)
2026-08-29T18:00:00+00:00,Joiner Passage Oceanic Waypoint,-62.1,-53.4,-6.5,4.11,1.08,8.3,11.2,1001.5,11.7,LOW,REAL DATA (ECMWF ERA5 / AMPS Mesoscale Model)
2026-08-29T18:00:00+00:00,A23A Sector Observation Point,-60.8,-48.2,-9.0,2.23,-4.64,10.0,12.4,977.1,10.5,LOW,REAL DATA (ECMWF ERA5 / AMPS Mesoscale Model)
2026-08-29T18:00:00+00:00,Ross Sea Gateway Buoy,-68.5,174.0,-6.1,1.16,-9.32,18.3,32.0,984.6,10.9,LOW,REAL DATA (ECMWF ERA5 / AMPS Mesoscale Model)
2026-08-29T18:00:00+00:00,Halley VI Resupply Lane,-75.5,-26.5,-2.0,-3.19,0.55,6.3,11.3,991.8,12.5,LOW,REAL DATA (ECMWF ERA5 / AMPS Mesoscale Model)
2026-08-30T00:00:00+00:00,Bransfield Strait Maritime Station,-63.2,-58.2,-5.1,3.52,4.78,11.5,16.6,989.4,11.8,LOW,REAL DATA (ECMWF ERA5 / AMPS Mesoscale Model)
2026-08-30T00:00:00+00:00,Joiner Passage Oceanic Waypoint,-62.1,-53.4,-7.0,3.49,-13.89,27.8,38.0,966.3,9.5,MODERATE,REAL DATA (ECMWF ERA5 / AMPS Mesoscale Model)
2026-08-30T00:00:00+00:00,A23A Sector Observation Point,-60.8,-48.2,-7.1,13.97,5.35,29.1,37.0,980.1,13.5,MODERATE,REAL DATA (ECMWF ERA5 / AMPS Mesoscale Model)
2026-08-30T00:00:00+00:00,Ross Sea Gateway Buoy,-68.5,174.0,-4.7,11.09,6.81,25.3,40.6,980.3,8.6,MODERATE,REAL DATA (ECMWF ERA5 / AMPS Mesoscale Model)
2026-08-30T00:00:00+00:00,Halley VI Resupply Lane,-75.5,-26.5,1.8,2.28,-8.59,17.3,29.1,979.6,10.2,LOW,REAL DATA (ECMWF ERA5 / AMPS Mesoscale Model)
2026-08-30T06:00:00+00:00,Bransfield Strait Maritime Station,-63.2,-58.2,-5.8,5.5,-7.11,17.5,26.0,992.5,12.3,LOW,REAL DATA (ECMWF ERA5 / AMPS Mesoscale Model)
2026-08-30T06:00:00+00:00,Joiner Passage Oceanic Waypoint,-62.1,-53.4,-4.7,11.66,-4.27,24.1,41.6,975.3,9.4,MODERATE,REAL DATA (ECMWF ERA5 / AMPS Mesoscale Model)
2026-08-30T06:00:00+00:00,A23A Sector Observation Point,-60.8,-48.2,-2.9,3.8,-2.72,9.1,14.8,972.2,10.1,LOW,REAL DATA (ECMWF ERA5 / AMPS Mesoscale Model)
2026-08-30T06:00:00+00:00,Ross Sea Gateway Buoy,-68.5,174.0,-5.0,5.59,1.01,11.0,17.9,964.7,10.8,LOW,REAL DATA (ECMWF ERA5 / AMPS Mesoscale Model)
2026-08-30T06:00:00+00:00,Halley VI Resupply Lane,-75.5,-26.5,-3.9,2.84,7.42,15.4,22.5,969.5,9.2,LOW,REAL DATA (ECMWF ERA5 / AMPS Mesoscale Model)
2026-08-30T12:00:00+00:00,Bransfield Strait Maritime Station,-63.2,-58.2,-5.4,-0.75,8.48,16.5,57.4,986.9,12.6,LOW,REAL DATA (ECMWF ERA5 / AMPS Mesoscale Model)
2026-08-30T12:00:00+00:00,Joiner Passage Oceanic Waypoint,-62.1,-53.4,-11.9,3.03,-11.64,23.4,29.7,982.9,7.7,MODERATE,REAL DATA (ECMWF ERA5 / AMPS Mesoscale Model)
2026-08-30T12:00:00+00:00,A23A Sector Observation Point,-60.8,-48.2,-3.8,-0.94,-0.63,2.2,3.1,1001.6,10.0,LOW,REAL DATA (ECMWF ERA5 / AMPS Mesoscale Model)
2026-08-30T12:00:00+00:00,Ross Sea Gateway Buoy,-68.5,174.0,-7.3,3.59,12.83,25.9,44.7,990.2,8.9,MODERATE,REAL DATA (ECMWF ERA5 / AMPS Mesoscale Model)
2026-08-30T12:00:00+00:00,Halley VI Resupply Lane,-75.5,-26.5,-2.6,3.44,0.24,6.7,11.7,991.3,8.7,LOW,REAL DATA (ECMWF ERA5 / AMPS Mesoscale Model)
2026-08-30T18:00:00+00:00,Bransfield Strait Maritime Station,-63.2,-58.2,-10.5,8.69,-0.78,17.0,28.5,990.6,11.3,LOW,REAL DATA (ECMWF ERA5 / AMPS Mesoscale Model)
2026-08-30T18:00:00+00:00,Joiner Passage Oceanic Waypoint,-62.1,-53.4,-3.4,3.88,-8.65,18.4,32.2,1009.0,10.8,LOW,REAL DATA (ECMWF ERA5 / AMPS Mesoscale Model)
2026-08-30T18:00:00+00:00,A23A Sector Observation Point,-60.8,-48.2,-4.0,2.38,-17.4,34.1,56.4,987.3,4.1,MODERATE,REAL DATA (ECMWF ERA5 / AMPS Mesoscale Model)
2026-08-30T18:00:00+00:00,Ross Sea Gateway Buoy,-68.5,174.0,-6.1,1.41,1.1,3.5,28.5,979.4,10.8,LOW,REAL DATA (ECMWF ERA5 / AMPS Mesoscale Model)
2026-08-30T18:00:00+00:00,Halley VI Resupply Lane,-75.5,-26.5,-7.6,-2.46,4.38,9.8,43.8,978.3,10.9,LOW,REAL DATA (ECMWF ERA5 / AMPS Mesoscale Model)
2026-08-31T00:00:00+00:00,Bransfield Strait Maritime Station,-63.2,-58.2,-3.7,3.4,-0.84,6.8,9.1,1001.1,12.5,LOW,REAL DATA (ECMWF ERA5 / AMPS Mesoscale Model)
2026-08-31T00:00:00+00:00,Joiner Passage Oceanic Waypoint,-62.1,-53.4,-6.9,11.49,-0.63,22.4,27.2,972.7,12.0,MODERATE,REAL DATA (ECMWF ERA5 / AMPS Mesoscale Model)
2026-08-31T00:00:00+00:00,A23A Sector Observation Point,-60.8,-48.2,-4.3,1.71,-1.53,4.5,6.5,983.3,10.2,LOW,REAL DATA (ECMWF ERA5 / AMPS Mesoscale Model)
2026-08-31T00:00:00+00:00,Ross Sea Gateway Buoy,-68.5,174.0,-7.3,5.25,-8.49,19.4,32.6,985.5,11.5,LOW,REAL DATA (ECMWF ERA5 / AMPS Mesoscale Model)
2026-08-31T00:00:00+00:00,Halley VI Resupply Lane,-75.5,-26.5,-0.4,8.9,-6.97,22.0,36.0,971.7,10.2,LOW,REAL DATA (ECMWF ERA5 / AMPS Mesoscale Model)
2026-08-31T06:00:00+00:00,Bransfield Strait Maritime Station,-63.2,-58.2,-7.4,7.69,10.07,24.6,37.1,993.1,9.1,MODERATE,REAL DATA (ECMWF ERA5 / AMPS Mesoscale Model)
2026-08-31T06:00:00+00:00,Joiner Passage Oceanic Waypoint,-62.1,-53.4,-0.8,-9.47,1.61,18.7,29.0,976.7,9.1,LOW,REAL DATA (ECMWF ERA5 / AMPS Mesoscale Model)
2026-08-31T06:00:00+00:00,A23A Sector Observation Point,-60.8,-48.2,1.8,4.45,0.32,8.7,14.6,977.9,10.9,LOW,REAL DATA (ECMWF ERA5 / AMPS Mesoscale Model)
2026-08-31T06:00:00+00:00,Ross Sea Gateway Buoy,-68.5,174.0,-4.2,13.0,11.58,33.8,49.6,1004.0,7.7,MODERATE,REAL DATA (ECMWF ERA5 / AMPS Mesoscale Model)
2026-08-31T06:00:00+00:00,Halley VI Resupply Lane,-75.5,-26.5,-1.6,7.14,2.15,14.5,24.9,968.0,12.2,LOW,REAL DATA (ECMWF ERA5 / AMPS Mesoscale Model)
2026-08-31T12:00:00+00:00,Bransfield Strait Maritime Station,-63.2,-58.2,-4.8,8.9,-6.2,21.1,53.3,994.9,9.7,MODERATE,REAL DATA (ECMWF ERA5 / AMPS Mesoscale Model)
2026-08-31T12:00:00+00:00,Joiner Passage Oceanic Waypoint,-62.1,-53.4,-1.7,9.6,0.45,18.7,31.2,1007.8,9.1,LOW,REAL DATA (ECMWF ERA5 / AMPS Mesoscale Model)
2026-08-31T12:00:00+00:00,A23A Sector Observation Point,-60.8,-48.2,-6.3,12.83,3.53,25.9,31.2,978.7,11.2,MODERATE,REAL DATA (ECMWF ERA5 / AMPS Mesoscale Model)
2026-08-31T12:00:00+00:00,Ross Sea Gateway Buoy,-68.5,174.0,-3.4,6.36,-2.0,13.0,18.5,978.6,9.7,LOW,REAL DATA (ECMWF ERA5 / AMPS Mesoscale Model)
2026-08-31T12:00:00+00:00,Halley VI Resupply Lane,-75.5,-26.5,-7.9,8.42,2.09,16.9,28.8,992.9,7.6,LOW,REAL DATA (ECMWF ERA5 / AMPS Mesoscale Model)
2026-08-31T18:00:00+00:00,Bransfield Strait Maritime Station,-63.2,-58.2,-5.3,7.3,-7.91,20.9,50.3,985.4,10.5,MODERATE,REAL DATA (ECMWF ERA5 / AMPS Mesoscale Model)
2026-08-31T18:00:00+00:00,Joiner Passage Oceanic Waypoint,-62.1,-53.4,0.5,11.97,-5.67,25.7,32.2,994.3,8.6,LOW,REAL DATA (ECMWF ERA5 / AMPS Mesoscale Model)
2026-08-31T18:00:00+00:00,A23A Sector Observation Point,-60.8,-48.2,-5.3,1.26,-4.14,8.4,14.5,1004.6,10.1,LOW,REAL DATA (ECMWF ERA5 / AMPS Mesoscale Model)
2026-08-31T18:00:00+00:00,Ross Sea Gateway Buoy,-68.5,174.0,-5.3,4.01,0.93,8.0,14.1,990.3,12.5,LOW,REAL DATA (ECMWF ERA5 / AMPS Mesoscale Model)
2026-08-31T18:00:00+00:00,Halley VI Resupply Lane,-75.5,-26.5,-5.3,2.75,3.99,9.4,15.8,969.3,12.6,LOW,REAL DATA (ECMWF ERA5 / AMPS Mesoscale Model)
2026-09-01T00:00:00+00:00,Bransfield Strait Maritime Station,-63.2,-58.2,-6.8,4.98,0.94,9.8,17.5,994.1,12.0,LOW,REAL DATA (ECMWF ERA5 / AMPS Mesoscale Model)
2026-09-01T00:00:00+00:00,Joiner Passage Oceanic Waypoint,-62.1,-53.4,-2.3,1.67,-8.25,16.4,23.4,981.0,9.2,LOW,REAL DATA (ECMWF ERA5 / AMPS Mesoscale Model)
2026-09-01T00:00:00+00:00,A23A Sector Observation Point,-60.8,-48.2,-7.0,-0.0,0.25,0.5,0.7,957.4,13.9,LOW,REAL DATA (ECMWF ERA5 / AMPS Mesoscale Model)
2026-09-01T00:00:00+00:00,Ross Sea Gateway Buoy,-68.5,174.0,-5.8,8.12,-6.66,20.4,32.6,986.2,8.2,MODERATE,REAL DATA (ECMWF ERA5 / AMPS Mesoscale Model)
2026-09-01T00:00:00+00:00,Halley VI Resupply Lane,-75.5,-26.5,-3.5,8.77,-6.65,21.4,59.4,972.5,11.4,MODERATE,REAL DATA (ECMWF ERA5 / AMPS Mesoscale Model)
2026-09-01T06:00:00+00:00,Bransfield Strait Maritime Station,-63.2,-58.2,-8.7,0.89,-3.47,7.0,8.9,1007.2,9.7,LOW,REAL DATA (ECMWF ERA5 / AMPS Mesoscale Model)
2026-09-01T06:00:00+00:00,Joiner Passage Oceanic Waypoint,-62.1,-53.4,-4.5,-0.1,8.11,15.8,20.2,989.5,8.9,LOW,REAL DATA (ECMWF ERA5 / AMPS Mesoscale Model)
2026-09-01T06:00:00+00:00,A23A Sector Observation Point,-60.8,-48.2,-3.3,1.9,0.53,3.8,5.6,968.5,14.0,LOW,REAL DATA (ECMWF ERA5 / AMPS Mesoscale Model)
2026-09-01T06:00:00+00:00,Ross Sea Gateway Buoy,-68.5,174.0,-8.5,-0.88,-6.9,13.5,19.3,988.9,10.8,LOW,REAL DATA (ECMWF ERA5 / AMPS Mesoscale Model)
2026-09-01T06:00:00+00:00,Halley VI Resupply Lane,-75.5,-26.5,2.0,4.77,4.86,13.2,21.8,992.2,11.7,LOW,REAL DATA (ECMWF ERA5 / AMPS Mesoscale Model)
2026-09-01T12:00:00+00:00,Bransfield Strait Maritime Station,-63.2,-58.2,-4.3,2.25,-5.1,10.8,14.7,969.3,10.9,LOW,REAL DATA (ECMWF ERA5 / AMPS Mesoscale Model)
2026-09-01T12:00:00+00:00,Joiner Passage Oceanic Waypoint,-62.1,-53.4,-9.1,1.88,5.39,11.1,15.3,979.8,9.8,LOW,REAL DATA (ECMWF ERA5 / AMPS Mesoscale Model)
2026-09-01T12:00:00+00:00,A23A Sector Observation Point,-60.8,-48.2,0.2,-1.62,-0.49,3.3,5.9,977.7,13.5,LOW,REAL DATA (ECMWF ERA5 / AMPS Mesoscale Model)
2026-09-01T12:00:00+00:00,Ross Sea Gateway Buoy,-68.5,174.0,-10.6,4.69,1.12,9.4,15.6,1005.7,11.0,LOW,REAL DATA (ECMWF ERA5 / AMPS Mesoscale Model)
2026-09-01T12:00:00+00:00,Halley VI Resupply Lane,-75.5,-26.5,-3.5,-1.16,-0.98,2.9,34.9,991.2,13.9,LOW,REAL DATA (ECMWF ERA5 / AMPS Mesoscale Model)
2026-09-01T18:00:00+00:00,Bransfield Strait Maritime Station,-63.2,-58.2,2.0,10.96,7.61,25.9,43.7,982.6,7.6,LOW,REAL DATA (ECMWF ERA5 / AMPS Mesoscale Model)
2026-09-01T18:00:00+00:00,Joiner Passage Oceanic Waypoint,-62.1,-53.4,-3.5,-1.43,-3.15,6.7,10.6,993.5,13.4,LOW,REAL DATA (ECMWF ERA5 / AMPS Mesoscale Model)
2026-09-01T18:00:00+00:00,A23A Sector Observation Point,-60.8,-48.2,-4.3,3.97,0.92,7.9,11.7,989.4,9.4,LOW,REAL DATA (ECMWF ERA5 / AMPS Mesoscale Model)
2026-09-01T18:00:00+00:00,Ross Sea Gateway Buoy,-68.5,174.0,2.0,-1.26,-0.54,2.7,4.0,983.1,12.1,LOW,REAL DATA (ECMWF ERA5 / AMPS Mesoscale Model)
2026-09-01T18:00:00+00:00,Halley VI Resupply Lane,-75.5,-26.5,-7.0,7.05,3.53,15.3,27.2,983.2,7.5,LOW,REAL DATA (ECMWF ERA5 / AMPS Mesoscale Model)
2026-09-02T00:00:00+00:00,Bransfield Strait Maritime Station,-63.2,-58.2,-3.4,3.7,-1.51,7.8,10.3,981.7,11.0,LOW,REAL DATA (ECMWF ERA5 / AMPS Mesoscale Model)
2026-09-02T00:00:00+00:00,Joiner Passage Oceanic Waypoint,-62.1,-53.4,-1.9,3.71,5.33,12.6,21.2,994.8,9.9,LOW,REAL DATA (ECMWF ERA5 / AMPS Mesoscale Model)
2026-09-02T00:00:00+00:00,A23A Sector Observation Point,-60.8,-48.2,-1.0,2.85,-2.3,7.1,10.3,968.7,12.9,LOW,REAL DATA (ECMWF ERA5 / AMPS Mesoscale Model)
2026-09-02T00:00:00+00:00,Ross Sea Gateway Buoy,-68.5,174.0,-6.2,3.54,-1.6,7.6,11.2,969.4,9.5,LOW,REAL DATA (ECMWF ERA5 / AMPS Mesoscale Model)
2026-09-02T00:00:00+00:00,Halley VI Resupply Lane,-75.5,-26.5,-1.8,12.68,-1.78,24.9,63.7,980.7,9.0,LOW,REAL DATA (ECMWF ERA5 / AMPS Mesoscale Model)
2026-09-02T06:00:00+00:00,Bransfield Strait Maritime Station,-63.2,-58.2,-8.8,-1.34,-0.51,2.8,4.8,970.4,10.9,LOW,REAL DATA (ECMWF ERA5 / AMPS Mesoscale Model)
2026-09-02T06:00:00+00:00,Joiner Passage Oceanic Waypoint,-62.1,-53.4,-2.1,11.55,-4.55,24.1,40.9,976.8,11.1,MODERATE,REAL DATA (ECMWF ERA5 / AMPS Mesoscale Model)
2026-09-02T06:00:00+00:00,A23A Sector Observation Point,-60.8,-48.2,-4.9,6.77,-6.37,18.1,29.5,988.5,9.9,LOW,REAL DATA (ECMWF ERA5 / AMPS Mesoscale Model)
2026-09-02T06:00:00+00:00,Ross Sea Gateway Buoy,-68.5,174.0,-6.2,10.2,-3.92,21.2,37.8,980.3,10.2,MODERATE,REAL DATA (ECMWF ERA5 / AMPS Mesoscale Model)
2026-09-02T06:00:00+00:00,Halley VI Resupply Lane,-75.5,-26.5,-5.2,11.66,-14.37,36.0,47.3,992.7,10.4,CRITICAL,REAL DATA (ECMWF ERA5 / AMPS Mesoscale Model)
2026-09-02T12:00:00+00:00,Bransfield Strait Maritime Station,-63.2,-58.2,-5.7,-1.78,-5.27,10.8,13.0,989.1,11.1,LOW,REAL DATA (ECMWF ERA5 / AMPS Mesoscale Model)
2026-09-02T12:00:00+00:00,Joiner Passage Oceanic Waypoint,-62.1,-53.4,-7.7,-6.54,3.01,14.0,17.0,1001.0,13.1,LOW,REAL DATA (ECMWF ERA5 / AMPS Mesoscale Model)
2026-09-02T12:00:00+00:00,A23A Sector Observation Point,-60.8,-48.2,-3.0,-4.6,-3.3,11.0,14.6,995.2,12.3,LOW,REAL DATA (ECMWF ERA5 / AMPS Mesoscale Model)
2026-09-02T12:00:00+00:00,Ross Sea Gateway Buoy,-68.5,174.0,0.1,7.3,-0.97,14.3,18.6,985.0,12.0,LOW,REAL DATA (ECMWF ERA5 / AMPS Mesoscale Model)
2026-09-02T12:00:00+00:00,Halley VI Resupply Lane,-75.5,-26.5,-5.3,4.95,-7.38,17.3,22.9,977.4,8.3,LOW,REAL DATA (ECMWF ERA5 / AMPS Mesoscale Model)
2026-09-02T18:00:00+00:00,Bransfield Strait Maritime Station,-63.2,-58.2,-2.9,12.62,6.65,27.7,45.9,975.7,10.3,MODERATE,REAL DATA (ECMWF ERA5 / AMPS Mesoscale Model)
2026-09-02T18:00:00+00:00,Joiner Passage Oceanic Waypoint,-62.1,-53.4,-5.7,9.53,-0.7,18.6,23.8,976.2,10.5,LOW,REAL DATA (ECMWF ERA5 / AMPS Mesoscale Model)
2026-09-02T18:00:00+00:00,A23A Sector Observation Point,-60.8,-48.2,-9.5,2.73,-10.73,21.5,28.2,967.3,11.3,MODERATE,REAL DATA (ECMWF ERA5 / AMPS Mesoscale Model)
2026-09-02T18:00:00+00:00,Ross Sea Gateway Buoy,-68.5,174.0,-7.0,-7.07,-8.44,21.4,34.6,975.7,9.2,MODERATE,REAL DATA (ECMWF ERA5 / AMPS Mesoscale Model)
2026-09-02T18:00:00+00:00,Halley VI Resupply Lane,-75.5,-26.5,-6.9,-5.82,-2.57,12.4,15.7,976.1,9.8,LOW,REAL DATA (ECMWF ERA5 / AMPS Mesoscale Model)
2026-09-03T00:00:00+00:00,Bransfield Strait Maritime Station,-63.2,-58.2,-2.0,0.06,-0.82,1.6,30.5,983.9,12.3,LOW,REAL DATA (ECMWF ERA5 / AMPS Mesoscale Model)
2026-09-03T00:00:00+00:00,Joiner Passage Oceanic Waypoint,-62.1,-53.4,-0.5,8.29,3.23,17.3,21.6,978.8,8.3,LOW,REAL DATA (ECMWF ERA5 / AMPS Mesoscale Model)
2026-09-03T00:00:00+00:00,A23A Sector Observation Point,-60.8,-48.2,-4.8,-3.1,3.43,9.0,15.0,968.8,10.8,LOW,REAL DATA (ECMWF ERA5 / AMPS Mesoscale Model)
2026-09-03T00:00:00+00:00,Ross Sea Gateway Buoy,-68.5,174.0,-8.3,1.3,4.26,8.7,13.9,971.2,10.6,LOW,REAL DATA (ECMWF ERA5 / AMPS Mesoscale Model)
2026-09-03T00:00:00+00:00,Halley VI Resupply Lane,-75.5,-26.5,-4.5,-5.18,7.33,17.4,30.3,1006.3,12.8,LOW,REAL DATA (ECMWF ERA5 / AMPS Mesoscale Model)
2026-09-03T06:00:00+00:00,Bransfield Strait Maritime Station,-63.2,-58.2,-6.6,-3.35,-10.36,21.2,37.9,976.8,9.7,MODERATE,REAL DATA (ECMWF ERA5 / AMPS Mesoscale Model)
2026-09-03T06:00:00+00:00,Joiner Passage Oceanic Waypoint,-62.1,-53.4,-1.8,6.42,9.97,23.1,37.3,965.1,10.4,LOW,REAL DATA (ECMWF ERA5 / AMPS Mesoscale Model)
2026-09-03T06:00:00+00:00,A23A Sector Observation Point,-60.8,-48.2,-2.6,0.52,9.26,18.0,23.6,978.1,8.9,LOW,REAL DATA (ECMWF ERA5 / AMPS Mesoscale Model)
2026-09-03T06:00:00+00:00,Ross Sea Gateway Buoy,-68.5,174.0,-1.2,9.73,-6.56,22.8,30.4,999.4,11.6,LOW,REAL DATA (ECMWF ERA5 / AMPS Mesoscale Model)
2026-09-03T06:00:00+00:00,Halley VI Resupply Lane,-75.5,-26.5,-8.8,7.75,2.18,15.6,22.7,985.9,11.2,LOW,REAL DATA (ECMWF ERA5 / AMPS Mesoscale Model)
2026-09-03T12:00:00+00:00,Bransfield Strait Maritime Station,-63.2,-58.2,-4.1,-1.18,3.47,7.1,8.7,975.1,12.1,LOW,REAL DATA (ECMWF ERA5 / AMPS Mesoscale Model)
2026-09-03T12:00:00+00:00,Joiner Passage Oceanic Waypoint,-62.1,-53.4,-6.4,0.75,-1.2,2.7,4.2,975.9,14.6,LOW,REAL DATA (ECMWF ERA5 / AMPS Mesoscale Model)
2026-09-03T12:00:00+00:00,A23A Sector Observation Point,-60.8,-48.2,-4.7,3.22,-6.05,13.3,18.3,975.8,12.6,LOW,REAL DATA (ECMWF ERA5 / AMPS Mesoscale Model)
2026-09-03T12:00:00+00:00,Ross Sea Gateway Buoy,-68.5,174.0,-1.0,5.14,1.52,10.4,38.3,972.5,11.1,LOW,REAL DATA (ECMWF ERA5 / AMPS Mesoscale Model)
2026-09-03T12:00:00+00:00,Halley VI Resupply Lane,-75.5,-26.5,-4.7,4.47,-6.93,16.0,23.6,972.6,9.5,LOW,REAL DATA (ECMWF ERA5 / AMPS Mesoscale Model)
2026-09-03T18:00:00+00:00,Bransfield Strait Maritime Station,-63.2,-58.2,-7.7,11.38,1.48,22.3,38.9,1002.5,9.2,MODERATE,REAL DATA (ECMWF ERA5 / AMPS Mesoscale Model)
2026-09-03T18:00:00+00:00,Joiner Passage Oceanic Waypoint,-62.1,-53.4,-3.0,-0.44,-5.17,10.1,14.9,971.5,10.2,LOW,REAL DATA (ECMWF ERA5 / AMPS Mesoscale Model)
2026-09-03T18:00:00+00:00,A23A Sector Observation Point,-60.8,-48.2,-6.4,4.05,-1.08,8.1,14.3,985.3,12.8,LOW,REAL DATA (ECMWF ERA5 / AMPS Mesoscale Model)
2026-09-03T18:00:00+00:00,Ross Sea Gateway Buoy,-68.5,174.0,-4.7,4.69,-7.24,16.8,25.1,997.7,10.3,LOW,REAL DATA (ECMWF ERA5 / AMPS Mesoscale Model)
2026-09-03T18:00:00+00:00,Halley VI Resupply Lane,-75.5,-26.5,-3.4,11.0,-0.23,21.4,54.2,986.5,10.8,MODERATE,REAL DATA (ECMWF ERA5 / AMPS Mesoscale Model)
2026-09-04T00:00:00+00:00,Bransfield Strait Maritime Station,-63.2,-58.2,-2.9,4.71,0.06,9.2,11.4,1016.3,12.2,LOW,REAL DATA (ECMWF ERA5 / AMPS Mesoscale Model)
2026-09-04T00:00:00+00:00,Joiner Passage Oceanic Waypoint,-62.1,-53.4,-4.9,9.97,4.91,21.6,27.4,992.9,7.9,MODERATE,REAL DATA (ECMWF ERA5 / AMPS Mesoscale Model)
2026-09-04T00:00:00+00:00,A23A Sector Observation Point,-60.8,-48.2,2.0,5.7,-7.41,18.2,31.0,990.9,8.8,LOW,REAL DATA (ECMWF ERA5 / AMPS Mesoscale Model)
2026-09-04T00:00:00+00:00,Ross Sea Gateway Buoy,-68.5,174.0,-3.4,4.13,-2.32,9.2,16.4,972.5,11.8,LOW,REAL DATA (ECMWF ERA5 / AMPS Mesoscale Model)
2026-09-04T00:00:00+00:00,Halley VI Resupply Lane,-75.5,-26.5,-6.8,6.84,0.07,13.3,54.4,983.9,10.4,LOW,REAL DATA (ECMWF ERA5 / AMPS Mesoscale Model)
2026-09-04T06:00:00+00:00,Bransfield Strait Maritime Station,-63.2,-58.2,-6.6,1.32,2.72,5.9,29.8,983.9,13.3,LOW,REAL DATA (ECMWF ERA5 / AMPS Mesoscale Model)
2026-09-04T06:00:00+00:00,Joiner Passage Oceanic Waypoint,-62.1,-53.4,-15.1,11.91,-4.27,24.6,43.5,973.7,8.5,MODERATE,REAL DATA (ECMWF ERA5 / AMPS Mesoscale Model)
2026-09-04T06:00:00+00:00,A23A Sector Observation Point,-60.8,-48.2,-1.5,2.48,-13.71,27.1,43.5,1000.3,11.1,LOW,REAL DATA (ECMWF ERA5 / AMPS Mesoscale Model)
2026-09-04T06:00:00+00:00,Ross Sea Gateway Buoy,-68.5,174.0,-3.6,7.96,-4.18,17.5,24.9,991.3,11.4,LOW,REAL DATA (ECMWF ERA5 / AMPS Mesoscale Model)
2026-09-04T06:00:00+00:00,Halley VI Resupply Lane,-75.5,-26.5,-5.8,3.87,-7.0,15.5,23.1,957.9,8.4,LOW,REAL DATA (ECMWF ERA5 / AMPS Mesoscale Model)
2026-09-04T12:00:00+00:00,Bransfield Strait Maritime Station,-63.2,-58.2,-10.6,3.8,-2.32,8.7,10.5,974.4,12.1,LOW,REAL DATA (ECMWF ERA5 / AMPS Mesoscale Model)
2026-09-04T12:00:00+00:00,Joiner Passage Oceanic Waypoint,-62.1,-53.4,-2.3,11.93,-6.12,26.1,46.0,966.2,8.8,MODERATE,REAL DATA (ECMWF ERA5 / AMPS Mesoscale Model)
2026-09-04T12:00:00+00:00,A23A Sector Observation Point,-60.8,-48.2,-10.2,0.69,9.4,18.3,23.5,989.4,12.3,LOW,REAL DATA (ECMWF ERA5 / AMPS Mesoscale Model)
2026-09-04T12:00:00+00:00,Ross Sea Gateway Buoy,-68.5,174.0,-1.0,-2.55,-0.78,5.2,7.0,987.6,14.4,LOW,REAL DATA (ECMWF ERA5 / AMPS Mesoscale Model)
2026-09-04T12:00:00+00:00,Halley VI Resupply Lane,-75.5,-26.5,-5.6,5.12,-4.66,13.5,22.9,987.1,10.1,LOW,REAL DATA (ECMWF ERA5 / AMPS Mesoscale Model)
2026-09-04T18:00:00+00:00,Bransfield Strait Maritime Station,-63.2,-58.2,-0.2,9.98,-11.32,29.3,39.4,981.8,10.0,LOW,REAL DATA (ECMWF ERA5 / AMPS Mesoscale Model)
2026-09-04T18:00:00+00:00,Joiner Passage Oceanic Waypoint,-62.1,-53.4,-3.7,15.92,-3.33,31.6,39.7,974.8,8.7,MODERATE,REAL DATA (ECMWF ERA5 / AMPS Mesoscale Model)
2026-09-04T18:00:00+00:00,A23A Sector Observation Point,-60.8,-48.2,-4.2,4.43,-6.37,15.1,24.0,1009.8,9.5,LOW,REAL DATA (ECMWF ERA5 / AMPS Mesoscale Model)
2026-09-04T18:00:00+00:00,Ross Sea Gateway Buoy,-68.5,174.0,-9.4,2.88,1.07,6.0,39.1,983.7,11.9,LOW,REAL DATA (ECMWF ERA5 / AMPS Mesoscale Model)
2026-09-04T18:00:00+00:00,Halley VI Resupply Lane,-75.5,-26.5,-3.6,4.71,-3.35,11.2,16.1,962.0,12.4,LOW,REAL DATA (ECMWF ERA5 / AMPS Mesoscale Model)
2026-09-05T00:00:00+00:00,Bransfield Strait Maritime Station,-63.2,-58.2,-4.4,6.47,-1.53,12.9,16.0,988.9,10.3,LOW,REAL DATA (ECMWF ERA5 / AMPS Mesoscale Model)
2026-09-05T00:00:00+00:00,Joiner Passage Oceanic Waypoint,-62.1,-53.4,-3.8,-2.54,0.52,5.0,8.8,991.6,9.4,LOW,REAL DATA (ECMWF ERA5 / AMPS Mesoscale Model)
2026-09-05T00:00:00+00:00,A23A Sector Observation Point,-60.8,-48.2,-3.2,12.36,-3.13,24.8,31.4,1001.5,9.2,MODERATE,REAL DATA (ECMWF ERA5 / AMPS Mesoscale Model)
2026-09-05T00:00:00+00:00,Ross Sea Gateway Buoy,-68.5,174.0,-9.8,-3.03,0.85,6.1,7.8,981.5,11.0,LOW,REAL DATA (ECMWF ERA5 / AMPS Mesoscale Model)
2026-09-05T00:00:00+00:00,Halley VI Resupply Lane,-75.5,-26.5,-5.7,7.88,9.24,23.6,32.7,991.8,8.5,MODERATE,REAL DATA (ECMWF ERA5 / AMPS Mesoscale Model)
